Time,date,hour,hour_sin,hour_cos,day_of_year,doy_sin,doy_cos,Diffus_kW,Global0_kW,Global45_kW,Global60_kW,Global30_kW,ClearSky0_kW
2023-01-01 00:00:00,2023-01-01,0,0.0,1.0,1,0.0,1.0,-0.00222,-0.00179,-0.000886,-0.000772,-0.00211,
2023-01-01 00:15:00,2023-01-01,0,0.065403129230143,0.9978589232386036,1,0.0001791955936111,0.9999999839444697,-0.0023,-0.0018,-0.000717,-0.000745,-0.00215,
2023-01-01 00:30:00,2023-01-01,0,0.1305261922200515,0.9914448613738104,1,0.000358391181468,0.9999999357778784,-0.00231,-0.00171,-0.000655,-0.000719,-0.00221,
2023-01-01 00:45:00,2023-01-01,0,0.1950903220161282,0.9807852804032304,1,0.0005375867578167,0.9999998555002284,-0.00197,-0.00111,-0.000272,-0.000302,-0.00156,
2023-01-01 01:00:00,2023-01-01,1,0.2588190451025207,0.9659258262890684,1,0.0007167823169028,0.999999743111522,-0.00233,-0.00145,-0.000565,-0.000489,-0.00244,
2023-01-01 01:15:00,2023-01-01,1,0.3214394653031616,0.9469301294951056,1,0.0008959778529723,0.9999995986117628,-0.00249,-0.00156,-0.000614,-0.0006,-0.00244,
2023-01-01 01:30:00,2023-01-01,1,0.3826834323650898,0.9238795325112868,1,0.0010751733602711,0.9999994220009556,-0.00262,-0.00213,-0.000986,-0.000967,-0.00221,
2023-01-01 01:45:00,2023-01-01,1,0.4422886902190012,0.8968727415326884,1,0.0012543688330448,0.999999213279106,-0.00328,-0.00291,-0.00174,-0.00148,-0.00326,
2023-01-01 02:00:00,2023-01-01,2,0.4999999999999999,0.8660254037844387,1,0.0014335642655395,0.9999989724462204,-0.00308,-0.00274,-0.00174,-0.0019199999999999,-0.00328,
2023-01-01 02:15:00,2023-01-01,2,0.5555702330196022,0.8314696123025452,1,0.0016127596520009,0.9999986995023068,-0.00219,-0.00182,-0.00133,-0.00125,-0.00222,
2023-01-01 02:30:00,2023-01-01,2,0.6087614290087207,0.7933533402912352,1,0.0017919549866748,0.999998394447374,-0.00266,-0.00241,-0.0015,-0.00149,-0.00272,
2023-01-01 02:45:00,2023-01-01,2,0.6593458151000688,0.7518398074789774,1,0.0019711502638072,0.9999980572814317,-0.00225,-0.00178,-0.000855,-0.000902,-0.00207,
2023-01-01 03:00:00,2023-01-01,3,0.7071067811865475,0.7071067811865476,1,0.0021503454776438,0.9999976880044908,-0.00219,-0.00138,-0.000469,-0.000501,-0.00174,
2023-01-01 03:15:00,2023-01-01,3,0.7518398074789774,0.6593458151000688,1,0.0023295406224306,0.999997286616563,-0.00281,-0.0020499999999999,-0.000948,-0.000833,-0.00287,
2023-01-01 03:30:00,2023-01-01,3,0.7933533402912352,0.6087614290087207,1,0.0025087356924134,0.9999968531176614,-0.0030099999999999,-0.00247,-0.00146,-0.0012,-0.00293,
2023-01-01 03:45:00,2023-01-01,3,0.8314696123025451,0.5555702330196024,1,0.002687930681838,0.9999963875077996,-0.00292,-0.0025499999999999,-0.00138,-0.00133,-0.0028799999999999,
2023-01-01 04:00:00,2023-01-01,4,0.8660254037844386,0.5000000000000001,1,0.0028671255849502,0.9999958897869932,-0.00237,-0.00159,-0.000814,-0.000776,-0.00214,
2023-01-01 04:15:00,2023-01-01,4,0.8968727415326884,0.4422886902190012,1,0.0030463203959961,0.9999953599552576,-0.0023799999999999,-0.00147,-0.00061,-0.000478,-0.0019399999999999,
2023-01-01 04:30:00,2023-01-01,4,0.9238795325112868,0.3826834323650898,1,0.0032255151092213,0.9999947980126096,-0.00333,-0.00259,-0.00151,-0.0014199999999999,-0.00349,
2023-01-01 04:45:00,2023-01-01,4,0.9469301294951056,0.3214394653031617,1,0.0034047097188719,0.999994203959068,-0.00271,-0.00229,-0.0014,-0.00157,-0.00262,
2023-01-01 05:00:00,2023-01-01,5,0.9659258262890684,0.2588190451025207,1,0.0035839042191936,0.9999935777946516,-0.00258,-0.00229,-0.00132,-0.00125,-0.00237,
2023-01-01 05:15:00,2023-01-01,5,0.9807852804032304,0.1950903220161283,1,0.0037630986044323,0.99999291951938,-0.00213,-0.00196,-0.000889,-0.00102,-0.00189,
2023-01-01 05:30:00,2023-01-01,5,0.9914448613738104,0.1305261922200517,1,0.003942292868834,0.999992229133275,-0.00211,-0.0019299999999999,-0.000989,-0.00113,-0.00222,
2023-01-01 05:45:00,2023-01-01,5,0.9978589232386036,0.0654031292301432,1,0.0041214870066444,0.9999915066363584,-0.0022,-0.0019,-0.000962,-0.00099,-0.00222,
2023-01-01 06:00:00,2023-01-01,6,1.0,6.123233995736766e-17,1,0.0043006810121095,0.9999907520286536,-0.00218,-0.00185,-0.000979,-0.000929,-0.00208,
2023-01-01 06:15:00,2023-01-01,6,0.9978589232386036,-0.0654031292301431,1,0.0044798748794752,0.9999899653101846,-0.00221,-0.00152,-0.000476,-0.000382,-0.0020099999999999,
2023-01-01 06:30:00,2023-01-01,6,0.9914448613738104,-0.1305261922200516,1,0.0046590686029874,0.9999891464809768,-0.00163,-0.00139,-0.000176,-0.000203,-0.00135,
2023-01-01 06:45:00,2023-01-01,6,0.9807852804032304,-0.1950903220161282,1,0.0048382621768919,0.9999882955410566,0.00139,0.00195,0.0037099999999999,0.00358,0.00247,
2023-01-01 07:00:00,2023-01-01,7,0.9659258262890684,-0.2588190451025206,1,0.0050174555954347,0.9999874124904512,0.00828,0.00889,0.0128,0.0126,0.011,
2023-01-01 07:15:00,2023-01-01,7,0.9469301294951056,-0.3214394653031616,1,0.0051966488528617,0.999986497329189,0.0193999999999999,0.0361,0.134,0.136,0.11,
2023-01-01 07:30:00,2023-01-01,7,0.9238795325112868,-0.3826834323650895,1,0.0053758419434187,0.9999855500572992,0.0276,0.0668,0.237,0.239,0.198,
2023-01-01 07:45:00,2023-01-01,7,0.8968727415326884,-0.4422886902190011,1,0.0055550348613518,0.9999845706748124,0.0355,0.0947,0.32,0.318,0.273,
2023-01-01 08:00:00,2023-01-01,8,0.8660254037844387,-0.4999999999999998,1,0.0057342276009068,0.9999835591817604,0.0422,0.13,0.403,0.408,0.348,
2023-01-01 08:15:00,2023-01-01,8,0.8314696123025451,-0.5555702330196023,1,0.0059134201563297,0.9999825155781747,0.0469,0.166,0.491,0.496,0.428,
2023-01-01 08:30:00,2023-01-01,8,0.7933533402912352,-0.6087614290087207,1,0.0060926125218663,0.9999814398640898,0.0502,0.186,0.525,0.531,0.459,
2023-01-01 08:45:00,2023-01-01,8,0.7518398074789774,-0.6593458151000688,1,0.0062718046917628,0.9999803320395398,0.0526,0.233,0.636,0.645,0.558,
2023-01-01 09:00:00,2023-01-01,9,0.7071067811865476,-0.7071067811865475,1,0.0064509966602649,0.9999791921045604,0.0572,0.25,0.637,0.645,0.562,
2023-01-01 09:15:00,2023-01-01,9,0.659345815100069,-0.7518398074789773,1,0.0066301884216186,0.999978020059188,0.0653,0.287,0.699,0.707,0.619,
2023-01-01 09:30:00,2023-01-01,9,0.6087614290087209,-0.793353340291235,1,0.00680937997007,0.9999768159034604,0.0679,0.317,0.75,0.758,0.664,
2023-01-01 09:45:00,2023-01-01,9,0.5555702330196025,-0.831469612302545,1,0.006988571299865,0.9999755796374163,0.0757999999999999,0.352,0.813,0.831,0.726,
2023-01-01 10:00:00,2023-01-01,10,0.4999999999999999,-0.8660254037844387,1,0.0071677624052495,0.9999743112610952,0.09,0.384,0.867,0.886,0.777,
2023-01-01 10:15:00,2023-01-01,10,0.4422886902190017,-0.8968727415326881,1,0.0073469532804696,0.9999730107745382,0.102,0.359,0.791,0.81,0.711,
2023-01-01 10:30:00,2023-01-01,10,0.3826834323650899,-0.9238795325112868,1,0.0075261439197712,0.9999716781777866,0.0972,0.389,0.855,0.881,0.769,
2023-01-01 10:45:00,2023-01-01,10,0.3214394653031617,-0.9469301294951056,1,0.0077053343174004,0.9999703134708836,0.101,0.422,0.918,0.949,0.827,
2023-01-01 11:00:00,2023-01-01,11,0.258819045102521,-0.9659258262890682,1,0.0078845244676031,0.9999689166538728,0.105,0.424,0.914,0.947,0.825,
2023-01-01 11:15:00,2023-01-01,11,0.1950903220161281,-0.9807852804032304,1,0.0080637143646253,0.9999674877267988,0.111,0.453,0.97,1.01,0.876,
2023-01-01 11:30:00,2023-01-01,11,0.130526192220052,-0.9914448613738104,1,0.0082429040027131,0.999966026689708,0.119,0.411,0.859,0.897,0.779,
2023-01-01 11:45:00,2023-01-01,11,0.0654031292301431,-0.9978589232386036,1,0.0084220933761125,0.9999645335426472,0.142,0.434,0.889,0.929,0.807,
2023-01-01 12:00:00,2023-01-01,12,1.2246467991473532e-16,-1.0,1,0.0086012824790696,0.9999630082856642,0.168,0.46,0.928,0.971,0.844,
2023-01-01 12:15:00,2023-01-01,12,-0.0654031292301428,-0.9978589232386036,1,0.0087804713058304,0.999961450918808,0.191,0.373,0.708,0.737,0.649,
2023-01-01 12:30:00,2023-01-01,12,-0.1305261922200517,-0.9914448613738104,1,0.0089596598506409,0.9999598614421285,0.181,0.264,0.464,0.478,0.43,
2023-01-01 12:45:00,2023-01-01,12,-0.1950903220161279,-0.9807852804032304,1,0.0091388481077472,0.9999582398556768,0.161,0.253,0.479,0.5,0.441,
2023-01-01 13:00:00,2023-01-01,13,-0.2588190451025208,-0.9659258262890684,1,0.0093180360713954,0.9999565861595052,0.143,0.274,0.562,0.597,0.512,
2023-01-01 13:15:00,2023-01-01,13,-0.3214394653031615,-0.9469301294951056,1,0.0094972237358316,0.9999549003536669,0.131,0.251,0.528,0.565,0.478,
2023-01-01 13:30:00,2023-01-01,13,-0.3826834323650896,-0.9238795325112868,1,0.0096764110953019,0.9999531824382152,0.107,0.198,0.429,0.462,0.386,
2023-01-01 13:45:00,2023-01-01,13,-0.4422886902190014,-0.8968727415326883,1,0.0098555981440523,0.9999514324132064,0.0916,0.314,0.778,0.855,0.689,
2023-01-01 14:00:00,2023-01-01,14,-0.4999999999999997,-0.8660254037844388,1,0.010034784876329,0.9999496502786956,0.077,0.267,0.69,0.771,0.611,
2023-01-01 14:15:00,2023-01-01,14,-0.555570233019602,-0.8314696123025455,1,0.0102139712863781,0.9999478360347408,0.0779,0.223,0.591,0.672,0.53,
2023-01-01 14:30:00,2023-01-01,14,-0.6087614290087207,-0.7933533402912352,1,0.0103931573684458,0.9999459896814,0.0798,0.167,0.427,0.486,0.379,
2023-01-01 14:45:00,2023-01-01,14,-0.6593458151000688,-0.7518398074789775,1,0.0105723431167782,0.9999441112187326,0.079,0.158,0.427,0.492,0.377,
2023-01-01 15:00:00,2023-01-01,15,-0.7071067811865471,-0.7071067811865479,1,0.0107515285256214,0.9999422006467988,0.0653,0.0978,0.264,0.308,0.232,
2023-01-01 15:15:00,2023-01-01,15,-0.7518398074789773,-0.6593458151000691,1,0.0109307135892216,0.99994025796566,0.0482,0.066,0.181,0.211,0.158,
2023-01-01 15:30:00,2023-01-01,15,-0.7933533402912349,-0.6087614290087209,1,0.011109898301825,0.9999382831753784,0.0355,0.0576,0.216,0.265,0.184,
2023-01-01 15:45:00,2023-01-01,15,-0.8314696123025452,-0.5555702330196022,1,0.0112890826576778,0.9999362762760176,0.0144,0.0162,0.0375,0.0421,0.0319,
2023-01-01 16:00:00,2023-01-01,16,-0.8660254037844384,-0.5000000000000004,1,0.0114682666510262,0.999934237267642,0.00165,0.00224,0.00788,0.00813,0.00539,
2023-01-01 16:15:00,2023-01-01,16,-0.8968727415326883,-0.4422886902190013,1,0.0116474502761163,0.9999321661503172,0.000252,0.000372,0.00361,0.00352,0.00178,
2023-01-01 16:30:00,2023-01-01,16,-0.9238795325112868,-0.3826834323650895,1,0.0118266335271945,0.9999300629241096,-0.00307,-0.0030499999999999,-0.00171,-0.00186,-0.00265,
2023-01-01 16:45:00,2023-01-01,16,-0.9469301294951056,-0.3214394653031618,1,0.0120058163985069,0.9999279275890864,-0.00271,-0.00246,-0.00134,-0.00115,-0.00211,
2023-01-01 17:00:00,2023-01-01,17,-0.9659258262890684,-0.2588190451025206,1,0.0121849988842998,0.9999257601453168,-0.00256,-0.00218,-0.00125,-0.000818,-0.00221,
2023-01-01 17:15:00,2023-01-01,17,-0.9807852804032304,-0.1950903220161286,1,0.0123641809788195,0.99992356059287,-0.00273,-0.00235,-0.00147,-0.0011,-0.0023599999999999,
2023-01-01 17:30:00,2023-01-01,17,-0.9914448613738104,-0.1305261922200516,1,0.0125433626763122,0.9999213289318168,-0.0027,-0.00237,-0.00138,-0.00113,-0.00235,
2023-01-01 17:45:00,2023-01-01,17,-0.9978589232386036,-0.0654031292301427,1,0.0127225439710242,0.9999190651622288,-0.00275,-0.00247,-0.00139,-0.00125,-0.00268,
2023-01-01 18:00:00,2023-01-01,18,-1.0,-1.8369701987210294e-16,1,0.0129017248572018,0.9999167692841784,-0.00263,-0.00237,-0.00134,-0.0013,-0.00256,
2023-01-01 18:15:00,2023-01-01,18,-0.9978589232386036,0.0654031292301423,1,0.0130809053290914,0.99991444129774,-0.00244,-0.0020499999999999,-0.00102,-0.00109,-0.00227,
2023-01-01 18:30:00,2023-01-01,18,-0.9914448613738104,0.1305261922200512,1,0.0132600853809392,0.9999120812029876,-0.00239,-0.0020099999999999,-0.000976,-0.000998,-0.00216,
2023-01-01 18:45:00,2023-01-01,18,-0.9807852804032304,0.1950903220161283,1,0.0134392650069916,0.9999096889999975,-0.0023,-0.0018,-0.00081,-0.000761,-0.0019299999999999,
2023-01-01 19:00:00,2023-01-01,19,-0.9659258262890684,0.2588190451025203,1,0.0136184442014949,0.9999072646888464,-0.00227,-0.00176,-0.000641,-0.00057,-0.00178,
2023-01-01 19:15:00,2023-01-01,19,-0.9469301294951056,0.3214394653031615,1,0.0137976229586956,0.999904808269612,-0.00235,-0.00151,-0.000307,-0.000394,-0.0021,
2023-01-01 19:30:00,2023-01-01,19,-0.923879532511287,0.3826834323650891,1,0.0139768012728399,0.9999023197423734,-0.00254,-0.00152,-0.000265,-0.000436,-0.00226,
2023-01-01 19:45:00,2023-01-01,19,-0.8968727415326885,0.442288690219001,1,0.0141559791381743,0.9998997991072104,-0.00273,-0.00178,-0.000234,-0.000474,-0.0025299999999999,
2023-01-01 20:00:00,2023-01-01,20,-0.8660254037844386,0.5000000000000001,1,0.0143351565489452,0.9998972463642036,-0.0033,-0.0023799999999999,-0.00113,-0.00137,-0.00364,
2023-01-01 20:15:00,2023-01-01,20,-0.8314696123025455,0.5555702330196018,1,0.014514333499399,0.9998946615134358,-0.00275,-0.0020099999999999,-0.0011799999999999,-0.0012,-0.00317,
2023-01-01 20:30:00,2023-01-01,20,-0.7933533402912357,0.6087614290087199,1,0.0146935099837822,0.9998920445549891,-0.002,-0.00166,-0.000651,-0.000795,-0.00198,
2023-01-01 20:45:00,2023-01-01,20,-0.7518398074789772,0.6593458151000691,1,0.0148726859963412,0.9998893954889482,-0.00231,-0.00189,-0.00113,-0.00102,-0.00227,
2023-01-01 21:00:00,2023-01-01,21,-0.7071067811865477,0.7071067811865474,1,0.0150518615313224,0.9998867143153978,-0.00285,-0.00245,-0.00158,-0.00114,-0.00262,
2023-01-01 21:15:00,2023-01-01,21,-0.6593458151000687,0.7518398074789775,1,0.0152310365829724,0.999884001034424,-0.00294,-0.00237,-0.00117,-0.000956,-0.00275,
2023-01-01 21:30:00,2023-01-01,21,-0.6087614290087209,0.7933533402912349,1,0.0154102111455377,0.9998812556461142,-0.00285,-0.00232,-0.00127,-0.00117,-0.00278,
2023-01-01 21:45:00,2023-01-01,21,-0.555570233019603,0.8314696123025448,1,0.0155893852132647,0.9998784781505564,-0.0027,-0.00222,-0.0011,-0.00106,-0.00261,
2023-01-01 22:00:00,2023-01-01,22,-0.5000000000000004,0.8660254037844384,1,0.0157685587804,0.9998756685478396,-0.00261,-0.0020099999999999,-0.000807,-0.0007,-0.00231,
2023-01-01 22:15:00,2023-01-01,22,-0.4422886902190014,0.8968727415326883,1,0.0159477318411902,0.9998728268380542,-0.00241,-0.00191,-0.00092,-0.000894,-0.00225,
2023-01-01 22:30:00,2023-01-01,22,-0.3826834323650895,0.9238795325112868,1,0.0161269043898818,0.9998699530212914,-0.00232,-0.00184,-0.000807,-0.000715,-0.00212,
2023-01-01 22:45:00,2023-01-01,22,-0.3214394653031618,0.9469301294951056,1,0.0163060764207213,0.9998670470976436,-0.00234,-0.00184,-0.000727,-0.000642,-0.00218,
2023-01-01 23:00:00,2023-01-01,23,-0.2588190451025215,0.965925826289068,1,0.0164852479279555,0.999864109067204,-0.0021,-0.0016,-0.000796,-0.000772,-0.00189,
2023-01-01 23:15:00,2023-01-01,23,-0.1950903220161287,0.9807852804032304,1,0.0166644189058308,0.9998611389300672,-0.00244,-0.00178,-0.000448,-0.000306,-0.00217,
2023-01-01 23:30:00,2023-01-01,23,-0.1305261922200516,0.9914448613738104,1,0.016843589348594,0.999858136686328,-0.0023799999999999,-0.00187,-0.000858,-0.000684,-0.00224,
2023-01-01 23:45:00,2023-01-01,23,-0.0654031292301428,0.9978589232386036,1,0.0170227592504917,0.9998551023360834,-0.00259,-0.00191,-0.000517,-0.000321,-0.00224,
2023-01-02 00:00:00,2023-01-02,0,-2.4492935982947064e-16,1.0,2,0.0172019286057705,0.9998520358794304,-0.0020499999999999,-0.0016799999999999,-0.00107,-0.000971,-0.00183,
2023-01-02 00:15:00,2023-01-02,0,0.0654031292301423,0.9978589232386036,2,0.0173810974086771,0.9998489373164678,-0.00246,-0.00185,-0.000724,-0.000489,-0.00217,
2023-01-02 00:30:00,2023-01-02,0,0.1305261922200511,0.9914448613738104,2,0.0175602656534582,0.9998458066472948,-0.00262,-0.0020499999999999,-0.000962,-0.000833,-0.0023599999999999,
2023-01-02 00:45:00,2023-01-02,0,0.1950903220161282,0.9807852804032304,2,0.0177394333343606,0.9998426438720124,-0.00263,-0.00196,-0.000751,-0.000531,-0.00226,
2023-01-02 01:00:00,2023-01-02,1,0.2588190451025211,0.9659258262890682,2,0.0179186004456309,0.9998394489907216,-0.0025099999999999,-0.00208,-0.0012,-0.000948,-0.00233,
2023-01-02 01:15:00,2023-01-02,1,0.3214394653031614,0.9469301294951056,2,0.018097766981516,0.9998362220035252,-0.00252,-0.00206,-0.001,-0.000833,-0.00231,
2023-01-02 01:30:00,2023-01-02,1,0.3826834323650891,0.9238795325112872,2,0.0182769329362626,0.999832962910527,-0.00266,-0.00227,-0.00122,-0.000906,-0.00252,
2023-01-02 01:45:00,2023-01-02,1,0.4422886902190009,0.8968727415326885,2,0.0184560983041174,0.9998296717118316,-0.0025,-0.0020299999999999,-0.00109,-0.00102,-0.00235,
2023-01-02 02:00:00,2023-01-02,2,0.5,0.8660254037844386,2,0.0186352630793274,0.9998263484075444,-0.00241,-0.0019,-0.000931,-0.000917,-0.00227,
2023-01-02 02:15:00,2023-01-02,2,0.5555702330196025,0.831469612302545,2,0.0188144272561393,0.9998229929977724,-0.00231,-0.00173,-0.000776,-0.000654,-0.00207,
2023-01-02 02:30:00,2023-01-02,2,0.6087614290087205,0.7933533402912353,2,0.0189935908288,0.9998196054826232,-0.00234,-0.00172,-0.000762,-0.000745,-0.0020099999999999,
2023-01-02 02:45:00,2023-01-02,2,0.6593458151000684,0.7518398074789778,2,0.0191727537915563,0.9998161858622056,-0.00242,-0.00185,-0.000896,-0.000807,-0.0023,
2023-01-02 03:00:00,2023-01-02,3,0.7071067811865474,0.7071067811865477,2,0.0193519161386551,0.9998127341366294,-0.00249,-0.00197,-0.000931,-0.000925,-0.00263,
2023-01-02 03:15:00,2023-01-02,3,0.7518398074789768,0.6593458151000695,2,0.0195310778643434,0.9998092503060056,-0.00243,-0.00188,-0.000803,-0.000807,-0.00229,
2023-01-02 03:30:00,2023-01-02,3,0.7933533402912355,0.6087614290087203,2,0.0197102389628681,0.999805734370446,-0.0023,-0.00176,-0.000786,-0.000872,-0.0021,
2023-01-02 03:45:00,2023-01-02,3,0.8314696123025452,0.5555702330196023,2,0.0198893994284761,0.9998021863300632,-0.00232,-0.00165,-0.000548,-0.000593,-0.00212,
2023-01-02 04:00:00,2023-01-02,4,0.8660254037844384,0.5000000000000006,2,0.0200685592554143,0.9997986061849716,-0.0022,-0.00151,-0.000469,-0.000336,-0.0019399999999999,
2023-01-02 04:15:00,2023-01-02,4,0.8968727415326883,0.4422886902190014,2,0.0202477184379298,0.999794993935286,-0.00228,-0.00166,-0.000724,-0.000635,-0.00222,
2023-01-02 04:30:00,2023-01-02,4,0.9238795325112864,0.3826834323650904,2,0.0204268769702696,0.999791349581122,-0.0023599999999999,-0.00191,-0.000993,-0.000826,-0.00233,
2023-01-02 04:45:00,2023-01-02,4,0.9469301294951058,0.3214394653031611,2,0.0206060348466807,0.9997876731225972,-0.0025099999999999,-0.00196,-0.000831,-0.000807,-0.0024,
2023-01-02 05:00:00,2023-01-02,5,0.9659258262890684,0.2588190451025207,2,0.0207851920614102,0.9997839645598294,-0.0024,-0.00186,-0.000803,-0.000875,-0.00232,
2023-01-02 05:15:00,2023-01-02,5,0.9807852804032304,0.1950903220161287,2,0.0209643486087051,0.9997802238929376,-0.00249,-0.00196,-0.000962,-0.000917,-0.00257,
2023-01-02 05:30:00,2023-01-02,5,0.9914448613738104,0.1305261922200517,2,0.0211435044828125,0.9997764511220424,-0.00243,-0.00185,-0.000862,-0.000902,-0.0024,
2023-01-02 05:45:00,2023-01-02,5,0.9978589232386036,0.0654031292301437,2,0.0213226596779796,0.999772646247264,-0.00231,-0.00171,-0.000724,-0.000822,-0.00225,
2023-01-02 06:00:00,2023-01-02,6,1.0,1.1943401194869637e-15,2,0.0215018141884534,0.9997688092687256,-0.00225,-0.00171,-0.000817,-0.000856,-0.00217,
2023-01-02 06:15:00,2023-01-02,6,0.9978589232386036,-0.0654031292301431,2,0.0216809680084812,0.9997649401865496,-0.00219,-0.00172,-0.000762,-0.000734,-0.00209,
2023-01-02 06:30:00,2023-01-02,6,0.9914448613738104,-0.1305261922200511,2,0.02186012113231,0.9997610390008608,-0.00151,-0.000954,0.000731,0.000784,-0.000621,
2023-01-02 06:45:00,2023-01-02,6,0.9807852804032308,-0.1950903220161273,2,0.0220392735541872,0.9997571057117842,0.00136,0.00206,0.00479,0.00469,0.00306,
2023-01-02 07:00:00,2023-01-02,7,0.9659258262890684,-0.2588190451025202,2,0.0222184252683599,0.9997531403194462,0.00864,0.0094399999999999,0.0161,0.0157,0.0134,
2023-01-02 07:15:00,2023-01-02,7,0.9469301294951056,-0.3214394653031613,2,0.0223975762690755,0.999749142823974,0.0189,0.035,0.146,0.146,0.118,
2023-01-02 07:30:00,2023-01-02,7,0.9238795325112868,-0.3826834323650899,2,0.0225767265505811,0.9997451132254962,0.0292,0.0664,0.25,0.249,0.207,
2023-01-02 07:45:00,2023-01-02,7,0.896872741532688,-0.4422886902190017,2,0.022755876107124,0.999741051524142,0.035,0.0804,0.26,0.259,0.22,
2023-01-02 08:00:00,2023-01-02,8,0.8660254037844392,-0.4999999999999992,2,0.0229350249329516,0.999736957720042,0.0397,0.0912,0.265,0.266,0.231,
2023-01-02 08:15:00,2023-01-02,8,0.8314696123025456,-0.5555702330196017,2,0.0231141730223112,0.9997328318133274,0.0477999999999999,0.164,0.48,0.484,0.417,
2023-01-02 08:30:00,2023-01-02,8,0.7933533402912353,-0.6087614290087205,2,0.0232933203694502,0.9997286738041308,0.0512,0.19,0.525,0.53,0.46,
2023-01-02 08:45:00,2023-01-02,8,0.7518398074789773,-0.659345815100069,2,0.023472466968616,0.9997244836925858,0.0536,0.229,0.606,0.613,0.533,
2023-01-02 09:00:00,2023-01-02,9,0.7071067811865471,-0.7071067811865479,2,0.023651612814056,0.9997202614788268,0.0552,0.26,0.666,0.675,0.59,
2023-01-02 09:15:00,2023-01-02,9,0.6593458151000695,-0.7518398074789768,2,0.0238307579000175,0.9997160071629896,0.0583,0.297,0.736,0.747,0.651,
2023-01-02 09:30:00,2023-01-02,9,0.608761429008721,-0.7933533402912348,2,0.0240099022207482,0.9997117207452106,0.0636,0.323,0.775,0.785,0.686,
2023-01-02 09:45:00,2023-01-02,9,0.5555702330196023,-0.8314696123025451,2,0.0241890457704954,0.9997074022256276,0.0716,0.347,0.815,0.834,0.727,
2023-01-02 10:00:00,2023-01-02,10,0.4999999999999998,-0.8660254037844388,2,0.0243681885435067,0.9997030516043792,0.0797,0.342,0.778,0.795,0.699,
2023-01-02 10:15:00,2023-01-02,10,0.4422886902190007,-0.8968727415326886,2,0.0245473305340296,0.9996986688816052,0.0795999999999999,0.385,0.863,0.885,0.774,
2023-01-02 10:30:00,2023-01-02,10,0.3826834323650905,-0.9238795325112864,2,0.0247264717363117,0.999694254057446,0.086,0.387,0.854,0.877,0.773,
2023-01-02 10:45:00,2023-01-02,10,0.321439465303162,-0.9469301294951056,2,0.0249056121446005,0.9996898071320436,0.0914,0.393,0.858,0.883,0.773,
2023-01-02 11:00:00,2023-01-02,11,0.2588190451025208,-0.9659258262890684,2,0.0250847517531437,0.999685328105541,0.0879,0.406,0.886,0.916,0.8,
2023-01-02 11:15:00,2023-01-02,11,0.1950903220161297,-0.9807852804032302,2,0.0252638905561889,0.9996808169780818,0.0855,0.396,0.858,0.89,0.774,
2023-01-02 11:30:00,2023-01-02,11,0.1305261922200509,-0.9914448613738104,2,0.0254430285479838,0.9996762737498108,0.0757,0.437,0.954,0.994,0.862,
2023-01-02 11:45:00,2023-01-02,11,0.0654031292301438,-0.9978589232386036,2,0.025622165722776,0.999671698420874,0.0733,0.418,0.911,0.955,0.825,
2023-01-02 12:00:00,2023-01-02,12,3.673940397442059e-16,-1.0,2,0.0258013020748133,0.9996670909914182,0.0665999999999999,0.414,0.906,0.954,0.821,
2023-01-02 12:15:00,2023-01-02,12,-0.065403129230143,-0.9978589232386036,2,0.0259804375983434,0.9996624514615914,0.0561,0.411,0.91,0.963,0.822,
2023-01-02 12:30:00,2023-01-02,12,-0.1305261922200501,-0.9914448613738106,2,0.0261595722876141,0.9996577798315428,0.0527,0.392,0.877,0.932,0.793,
2023-01-02 12:45:00,2023-01-02,12,-0.195090322016129,-0.9807852804032304,2,0.0263387061368732,0.999653076101422,0.0513,0.379,0.868,0.929,0.781,
2023-01-02 13:00:00,2023-01-02,13,-0.2588190451025201,-0.9659258262890684,2,0.0265178391403685,0.9996483402713804,0.0491,0.362,0.853,0.922,0.765,
2023-01-02 13:15:00,2023-01-02,13,-0.3214394653031613,-0.9469301294951058,2,0.0266969712923478,0.99964357234157,0.0471,0.339,0.817,0.889,0.73,
2023-01-02 13:30:00,2023-01-02,13,-0.3826834323650898,-0.9238795325112868,2,0.0268761025870591,0.9996387723121436,0.0458,0.311,0.768,0.835,0.682,
2023-01-02 13:45:00,2023-01-02,13,-0.4422886902190001,-0.8968727415326889,2,0.0270552330187501,0.9996339401832558,0.0456,0.287,0.724,0.794,0.641,
2023-01-02 14:00:00,2023-01-02,14,-0.4999999999999991,-0.8660254037844392,2,0.027234362581669,0.9996290759550616,0.0438,0.255,0.676,0.752,0.597,
2023-01-02 14:15:00,2023-01-02,14,-0.5555702330196017,-0.8314696123025456,2,0.0274134912700636,0.999624179627717,0.0423,0.227,0.644,0.735,0.572,
2023-01-02 14:30:00,2023-01-02,14,-0.6087614290087204,-0.7933533402912353,2,0.0275926190781818,0.9996192512013794,0.0395,0.192,0.577,0.664,0.506,
2023-01-02 14:45:00,2023-01-02,14,-0.659345815100069,-0.7518398074789773,2,0.0277717460002718,0.999614290676207,0.0365,0.158,0.51,0.595,0.442,
2023-01-02 15:00:00,2023-01-02,15,-0.7071067811865466,-0.7071067811865485,2,0.0279508720305816,0.9996092980523592,0.0306,0.12,0.43,0.512,0.37,
2023-01-02 15:15:00,2023-01-02,15,-0.7518398074789768,-0.6593458151000695,2,0.0281299971633592,0.999604273329996,0.0238,0.0831,0.33,0.4,0.282,
2023-01-02 15:30:00,2023-01-02,15,-0.7933533402912348,-0.6087614290087211,2,0.0283091213928528,0.9995992165092792,0.0163,0.0493,0.235,0.292,0.198,
2023-01-02 15:45:00,2023-01-02,15,-0.8314696123025451,-0.5555702330196024,2,0.0284882447133104,0.9995941275903708,0.0052,0.00811,0.0355,0.0422,0.0283999999999999,
2023-01-02 16:00:00,2023-01-02,16,-0.8660254037844387,-0.4999999999999998,2,0.0286673671189803,0.9995890065734344,0.00038,0.000745,0.00452,0.00463,0.00207,
2023-01-02 16:15:00,2023-01-02,16,-0.8968727415326878,-0.4422886902190023,2,0.0288464886041105,0.9995838534586344,-0.00295,-0.0026,-0.00133,-0.00177,-0.00365,
2023-01-02 16:30:00,2023-01-02,16,-0.9238795325112864,-0.3826834323650905,2,0.0290256091629495,0.9995786682461364,-0.0042699999999999,-0.00407,-0.00219,-0.00261,-0.0040199999999999,
2023-01-02 16:45:00,2023-01-02,16,-0.9469301294951056,-0.321439465303162,2,0.0292047287897453,0.9995734509361068,-0.0037,-0.00313,-0.00182,-0.00214,-0.00352,
2023-01-02 17:00:00,2023-01-02,17,-0.9659258262890678,-0.2588190451025225,2,0.0293838474787463,0.999568201528713,-0.00331,-0.00282,-0.000814,-0.0013,-0.00276,
2023-01-02 17:15:00,2023-01-02,17,-0.98078528040323,-0.1950903220161297,2,0.0295629652242008,0.9995629200241236,-0.00318,-0.00279,-0.00154,-0.00127,-0.00269,
2023-01-02 17:30:00,2023-01-02,17,-0.9914448613738104,-0.130526192220051,2,0.0297420820203571,0.9995576064225083,-0.0031,-0.00252,-0.00145,-0.00112,-0.00304,
2023-01-02 17:45:00,2023-01-02,17,-0.9978589232386036,-0.065403129230142,2,0.0299211978614636,0.999552260724038,-0.00293,-0.00244,-0.00121,-0.00123,-0.00283,
2023-01-02 18:00:00,2023-01-02,18,-1.0,-4.286263797015736e-16,2,0.0301003127417686,0.9995468829288838,-0.00309,-0.00268,-0.00152,-0.00124,-0.0025099999999999,
2023-01-02 18:15:00,2023-01-02,18,-0.9978589232386036,0.065403129230143,2,0.0302794266555207,0.9995414730372186,-0.00271,-0.00174,-0.000958,-0.000872,-0.00242,
2023-01-02 18:30:00,2023-01-02,18,-0.9914448613738104,0.1305261922200519,2,0.0304585395969683,0.9995360310492164,-0.0028399999999999,-0.00227,-0.00122,-0.00109,-0.00254,
2023-01-02 18:45:00,2023-01-02,18,-0.9807852804032308,0.1950903220161272,2,0.0306376515603599,0.9995305569650514,-0.0030299999999999,-0.00262,-0.00124,-0.00114,-0.00269,
2023-01-02 19:00:00,2023-01-02,19,-0.9659258262890684,0.2588190451025201,2,0.0308167625399439,0.9995250507848998,-0.00256,-0.0019199999999999,-0.000855,-0.000753,-0.00227,
2023-01-02 19:15:00,2023-01-02,19,-0.9469301294951058,0.3214394653031612,2,0.030995872529969,0.9995195125089384,-0.00243,-0.00179,-0.000951,-0.000482,-0.0019399999999999,
2023-01-02 19:30:00,2023-01-02,19,-0.9238795325112874,0.3826834323650881,2,0.0311749815246838,0.9995139421373448,-0.00262,-0.00213,-0.00131,-0.000684,-0.00212,
2023-01-02 19:45:00,2023-01-02,19,-0.8968727415326889,0.442288690219,2,0.0313540895183368,0.9995083396702982,-0.00309,-0.00277,-0.00152,-0.00117,-0.00259,
2023-01-02 20:00:00,2023-01-02,20,-0.8660254037844392,0.4999999999999991,2,0.0315331965051768,0.999502705107978,-0.0023799999999999,-0.00186,-0.00112,-0.000539,-0.0018,
2023-01-02 20:15:00,2023-01-02,20,-0.8314696123025446,0.5555702330196032,2,0.0317123024794523,0.9994970384505656,-0.00267,-0.00235,-0.00163,-0.00107,-0.00234,
2023-01-02 20:30:00,2023-01-02,20,-0.7933533402912354,0.6087614290087204,2,0.0318914074354122,0.999491339698243,-0.00283,-0.00248,-0.00102,-0.00114,-0.00262,
2023-01-02 20:45:00,2023-01-02,20,-0.7518398074789774,0.659345815100069,2,0.0320705113673051,0.9994856088511928,-0.0025,-0.0020499999999999,-0.00103,-0.00113,-0.00219,
2023-01-02 21:00:00,2023-01-02,21,-0.7071067811865472,0.7071067811865478,2,0.0322496142693799,0.9994798459095992,-0.00237,-0.0019199999999999,-0.00103,-0.00104,-0.00228,
2023-01-02 21:15:00,2023-01-02,21,-0.6593458151000696,0.7518398074789767,2,0.0324287161358854,0.9994740508736474,-0.0023799999999999,-0.0019299999999999,-0.000845,-0.00094,-0.0020099999999999,
2023-01-02 21:30:00,2023-01-02,21,-0.6087614290087211,0.7933533402912348,2,0.0326078169610704,0.9994682237435232,-0.00229,-0.0016,-0.000527,-0.000558,-0.00166,
2023-01-02 21:45:00,2023-01-02,21,-0.5555702330196024,0.8314696123025451,2,0.0327869167391837,0.999462364519414,-0.0025299999999999,-0.00171,-0.000469,-0.000635,-0.0022,
2023-01-02 22:00:00,2023-01-02,22,-0.5000000000000014,0.8660254037844378,2,0.0329660154644744,0.9994564732015075,-0.0023799999999999,-0.00178,-0.000724,-0.0006,-0.00232,
2023-01-02 22:15:00,2023-01-02,22,-0.4422886902190024,0.8968727415326877,2,0.0331451131311914,0.9994505497899936,-0.00294,-0.00245,-0.00146,-0.00136,-0.00293,
2023-01-02 22:30:00,2023-01-02,22,-0.3826834323650906,0.9238795325112864,2,0.0333242097335836,0.999444594285062,-0.00244,-0.00204,-0.00104,-0.00111,-0.00221,
2023-01-02 22:45:00,2023-01-02,22,-0.3214394653031604,0.946930129495106,2,0.0335033052659001,0.999438606686904,-0.00256,-0.0020499999999999,-0.00106,-0.000998,-0.00246,
2023-01-02 23:00:00,2023-01-02,23,-0.2588190451025209,0.9659258262890682,2,0.0336823997223898,0.9994325869957118,-0.00235,-0.0019299999999999,-0.000965,-0.000929,-0.00222,
2023-01-02 23:15:00,2023-01-02,23,-0.195090322016128,0.9807852804032304,2,0.033861493097302,0.999426535211679,-0.00213,-0.00166,-0.000631,-0.000554,-0.00187,
2023-01-02 23:30:00,2023-01-02,23,-0.130526192220051,0.9914448613738104,2,0.0340405853848858,0.9994204513349996,-0.00221,-0.00181,-0.00105,-0.000979,-0.00187,
2023-01-02 23:45:00,2023-01-02,23,-0.0654031292301439,0.9978589232386036,2,0.0342196765793902,0.9994143353658692,-0.00226,-0.00153,-0.00029,-0.000241,-0.00186,
2023-01-03 00:00:00,2023-01-03,0,-4.898587196589413e-16,1.0,3,0.0343987666750645,0.999408187304484,-0.0022299999999999,-0.00154,-0.0004,-0.000394,-0.00171,
2023-01-03 00:15:00,2023-01-03,0,0.0654031292301429,0.9978589232386036,3,0.0345778556661579,0.9994020071510414,-0.00227,-0.00172,-0.000731,-0.000657,-0.00198,
2023-01-03 00:30:00,2023-01-03,0,0.13052619222005,0.9914448613738106,3,0.0347569435469196,0.9993957949057402,-0.00219,-0.00189,-0.00137,-0.00115,-0.00204,
2023-01-03 00:45:00,2023-01-03,0,0.1950903220161271,0.9807852804032308,3,0.034936030311599,0.9993895505687794,-0.00222,-0.00175,-0.000979,-0.000879,-0.00195,
2023-01-03 01:00:00,2023-01-03,1,0.25881904510252,0.9659258262890684,3,0.0351151159544455,0.99938327414036,-0.00222,-0.00154,-0.000445,-0.000317,-0.00181,
2023-01-03 01:15:00,2023-01-03,1,0.3214394653031595,0.9469301294951064,3,0.0352942004697083,0.9993769656206832,-0.0025299999999999,-0.00206,-0.00103,-0.000849,-0.0022,
2023-01-03 01:30:00,2023-01-03,1,0.3826834323650897,0.9238795325112868,3,0.0354732838516368,0.9993706250099516,-0.00242,-0.00183,-0.000758,-0.000593,-0.0020299999999999,
2023-01-03 01:45:00,2023-01-03,1,0.4422886902190016,0.8968727415326881,3,0.0356523660944806,0.9993642523083688,-0.00249,-0.00197,-0.000931,-0.00091,-0.00207,
2023-01-03 02:00:00,2023-01-03,2,0.5000000000000006,0.8660254037844383,3,0.0358314471924891,0.9993578475161397,-0.0025,-0.00191,-0.000765,-0.000864,-0.00228,
2023-01-03 02:15:00,2023-01-03,2,0.5555702330196016,0.8314696123025457,3,0.0360105271399118,0.9993514106334696,-0.00252,-0.00176,-0.000358,-0.000474,-0.0020099999999999,
2023-01-03 02:30:00,2023-01-03,2,0.6087614290087203,0.7933533402912354,3,0.0361896059309983,0.9993449416605656,-0.00275,-0.0021,-0.000955,-0.000845,-0.00248,
2023-01-03 02:45:00,2023-01-03,2,0.6593458151000688,0.7518398074789774,3,0.0363686835599981,0.9993384405976348,-0.00265,-0.00188,-0.000869,-0.000654,-0.00234,
2023-01-03 03:00:00,2023-01-03,3,0.7071067811865466,0.7071067811865486,3,0.0365477600211609,0.9993319074448868,-0.00297,-0.00242,-0.0014399999999999,-0.00113,-0.0030299999999999,
2023-01-03 03:15:00,2023-01-03,3,0.7518398074789767,0.6593458151000696,3,0.0367268353087363,0.9993253422025308,-0.0028799999999999,-0.00228,-0.00104,-0.00102,-0.00269,
2023-01-03 03:30:00,2023-01-03,3,0.7933533402912347,0.6087614290087212,3,0.0369059094169741,0.9993187448707777,-0.00252,-0.00189,-0.000772,-0.000738,-0.00209,
2023-01-03 03:45:00,2023-01-03,3,0.8314696123025441,0.555570233019604,3,0.037084982340124,0.9993121154498392,-0.00289,-0.00209,-0.00133,-0.00141,-0.00326,
2023-01-03 04:00:00,2023-01-03,4,0.8660254037844387,0.4999999999999999,3,0.0372640540724357,0.9993054539399284,-0.00278,-0.0019399999999999,-0.000803,-0.000914,-0.00271,
2023-01-03 04:15:00,2023-01-03,4,0.8968727415326885,0.4422886902190009,3,0.0374431246081592,0.9992987603412594,-0.00215,-0.000823,0.000107,0.000107,-0.00152,
2023-01-03 04:30:00,2023-01-03,4,0.9238795325112872,0.382683432365089,3,0.0376221939415442,0.9992920346540468,-0.00358,-0.00265,-0.00153,-0.00151,-0.00405,
2023-01-03 04:45:00,2023-01-03,4,0.9469301294951056,0.3214394653031621,3,0.0378012620668406,0.9992852768785068,-0.00254,-0.0019399999999999,-0.000845,-0.000795,-0.0026,
2023-01-03 05:00:00,2023-01-03,5,0.9659258262890682,0.258819045102521,3,0.0379803289782984,0.9992784870148562,-0.00229,-0.00141,-0.000262,-0.000325,-0.0022,
2023-01-03 05:15:00,2023-01-03,5,0.9807852804032304,0.1950903220161281,3,0.0381593946701675,0.9992716650633132,-0.00257,-0.00185,-0.00127,-0.00106,-0.0028599999999999,
2023-01-03 05:30:00,2023-01-03,5,0.9914448613738104,0.1305261922200528,3,0.0383384591366979,0.9992648110240968,-0.00264,-0.00218,-0.0014199999999999,-0.00129,-0.00302,
2023-01-03 05:45:00,2023-01-03,5,0.9978589232386036,0.0654031292301439,3,0.0385175223721398,0.9992579248974268,-0.0023799999999999,-0.00198,-0.00128,-0.00117,-0.00271,
2023-01-03 06:00:00,2023-01-03,6,1.0,5.51091059616309e-16,3,0.0386965843707432,0.999251006683525,-0.00206,-0.00154,-0.000789,-0.000593,-0.00202,
2023-01-03 06:15:00,2023-01-03,6,0.9978589232386036,-0.0654031292301411,3,0.0388756451267581,0.9992440563826128,-0.00184,-0.00146,-0.0009,-0.000818,-0.0019299999999999,
2023-01-03 06:30:00,2023-01-03,6,0.9914448613738106,-0.13052619222005,3,0.0390547046344349,0.999237073994914,-0.000629,-0.000422,0.000317,0.000271,-0.000763,
2023-01-03 06:45:00,2023-01-03,6,0.9807852804032304,-0.1950903220161288,3,0.0392337628880237,0.9992300595206522,0.00379,0.00399,0.00587,0.00546,0.0047,
2023-01-03 07:00:00,2023-01-03,7,0.965925826289068,-0.2588190451025216,3,0.0394128198817747,0.9992230129600532,0.0074199999999999,0.0074199999999999,0.0096999999999999,0.00917,0.00888,
2023-01-03 07:15:00,2023-01-03,7,0.9469301294951058,-0.3214394653031611,3,0.0395918756099382,0.9992159343133432,0.0243,0.0251,0.0362,0.0348,0.033,
2023-01-03 07:30:00,2023-01-03,7,0.9238795325112868,-0.3826834323650896,3,0.0397709300667646,0.999208823580749,0.0436,0.0453999999999999,0.0676,0.0643,0.0636,
2023-01-03 07:45:00,2023-01-03,7,0.8968727415326881,-0.4422886902190015,3,0.0399499832465042,0.9992016807624996,0.0953,0.109,0.201,0.193,0.185,
2023-01-03 08:00:00,2023-01-03,8,0.8660254037844393,-0.499999999999999,3,0.0401290351434075,0.999194505858824,0.0368999999999999,0.0373999999999999,0.0504,0.048,0.0484,
2023-01-03 08:15:00,2023-01-03,8,0.8314696123025457,-0.5555702330196015,3,0.0403080857517249,0.9991872988699524,0.0859,0.148,0.339,0.337,0.302,
2023-01-03 08:30:00,2023-01-03,8,0.7933533402912354,-0.6087614290087203,3,0.0404871350657069,0.9991800597961168,0.0831,0.189,0.477,0.479,0.423,
2023-01-03 08:45:00,2023-01-03,8,0.7518398074789786,-0.6593458151000675,3,0.040666183079604,0.999172788637549,0.111,0.192,0.418,0.421,0.377,
2023-01-03 09:00:00,2023-01-03,9,0.7071067811865486,-0.7071067811865465,3,0.0408452297876669,0.9991654853944828,0.141,0.144,0.219,0.214,0.207,
2023-01-03 09:15:00,2023-01-03,9,0.6593458151000697,-0.7518398074789767,3,0.0410242751841461,0.999158150067153,0.147,0.367,0.831,0.841,0.745,
2023-01-03 09:30:00,2023-01-03,9,0.6087614290087198,-0.7933533402912358,3,0.0412033192632922,0.9991507826557948,0.114,0.215,0.469,0.475,0.421,
2023-01-03 09:45:00,2023-01-03,9,0.5555702330196025,-0.831469612302545,3,0.0413823620193561,0.9991433831606448,0.131,0.301,0.641,0.652,0.58,
2023-01-03 10:00:00,2023-01-03,10,0.5,-0.8660254037844386,3,0.0415614034465884,0.9991359515819406,0.0970999999999999,0.293,0.652,0.667,0.586,
2023-01-03 10:15:00,2023-01-03,10,0.4422886902190009,-0.8968727415326885,3,0.04174044353924,0.9991284879199208,0.104,0.368,0.819,0.841,0.736,
2023-01-03 10:30:00,2023-01-03,10,0.3826834323650907,-0.9238795325112864,3,0.0419194822915616,0.9991209921748254,0.0867,0.38,0.848,0.875,0.763,
2023-01-03 10:45:00,2023-01-03,10,0.3214394653031622,-0.9469301294951056,3,0.0420985196978042,0.9991134643468946,0.109,0.39,0.837,0.863,0.756,
2023-01-03 11:00:00,2023-01-03,11,0.2588190451025211,-0.9659258262890682,3,0.0422775557522186,0.9991059044363706,0.139,0.468,0.965,0.995,0.877,
2023-01-03 11:15:00,2023-01-03,11,0.1950903220161299,-0.98078528040323,3,0.0424565904490559,0.9990983124434958,0.151,0.409,0.819,0.848,0.746,
2023-01-03 11:30:00,2023-01-03,11,0.1305261922200529,-0.9914448613738104,3,0.042635623782567,0.999090688368514,0.166,0.275,0.498,0.511,0.458,
2023-01-03 11:45:00,2023-01-03,11,0.065403129230144,-0.9978589232386036,3,0.042814655747003,0.9990830322116704,0.157,0.254,0.453,0.466,0.419,
2023-01-03 12:00:00,2023-01-03,12,2.388680238973927e-15,-1.0,3,0.0429936863366149,0.9990753439732104,0.167,0.197,0.312,0.316,0.294,
2023-01-03 12:15:00,2023-01-03,12,-0.0654031292301428,-0.9978589232386036,3,0.043172715545654,0.9990676236533812,0.168,0.254,0.448,0.462,0.416,
2023-01-03 12:30:00,2023-01-03,12,-0.1305261922200517,-0.9914448613738104,3,0.0433517433683714,0.9990598712524305,0.165,0.268,0.483,0.502,0.447,
2023-01-03 12:45:00,2023-01-03,12,-0.1950903220161287,-0.9807852804032304,3,0.0435307697990183,0.9990520867706072,0.154,0.373,0.769,0.818,0.7,
2023-01-03 13:00:00,2023-01-03,13,-0.2588190451025198,-0.9659258262890684,3,0.043709794831846,0.9990442702081614,0.173,0.436,0.898,0.959,0.816,
2023-01-03 13:15:00,2023-01-03,13,-0.321439465303161,-0.9469301294951058,3,0.0438888184611057,0.9990364215653442,0.169,0.266,0.482,0.507,0.443,
2023-01-03 13:30:00,2023-01-03,13,-0.3826834323650879,-0.9238795325112876,3,0.044067840681049,0.9990285408424074,0.159,0.232,0.42,0.442,0.386,
2023-01-03 13:45:00,2023-01-03,13,-0.4422886902190014,-0.8968727415326883,3,0.0442468614859272,0.9990206280396042,0.132,0.188,0.353,0.376,0.323,
2023-01-03 14:00:00,2023-01-03,14,-0.4999999999999989,-0.8660254037844393,3,0.0444258808699916,0.9990126831571886,0.113,0.285,0.688,0.764,0.615,
2023-01-03 14:15:00,2023-01-03,14,-0.5555702330196001,-0.8314696123025467,3,0.0446048988274939,0.9990047061954158,0.107,0.228,0.535,0.601,0.482,
2023-01-03 14:30:00,2023-01-03,14,-0.6087614290087202,-0.7933533402912355,3,0.0447839153526856,0.998996697154542,0.118,0.246,0.586,0.664,0.524,
2023-01-03 14:45:00,2023-01-03,14,-0.6593458151000701,-0.7518398074789763,3,0.0449629304398183,0.998988656034824,0.0808,0.181,0.478,0.551,0.421,
2023-01-03 15:00:00,2023-01-03,15,-0.7071067811865477,-0.7071067811865474,3,0.0451419440831435,0.9989805828365206,0.0486,0.119,0.37,0.435,0.322,
2023-01-03 15:15:00,2023-01-03,15,-0.7518398074789766,-0.6593458151000697,3,0.045320956276913,0.9989724775598906,0.0319,0.05,0.14,0.163,0.121,
2023-01-03 15:30:00,2023-01-03,15,-0.7933533402912357,-0.6087614290087199,3,0.0454999670153785,0.9989643402051944,0.0248,0.0448,0.154,0.185,0.132,
2023-01-03 15:45:00,2023-01-03,15,-0.831469612302545,-0.5555702330196026,3,0.0456789762927918,0.9989561707726934,0.0106,0.0107,0.0176,0.0182,0.0150999999999999,
2023-01-03 16:00:00,2023-01-03,16,-0.8660254037844377,-0.5000000000000016,3,0.0458579841034047,0.9989479692626496,0.00216,0.00248,0.00494,0.00466,0.00317,
2023-01-03 16:15:00,2023-01-03,16,-0.8968727415326885,-0.442288690219001,3,0.0460369904414691,0.9989397356753268,-0.00191,-0.00148,8.27e-05,-0.000195,-0.0016,
2023-01-03 16:30:00,2023-01-03,16,-0.9238795325112864,-0.3826834323650908,3,0.0462159953012369,0.9989314700109894,-0.00266,-0.00227,-0.00115,-0.00127,-0.00254,
2023-01-03 16:45:00,2023-01-03,16,-0.9469301294951048,-0.321439465303164,3,0.04639499867696,0.9989231722699022,-0.00202,-0.00173,-0.000848,-0.00101,-0.0020299999999999,
2023-01-03 17:00:00,2023-01-03,17,-0.9659258262890682,-0.2588190451025211,3,0.0465740005628905,0.9989148424523324,3.31e-05,0.000461,0.000545,0.000627,0.000544,
2023-01-03 17:15:00,2023-01-03,17,-0.98078528040323,-0.19509032201613,3,0.0467530009532804,0.9989064805585468,-0.00163,-0.00113,-0.000231,-0.000229,-0.00141,
2023-01-03 17:30:00,2023-01-03,17,-0.9914448613738104,-0.1305261922200512,3,0.0469319998423819,0.9988980865888144,-0.00242,-0.002,-0.00107,-0.000979,-0.0023599999999999,
2023-01-03 17:45:00,2023-01-03,17,-0.9978589232386036,-0.0654031292301441,3,0.047110997224447,0.9988896605434048,-0.00252,-0.0022,-0.0013,-0.00122,-0.00243,
2023-01-03 18:00:00,2023-01-03,18,-1.0,1.1028010998692062e-15,3,0.0472899930937281,0.998881202422588,-0.00221,-0.0019,-0.000982,-0.00103,-0.00207,
2023-01-03 18:15:00,2023-01-03,18,-0.9978589232386036,0.0654031292301427,3,0.0474689874444772,0.998872712226636,-0.00199,-0.0016799999999999,-0.0011,-0.000799,-0.00182,
2023-01-03 18:30:00,2023-01-03,18,-0.9914448613738106,0.1305261922200498,3,0.0476479802709469,0.9988641899558216,-0.0019,-0.00156,-0.000872,-0.000841,-0.0014399999999999,
2023-01-03 18:45:00,2023-01-03,18,-0.9807852804032304,0.1950903220161287,3,0.0478269715673893,0.998855635610418,-0.00234,-0.00197,-0.00115,-0.000833,-0.0020499999999999,
2023-01-03 19:00:00,2023-01-03,19,-0.9659258262890684,0.2588190451025198,3,0.0480059613280569,0.9988470491907002,-0.0023799999999999,-0.00198,-0.000862,-0.00099,-0.00224,
2023-01-03 19:15:00,2023-01-03,19,-0.9469301294951064,0.3214394653031593,3,0.0481849495472022,0.998838430696944,-0.00229,-0.00188,-0.000855,-0.000784,-0.00202,
2023-01-03 19:30:00,2023-01-03,19,-0.9238795325112868,0.3826834323650895,3,0.0483639362190776,0.9988297801294258,-0.00213,-0.00183,-0.000786,-0.000738,-0.00196,
2023-01-03 19:45:00,2023-01-03,19,-0.896872741532689,0.4422886902189998,3,0.0485429213379357,0.9988210974884236,-0.00197,-0.0016,-0.000769,-0.000738,-0.00178,
2023-01-03 20:00:00,2023-01-03,20,-0.8660254037844384,0.5000000000000004,3,0.0487219048980291,0.9988123827742162,-0.00163,-0.00106,0.000148,0.000161,-0.0011899999999999,
2023-01-03 20:15:00,2023-01-03,20,-0.8314696123025458,0.5555702330196015,3,0.0489008868936104,0.9988036359870834,-0.00125,-0.000624,0.000631,0.000635,-0.000977,
2023-01-03 20:30:00,2023-01-03,20,-0.7933533402912344,0.6087614290087217,3,0.0490798673189324,0.9987948571273062,-0.00137,-0.000727,0.000152,0.000126,-0.00132,
2023-01-03 20:45:00,2023-01-03,20,-0.7518398074789775,0.6593458151000687,3,0.0492588461682477,0.9987860461951664,-0.00161,-0.000872,0.00031,0.000577,-0.00132,
2023-01-03 21:00:00,2023-01-03,21,-0.7071067811865487,0.7071067811865464,3,0.0494378234358093,0.9987772031909468,-0.000856,-0.000511,-3.79e-05,-1.15e-05,-0.00078,
2023-01-03 21:15:00,2023-01-03,21,-0.6593458151000684,0.7518398074789777,3,0.0496167991158699,0.9987683281149314,-0.0018,-0.00141,-0.000531,-0.000642,-0.00204,
2023-01-03 21:30:00,2023-01-03,21,-0.6087614290087213,0.7933533402912346,3,0.0497957732026824,0.9987594209674054,-0.00191,-0.00156,-0.000834,-0.000845,-0.00217,
2023-01-03 21:45:00,2023-01-03,21,-0.5555702330196041,0.831469612302544,3,0.0499747456904998,0.9987504817486548,-0.0016,-0.00151,-0.00107,-0.00113,-0.00187,
2023-01-03 22:00:00,2023-01-03,22,-0.5000000000000001,0.8660254037844386,3,0.0501537165735751,0.9987415104589664,-0.00136,-0.00102,-0.000489,-0.000482,-0.00132,
2023-01-03 22:15:00,2023-01-03,22,-0.4422886902190026,0.8968727415326876,3,0.0503326858461613,0.9987325070986284,-0.00159,-0.00123,-0.000552,-0.000463,-0.00162,
2023-01-03 22:30:00,2023-01-03,22,-0.3826834323650925,0.9238795325112856,3,0.0505116535025116,0.99872347166793,-0.00141,-0.0011,-0.000489,-0.000268,-0.00129,
2023-01-03 22:45:00,2023-01-03,22,-0.3214394653031623,0.9469301294951054,3,0.0506906195368791,0.998714404167161,-0.00148,-0.00117,-0.000452,-0.000287,-0.0015,
2023-01-03 23:00:00,2023-01-03,23,-0.2588190451025194,0.9659258262890686,3,0.050869583943517,0.998705304596613,-0.00157,-0.00127,-0.000589,-0.000413,-0.00156,
2023-01-03 23:15:00,2023-01-03,23,-0.1950903220161283,0.9807852804032304,3,0.0510485467166786,0.998696172956578,-0.00155,-0.00115,-0.000393,-8.41e-05,-0.00125,
2023-01-03 23:30:00,2023-01-03,23,-0.130526192220053,0.9914448613738104,3,0.0512275078506172,0.9986870092473492,-0.00137,-0.00108,-0.000462,-0.000191,-0.00117,
2023-01-03 23:45:00,2023-01-03,23,-0.0654031292301424,0.9978589232386036,3,0.0514064673395862,0.9986778134692208,-0.0014299999999999,-0.00112,-0.000431,-0.000313,-0.00129,
2023-01-04 00:00:00,2023-01-04,0,-7.34788079488412e-16,1.0,4,0.051585425177839,0.9986685856224884,-0.00129,-0.000996,-0.000372,-0.000203,-0.00109,
2023-01-04 00:15:00,2023-01-04,0,0.0654031292301409,0.9978589232386036,4,0.051764381359629,0.998659325707448,-0.00104,-0.00083,-0.000327,-0.000119,-0.000771,
2023-01-04 00:30:00,2023-01-04,0,0.1305261922200516,0.9914448613738104,4,0.0519433358792098,0.9986500337243972,-0.000988,-0.000681,-6.55e-05,0.000222,-0.000514,
2023-01-04 00:45:00,2023-01-04,0,0.1950903220161269,0.9807852804032308,4,0.052122288730835,0.998640709673634,-0.00116,-0.000876,-0.000327,-1.53e-05,-0.000788,
2023-01-04 01:00:00,2023-01-04,1,0.258819045102518,0.965925826289069,4,0.0523012399087582,0.9986313535554582,-0.00102,-0.000865,-0.000228,-0.00018,-0.000835,
2023-01-04 01:15:00,2023-01-04,1,0.3214394653031609,0.946930129495106,4,0.0524801894072331,0.99862196537017,-0.000997,-0.000794,-0.000186,-7.65e-05,-0.000844,
2023-01-04 01:30:00,2023-01-04,1,0.3826834323650911,0.9238795325112862,4,0.0526591372205135,0.9986125451180708,-0.00152,-0.00126,-0.000755,-0.000577,-0.0017,
2023-01-04 01:45:00,2023-01-04,1,0.4422886902190013,0.8968727415326883,4,0.052838083342853,0.9986030927994634,-0.0014,-0.0011899999999999,-0.000607,-0.000615,-0.00146,
2023-01-04 02:00:00,2023-01-04,2,0.4999999999999988,0.8660254037844394,4,0.0530170277685057,0.9985936084146512,-0.00129,-0.000954,-0.000421,-0.000455,-0.00141,
2023-01-04 02:15:00,2023-01-04,2,0.5555702330196028,0.8314696123025448,4,0.0531959704917253,0.9985840919639384,-0.00147,-0.000965,-0.000252,-0.00018,-0.00107,
2023-01-04 02:30:00,2023-01-04,2,0.6087614290087201,0.7933533402912355,4,0.0533749115067659,0.9985745434476312,-0.00196,-0.00139,-0.000545,-0.000539,-0.00187,
2023-01-04 02:45:00,2023-01-04,2,0.6593458151000674,0.7518398074789787,4,0.0535538508078814,0.9985649628660356,-0.00247,-0.00191,-0.00112,-0.00094,-0.0025099999999999,
2023-01-04 03:00:00,2023-01-04,3,0.7071067811865476,0.7071067811865475,4,0.0537327883893259,0.9985553502194596,-0.00254,-0.00218,-0.00122,-0.00116,-0.0026,
2023-01-04 03:15:00,2023-01-04,3,0.7518398074789765,0.6593458151000698,4,0.0539117242453537,0.998545705508212,-0.00222,-0.00187,-0.00091,-0.00094,-0.00234,
2023-01-04 03:30:00,2023-01-04,3,0.7933533402912335,0.6087614290087228,4,0.0540906583702187,0.9985360287326024,-0.00166,-0.00122,-0.000538,-0.000432,-0.00164,
2023-01-04 03:45:00,2023-01-04,3,0.8314696123025449,0.5555702330196027,4,0.0542695907581753,0.9985263198929412,-0.00198,-0.00152,-0.000607,-0.000367,-0.00184,
2023-01-04 04:00:00,2023-01-04,4,0.8660254037844377,0.5000000000000017,4,0.0544485214034778,0.9985165789895404,-0.00153,-0.00155,-0.00123,-0.00123,-0.00176,
2023-01-04 04:15:00,2023-01-04,4,0.8968727415326884,0.4422886902190011,4,0.0546274503003805,0.9985068060227128,-0.00154,-0.00149,-0.00105,-0.00081,-0.00177,
2023-01-04 04:30:00,2023-01-04,4,0.9238795325112864,0.3826834323650909,4,0.0548063774431378,0.9984970009927724,-0.00166,-0.00138,-0.000693,-0.000642,-0.00165,
2023-01-04 04:45:00,2023-01-04,4,0.946930129495106,0.3214394653031607,4,0.0549853028260041,0.9984871639000336,-0.00176,-0.00126,-0.000293,7.65e-05,-0.0013,
2023-01-04 05:00:00,2023-01-04,5,0.9659258262890682,0.2588190451025212,4,0.0551642264432341,0.9984772947448128,-0.0016,-0.0014299999999999,-0.000748,-0.000585,-0.00163,
2023-01-04 05:15:00,2023-01-04,5,0.98078528040323,0.1950903220161301,4,0.0553431482890822,0.9984673935274264,-0.0019,-0.00147,-0.000521,-0.000554,-0.00159,
2023-01-04 05:30:00,2023-01-04,5,0.9914448613738104,0.1305261922200513,4,0.0555220683578031,0.9984574602481928,-0.00191,-0.00149,-0.000903,-0.000474,-0.00153,
2023-01-04 05:45:00,2023-01-04,5,0.9978589232386036,0.0654031292301442,4,0.0557009866436514,0.9984474949074308,-0.00202,-0.00154,-0.000655,-0.000279,-0.00159,
2023-01-04 06:00:00,2023-01-04,6,1.0,2.57237725884603e-15,4,0.055879903140882,0.99843749750546,-0.0016699999999999,-0.00145,-0.00092,-0.00068,-0.00162,
2023-01-04 06:15:00,2023-01-04,6,0.9978589232386036,-0.0654031292301426,4,0.0560588178437496,0.9984274680426022,-0.00171,-0.00145,-0.000596,-0.000669,-0.00147,
2023-01-04 06:30:00,2023-01-04,6,0.9914448613738106,-0.1305261922200497,4,0.0562377307465091,0.9984174065191788,-0.00134,-0.00102,-0.000321,-0.00031,-0.00122,
2023-01-04 06:45:00,2023-01-04,6,0.9807852804032304,-0.1950903220161285,4,0.0564166418434154,0.9984073129355132,0.000517,0.00112,0.0016,0.00155,0.000801,
2023-01-04 07:00:00,2023-01-04,7,0.9659258262890684,-0.2588190451025197,4,0.0565955511287234,0.9983971872919296,0.00462,0.00513,0.00562,0.00503,0.00468,
2023-01-04 07:15:00,2023-01-04,7,0.9469301294951054,-0.3214394653031626,4,0.0567744585966883,0.9983870295887528,0.0173,0.0179,0.0223,0.0206,0.021,
2023-01-04 07:30:00,2023-01-04,7,0.9238795325112868,-0.3826834323650894,4,0.056953364241565,0.9983768398263092,0.0386,0.0544,0.14,0.136,0.121,
2023-01-04 07:45:00,2023-01-04,7,0.8968727415326891,-0.4422886902189997,4,0.0571322680576088,0.998366618004926,0.0582,0.0662,0.117,0.113,0.107,
2023-01-04 08:00:00,2023-01-04,8,0.8660254037844385,-0.5000000000000003,4,0.0573111700390749,0.9983563641249312,0.0698,0.0819,0.143,0.14,0.132,
2023-01-04 08:15:00,2023-01-04,8,0.8314696123025458,-0.5555702330196014,4,0.0574900701802184,0.9983460781866544,0.0797,0.17,0.436,0.436,0.384,
2023-01-04 08:30:00,2023-01-04,8,0.7933533402912366,-0.6087614290087187,4,0.0576689684752948,0.9983357601904258,0.065,0.194,0.527,0.532,0.463,
2023-01-04 08:45:00,2023-01-04,8,0.7518398074789776,-0.6593458151000686,4,0.0578478649185595,0.9983254101365768,0.0635,0.108,0.259,0.263,0.232,
2023-01-04 09:00:00,2023-01-04,9,0.7071067811865487,-0.7071067811865464,4,0.0580267595042678,0.9983150280254394,0.0689,0.082,0.189,0.194,0.169,
2023-01-04 09:15:00,2023-01-04,9,0.6593458151000712,-0.7518398074789754,4,0.0582056522266753,0.9983046138573471,0.0772,0.286,0.713,0.725,0.631,
2023-01-04 09:30:00,2023-01-04,9,0.6087614290087214,-0.7933533402912346,4,0.0583845430800376,0.9982941676326348,0.0697,0.311,0.757,0.77,0.671,
2023-01-04 09:45:00,2023-01-04,9,0.5555702330196013,-0.8314696123025459,4,0.0585634320586102,0.9982836893516376,0.0713,0.334,0.799,0.82,0.713,
2023-01-04 10:00:00,2023-01-04,10,0.5000000000000033,-0.8660254037844367,4,0.0587423191566489,0.9982731790146916,0.0745,0.356,0.834,0.856,0.745,
2023-01-04 10:15:00,2023-01-04,10,0.4422886902190027,-0.8968727415326876,4,0.0589212043684094,0.9982626366221348,0.0757,0.373,0.853,0.877,0.765,
2023-01-04 10:30:00,2023-01-04,10,0.3826834323650926,-0.9238795325112856,4,0.0591000876881476,0.9982520621743054,0.0725,0.383,0.86,0.885,0.774,
2023-01-04 10:45:00,2023-01-04,10,0.3214394653031625,-0.9469301294951054,4,0.0592789691101191,0.9982414556715432,0.0731,0.394,0.876,0.904,0.79,
2023-01-04 11:00:00,2023-01-04,11,0.2588190451025196,-0.9659258262890686,4,0.0594578486285801,0.9982308171141888,0.0762,0.402,0.887,0.918,0.799,
2023-01-04 11:15:00,2023-01-04,11,0.1950903220161284,-0.9807852804032304,4,0.0596367262377865,0.9982201465025836,0.0803,0.407,0.894,0.929,0.807,
2023-01-04 11:30:00,2023-01-04,11,0.1305261922200496,-0.9914448613738108,4,0.0598156019319944,0.9982094438370704,0.0802,0.409,0.897,0.937,0.809,
2023-01-04 11:45:00,2023-01-04,11,0.065403129230146,-0.9978589232386031,4,0.0599944757054597,0.9981987091179928,0.0804,0.404,0.892,0.937,0.806,
2023-01-04 12:00:00,2023-01-04,12,8.572527594031472e-16,-1.0,4,0.0601733475524389,0.9981879423456954,0.0844,0.405,0.895,0.943,0.806,
2023-01-04 12:15:00,2023-01-04,12,-0.0654031292301408,-0.9978589232386036,4,0.0603522174671879,0.9981771435205242,0.0835,0.392,0.876,0.929,0.79,
2023-01-04 12:30:00,2023-01-04,12,-0.1305261922200514,-0.9914448613738104,4,0.0605310854439633,0.9981663126428258,0.0952,0.384,0.861,0.917,0.776,
2023-01-04 12:45:00,2023-01-04,12,-0.1950903220161267,-0.9807852804032308,4,0.0607099514770213,0.998155449712948,0.0920999999999999,0.374,0.847,0.906,0.761,
2023-01-04 13:00:00,2023-01-04,13,-0.2588190451025213,-0.965925826289068,4,0.0608888155606183,0.99814455473124,0.0925,0.353,0.813,0.875,0.728,
2023-01-04 13:15:00,2023-01-04,13,-0.3214394653031575,-0.946930129495107,4,0.0610676776890108,0.9981336276980508,0.0832,0.336,0.789,0.855,0.706,
2023-01-04 13:30:00,2023-01-04,13,-0.3826834323650877,-0.9238795325112876,4,0.0612465378564554,0.998122668613732,0.0747,0.311,0.753,0.819,0.669,
2023-01-04 13:45:00,2023-01-04,13,-0.4422886902190012,-0.8968727415326884,4,0.0614253960572087,0.9981116774786352,0.0732,0.287,0.711,0.783,0.632,
2023-01-04 14:00:00,2023-01-04,14,-0.4999999999999987,-0.8660254037844394,4,0.0616042522855274,0.9981006542931136,0.0703,0.258,0.66,0.734,0.585,
2023-01-04 14:15:00,2023-01-04,14,-0.5555702330196027,-0.8314696123025449,4,0.0617831065356681,0.9980895990575206,0.0624,0.221,0.6,0.682,0.533,
2023-01-04 14:30:00,2023-01-04,14,-0.6087614290087201,-0.7933533402912356,4,0.0619619588018878,0.998078511772212,0.0571,0.187,0.536,0.614,0.47,
2023-01-04 14:45:00,2023-01-04,14,-0.65934581510007,-0.7518398074789765,4,0.0621408090784432,0.998067392437543,0.0493,0.152,0.467,0.542,0.406,
2023-01-04 15:00:00,2023-01-04,15,-0.707106781186545,-0.70710678118655,4,0.0623196573595913,0.9980562410538713,0.0419,0.116,0.387,0.457,0.334,
2023-01-04 15:15:00,2023-01-04,15,-0.7518398074789765,-0.65934581510007,4,0.062498503639589,0.9980450576215546,0.0336,0.0825999999999999,0.27,0.319,0.234,
2023-01-04 15:30:00,2023-01-04,15,-0.7933533402912335,-0.6087614290087229,4,0.0626773479126936,0.9980338421409524,0.0251,0.0256,0.0437,0.0464,0.0377,
2023-01-04 15:45:00,2023-01-04,15,-0.8314696123025449,-0.5555702330196027,4,0.0628561901731619,0.9980225946124244,0.0145,0.015,0.0271,0.0298,0.0238999999999999,
2023-01-04 16:00:00,2023-01-04,16,-0.8660254037844376,-0.5000000000000018,4,0.0630350304152513,0.9980113150363318,0.00434,0.00492,0.0125,0.014,0.0096899999999999,
2023-01-04 16:15:00,2023-01-04,16,-0.8968727415326884,-0.4422886902190012,4,0.063213868633219,0.9980000034130372,-0.00131,-0.00073,0.000889,0.000761,-0.000913,
2023-01-04 16:30:00,2023-01-04,16,-0.9238795325112876,-0.3826834323650877,4,0.0633927048213223,0.9979886597429034,-0.00267,-0.00206,-0.000696,-0.000887,-0.00221,
2023-01-04 16:45:00,2023-01-04,16,-0.9469301294951048,-0.3214394653031642,4,0.0635715389738186,0.997977284026295,-0.00276,-0.0020499999999999,-0.000896,-0.00102,-0.0023799999999999,
2023-01-04 17:00:00,2023-01-04,17,-0.965925826289068,-0.2588190451025213,4,0.0637503710849654,0.997965876263577,-0.0025099999999999,-0.00189,-0.00101,-0.000937,-0.00215,
2023-01-04 17:15:00,2023-01-04,17,-0.98078528040323,-0.1950903220161302,4,0.06392920114902,0.997954436455116,-0.000467,-0.000131,0.000186,0.000294,-0.000244,
2023-01-04 17:30:00,2023-01-04,17,-0.9914448613738104,-0.1305261922200514,4,0.0641080291602402,0.9979429646012792,-0.00108,-0.000748,-0.000393,-0.000359,-0.00124,
2023-01-04 17:45:00,2023-01-04,17,-0.9978589232386034,-0.0654031292301443,4,0.0642868551128835,0.9979314607024348,-0.00242,-0.00199,-0.0012,-0.00109,-0.00262,
2023-01-04 18:00:00,2023-01-04,18,-1.0,8.578717400397357e-16,4,0.0644656790012078,0.9979199247589524,-0.00327,-0.00268,-0.00148,-0.00146,-0.00315,
2023-01-04 18:15:00,2023-01-04,18,-0.9978589232386038,0.0654031292301389,4,0.0646445008194706,0.9979083567712024,-0.00337,-0.00291,-0.00177,-0.0016899999999999,-0.00343,
2023-01-04 18:30:00,2023-01-04,18,-0.9914448613738108,0.1305261922200496,4,0.06482332056193,0.9978967567395564,-0.00266,-0.00225,-0.00141,-0.00111,-0.00231,
2023-01-04 18:45:00,2023-01-04,18,-0.9807852804032304,0.1950903220161284,4,0.0650021382228438,0.9978851246643866,-0.00261,-0.00222,-0.00127,-0.00106,-0.00231,
2023-01-04 19:00:00,2023-01-04,19,-0.9659258262890686,0.2588190451025196,4,0.0651809537964699,0.9978734605460666,-0.00244,-0.00198,-0.00123,-0.000753,-0.0020499999999999,
2023-01-04 19:15:00,2023-01-04,19,-0.9469301294951054,0.3214394653031625,4,0.0653597672770664,0.9978617643849712,-0.0025499999999999,-0.00215,-0.00125,-0.000826,-0.00226,
2023-01-04 19:30:00,2023-01-04,19,-0.923879532511287,0.3826834323650893,4,0.0655385786588915,0.9978500361814756,-0.0027,-0.00231,-0.00125,-0.00101,-0.0024,
2023-01-04 19:45:00,2023-01-04,19,-0.8968727415326876,0.4422886902190027,4,0.0657173879362033,0.9978382759359568,-0.00274,-0.00237,-0.00125,-0.00127,-0.0026,
2023-01-04 20:00:00,2023-01-04,20,-0.8660254037844403,0.4999999999999971,4,0.06589619510326,0.997826483648792,-0.00242,-0.0019199999999999,-0.00104,-0.000807,-0.00198,
2023-01-04 20:15:00,2023-01-04,20,-0.8314696123025459,0.5555702330196013,4,0.06607500015432,0.9978146593203604,-0.0025099999999999,-0.00204,-0.00107,-0.000757,-0.00222,
2023-01-04 20:30:00,2023-01-04,20,-0.7933533402912367,0.6087614290087185,4,0.0662538030836416,0.9978028029510412,-0.00244,-0.0019,-0.00092,-0.000619,-0.00191,
2023-01-04 20:45:00,2023-01-04,20,-0.7518398074789777,0.6593458151000685,4,0.0664326038854832,0.9977909145412152,-0.00272,-0.00218,-0.000993,-0.000872,-0.0023599999999999,
2023-01-04 21:00:00,2023-01-04,21,-0.7071067811865488,0.7071067811865462,4,0.0666114025541036,0.9977789940912642,-0.00262,-0.00217,-0.00107,-0.00104,-0.00246,
2023-01-04 21:15:00,2023-01-04,21,-0.6593458151000686,0.7518398074789776,4,0.066790199083761,0.9977670416015711,-0.00237,-0.0019399999999999,-0.000965,-0.000914,-0.00216,
2023-01-04 21:30:00,2023-01-04,21,-0.6087614290087187,0.7933533402912366,4,0.0669689934687144,0.9977550570725198,-0.0023799999999999,-0.00184,-0.0008,-0.000787,-0.00211,
2023-01-04 21:45:00,2023-01-04,21,-0.5555702330196043,0.8314696123025438,4,0.0671477857032223,0.9977430405044948,-0.00229,-0.0016,-0.000558,-0.000585,-0.00186,
2023-01-04 22:00:00,2023-01-04,22,-0.5000000000000003,0.8660254037844385,4,0.0673265757815435,0.9977309918978824,-0.0025,-0.00183,-0.000689,-0.000745,-0.0023,
2023-01-04 22:15:00,2023-01-04,22,-0.4422886902190028,0.8968727415326875,4,0.067505363697937,0.9977189112530688,-0.00244,-0.0019199999999999,-0.000976,-0.000994,-0.0023799999999999,
2023-01-04 22:30:00,2023-01-04,22,-0.3826834323650894,0.9238795325112868,4,0.0676841494466616,0.9977067985704428,-0.00219,-0.00164,-0.000755,-0.000722,-0.00204,
2023-01-04 22:45:00,2023-01-04,22,-0.3214394653031626,0.9469301294951054,4,0.0678629330219763,0.9976946538503926,-0.00216,-0.00154,-0.000538,-0.000585,-0.00183,
2023-01-04 23:00:00,2023-01-04,23,-0.2588190451025197,0.9659258262890684,4,0.0680417144181403,0.9976824770933086,-0.00245,-0.00166,-0.0006,-0.000707,-0.0026,
2023-01-04 23:15:00,2023-01-04,23,-0.195090322016132,0.9807852804032297,4,0.0682204936294126,0.9976702682995816,-0.00242,-0.00162,-0.000548,-0.000661,-0.0023,
2023-01-04 23:30:00,2023-01-04,23,-0.1305261922200533,0.9914448613738102,4,0.0683992706500525,0.997658027469604,-0.00261,-0.00198,-0.000755,-0.000757,-0.00265,
2023-01-04 23:45:00,2023-01-04,23,-0.0654031292301461,0.9978589232386031,4,0.0685780454743192,0.9976457546037684,-0.0025,-0.002,-0.000838,-0.000921,-0.00246,
2023-03-06 00:00:00,2023-03-06,0,-1.567547902908612e-14,1.0,65,0.8916504299249456,0.4527245418735985,-0.000653,-0.000546,-0.000221,-0.000394,-0.000321,
2023-03-06 00:15:00,2023-03-06,0,0.0654031292301153,0.9978589232386054,65,0.8917315418520483,0.4525647547767819,-0.00115,-0.000993,-0.000555,-0.000593,-0.000823,
2023-03-06 00:30:00,2023-03-06,0,0.1305261922200684,0.9914448613738082,65,0.891812625144705,0.4524049531476306,-0.0006,-0.000461,-6.890000000000001e-05,-0.000195,-0.000347,
2023-03-06 00:45:00,2023-03-06,0,0.1950903220160774,0.9807852804032404,65,0.8918936798003121,0.4522451369912765,-0.00106,-0.000887,-0.00147,-0.00146,-0.0022,
2023-03-06 01:00:00,2023-03-06,1,0.2588190451025139,0.96592582628907,65,0.8919747058162668,0.452085306312851,-0.00195,-0.00156,-0.00157,-0.00159,-0.00257,
2023-03-06 01:15:00,2023-03-06,1,0.3214394653031434,0.9469301294951118,65,0.8920557031899672,0.4519254611174868,-0.00407,-0.00367,-0.00102,-0.00105,-0.00243,
2023-03-06 01:30:00,2023-03-06,1,0.3826834323650609,0.9238795325112988,65,0.8921366719188125,0.4517656014103166,0.000199,0.000319,-0.000348,-0.000505,-0.000947,
2023-03-06 01:45:00,2023-03-06,1,0.4422886902190134,0.8968727415326823,65,0.8922176120002029,0.4516057271964732,0.000587,0.000699,0.000124,0.000214,8.14e-05,
2023-03-06 02:00:00,2023-03-06,2,0.499999999999952,0.8660254037844664,65,0.8922985234315389,0.4514458384810911,-0.00247,-0.00244,-0.000776,-0.000707,-0.0011799999999999,
2023-03-06 02:15:00,2023-03-06,2,0.5555702330195934,0.8314696123025511,65,0.8923794062102227,0.4512859352693039,-0.00224,-0.00218,-0.00232,-0.00184,-0.00333,
2023-03-06 02:30:00,2023-03-06,2,0.6087614290087027,0.7933533402912489,65,0.8924602603336568,0.4511260175662467,-0.00392,-0.00356,-0.00145,-0.00161,-0.00282,
2023-03-06 02:45:00,2023-03-06,2,0.6593458151000855,0.7518398074789628,65,0.8925410857992451,0.4509660853770543,-0.00079,-0.000734,-0.00113,-0.00106,-0.00166,
2023-03-06 03:00:00,2023-03-06,3,0.7071067811865547,0.7071067811865405,65,0.892621882604392,0.4508061387068625,-0.0025,-0.00202,-0.000438,-0.000195,-0.00104,
2023-03-06 03:15:00,2023-03-06,3,0.7518398074789386,0.6593458151001131,65,0.8927026507465032,0.4506461775608074,-0.00206,-0.00155,-0.000579,-0.000696,-0.000561,
2023-03-06 03:30:00,2023-03-06,3,0.7933533402912266,0.6087614290087318,65,0.8927833902229853,0.4504862019440249,-0.000703,-0.000422,-0.000489,-0.000443,-0.000797,
2023-03-06 03:45:00,2023-03-06,3,0.8314696123025307,0.5555702330196239,65,0.8928641010312452,0.4503262118616529,-0.00215,-0.00184,-0.000776,-0.000952,-0.00114,
2023-03-06 04:00:00,2023-03-06,4,0.8660254037844479,0.4999999999999838,65,0.8929447831686916,0.4501662073188281,-0.000715,-0.000578,-0.000334,-0.000398,-0.0006,
2023-03-06 04:15:00,2023-03-06,4,0.8968727415326913,0.4422886902189954,65,0.8930254366327336,0.4500061883206891,-0.00127,-0.00102,-0.000976,-0.00114,-0.00132,
2023-03-06 04:30:00,2023-03-06,4,0.9238795325112628,0.3826834323651474,65,0.8931060614207812,0.4498461548723739,9.51e-05,0.000333,-0.000941,-0.000791,-0.00126,
2023-03-06 04:45:00,2023-03-06,4,0.9469301294951,0.3214394653031782,65,0.8931866575302456,0.4496861069790212,-0.00195,-0.0017,-0.00113,-0.0014299999999999,-0.00148,
2023-03-06 05:00:00,2023-03-06,5,0.9659258262890608,0.2588190451025494,65,0.8932672249585387,0.4495260446457706,-0.000529,-0.000443,-0.000238,-0.000528,-0.000176,
2023-03-06 05:15:00,2023-03-06,5,0.9807852804032334,0.1950903220161134,65,0.8933477637030737,0.4493659678777614,-0.00115,-0.00101,-0.0008,-0.000917,-0.00114,
2023-03-06 05:30:00,2023-03-06,5,0.9914448613738108,0.1305261922200485,65,0.8934282737612638,0.4492058766801345,-0.00211,-0.00197,-0.000327,-0.000466,-0.000784,
2023-03-06 05:45:00,2023-03-06,5,0.9978589232385991,0.0654031292302087,65,0.8935087551305241,0.4490457710580304,0.00177,0.00181,0.000872,0.000638,0.000638,
2023-03-06 06:00:00,2023-03-06,6,1.0,2.1065781887244243e-14,65,0.8935892078082704,0.4488856510165899,0.00441,0.00455,0.00454,0.00389,0.00439,
2023-03-06 06:15:00,2023-03-06,6,0.9978589232386056,-0.06540312923011,65,0.8936696317919189,0.448725516560955,0.0105,0.0106,0.00816,0.00662,0.00816,
2023-03-06 06:30:00,2023-03-06,6,0.9914448613738088,-0.1305261922200631,65,0.8937500270788876,0.4485653676962675,0.0059299999999999,0.0059299999999999,0.0042699999999999,0.00381,0.00454,
2023-03-06 06:45:00,2023-03-06,6,0.9807852804032304,-0.1950903220161278,65,0.8938303936665944,0.4484052044276703,0.0161,0.0159,0.0182,0.0168,0.0186999999999999,
2023-03-06 07:00:00,2023-03-06,7,0.9659258262890862,-0.2588190451024538,65,0.893910731552459,0.4482450267603061,0.0257,0.0253,0.0263,0.0238999999999999,0.0271,
2023-03-06 07:15:00,2023-03-06,7,0.9469301294951136,-0.3214394653031383,65,0.8939910407339016,0.4480848346993183,0.0367,0.0359,0.0326,0.0299,0.0343,
2023-03-06 07:30:00,2023-03-06,7,0.9238795325113008,-0.3826834323650559,65,0.8940713212083432,0.4479246282498514,0.0477999999999999,0.0471,0.0437,0.0396,0.0456,
2023-03-06 07:45:00,2023-03-06,7,0.8968727415326847,-0.4422886902190086,65,0.8941515729732061,0.4477644074170492,0.0669,0.0660999999999999,0.0749,0.0718,0.0742999999999999,
2023-03-06 08:00:00,2023-03-06,8,0.8660254037844406,-0.4999999999999966,65,0.8942317960259133,0.4476041722060569,0.218,0.315,0.414,0.378,0.4,
2023-03-06 08:15:00,2023-03-06,8,0.8314696123025226,-0.5555702330196362,65,0.8943119903638886,0.4474439226220196,0.206,0.434,0.609,0.558,0.581,
2023-03-06 08:30:00,2023-03-06,8,0.7933533402912523,-0.6087614290086983,65,0.8943921559845572,0.4472836586700832,0.29,0.387,0.514,0.475,0.493,
2023-03-06 08:45:00,2023-03-06,8,0.7518398074790038,-0.6593458151000388,65,0.8944722928853446,0.447123380355394,0.171,0.169,0.163,0.144,0.167,
2023-03-06 09:00:00,2023-03-06,9,0.7071067811865442,-0.7071067811865508,65,0.8945524010636776,0.4469630876830986,0.14,0.138,0.111,0.0953,0.118,
2023-03-06 09:15:00,2023-03-06,9,0.6593458151000744,-0.7518398074789725,65,0.8946324805169839,0.4468027806583444,0.11,0.108,0.0989,0.0883,0.103,
2023-03-06 09:30:00,2023-03-06,9,0.608761429008691,-0.7933533402912579,65,0.8947125312426919,0.4466424592862785,0.107,0.105,0.091,0.0854,0.095,
2023-03-06 09:45:00,2023-03-06,9,0.5555702330196285,-0.8314696123025277,65,0.8947925532382313,0.4464821235720497,0.127,0.124,0.122,0.113,0.125,
2023-03-06 10:00:00,2023-03-06,10,0.5000000000000377,-0.8660254037844168,65,0.8948725465010323,0.4463217735208061,0.155,0.152,0.128,0.118,0.134,
2023-03-06 10:15:00,2023-03-06,10,0.4422886902190002,-0.8968727415326888,65,0.8949525110285266,0.4461614091376964,0.226,0.223,0.205,0.183,0.214,
2023-03-06 10:30:00,2023-03-06,10,0.3826834323650998,-0.9238795325112826,65,0.895032446818146,0.4460010304278709,0.24,0.237,0.252,0.238,0.252,
2023-03-06 10:45:00,2023-03-06,10,0.3214394653031295,-0.9469301294951166,65,0.895112353867324,0.4458406373964789,0.24,0.237,0.246,0.227,0.249,
2023-03-06 11:00:00,2023-03-06,11,0.2588190451025546,-0.9659258262890592,65,0.8951922321734944,0.4456802300486711,0.35,0.75,0.997,0.953,0.971,
2023-03-06 11:15:00,2023-03-06,11,0.1950903220161744,-0.9807852804032212,65,0.8952720817340926,0.4455198083895983,0.358,0.387,0.482,0.46,0.471,
2023-03-06 11:30:00,2023-03-06,11,0.1305261922200539,-0.9914448613738102,65,0.8953519025465542,0.4453593724244115,0.361,0.51,0.627,0.6,0.616,
2023-03-06 11:45:00,2023-03-06,11,0.0654031292301574,-0.9978589232386026,65,0.8954316946083163,0.4451989221582629,0.21,0.787,1.11,1.1,1.07,
2023-03-06 12:00:00,2023-03-06,12,-3.0387334115405665e-14,-1.0,65,0.8955114579168166,0.4450384575963042,0.247,0.715,0.994,0.981,0.961,
2023-03-06 12:15:00,2023-03-06,12,-0.0654031292301046,-0.997858923238606,65,0.8955911924694938,0.4448779787436888,0.343,0.6,0.791,0.779,0.781,
2023-03-06 12:30:00,2023-03-06,12,-0.1305261922200014,-0.991444861373817,65,0.8956708982637875,0.4447174856055695,0.366,0.617,0.804,0.794,0.788,
2023-03-06 12:45:00,2023-03-06,12,-0.1950903220161225,-0.9807852804032317,65,0.8957505752971385,0.4445569781870997,0.349,0.612,0.815,0.812,0.789,
2023-03-06 13:00:00,2023-03-06,13,-0.2588190451025035,-0.9659258262890728,65,0.8958302235669879,0.4443964564934338,0.303,0.576,0.771,0.77,0.756,
2023-03-06 13:15:00,2023-03-06,13,-0.321439465303187,-0.946930129495097,65,0.8959098430707785,0.444235920529726,0.243,0.761,1.04,1.06,1.02,
2023-03-06 13:30:00,2023-03-06,13,-0.382683432365051,-0.9238795325113028,65,0.8959894338059533,0.4440753703011316,0.191,0.687,0.966,0.984,0.938,
2023-03-06 13:45:00,2023-03-06,13,-0.4422886902190037,-0.896872741532687,65,0.896068995769957,0.4439148058128055,0.203,0.658,0.908,0.932,0.885,
2023-03-06 14:00:00,2023-03-06,14,-0.4999999999999919,-0.8660254037844433,65,0.8961485289602342,0.4437542270699044,0.28,0.698,0.926,0.939,0.911,
2023-03-06 14:15:00,2023-03-06,14,-0.5555702330195844,-0.8314696123025571,65,0.8962280333742313,0.4435936340775842,0.19,0.58,0.816,0.847,0.796,
2023-03-06 14:30:00,2023-03-06,14,-0.6087614290087392,-0.793353340291221,65,0.8963075090093955,0.4434330268410015,0.213,0.548,0.749,0.781,0.736,
2023-03-06 14:45:00,2023-03-06,14,-0.6593458151000346,-0.7518398074790074,65,0.8963869558631744,0.4432724053653141,0.218,0.253,0.284,0.278,0.285,
2023-03-06 15:00:00,2023-03-06,15,-0.707106781186547,-0.707106781186548,65,0.8964663739330172,0.4431117696556793,0.271,0.543,0.722,0.756,0.714,
2023-03-06 15:15:00,2023-03-06,15,-0.751839807478969,-0.6593458151000785,65,0.8965457632163735,0.4429511197172555,0.174,0.38,0.519,0.557,0.511,
2023-03-06 15:30:00,2023-03-06,15,-0.7933533402912201,-0.6087614290087404,65,0.8966251237106941,0.4427904555552011,0.173,0.36,0.484,0.525,0.478,
2023-03-06 15:45:00,2023-03-06,15,-0.8314696123025563,-0.5555702330195856,65,0.8967044554134307,0.4426297771746753,0.117,0.199,0.265,0.291,0.261,
2023-03-06 16:00:00,2023-03-06,16,-0.8660254037844142,-0.5000000000000424,65,0.8967837583220356,0.442469084580838,0.0916,0.223,0.332,0.381,0.325,
2023-03-06 16:15:00,2023-03-06,16,-0.8968727415326865,-0.4422886902190051,65,0.8968630324339627,0.4423083777788487,0.0617999999999999,0.149,0.23,0.271,0.224,
2023-03-06 16:30:00,2023-03-06,16,-0.9238795325112804,-0.3826834323651048,65,0.8969422777466661,0.4421476567738683,0.0575,0.0663,0.0787,0.0839,0.0778,
2023-03-06 16:45:00,2023-03-06,16,-0.9469301294950966,-0.3214394653031884,65,0.8970214942576014,0.4419869215710574,0.0665999999999999,0.0764,0.0881,0.0963,0.0883,
2023-03-06 17:00:00,2023-03-06,17,-0.9659258262890724,-0.2588190451025049,65,0.8971006819642247,0.4418261721755774,0.0305,0.0378,0.0495,0.0603999999999999,0.0486,
2023-03-06 17:15:00,2023-03-06,17,-0.9807852804032202,-0.1950903220161797,65,0.8971798408639933,0.4416654085925902,0.00498,0.00504,0.00671,0.0065899999999999,0.00523,
2023-03-06 17:30:00,2023-03-06,17,-0.9914448613738094,-0.1305261922200592,65,0.8972589709543652,0.4415046308272581,-0.00397,-0.00352,-0.00102,-0.00121,-0.00265,
2023-03-06 17:45:00,2023-03-06,17,-0.9978589232386024,-0.0654031292301628,65,0.8973380722327996,0.4413438388847441,-0.00555,-0.00487,-0.00227,-0.00232,-0.00385,
2023-03-06 18:00:00,2023-03-06,18,-1.0,-3.1846387603560475e-14,65,0.8974171446967563,0.4411830327702111,-0.004,-0.00333,-0.00221,-0.00235,-0.00369,
2023-03-06 18:15:00,2023-03-06,18,-0.9978589232386028,0.0654031292301559,65,0.8974961883436964,0.4410222124888227,-0.0057199999999999,-0.00516,-0.00149,-0.00159,-0.00314,
2023-03-06 18:30:00,2023-03-06,18,-0.9914448613738176,0.1305261922199961,65,0.8975752031710815,0.4408613780457432,-0.000575,-0.00023,-0.000793,-0.000929,-0.0019,
2023-03-06 18:45:00,2023-03-06,18,-0.9807852804032328,0.1950903220161172,65,0.8976541891763746,0.4407005294461369,-0.0020299999999999,-0.00146,-0.000107,-1.53e-05,-0.000643,
2023-03-06 19:00:00,2023-03-06,19,-0.9659258262890744,0.2588190451024982,65,0.8977331463570393,0.4405396666951691,-0.00261,-0.002,-0.00129,-0.00105,-0.0019,
2023-03-06 19:15:00,2023-03-06,19,-0.9469301294950988,0.3214394653031819,65,0.89781207471054,0.4403787897980051,-0.0037,-0.0030499999999999,-0.00228,-0.0021,-0.0033799999999999,
2023-03-06 19:30:00,2023-03-06,19,-0.9238795325112832,0.3826834323650985,65,0.8978909742343425,0.4402178987598111,-0.00369,-0.00299,-0.00202,-0.00188,-0.00317,
2023-03-06 19:45:00,2023-03-06,19,-0.8968727415327146,0.4422886902189479,65,0.897969844925913,0.4400569935857534,-0.00335,-0.0026,-0.00151,-0.00153,-0.00294,
2023-03-06 20:00:00,2023-03-06,20,-0.866025403784446,0.4999999999999873,65,0.8980486867827191,0.4398960742809984,-0.00366,-0.0030499999999999,-0.0014199999999999,-0.00149,-0.0030299999999999,
2023-03-06 20:15:00,2023-03-06,20,-0.8314696123025601,0.55557023301958,65,0.898127499802229,0.4397351408507139,-0.00215,-0.00132,-0.000989,-0.00105,-0.00234,
2023-03-06 20:30:00,2023-03-06,20,-0.7933533402912242,0.608761429008735,65,0.8982062839819119,0.4395741933000673,-0.00451,-0.00413,-0.00106,-0.00122,-0.00248,
2023-03-06 20:45:00,2023-03-06,20,-0.7518398074789735,0.6593458151000733,65,0.8982850393192381,0.439413231634227,-0.00397,-0.0031,-0.000948,-0.00102,-0.00237,
2023-03-06 21:00:00,2023-03-06,21,-0.7071067811865921,0.707106781186503,65,0.8983637658116784,0.4392522558583618,-0.00206,-0.0011799999999999,-0.000772,-0.000845,-0.00199,
2023-03-06 21:15:00,2023-03-06,21,-0.6593458151000825,0.7518398074789654,65,0.8984424634567052,0.4390912659776403,-0.00122,-0.000433,-0.000745,-0.000891,-0.00215,
2023-03-06 21:30:00,2023-03-06,21,-0.6087614290087446,0.7933533402912167,65,0.8985211322517911,0.4389302619972327,-0.00079,-0.000323,-7.240000000000001e-05,-0.000233,-0.00087,
2023-03-06 21:45:00,2023-03-06,21,-0.5555702330195902,0.8314696123025533,65,0.8985997721944101,0.4387692439223083,-0.00122,-0.000521,0.000152,6.879999999999999e-05,-0.000853,
2023-03-06 22:00:00,2023-03-06,22,-0.4999999999999979,0.8660254037844399,65,0.898678383282037,0.4386082117580383,0.000947,0.00147,-0.000221,-0.000119,-0.000283,
2023-03-06 22:15:00,2023-03-06,22,-0.4422886902190608,0.896872741532659,65,0.8987569655121476,0.438447165509593,-0.00335,-0.00279,-0.0011899999999999,-0.00115,-0.00263,
2023-03-06 22:30:00,2023-03-06,22,-0.3826834323651098,0.9238795325112784,65,0.8988355188822184,0.438286105182144,-0.00252,-0.00188,-0.00133,-0.00125,-0.00277,
2023-03-06 22:45:00,2023-03-06,22,-0.3214394653031935,0.9469301294950948,65,0.8989140433897268,0.4381250307808633,-0.00145,-0.000865,-0.000841,-0.000807,-0.00207,
2023-03-06 23:00:00,2023-03-06,23,-0.2588190451025101,0.9659258262890712,65,0.8989925390321516,0.4379639423109228,-0.00231,-0.00185,-0.000903,-0.000967,-0.0022299999999999,
2023-03-06 23:15:00,2023-03-06,23,-0.1950903220161292,0.9807852804032302,65,0.8990710058069721,0.4378028397774957,-0.00265,-0.00204,-0.000665,-0.000558,-0.00175,
2023-03-06 23:30:00,2023-03-06,23,-0.1305261922201209,0.9914448613738012,65,0.8991494437116686,0.4376417231857548,-0.000749,-0.000539,1.38e-05,-6.879999999999999e-05,-0.000767,
2023-03-06 23:45:00,2023-03-06,23,-0.0654031292301681,0.9978589232386018,65,0.8992278527437226,0.4374805925408736,-0.000724,-0.000447,0.000262,0.000252,-0.000266,
2023-03-07 00:00:00,2023-03-07,0,-3.7236690461718594e-14,1.0,66,0.8993062329006162,0.4373194478480264,-0.00153,-0.00122,-0.000355,-0.000115,-0.000917,
2023-03-07 00:15:00,2023-03-07,0,0.0654031292301506,0.997858923238603,66,0.8993845841798324,0.4371582891123878,-0.000562,-0.000411,-0.000117,-1.15e-05,-0.000356,
2023-03-07 00:30:00,2023-03-07,0,0.1305261922200471,0.991444861373811,66,0.8994629065788552,0.4369971163391329,0.00115,0.0011,-6.2e-05,6.12e-05,-0.000257,
2023-03-07 00:45:00,2023-03-07,0,0.1950903220161677,0.9807852804032224,66,0.8995412000951698,0.4368359295334367,0.000289,0.00033,-0.000238,-0.000153,-0.0006,
2023-03-07 01:00:00,2023-03-07,1,0.2588190451024931,0.9659258262890758,66,0.899619464726262,0.4366747287004755,-0.000608,-0.000511,2.4100000000000003e-05,0.000145,-0.000137,
2023-03-07 01:15:00,2023-03-07,1,0.321439465303123,0.9469301294951188,66,0.8996977004696186,0.4365135138454254,-0.0011799999999999,-0.00105,-0.000365,-0.000264,-0.000878,
2023-03-07 01:30:00,2023-03-07,1,0.3826834323650935,0.9238795325112852,66,0.8997759073227276,0.436352284973463,-0.000649,-0.000511,-0.000238,-8.41e-05,-0.000416,
2023-03-07 01:45:00,2023-03-07,1,0.4422886902189941,0.8968727415326918,66,0.8998540852830775,0.4361910420897659,-0.00162,-0.00145,-0.000772,-0.000772,-0.00157,
2023-03-07 02:00:00,2023-03-07,2,0.5000000000000319,0.8660254037844203,66,0.8999322343481579,0.4360297851995115,-0.000931,-0.000837,-0.0002,-0.00021,-0.000887,
2023-03-07 02:15:00,2023-03-07,2,0.5555702330195755,0.8314696123025631,66,0.9000103545154594,0.4358685143078783,-0.000521,-0.000436,-3.45e-05,-0.000122,-0.000548,
2023-03-07 02:30:00,2023-03-07,2,0.6087614290086856,0.793353340291262,66,0.9000884457824734,0.4357072294200446,-0.00134,-0.00104,-0.000503,-0.000547,-0.00132,
2023-03-07 02:45:00,2023-03-07,2,0.6593458151000693,0.751839807478977,66,0.9001665081466925,0.4355459305411893,-0.000902,-0.00066,1.7199999999999998e-05,5.35e-05,-0.000677,
2023-03-07 03:00:00,2023-03-07,3,0.7071067811865394,0.7071067811865557,66,0.9002445416056098,0.4353846176764923,-0.0014399999999999,-0.00101,4.48e-05,0.000149,-0.000626,
2023-03-07 03:15:00,2023-03-07,3,0.7518398074789994,0.6593458151000439,66,0.9003225461567199,0.435223290831133,-0.00179,-0.00163,-9.31e-05,7.65e-06,-6.429999999999999e-05,
2023-03-07 03:30:00,2023-03-07,3,0.7933533402912135,0.608761429008749,66,0.9004005217975177,0.435061950010292,-0.000438,-0.000188,-0.00011,0.000187,-0.000219,
2023-03-07 03:45:00,2023-03-07,3,0.8314696123025187,0.5555702330196419,66,0.9004784685254993,0.4349005952191505,0.000405,0.000553,-0.000745,-0.000528,-0.00081,
2023-03-07 04:00:00,2023-03-07,4,0.8660254037844372,0.5000000000000026,66,0.9005563863381619,0.4347392264628891,-0.00295,-0.0027,-0.000134,-3.44e-05,-0.00066,
2023-03-07 04:15:00,2023-03-07,4,0.8968727415326817,0.4422886902190147,66,0.9006342752330034,0.4345778437466902,-0.00385,-0.0034,-0.000379,-9.17e-05,-0.000728,
2023-03-07 04:30:00,2023-03-07,4,0.9238795325112982,0.3826834323650622,66,0.9007121352075228,0.4344164470757353,0.000327,0.00044,-0.000976,-0.000883,-0.000947,
2023-03-07 04:45:00,2023-03-07,4,0.946930129495093,0.3214394653031986,66,0.9007899662592196,0.4342550364552077,-0.00276,-0.0025,-0.0016799999999999,-0.00176,-0.00254,
2023-03-07 05:00:00,2023-03-07,5,0.965925826289055,0.2588190451025702,66,0.9008677683855952,0.43409361189029,-0.00242,-0.00207,-0.000955,-0.00099,-0.00178,
2023-03-07 05:15:00,2023-03-07,5,0.9807852804032292,0.1950903220161345,66,0.9009455415841509,0.4339321733861655,-0.00337,-0.00278,-0.00183,-0.00174,-0.00313,
2023-03-07 05:30:00,2023-03-07,5,0.991444861373808,0.1305261922200699,66,0.901023285852389,0.4337707209480189,-0.00243,-0.00182,-0.00104,-0.00107,-0.0021,
2023-03-07 05:45:00,2023-03-07,5,0.9978589232386053,0.0654031292301168,66,0.9011010011878136,0.433609254581034,0.000356,0.00128,0.00179,0.0014399999999999,0.000441,
2023-03-07 06:00:00,2023-03-07,6,1.0,4.2626993319876725e-14,66,0.9011786875879289,0.4334477742903961,0.0136,0.0141999999999999,0.0145,0.0126,0.0132,
2023-03-07 06:15:00,2023-03-07,6,0.9978589232386034,-0.0654031292301452,66,0.9012563450502404,0.43328628008129,0.0347,0.0347,0.0365,0.0321,0.0352,
2023-03-07 06:30:00,2023-03-07,6,0.9914448613738116,-0.1305261922200417,66,0.9013339735722544,0.433124771958902,0.0412,0.0525,0.0742,0.0652,0.0674,
2023-03-07 06:45:00,2023-03-07,6,0.9807852804032348,-0.1950903220161067,66,0.901411573151478,0.4329632499284179,0.0769,0.109,0.158,0.139,0.146,
2023-03-07 07:00:00,2023-03-07,7,0.9659258262890624,-0.2588190451025428,66,0.9014891437854198,0.4328017139950242,0.0967,0.172,0.263,0.23,0.243,
2023-03-07 07:15:00,2023-03-07,7,0.9469301294951205,-0.3214394653031179,66,0.9015666854715886,0.4326401641639085,0.1,0.163,0.238,0.212,0.223,
2023-03-07 07:30:00,2023-03-07,7,0.9238795325112872,-0.3826834323650885,66,0.9016441982074944,0.432478600440258,0.185,0.33,0.453,0.403,0.433,
2023-03-07 07:45:00,2023-03-07,7,0.8968727415326943,-0.4422886902189892,66,0.9017216819906484,0.4323170228292609,0.185,0.278,0.372,0.337,0.356,
2023-03-07 08:00:00,2023-03-07,8,0.8660254037844514,-0.4999999999999779,66,0.9017991368185626,0.4321554313361055,0.186,0.356,0.518,0.475,0.491,
2023-03-07 08:15:00,2023-03-07,8,0.8314696123025345,-0.5555702330196183,66,0.9018765626887496,0.4319938259659805,0.162,0.418,0.615,0.566,0.579,
2023-03-07 08:30:00,2023-03-07,8,0.7933533402912654,-0.6087614290086812,66,0.9019539595987232,0.4318322067240757,0.145,0.431,0.661,0.615,0.62,
2023-03-07 08:45:00,2023-03-07,8,0.7518398074789806,-0.6593458151000652,66,0.9020313275459984,0.43167057361558,0.143,0.478,0.73,0.685,0.687,
2023-03-07 09:00:00,2023-03-07,9,0.7071067811865595,-0.7071067811865356,66,0.9021086665280904,0.4315089266456846,0.154,0.522,0.799,0.755,0.751,
2023-03-07 09:15:00,2023-03-07,9,0.6593458151000906,-0.7518398074789583,66,0.9021859765425158,0.4313472658195798,0.255,0.268,0.333,0.314,0.327,
2023-03-07 09:30:00,2023-03-07,9,0.6087614290087081,-0.7933533402912448,66,0.9022632575867924,0.4311855911424563,0.117,0.116,0.123,0.113,0.123,
2023-03-07 09:45:00,2023-03-07,9,0.5555702330196464,-0.8314696123025157,66,0.9023405096584384,0.4310239026195062,0.195,0.444,0.631,0.597,0.603,
2023-03-07 10:00:00,2023-03-07,10,0.5000000000000072,-0.8660254037844345,66,0.9024177327549734,0.4308622002559211,0.203,0.661,0.98,0.937,0.936,
2023-03-07 10:15:00,2023-03-07,10,0.4422886902190195,-0.8968727415326793,66,0.9024949268739172,0.4307004840568938,0.154,0.656,0.997,0.962,0.949,
2023-03-07 10:30:00,2023-03-07,10,0.3826834323651197,-0.9238795325112744,66,0.9025720920127916,0.4305387540276167,0.163,0.676,1.02,0.991,0.976,
2023-03-07 10:45:00,2023-03-07,10,0.3214394653031499,-0.9469301294951096,66,0.9026492281691184,0.4303770101732835,0.166,0.696,1.05,1.02,0.999,
2023-03-07 11:00:00,2023-03-07,11,0.2588190451025754,-0.9659258262890535,66,0.9027263353404208,0.430215252499088,0.159,0.7,1.06,1.04,1.01,
2023-03-07 11:15:00,2023-03-07,11,0.1950903220161398,-0.980785280403228,66,0.9028034135242228,0.430053481010224,0.146,0.717,1.08,1.06,1.03,
2023-03-07 11:30:00,2023-03-07,11,0.1305261922200752,-0.9914448613738072,66,0.9028804627180492,0.4298916957118868,0.152,0.708,1.07,1.06,1.02,
2023-03-07 11:45:00,2023-03-07,11,0.0654031292301222,-0.9978589232386048,66,0.902957482919426,0.4297298966092708,0.43,0.557,0.758,0.74,0.734,
2023-03-07 12:00:00,2023-03-07,12,-8.82612268277318e-15,-1.0,66,0.9030344741258798,0.4295680837075721,0.409,0.553,0.744,0.73,0.726,
2023-03-07 12:15:00,2023-03-07,12,-0.0654031292300831,-0.9978589232386076,66,0.9031114363349388,0.4294062570119862,0.296,0.655,0.941,0.934,0.907,
2023-03-07 12:30:00,2023-03-07,12,-0.1305261922200364,-0.9914448613738124,66,0.9031883695441312,0.4292444165277098,0.254,0.689,1.02,1.03,0.99,
2023-03-07 12:45:00,2023-03-07,12,-0.1950903220161014,-0.9807852804032358,66,0.9032652737509864,0.42908256225994,0.312,0.527,0.755,0.759,0.731,
2023-03-07 13:00:00,2023-03-07,13,-0.2588190451025375,-0.9659258262890638,66,0.9033421489530358,0.4289206942138736,0.296,0.68,0.975,0.982,0.944,
2023-03-07 13:15:00,2023-03-07,13,-0.3214394653031666,-0.946930129495104,66,0.90341899514781,0.4287588123947088,0.4,0.414,0.469,0.45,0.469,
2023-03-07 13:30:00,2023-03-07,13,-0.382683432365031,-0.923879532511311,66,0.9034958123328418,0.4285969168076437,0.35,0.479,0.617,0.614,0.609,
2023-03-07 13:45:00,2023-03-07,13,-0.4422886902189844,-0.8968727415326966,66,0.9035726005056646,0.4284350074578766,0.234,0.234,0.223,0.205,0.228,
2023-03-07 14:00:00,2023-03-07,14,-0.4999999999999732,-0.866025403784454,66,0.9036493596638124,0.4282730843506068,0.108,0.106,0.0955999999999999,0.0873,0.0979,
2023-03-07 14:15:00,2023-03-07,14,-0.5555702330196138,-0.8314696123025375,66,0.9037260898048204,0.4281111474910339,0.0929,0.0912,0.0818,0.073,0.0849,
2023-03-07 14:30:00,2023-03-07,14,-0.6087614290087221,-0.793353340291234,66,0.9038027909262248,0.4279491968843579,0.0765,0.0751,0.0721,0.0650999999999999,0.0741,
2023-03-07 14:45:00,2023-03-07,14,-0.6593458151000184,-0.7518398074790216,66,0.9038794630255624,0.4277872325357792,0.0445,0.0439,0.0516,0.0496,0.0511,
2023-03-07 15:00:00,2023-03-07,15,-0.7071067811865318,-0.7071067811865633,66,0.9039561061003716,0.4276252544504985,0.0929,0.0916,0.0848,0.0774,0.0885,
2023-03-07 15:15:00,2023-03-07,15,-0.7518398074789547,-0.6593458151000947,66,0.9040327201481912,0.4274632626337172,0.0485,0.0477,0.0422,0.0378,0.0442,
2023-03-07 15:30:00,2023-03-07,15,-0.7933533402912415,-0.6087614290087123,66,0.9041093051665609,0.4273012570906368,0.0349,0.0343,0.0332999999999999,0.0305,0.034,
2023-03-07 15:45:00,2023-03-07,15,-0.8314696123025443,-0.5555702330196036,66,0.9041858611530216,0.4271392378264597,0.0258,0.0253,0.0261,0.0243999999999999,0.0263,
2023-03-07 16:00:00,2023-03-07,16,-0.8660254037844034,-0.5000000000000611,66,0.9042623881051148,0.4269772048463886,0.03,0.0298,0.0334,0.0314,0.0335,
2023-03-07 16:15:00,2023-03-07,16,-0.8968727415326769,-0.4422886902190244,66,0.9043388860203831,0.4268151581556263,0.0249,0.0243999999999999,0.0258,0.0242,0.026,
2023-03-07 16:30:00,2023-03-07,16,-0.9238795325112724,-0.3826834323651247,66,0.9044153548963704,0.4266530977593766,0.0254,0.0248,0.0265,0.0247,0.0268,
2023-03-07 16:45:00,2023-03-07,16,-0.946930129495108,-0.321439465303155,66,0.9044917947306212,0.4264910236628429,0.0121,0.012,0.00991,0.00885,0.0101999999999999,
2023-03-07 17:00:00,2023-03-07,17,-0.965925826289067,-0.2588190451025257,66,0.9045682055206806,0.4263289358712303,0.0049299999999999,0.00477,0.00486,0.00447,0.00477,
2023-03-07 17:15:00,2023-03-07,17,-0.9807852804032382,-0.1950903220160894,66,0.9046445872640954,0.4261668343897429,0.00202,0.00178,0.0017,0.00156,0.00159,
2023-03-07 17:30:00,2023-03-07,17,-0.9914448613738066,-0.1305261922200806,66,0.9047209399584124,0.4260047192235864,-0.00177,-0.0015,0.000224,0.000218,-4.28e-05,
2023-03-07 17:45:00,2023-03-07,17,-0.9978589232386008,-0.0654031292301843,66,0.9047972636011802,0.4258425903779664,-0.000662,-0.000532,2.4100000000000003e-05,-7.65e-06,-0.000257,
2023-03-07 18:00:00,2023-03-07,18,-1.0,3.435819824615061e-15,66,0.9048735581899476,0.4256804478580889,-0.000579,-0.000514,-3.79e-05,-5.73e-05,-0.000257,
2023-03-07 18:15:00,2023-03-07,18,-0.997858923238604,0.0654031292301344,66,0.9049498237222652,0.4255182916691608,-0.000649,-0.000667,4.14e-05,-4.59e-05,-0.000129,
2023-03-07 18:30:00,2023-03-07,18,-0.9914448613738056,0.1305261922200874,66,0.905026060195684,0.4253561218163886,-0.000951,-0.000734,0.00011,6.5e-05,-0.000129,
2023-03-07 18:45:00,2023-03-07,18,-0.9807852804032368,0.1950903220160961,66,0.9051022676077553,0.4251939383049802,-0.000149,-0.00016,7.93e-05,4.97e-05,-0.000129,
2023-03-07 19:00:00,2023-03-07,19,-0.96592582628908,0.2588190451024774,66,0.9051784459560328,0.4250317411401431,0.0011799999999999,0.000915,-2.07e-05,-3.82e-05,-0.000171,
2023-03-07 19:15:00,2023-03-07,19,-0.9469301294951056,0.3214394653031615,66,0.9052545952380696,0.4248695303270858,-4.96e-05,7.09e-06,-6.89e-06,-3.82e-06,-0.000249,
2023-03-07 19:30:00,2023-03-07,19,-0.9238795325112914,0.3826834323650785,66,0.9053307154514212,0.4247073058710173,-0.000161,-0.000138,5.17e-05,4.59e-05,-0.000201,
2023-03-07 19:45:00,2023-03-07,19,-0.8968727415326738,0.4422886902190305,66,0.9054068065936428,0.4245450677771464,0.000116,5.67e-05,6.890000000000001e-05,4.2e-05,-0.000129,
2023-03-07 20:00:00,2023-03-07,20,-0.8660254037844568,0.4999999999999686,66,0.9054828686622912,0.4243828160506832,6.62e-05,2.84e-05,7.93e-05,5.73e-05,-0.000129,
2023-03-07 20:15:00,2023-03-07,20,-0.8314696123025721,0.5555702330195621,66,0.9055589016549238,0.4242205506968374,-4.139999999999999e-06,-0.000113,-1.7199999999999998e-05,-2.68e-05,-0.000257,
2023-03-07 20:30:00,2023-03-07,20,-0.7933533402912373,0.6087614290087179,66,0.9056349055690994,0.4240582717208194,-0.000695,-0.00073,-0.0005,-0.000459,-0.000771,
2023-03-07 20:45:00,2023-03-07,20,-0.7518398074789877,0.6593458151000571,66,0.9057108804023772,0.4238959791278404,4.14e-05,-0.000138,-0.000527,-0.00044,-0.000771,
2023-03-07 21:00:00,2023-03-07,21,-0.7071067811865269,0.7071067811865681,66,0.905786826152318,0.4237336729231117,-0.00153,-0.00122,-0.000221,-0.000222,-0.000536,
2023-03-07 21:15:00,2023-03-07,21,-0.6593458151000987,0.7518398074789512,66,0.9058627428164824,0.4235713531118454,-0.000864,-0.000351,-0.000165,1.91e-05,-0.000257,
2023-03-07 21:30:00,2023-03-07,21,-0.6087614290087617,0.7933533402912036,66,0.9059386303924328,0.4234090196992536,0.00171,0.00135,-0.000183,-2.29e-05,-0.000214,
2023-03-07 21:45:00,2023-03-07,21,-0.5555702330196081,0.8314696123025413,66,0.906014488877733,0.4232466726905486,7.44e-05,-0.000199,-1.03e-05,4.59e-05,-0.000129,
2023-03-07 22:00:00,2023-03-07,22,-0.5000000000000165,0.866025403784429,66,0.9060903182699462,0.4230843120909441,-0.00111,-0.000982,-0.000124,9.17e-05,-0.000129,
2023-03-07 22:15:00,2023-03-07,22,-0.4422886902189782,0.8968727415326997,66,0.9061661185666384,0.4229219379056533,-0.000542,-0.000376,-3.79e-05,0.000153,-0.000129,
2023-03-07 22:30:00,2023-03-07,22,-0.3826834323651297,0.9238795325112702,66,0.9062418897653748,0.4227595501398903,0.0017,0.00112,-2.4100000000000003e-05,4.2e-05,-0.000129,
2023-03-07 22:45:00,2023-03-07,22,-0.3214394653031601,0.946930129495106,66,0.9063176318637224,0.4225971487988696,-0.000459,-0.000227,0.000128,0.000218,-0.000129,
2023-03-07 23:00:00,2023-03-07,23,-0.2588190451025309,0.9659258262890656,66,0.9063933448592496,0.4224347338878062,0.0005,0.00016,6.2e-05,4.2e-05,-0.000129,
2023-03-07 23:15:00,2023-03-07,23,-0.1950903220161504,0.980785280403226,66,0.9064690287495244,0.4222723054119153,0.000715,0.000528,-6.890000000000001e-05,3.82e-06,-0.000296,
2023-03-07 23:30:00,2023-03-07,23,-0.1305261922200296,0.9914448613738132,66,0.9065446835321171,0.4221098633764125,0.000405,0.000397,0.000114,0.000157,-0.000129,
2023-03-07 23:45:00,2023-03-07,23,-0.0654031292301896,0.9978589232386004,66,0.906620309204598,0.4219474077865143,-0.000223,-4.96e-05,3.1e-05,8.790000000000001e-05,-0.000257,
2023-03-08 00:00:00,2023-03-08,0,-1.9544830335430583e-15,1.0,67,0.9066959057645392,0.4217849386474369,0.000128,3.19e-05,-0.000241,-0.000206,-0.000471,
2023-03-08 00:15:00,2023-03-08,0,0.065403129230129,0.9978589232386044,67,0.9067714732095123,0.4216224559643976,-0.000567,-0.000578,-0.000724,-0.000703,-0.00111,
2023-03-08 00:30:00,2023-03-08,0,0.1305261922200257,0.9914448613738138,67,0.9068470115370916,0.4214599597426141,-0.00139,-0.00117,-0.001,-0.000902,-0.00129,
2023-03-08 00:45:00,2023-03-08,0,0.1950903220161466,0.9807852804032268,67,0.9069225207448512,0.4212974499873039,-0.000844,-0.000695,-0.000365,-0.000279,-0.000604,
2023-03-08 01:00:00,2023-03-08,1,0.2588190451024723,0.9659258262890812,67,0.9069980008303664,0.4211349267036858,0.000215,7.8e-05,-8.620000000000001e-05,-7.259999999999999e-05,-0.000257,
2023-03-08 01:15:00,2023-03-08,1,0.3214394653031564,0.9469301294951076,67,0.9070734517912132,0.4209723898969781,-0.00202,-0.00162,-0.000782,-0.00073,-0.00124,
2023-03-08 01:30:00,2023-03-08,1,0.3826834323650736,0.9238795325112936,67,0.9071488736249692,0.4208098395724006,-0.000749,-0.000667,-0.000607,-0.00057,-0.000904,
2023-03-08 01:45:00,2023-03-08,1,0.4422886902189747,0.8968727415327014,67,0.9072242663292124,0.4206472757351726,-7.44e-05,-1.06e-05,1.7199999999999998e-05,5.35e-05,-9.43e-05,
2023-03-08 02:00:00,2023-03-08,2,0.5000000000000132,0.866025403784431,67,0.907299629901522,0.4204846983905138,-0.00115,-0.000989,-0.000741,-0.000742,-0.00117,
2023-03-08 02:15:00,2023-03-08,2,0.5555702330195575,0.8314696123025751,67,0.9073749643394774,0.4203221075436457,0.000141,0.000124,-0.000503,-0.000386,-0.0006,
2023-03-08 02:30:00,2023-03-08,2,0.6087614290087136,0.7933533402912406,67,0.9074502696406602,0.4201595031997885,-0.0023599999999999,-0.00176,-0.000307,-0.000226,-0.00078,
2023-03-08 02:45:00,2023-03-08,2,0.6593458151000531,0.7518398074789913,67,0.907525545802652,0.4199968853641641,-0.00261,-0.00241,-0.00115,-0.00114,-0.00183,
2023-03-08 03:00:00,2023-03-08,3,0.7071067811865241,0.7071067811865709,67,0.9076007928230354,0.419834254041994,-0.00312,-0.00254,-0.000969,-0.000906,-0.00153,
2023-03-08 03:15:00,2023-03-08,3,0.7518398074789852,0.6593458151000601,67,0.9076760106993944,0.4196716092385004,-0.000277,-0.000543,-0.000872,-0.000818,-0.00121,
2023-03-08 03:30:00,2023-03-08,3,0.7933533402912003,0.6087614290087661,67,0.9077511994293138,0.4195089509589063,-0.0035,-0.00285,-0.00122,-0.00112,-0.00197,
2023-03-08 03:45:00,2023-03-08,3,0.8314696123025384,0.5555702330196126,67,0.9078263590103792,0.4193462792084343,-0.00248,-0.0022,-0.0014199999999999,-0.00138,-0.0021,
2023-03-08 04:00:00,2023-03-08,4,0.8660254037844264,0.5000000000000212,67,0.9079014894401768,0.4191835939923087,-0.00311,-0.0025499999999999,-0.0016899999999999,-0.00163,-0.00269,
2023-03-08 04:15:00,2023-03-08,4,0.8968727415326972,0.4422886902189831,67,0.907976590716294,0.419020895315753,-0.00186,-0.00159,-0.0017,-0.00163,-0.00266,
2023-03-08 04:30:00,2023-03-08,4,0.9238795325112898,0.3826834323650822,67,0.9080516628363198,0.418858183183992,-0.00291,-0.00211,-0.00132,-0.00127,-0.0023599999999999,
2023-03-08 04:45:00,2023-03-08,4,0.946930129495086,0.321439465303219,67,0.9081267057978432,0.4186954576022502,-0.00364,-0.0025,-0.00113,-0.00117,-0.00248,
2023-03-08 05:00:00,2023-03-08,5,0.9659258262890642,0.2588190451025361,67,0.9082017195984544,0.4185327185757528,-0.00373,-0.00252,-0.00112,-0.00116,-0.00265,
2023-03-08 05:15:00,2023-03-08,5,0.980785280403225,0.1950903220161557,67,0.9082767042357448,0.4183699661097261,-0.00423,-0.00299,-0.00103,-0.00101,-0.0022299999999999,
2023-03-08 05:30:00,2023-03-08,5,0.9914448613738126,0.1305261922200349,67,0.9083516597073068,0.4182072002093953,-0.00266,-0.00178,0.000145,-1.53e-05,-0.00104,
2023-03-08 05:45:00,2023-03-08,5,0.9978589232386038,0.0654031292301383,67,0.9084265860107328,0.4180444208799881,-1.24e-05,0.00116,0.00352,0.00302,0.0023599999999999,
2023-03-08 06:00:00,2023-03-08,6,1.0,6.418820475250921e-14,67,0.9085014831436174,0.4178816281267309,0.0101999999999999,0.011,0.0136,0.0121999999999999,0.0116999999999999,
2023-03-08 06:15:00,2023-03-08,6,0.9978589232386048,-0.0654031292301237,67,0.9085763511035556,0.4177188219548511,0.0314,0.0318,0.0368,0.0332999999999999,0.0347,
2023-03-08 06:30:00,2023-03-08,6,0.9914448613738144,-0.1305261922200203,67,0.9086511898881428,0.4175560023695769,0.0696,0.0805,0.0975,0.0843,0.0924,
2023-03-08 06:45:00,2023-03-08,6,0.980785280403228,-0.1950903220161413,67,0.9087259994949766,0.4173931693761362,0.0949,0.147,0.211,0.18,0.196,
2023-03-08 07:00:00,2023-03-08,7,0.965925826289068,-0.2588190451025219,67,0.908800779921654,0.4172303229797582,0.07,0.0762999999999999,0.102,0.0922,0.0970999999999999,
2023-03-08 07:15:00,2023-03-08,7,0.9469301294951274,-0.3214394653030974,67,0.9088755311657744,0.4170674631856716,0.0879,0.193,0.304,0.269,0.281,
2023-03-08 07:30:00,2023-03-08,7,0.9238795325112956,-0.3826834323650686,67,0.908950253224937,0.4169045899991063,0.0865,0.215,0.339,0.305,0.317,
2023-03-08 07:45:00,2023-03-08,7,0.8968727415327038,-0.4422886902189699,67,0.9090249460967426,0.4167417034252924,0.0944,0.298,0.465,0.421,0.436,
2023-03-08 08:00:00,2023-03-08,8,0.8660254037844337,-0.5000000000000084,67,0.9090996097787926,0.41657880346946,0.126,0.396,0.585,0.534,0.553,
2023-03-08 08:15:00,2023-03-08,8,0.8314696123025465,-0.5555702330196003,67,0.9091742442686896,0.4164158901368405,0.152,0.421,0.606,0.556,0.575,
2023-03-08 08:30:00,2023-03-08,8,0.7933533402912785,-0.6087614290086641,67,0.9092488495640368,0.4162529634326649,0.185,0.437,0.628,0.581,0.596,
2023-03-08 08:45:00,2023-03-08,8,0.7518398074789948,-0.659345815100049,67,0.909323425662439,0.4160900233621648,0.241,0.561,0.764,0.707,0.736,
2023-03-08 09:00:00,2023-03-08,9,0.7071067811865748,-0.7071067811865204,67,0.909397972561501,0.4159270699305726,0.314,0.43,0.543,0.502,0.531,
2023-03-08 09:15:00,2023-03-08,9,0.6593458151000641,-0.7518398074789816,67,0.9094724902588294,0.4157641031431208,0.292,0.486,0.662,0.622,0.638,
2023-03-08 09:30:00,2023-03-08,9,0.6087614290087252,-0.7933533402912316,67,0.9095469787520308,0.4156011230050427,0.304,0.592,0.809,0.764,0.781,
2023-03-08 09:45:00,2023-03-08,9,0.5555702330195698,-0.8314696123025669,67,0.909621438038714,0.4154381295215715,0.294,0.537,0.747,0.71,0.72,
2023-03-08 10:00:00,2023-03-08,10,0.5000000000000259,-0.8660254037844237,67,0.9096958681164876,0.4152751226979413,0.358,0.474,0.595,0.562,0.582,
2023-03-08 10:15:00,2023-03-08,10,0.4422886902190389,-0.8968727415326697,67,0.9097702689829614,0.4151121025393863,0.333,0.657,0.94,0.904,0.909,
2023-03-08 10:30:00,2023-03-08,10,0.3826834323650872,-0.9238795325112878,67,0.9098446406357468,0.414949069051141,0.353,0.56,0.702,0.661,0.692,
2023-03-08 10:45:00,2023-03-08,10,0.3214394653031703,-0.9469301294951028,67,0.9099189830724556,0.4147860222384408,0.436,0.493,0.611,0.58,0.598,
2023-03-08 11:00:00,2023-03-08,11,0.2588190451024864,-0.9659258262890776,67,0.9099932962907002,0.4146229621065214,0.405,0.598,0.769,0.733,0.751,
2023-03-08 11:15:00,2023-03-08,11,0.195090322016161,-0.980785280403224,67,0.9100675802880944,0.414459888660619,0.324,0.678,0.967,0.946,0.933,
2023-03-08 11:30:00,2023-03-08,11,0.1305261922200966,-0.9914448613738044,67,0.9101418350622532,0.4142968019059697,0.352,0.586,0.809,0.789,0.784,
2023-03-08 11:45:00,2023-03-08,11,0.0654031292301437,-0.9978589232386036,67,0.910216060610792,0.4141337018478104,0.362,0.47,0.587,0.563,0.578,
2023-03-08 12:00:00,2023-03-08,12,1.2735088749859296e-14,-1.0,67,0.9102902569313271,0.4139705884913787,0.286,0.748,1.1,1.09,1.06,
2023-03-08 12:15:00,2023-03-08,12,-0.065403129230175,-0.9978589232386014,67,0.9103644240214764,0.4138074618419119,0.381,0.723,1.01,0.997,0.981,
2023-03-08 12:30:00,2023-03-08,12,-0.130526192220015,-0.9914448613738152,67,0.9104385618788582,0.4136443219046485,0.414,0.691,0.908,0.888,0.891,
2023-03-08 12:45:00,2023-03-08,12,-0.1950903220160802,-0.98078528040324,67,0.9105126705010916,0.4134811686848273,0.442,0.453,0.508,0.481,0.51,
2023-03-08 13:00:00,2023-03-08,13,-0.2588190451025167,-0.9659258262890692,67,0.9105867498857972,0.4133180021876868,0.322,0.463,0.607,0.598,0.597,
2023-03-08 13:15:00,2023-03-08,13,-0.3214394653031462,-0.9469301294951108,67,0.910660800030596,0.4131548224184669,0.275,0.538,0.738,0.741,0.717,
2023-03-08 13:30:00,2023-03-08,13,-0.3826834323651161,-0.923879532511276,67,0.9107348209331104,0.4129916293824071,0.231,0.629,0.88,0.897,0.855,
2023-03-08 13:45:00,2023-03-08,13,-0.4422886902189651,-0.8968727415327061,67,0.9108088125909632,0.4128284230847481,0.267,0.5,0.695,0.71,0.677,
2023-03-08 14:00:00,2023-03-08,14,-0.4999999999999546,-0.8660254037844649,67,0.9108827750017788,0.4126652035307302,0.167,0.596,0.875,0.906,0.846,
2023-03-08 14:15:00,2023-03-08,14,-0.5555702330195958,-0.8314696123025495,67,0.910956708163182,0.4125019707255947,0.166,0.508,0.738,0.773,0.714,
2023-03-08 14:30:00,2023-03-08,14,-0.608761429008705,-0.7933533402912472,67,0.9110306120727986,0.4123387246745835,0.221,0.424,0.572,0.594,0.561,
2023-03-08 14:45:00,2023-03-08,14,-0.6593458151000877,-0.7518398074789608,67,0.9111044867282556,0.4121754653829382,0.187,0.482,0.687,0.724,0.671,
2023-03-08 15:00:00,2023-03-08,15,-0.7071067811865165,-0.7071067811865785,67,0.911178332127181,0.4120121928559015,0.127,0.379,0.564,0.609,0.547,
2023-03-08 15:15:00,2023-03-08,15,-0.751839807478978,-0.6593458151000682,67,0.9112521482672034,0.4118489070987159,0.127,0.326,0.492,0.539,0.477,
2023-03-08 15:30:00,2023-03-08,15,-0.7933533402912284,-0.6087614290087294,67,0.9113259351459524,0.4116856081166252,0.122,0.18,0.245,0.263,0.239,
2023-03-08 15:45:00,2023-03-08,15,-0.8314696123025324,-0.5555702330196215,67,0.9113996927610586,0.4115222959148726,0.13,0.133,0.134,0.131,0.136,
2023-03-08 16:00:00,2023-03-08,16,-0.8660254037844495,-0.4999999999999813,67,0.9114734211101536,0.4113589704987024,0.111,0.109,0.0982,0.0919,0.101,
2023-03-08 16:15:00,2023-03-08,16,-0.8968727415326674,-0.4422886902190437,67,0.91154712019087,0.4111956318733594,0.0792,0.0782,0.074,0.0684,0.0757999999999999,
2023-03-08 16:30:00,2023-03-08,16,-0.9238795325112856,-0.3826834323650921,67,0.9116207900008414,0.4110322800440882,0.0634,0.0632,0.0607,0.0579,0.062,
2023-03-08 16:45:00,2023-03-08,16,-0.9469301294951008,-0.3214394653031754,67,0.9116944305377018,0.4108689150161346,0.0378999999999999,0.0377,0.0363,0.0346,0.0368,
2023-03-08 17:00:00,2023-03-08,17,-0.9659258262890614,-0.2588190451025465,67,0.9117680417990868,0.4107055367947441,0.0177,0.0178,0.0183,0.0167,0.0186,
2023-03-08 17:15:00,2023-03-08,17,-0.980785280403234,-0.1950903220161105,67,0.9118416237826324,0.4105421453851629,0.005,0.00509,0.00315,0.00297,0.00269,
2023-03-08 17:30:00,2023-03-08,17,-0.9914448613738036,-0.1305261922201019,67,0.911915176485976,0.4103787407926378,-0.00294,-0.00257,-0.000272,-0.000745,-0.000617,
2023-03-08 17:45:00,2023-03-08,17,-0.9978589232386031,-0.0654031292301491,67,0.911988699906756,0.410215323022416,-0.00307,-0.00257,-0.000948,-0.00117,-0.00153,
2023-03-08 18:00:00,2023-03-08,18,-1.0,-1.8125391608017412e-14,67,0.9120621940426108,0.410051892079745,-0.00247,-0.00212,-0.000834,-0.00117,-0.000934,
2023-03-08 18:15:00,2023-03-08,18,-0.9978589232386056,0.0654031292301129,67,0.912135658891181,0.4098884479698727,-0.000678,-0.000436,-0.00091,-0.000948,-0.00121,
2023-03-08 18:30:00,2023-03-08,18,-0.9914448613738084,0.130526192220066,67,0.9122090944501074,0.4097249906980473,-0.00219,-0.00185,-0.000889,-0.00104,-0.00129,
2023-03-08 18:45:00,2023-03-08,18,-0.9807852804032412,0.1950903220160749,67,0.912282500717032,0.4095615202695178,-0.00207,-0.0016799999999999,-0.000751,-0.000887,-0.000784,
2023-03-08 19:00:00,2023-03-08,19,-0.9659258262890708,0.2588190451025115,67,0.9123558776895974,0.4093980366895332,-0.00109,-0.000869,-0.000948,-0.00105,-0.00125,
2023-03-08 19:15:00,2023-03-08,19,-0.9469301294951126,0.3214394653031411,67,0.9124292253654476,0.4092345399633433,-0.0019399999999999,-0.00165,-0.001,-0.0011799999999999,-0.00148,
2023-03-08 19:30:00,2023-03-08,19,-0.9238795325112996,0.3826834323650586,67,0.9125025437422272,0.4090710300961983,0.000306,0.000422,-0.00108,-0.000959,-0.00124,
2023-03-08 19:45:00,2023-03-08,19,-0.8968727415326834,0.4422886902190112,67,0.912575832817582,0.4089075070933482,-0.00124,-0.000972,-0.00117,-0.00108,-0.00175,
2023-03-08 20:00:00,2023-03-08,20,-0.8660254037844676,0.4999999999999499,67,0.9126490925891584,0.4087439709600445,-0.00147,-0.00121,-0.000462,-0.000849,-0.000214,
2023-03-08 20:15:00,2023-03-08,20,-0.8314696123025525,0.5555702330195914,67,0.9127223230546044,0.4085804217015379,-0.00188,-0.00172,-0.00107,-0.00115,-0.00147,
2023-03-08 20:30:00,2023-03-08,20,-0.7933533402912505,0.6087614290087007,67,0.9127955242115678,0.4084168593230807,-0.00148,-0.00131,-0.00128,-0.0013,-0.00175,
2023-03-08 20:45:00,2023-03-08,20,-0.7518398074789644,0.6593458151000836,67,0.9128686960576986,0.4082532838299246,-0.000972,-0.000784,-0.000486,-0.000615,-0.000647,
2023-03-08 21:00:00,2023-03-08,21,-0.7071067811865421,0.7071067811865529,67,0.912941838590647,0.4080896952273224,-0.000289,-0.000291,-0.000148,-0.000283,-0.000236,
2023-03-08 21:15:00,2023-03-08,21,-0.6593458151001149,0.751839807478937,67,0.9130149518080644,0.4079260935205273,-0.000724,-0.000656,-0.000279,-0.000417,-0.00045,
2023-03-08 21:30:00,2023-03-08,21,-0.6087614290087338,0.7933533402912251,67,0.9130880357076028,0.4077624787147922,0.000455,0.000443,-0.000238,-0.000138,-0.000403,
2023-03-08 21:45:00,2023-03-08,21,-0.555570233019626,0.8314696123025294,67,0.9131610902869156,0.4075988508153716,-0.000372,-0.000316,-9.65e-05,-0.000203,-0.000257,
2023-03-08 22:00:00,2023-03-08,22,-0.499999999999986,0.8660254037844467,67,0.913234115543657,0.4074352098275192,-0.00242,-0.00226,-0.000145,-0.000573,-0.000304,
2023-03-08 22:15:00,2023-03-08,22,-0.4422886902189976,0.8968727415326901,67,0.9133071114754818,0.4072715557564901,-6.62e-05,-5.67e-05,-0.000352,-0.000363,-0.000634,
2023-03-08 22:30:00,2023-03-08,22,-0.3826834323651496,0.923879532511262,67,0.9133800780800464,0.4071078886075392,-0.00206,-0.00181,-0.000907,-0.00109,-0.00136,
2023-03-08 22:45:00,2023-03-08,22,-0.3214394653031805,0.9469301294950992,67,0.9134530153550074,0.4069442083859216,-0.00159,-0.00127,-0.000414,-0.000795,-2.57e-05,
2023-03-08 23:00:00,2023-03-08,23,-0.2588190451025517,0.96592582628906,67,0.913525923298023,0.4067805150968942,-0.00182,-0.00149,-0.000955,-0.0011899999999999,-0.000994,
2023-03-08 23:15:00,2023-03-08,23,-0.1950903220161158,0.9807852804032328,67,0.913598801906752,0.4066168087457126,-0.00277,-0.00244,-0.0012,-0.00156,-0.00159,
2023-03-08 23:30:00,2023-03-08,23,-0.130526192220051,0.9914448613738104,67,0.9136716511788538,0.4064530893376341,-0.0022299999999999,-0.00195,-0.0011,-0.00138,-0.00135,
2023-03-08 23:45:00,2023-03-08,23,-0.0654031292302112,0.997858923238599,67,0.9137444711119898,0.4062893568779155,-0.00224,-0.0019,-0.00108,-0.00138,-0.00114,
2023-03-09 00:00:00,2023-03-09,0,-2.351569446617553e-14,1.0,68,0.9138172617038212,0.4061256113718145,-0.0025499999999999,-0.00212,-0.000931,-0.0011899999999999,-0.0013,
2023-03-09 00:15:00,2023-03-09,0,0.0654031292301075,0.9978589232386058,68,0.9138900229520106,0.4059618528245893,-0.00367,-0.0033399999999999,-0.000724,-0.00125,-0.00123,
2023-03-09 00:30:00,2023-03-09,0,0.1305261922200607,0.9914448613738092,68,0.913962754854222,0.4057980812414979,-0.00206,-0.0019,-0.000138,-0.000558,-0.00036,
2023-03-09 00:45:00,2023-03-09,0,0.1950903220161254,0.980785280403231,68,0.9140354574081192,0.4056342966278,0.00105,0.000855,-0.000293,-0.000199,-0.000458,
2023-03-09 01:00:00,2023-03-09,1,0.2588190451024514,0.9659258262890869,68,0.9141081306113684,0.4054704989887545,-0.000265,-0.000156,0.000141,0.000145,-0.000184,
2023-03-09 01:15:00,2023-03-09,1,0.321439465303136,0.9469301294951143,68,0.9141807744616356,0.4053066883296207,-7.86e-05,-2.13e-05,0.000114,0.000122,-9e-05,
2023-03-09 01:30:00,2023-03-09,1,0.3826834323650537,0.9238795325113016,68,0.914253388956588,0.4051428646556594,-0.000525,-0.00044,0.000114,0.000119,-0.000257,
2023-03-09 01:45:00,2023-03-09,1,0.4422886902190064,0.8968727415326858,68,0.914325974093894,0.4049790279721307,-0.000182,-0.000156,5.86e-05,4.59e-05,-0.000129,
2023-03-09 02:00:00,2023-03-09,2,0.4999999999999945,0.8660254037844418,68,0.9143985298712228,0.4048151782842958,-0.000616,-0.000567,6.55e-05,-3.06e-05,-0.000257,
2023-03-09 02:15:00,2023-03-09,2,0.5555702330196342,0.8314696123025239,68,0.914471056286245,0.4046513155974157,-3.31e-05,-5.3200000000000006e-05,3.79e-05,1.91e-05,-0.00021,
2023-03-09 02:30:00,2023-03-09,2,0.6087614290086965,0.7933533402912537,68,0.9145435533366312,0.4044874399167528,0.000103,7.8e-05,6.89e-06,-1.53e-05,-0.000146,
2023-03-09 02:45:00,2023-03-09,2,0.6593458151000369,0.7518398074790055,68,0.9146160210200532,0.4043235512475691,6.2e-05,2.84e-05,5.86e-05,1.15e-05,-0.000129,
2023-03-09 03:00:00,2023-03-09,3,0.7071067811865491,0.7071067811865459,68,0.9146884593341844,0.404159649595127,0.000471,0.000422,5.52e-05,3.44e-05,2.14e-05,
2023-03-09 03:15:00,2023-03-09,3,0.751839807478971,0.6593458151000763,68,0.9147608682766988,0.4039957349646899,-0.0006,-0.000532,0.0001,3.44e-05,-0.000159,
2023-03-09 03:30:00,2023-03-09,3,0.7933533402912564,0.6087614290086929,68,0.9148332478452712,0.4038318073615209,0.000612,0.000454,-0.0001,-0.000115,-0.000257,
2023-03-09 03:45:00,2023-03-09,3,0.8314696123025264,0.5555702330196305,68,0.9149055980375772,0.4036678667908843,-0.000666,-0.000755,-0.000148,-0.000298,-0.000334,
2023-03-09 04:00:00,2023-03-09,4,0.8660254037844156,0.5000000000000399,68,0.914977918851294,0.4035039132580439,0.000496,0.000582,-0.000103,0.000103,-0.000514,
2023-03-09 04:15:00,2023-03-09,4,0.8968727415326877,0.4422886902190024,68,0.9150502102840988,0.4033399467682648,-0.0016899999999999,-0.00136,0.000186,0.000191,-0.000257,
2023-03-09 04:30:00,2023-03-09,4,0.9238795325112816,0.3826834323651021,68,0.9151224723336704,0.4031759673268122,0.000864,0.000869,-0.000114,8.41e-05,-0.00033,
2023-03-09 04:45:00,2023-03-09,4,0.9469301294951158,0.3214394653031318,68,0.9151947049976884,0.4030119749389514,-0.0035299999999999,-0.00307,-0.000596,-0.000726,-0.00114,
2023-03-09 05:00:00,2023-03-09,5,0.9659258262890584,0.258819045102557,68,0.9152669082738336,0.4028479696099487,-0.000488,-0.000564,-0.00129,-0.00131,-0.00197,
2023-03-09 05:15:00,2023-03-09,5,0.9807852804032208,0.1950903220161768,68,0.9153390821597868,0.4026839513450702,-0.00299,-0.0026,-0.0014199999999999,-0.00154,-0.0020099999999999,
2023-03-09 05:30:00,2023-03-09,5,0.9914448613738098,0.1305261922200563,68,0.9154112266532314,0.4025199201495825,-0.0011,-0.000965,-0.000972,-0.00116,-0.0014299999999999,
2023-03-09 05:45:00,2023-03-09,5,0.9978589232386024,0.0654031292301598,68,0.91548334175185,0.4023558760287531,0.000294,0.000468,0.00182,0.00114,0.00162,
2023-03-09 06:00:00,2023-03-09,6,1.0,-2.793742153647436e-14,68,0.9155554274533272,0.4021918189878497,0.00688,0.00708,0.00822,0.00719,0.00795,
2023-03-09 06:15:00,2023-03-09,6,0.997858923238606,-0.0654031292301021,68,0.915627483755348,0.4020277490321404,0.0321,0.032,0.0373,0.0335,0.036,
2023-03-09 06:30:00,2023-03-09,6,0.9914448613738174,-0.130526192219999,68,0.9156995106555992,0.4018636661668935,0.069,0.0838,0.115,0.0975,0.107,
2023-03-09 06:45:00,2023-03-09,6,0.980785280403232,-0.1950903220161201,68,0.9157715081517672,0.4016995703973777,0.0799,0.1,0.145,0.128,0.135,
2023-03-09 07:00:00,2023-03-09,7,0.9659258262890736,-0.2588190451025011,68,0.9158434762415404,0.4015354617288628,0.114,0.168,0.256,0.226,0.238,
2023-03-09 07:15:00,2023-03-09,7,0.9469301294950978,-0.3214394653031847,68,0.915915414922608,0.4013713401666178,0.113,0.173,0.265,0.237,0.246,
2023-03-09 07:30:00,2023-03-09,7,0.9238795325113036,-0.3826834323650487,68,0.9159873241926598,0.4012072057159133,0.151,0.273,0.413,0.372,0.386,
2023-03-09 07:45:00,2023-03-09,7,0.8968727415326881,-0.4422886902190016,68,0.9160592040493868,0.4010430583820197,0.144,0.27,0.425,0.389,0.395,
2023-03-09 08:00:00,2023-03-09,8,0.8660254037844445,-0.4999999999999898,68,0.9161310544904806,0.4008788981702082,0.154,0.328,0.514,0.475,0.48,
2023-03-09 08:15:00,2023-03-09,8,0.8314696123025584,-0.5555702330195824,68,0.9162028755136342,0.4007147250857499,0.141,0.388,0.61,0.564,0.569,
2023-03-09 08:30:00,2023-03-09,8,0.7933533402912224,-0.6087614290087373,68,0.9162746671165416,0.4005505391339165,0.137,0.438,0.678,0.63,0.636,
2023-03-09 08:45:00,2023-03-09,8,0.751839807479009,-0.6593458151000328,68,0.9163464292968968,0.4003863403199804,0.148,0.481,0.733,0.685,0.692,
2023-03-09 09:00:00,2023-03-09,9,0.7071067811865498,-0.7071067811865452,68,0.9164181620523963,0.4002221286492139,0.135,0.513,0.785,0.739,0.741,
2023-03-09 09:15:00,2023-03-09,9,0.6593458151000803,-0.7518398074789674,68,0.9164898653807362,0.4000579041268902,0.133,0.57,0.87,0.825,0.821,
2023-03-09 09:30:00,2023-03-09,9,0.6087614290087423,-0.7933533402912185,68,0.916561539279614,0.399893666758283,0.181,0.621,0.963,0.923,0.91,
2023-03-09 09:45:00,2023-03-09,9,0.5555702330195877,-0.8314696123025549,68,0.9166331837467284,0.3997294165486655,0.354,0.388,0.512,0.482,0.496,
2023-03-09 10:00:00,2023-03-09,10,0.5000000000000445,-0.866025403784413,68,0.9167047987797784,0.3995651535033127,0.353,0.603,0.774,0.727,0.752,
2023-03-09 10:15:00,2023-03-09,10,0.4422886902190072,-0.8968727415326854,68,0.916776384376465,0.3994008776274986,0.177,0.699,1.03,0.991,0.986,
2023-03-09 10:30:00,2023-03-09,10,0.3826834323651071,-0.9238795325112796,68,0.916847940534489,0.3992365889264987,0.339,0.804,1.12,1.07,1.08,
2023-03-09 10:45:00,2023-03-09,10,0.3214394653031907,-0.9469301294950958,68,0.9169194672515528,0.3990722874055882,0.341,0.765,1.05,1.01,1.02,
2023-03-09 11:00:00,2023-03-09,11,0.2588190451025072,-0.965925826289072,68,0.91699096452536,0.398907973070043,0.195,0.743,1.08,1.05,1.04,
2023-03-09 11:15:00,2023-03-09,11,0.1950903220161821,-0.9807852804032198,68,0.9170624323536138,0.3987436459251399,0.295,0.713,1.02,0.989,0.974,
2023-03-09 11:30:00,2023-03-09,11,0.1305261922200616,-0.991444861373809,68,0.9171338707340204,0.398579305976155,0.192,0.743,1.08,1.07,1.04,
2023-03-09 11:45:00,2023-03-09,11,0.0654031292301652,-0.997858923238602,68,0.9172052796642848,0.3984149532283658,0.316,0.688,0.976,0.958,0.943,
2023-03-09 12:00:00,2023-03-09,12,3.429630018249177e-14,-1.0,68,0.9172766591421148,0.3982505876870498,0.412,0.716,0.997,0.98,0.967,
2023-03-09 12:15:00,2023-03-09,12,-0.0654031292301535,-0.9978589232386028,68,0.917348009165218,0.3980862093574847,0.169,0.728,1.08,1.08,1.03,
2023-03-09 12:30:00,2023-03-09,12,-0.1305261922199936,-0.991444861373818,68,0.9174193297313034,0.3979218182449489,0.125,0.706,1.06,1.06,1.02,
2023-03-09 12:45:00,2023-03-09,12,-0.1950903220161148,-0.9807852804032332,68,0.9174906208380804,0.3977574143547214,0.178,0.679,1.01,1.02,0.972,
2023-03-09 13:00:00,2023-03-09,13,-0.2588190451024959,-0.965925826289075,68,0.9175618824832604,0.3975929976920815,0.489,0.5,0.548,0.519,0.551,
2023-03-09 13:15:00,2023-03-09,13,-0.3214394653031796,-0.9469301294950996,68,0.9176331146645548,0.3974285682623084,0.261,0.257,0.229,0.205,0.239,
2023-03-09 13:30:00,2023-03-09,13,-0.3826834323650962,-0.923879532511284,68,0.9177043173796758,0.3972641260706824,0.194,0.191,0.17,0.154,0.176,
2023-03-09 13:45:00,2023-03-09,13,-0.4422886902189457,-0.8968727415327157,68,0.9177754906263378,0.3970996711224839,0.125,0.123,0.115,0.106,0.118,
2023-03-09 14:00:00,2023-03-09,14,-0.4999999999999852,-0.8660254037844473,68,0.917846634402255,0.3969352034229934,0.267,0.263,0.236,0.213,0.247,
2023-03-09 14:15:00,2023-03-09,14,-0.555570233019578,-0.8314696123025614,68,0.917917748705143,0.3967707229774924,0.27,0.267,0.247,0.225,0.257,
2023-03-09 14:30:00,2023-03-09,14,-0.608761429008733,-0.7933533402912257,68,0.917988833532718,0.3966062297912625,0.0867,0.0851,0.0815,0.0754,0.0822,
2023-03-09 14:45:00,2023-03-09,14,-0.6593458151000715,-0.751839807478975,68,0.9180598888826976,0.3964417238695858,0.0955,0.0938,0.0882,0.0814,0.0901,
2023-03-09 15:00:00,2023-03-09,15,-0.7071067811865013,-0.7071067811865938,68,0.9181309147528,0.3962772052177449,0.137,0.135,0.133,0.124,0.136,
2023-03-09 15:15:00,2023-03-09,15,-0.7518398074789638,-0.6593458151000844,68,0.9182019111407448,0.3961126738410222,0.0579,0.0567999999999999,0.0487999999999999,0.0436,0.051,
2023-03-09 15:30:00,2023-03-09,15,-0.7933533402912153,-0.6087614290087466,68,0.9182728780442516,0.3959481297447014,0.0438,0.0429,0.0399,0.036,0.0407999999999999,
2023-03-09 15:45:00,2023-03-09,15,-0.8314696123025519,-0.5555702330195922,68,0.9183438154610424,0.3957835729340659,0.0223,0.0219,0.0216,0.0202,0.0217,
2023-03-09 16:00:00,2023-03-09,16,-0.8660254037844386,-0.5,68,0.9184147233888388,0.3956190034144,0.0248,0.0242,0.0216,0.0197,0.0223,
2023-03-09 16:15:00,2023-03-09,16,-0.8968727415326578,-0.4422886902190631,68,0.9184856018253637,0.3954544211909883,0.0135,0.0129,0.0108,0.0101,0.011,
2023-03-09 16:30:00,2023-03-09,16,-0.9238795325112776,-0.382683432365112,68,0.9185564507683416,0.3952898262691153,0.0093499999999999,0.00954,0.00941,0.00838,0.0095199999999999,
2023-03-09 16:45:00,2023-03-09,16,-0.946930129495094,-0.3214394653031958,68,0.9186272702154972,0.3951252186540667,0.0116,0.0112,0.00977,0.00858,0.0098,
2023-03-09 17:00:00,2023-03-09,17,-0.9659258262890704,-0.2588190451025124,68,0.9186980601645564,0.394960598351128,0.0159,0.0150999999999999,0.0121999999999999,0.0106,0.0127,
2023-03-09 17:15:00,2023-03-09,17,-0.9807852804032298,-0.1950903220161317,68,0.9187688206132462,0.3947959653655856,0.00291,0.00249,0.00163,0.00136,0.0015,
2023-03-09 17:30:00,2023-03-09,17,-0.991444861373801,-0.1305261922201233,68,0.9188395515592942,0.3946313197027259,-0.000827,-0.000167,4.48e-05,-0.000485,0.000184,
2023-03-09 17:45:00,2023-03-09,17,-0.9978589232386016,-0.0654031292301706,68,0.9189102530004296,0.3944666613678353,-0.000674,-0.000468,-5.17e-05,-8.790000000000001e-05,-0.000304,
2023-03-09 18:00:00,2023-03-09,18,-1.0,-3.968660304064989e-14,68,0.9189809249343815,0.3943019903662022,-0.000856,-0.00066,-0.000555,-0.000593,-0.00105,
2023-03-09 18:15:00,2023-03-09,18,-0.9978589232386031,0.0654031292301481,68,0.919051567358881,0.3941373067031136,-0.00105,-0.000752,-0.000596,-0.000577,-0.000908,
2023-03-09 18:30:00,2023-03-09,18,-0.9914448613738112,0.1305261922200446,68,0.9191221802716594,0.393972610383858,-0.00196,-0.0013,-0.000786,-0.000661,-0.00125,
2023-03-09 18:45:00,2023-03-09,18,-0.9807852804032232,0.1950903220161653,68,0.9191927636704496,0.3938079014137237,-0.000372,-0.000259,-0.000252,-7.259999999999999e-05,-0.000476,
2023-03-09 19:00:00,2023-03-09,19,-0.9659258262890764,0.2588190451024907,68,0.9192633175529846,0.3936431797980001,-0.000153,-0.000135,-0.000114,4.59e-05,-0.000411,
2023-03-09 19:15:00,2023-03-09,19,-0.9469301294951196,0.3214394653031207,68,0.9193338419169992,0.3934784455419763,-0.00177,-0.00148,-0.000976,-0.000849,-0.00153,
2023-03-09 19:30:00,2023-03-09,19,-0.9238795325112862,0.3826834323650912,68,0.9194043367602288,0.3933136986509417,-0.0011899999999999,-0.0011799999999999,-0.00081,-0.000948,-0.00125,
2023-03-09 19:45:00,2023-03-09,19,-0.8968727415326929,0.4422886902189919,68,0.9194748020804095,0.3931489391301873,-0.00162,-0.00112,-0.000334,-0.000535,-0.000514,
2023-03-09 20:00:00,2023-03-09,20,-0.8660254037844215,0.5000000000000298,68,0.9195452378752788,0.3929841669850031,-0.000513,-0.00034,-0.000138,-0.000141,-0.000176,
2023-03-09 20:15:00,2023-03-09,20,-0.8314696123025644,0.5555702330195734,68,0.9196156441425748,0.3928193822206807,-0.000199,-8.159999999999999e-05,1.38e-05,-5.73e-05,-0.000129,
2023-03-09 20:30:00,2023-03-09,20,-0.7933533402912636,0.6087614290086836,68,0.9196860208800368,0.392654584842511,-5.79e-05,-5.67e-05,7.93e-05,8.41e-05,-0.000133,
2023-03-09 20:45:00,2023-03-09,20,-0.7518398074789786,0.6593458151000674,68,0.9197563680854048,0.3924897748557858,-0.000157,-0.000181,-4.83e-05,-5.73e-05,-0.000257,
2023-03-09 21:00:00,2023-03-09,21,-0.7071067811865573,0.7071067811865377,68,0.91982668575642,0.3923249522657976,-0.000302,-0.000195,1.38e-05,-1.91e-05,-0.000219,
2023-03-09 21:15:00,2023-03-09,21,-0.6593458151000458,0.7518398074789977,68,0.9198969738908244,0.3921601170778386,-0.000199,-0.000142,0.0001,8.41e-05,-0.000137,
2023-03-09 21:30:00,2023-03-09,21,-0.6087614290087509,0.793353340291212,68,0.9199672324863608,0.3919952692972026,8.269999999999999e-06,1.77e-05,0.000145,0.000134,-0.000124,
2023-03-09 21:45:00,2023-03-09,21,-0.5555702330196439,0.8314696123025174,68,0.9200374615407731,0.3918304089291825,-0.000451,-0.000365,0.000176,0.000157,0.0,
2023-03-09 22:00:00,2023-03-09,22,-0.5000000000000047,0.8660254037844359,68,0.9201076610518064,0.3916655359790721,1.24e-05,0.000145,0.000103,2.68e-05,-5.5700000000000005e-05,
2023-03-09 22:15:00,2023-03-09,22,-0.4422886902190169,0.8968727415326806,68,0.9201778310172068,0.3915006504521659,-0.000538,-0.000518,0.000207,0.000229,-4.71e-05,
2023-03-09 22:30:00,2023-03-09,22,-0.3826834323650645,0.9238795325112972,68,0.9202479714347204,0.3913357523537583,1.24e-05,0.00022,0.000103,-3.82e-06,0.0,
2023-03-09 22:45:00,2023-03-09,22,-0.3214394653032009,0.9469301294950924,68,0.9203180823020952,0.3911708416891446,8.68e-05,-6.379999999999999e-05,0.000207,0.000237,0.000124,
2023-03-09 23:00:00,2023-03-09,23,-0.2588190451025726,0.9659258262890544,68,0.92038816361708,0.3910059184636199,0.000294,0.000213,0.000217,0.000218,0.000129,
2023-03-09 23:15:00,2023-03-09,23,-0.1950903220161369,0.9807852804032288,68,0.9204582153774244,0.3908409826824804,0.00131,0.000943,0.00011,2.29e-05,-0.000107,
2023-03-09 23:30:00,2023-03-09,23,-0.1305261922200723,0.9914448613738076,68,0.9205282375808788,0.3906760343510224,-0.000819,-0.000493,9.31e-05,-3.44e-05,-6e-05,
2023-03-09 23:45:00,2023-03-09,23,-0.0654031292301192,0.997858923238605,68,0.9205982302251948,0.3905110734745422,0.000128,8.51e-05,0.00019,0.000111,4.2800000000000005e-06,
2023-06-05 00:00:00,2023-06-05,0,-4.5069478131168955e-14,1.0,156,0.4574826901202872,-0.8892185267077521,-3.72e-05,-7.09e-05,-5.17e-05,-6.5e-05,-0.000214,
2023-06-05 00:15:00,2023-06-05,0,0.0654031292301427,0.9978589232386036,156,0.4573233387334162,-0.8893004913131,-0.000153,-0.00016,-0.000155,-0.000191,-0.00045,
2023-06-05 00:30:00,2023-06-05,0,0.1305261922200957,0.9914448613738046,156,0.4571639726614079,-0.8893824273620653,-0.00067,-0.000603,-0.000224,-0.00031,-0.000441,
2023-06-05 00:45:00,2023-06-05,0,0.1950903220159928,0.9807852804032574,156,0.4570045919093795,-0.8894643348520173,-0.00072,-0.000606,-0.000255,-0.00026,-0.000548,
2023-06-05 01:00:00,2023-06-05,1,0.2588190451024306,0.9659258262890924,156,0.4568451964824483,-0.8895462137803258,-0.000873,-0.000706,-0.000655,-0.000516,-0.000985,
2023-06-05 01:15:00,2023-06-05,1,0.3214394653031156,0.9469301294951212,156,0.4566857863857336,-0.8896280641443615,-0.00101,-0.00089,-0.000331,-0.000352,-0.000578,
2023-06-05 01:30:00,2023-06-05,1,0.3826834323650863,0.9238795325112882,156,0.4565263616243532,-0.8897098859414962,-0.00137,-0.00115,-0.000541,-0.000516,-0.000793,
2023-06-05 01:45:00,2023-06-05,1,0.4422886902189361,0.8968727415327205,156,0.4563669222034278,-0.8897916791691022,-0.00136,-0.00115,-0.000314,-0.00042,-0.000411,
2023-06-05 02:00:00,2023-06-05,2,0.4999999999999758,0.8660254037844526,156,0.4562074681280755,-0.8898734438245536,-0.00067,-0.000759,-0.000431,-0.000627,-0.000433,
2023-06-05 02:15:00,2023-06-05,2,0.5555702330196163,0.8314696123025359,156,0.4560479994034178,-0.8899551799052243,-0.00252,-0.00173,-0.000269,-0.000294,-0.000703,
2023-06-05 02:30:00,2023-06-05,2,0.6087614290086794,0.7933533402912668,156,0.455888516034575,-0.89003688740849,0.000484,0.000248,-0.000321,-0.000409,-0.000227,
2023-06-05 02:45:00,2023-06-05,2,0.6593458151000634,0.7518398074789822,156,0.4557290180266677,-0.890118566331727,0.000306,9.93e-05,-0.0004,-0.000451,-0.000338,
2023-06-05 03:00:00,2023-06-05,3,0.707106781186574,0.707106781186521,156,0.4555695053848186,-0.8902002166723123,-0.00233,-0.00221,-0.000324,-0.000753,-0.000368,
2023-06-05 03:15:00,2023-06-05,3,0.7518398074788817,0.659345815100178,156,0.4554099781141493,-0.890281838427624,-0.000261,-0.000379,-0.000358,-0.000478,-0.000463,
2023-06-05 03:30:00,2023-06-05,3,0.7933533402911741,0.6087614290088003,156,0.4552504362197823,-0.8903634315950414,-2.89e-05,0.000284,-2.76e-05,0.000176,-0.000253,
2023-06-05 03:45:00,2023-06-05,3,0.8314696123025144,0.5555702330196484,156,0.4550908797068405,-0.8904449961719444,-8.269999999999999e-06,1.77e-05,0.000134,0.000115,-0.000107,
2023-06-05 04:00:00,2023-06-05,4,0.8660254037844333,0.5000000000000093,156,0.454931308580448,-0.8905265321557135,0.0133,0.013,0.00851,0.00675,0.00865,
2023-06-05 04:15:00,2023-06-05,4,0.8968727415326531,0.4422886902190727,156,0.4547717228457285,-0.890608039543731,0.0222,0.0219,0.0138,0.0118,0.0155,
2023-06-05 04:30:00,2023-06-05,4,0.9238795325112734,0.382683432365122,156,0.4546121225078061,-0.8906895183333795,0.0298,0.0298,0.0213,0.0193,0.0229,
2023-06-05 04:45:00,2023-06-05,4,0.9469301294951088,0.3214394653031522,156,0.4544525075718064,-0.8907709685220423,0.0385,0.0385,0.031,0.0286,0.0317,
2023-06-05 05:00:00,2023-06-05,5,0.965925826289053,0.2588190451025778,156,0.4542928780428545,-0.8908523901071042,0.088,0.0871,0.0756,0.0678,0.0785,
2023-06-05 05:15:00,2023-06-05,5,0.9807852804032277,0.1950903220161422,156,0.4541332339260764,-0.8909337830859505,0.0759,0.0757,0.0591,0.0511,0.0617999999999999,
2023-06-05 05:30:00,2023-06-05,5,0.9914448613738144,0.1305261922200213,156,0.4539735752265978,-0.8910151474559681,0.0509,0.051,0.0491,0.0438,0.0493,
2023-06-05 05:45:00,2023-06-05,5,0.9978589232386084,0.0654031292300679,156,0.4538139019495464,-0.8910964832145436,0.0861,0.269,0.129,0.0701,0.155,
2023-06-05 06:00:00,2023-06-05,6,1.0,1.073031998501351e-13,156,0.4536542141000492,-0.8911777903590656,0.0902999999999999,0.1,0.077,0.0619,0.0808,
2023-06-05 06:15:00,2023-06-05,6,0.9978589232386076,-0.0654031292300806,156,0.4534945116832334,-0.8912590688869234,0.0916,0.386,0.24,0.124,0.275,
2023-06-05 06:30:00,2023-06-05,6,0.9914448613738128,-0.130526192220034,156,0.453334794704228,-0.8913403187955067,0.112,0.385,0.265,0.164,0.295,
2023-06-05 06:45:00,2023-06-05,6,0.9807852804032472,-0.1950903220160432,156,0.4531750631681615,-0.8914215400822065,0.101,0.484,0.349,0.223,0.385,
2023-06-05 07:00:00,2023-06-05,7,0.9659258262890792,-0.2588190451024803,156,0.4530153170801627,-0.8915027327444148,0.101,0.53,0.399,0.269,0.435,
2023-06-05 07:15:00,2023-06-05,7,0.9469301294951048,-0.3214394653031643,156,0.4528555564453611,-0.8915838967795248,0.105,0.575,0.457,0.325,0.493,
2023-06-05 07:30:00,2023-06-05,7,0.923879532511312,-0.3826834323650288,156,0.4526957812688879,-0.8916650321849294,0.101,0.617,0.511,0.377,0.547,
2023-06-05 07:45:00,2023-06-05,7,0.8968727415326977,-0.4422886902189822,156,0.452535991555872,-0.8917461389580241,0.0952,0.653,0.56,0.423,0.595,
2023-06-05 08:00:00,2023-06-05,8,0.8660254037844268,-0.5000000000000204,156,0.4523761873114453,-0.8918272170962042,0.126,0.649,0.565,0.438,0.598,
2023-06-05 08:15:00,2023-06-05,8,0.8314696123025073,-0.555570233019659,156,0.4522163685407396,-0.8919082665968658,0.231,0.768,0.657,0.517,0.7,
2023-06-05 08:30:00,2023-06-05,8,0.7933533402913048,-0.60876142900863,156,0.4520565352488865,-0.8919892874574067,0.123,0.787,0.713,0.571,0.747,
2023-06-05 08:45:00,2023-06-05,8,0.7518398074790232,-0.6593458151000167,156,0.4518966874410184,-0.8920702796752251,0.174,0.859,0.771,0.625,0.809,
2023-06-05 09:00:00,2023-06-05,9,0.707106781186565,-0.70710678118653,156,0.4517368251222679,-0.8921512432477207,0.254,0.772,0.691,0.561,0.731,
2023-06-05 09:15:00,2023-06-05,9,0.6593458151001392,-0.7518398074789157,156,0.4515769482977693,-0.8922321781722926,0.358,0.854,0.765,0.63,0.808,
2023-06-05 09:30:00,2023-06-05,9,0.6087614290087594,-0.7933533402912054,156,0.451417056972655,-0.8923130844463432,0.144,0.911,0.864,0.72,0.901,
2023-06-05 09:45:00,2023-06-05,9,0.5555702330196056,-0.831469612302543,156,0.4512571511520601,-0.8923939620672737,0.122,0.917,0.885,0.745,0.92,
2023-06-05 10:00:00,2023-06-05,10,0.5000000000000632,-0.8660254037844022,156,0.45109723084112,-0.8924748110324869,0.113,0.928,0.907,0.771,0.942,
2023-06-05 10:15:00,2023-06-05,10,0.4422886902190266,-0.8968727415326758,156,0.4509372960449684,-0.8925556313393874,0.11,0.949,0.932,0.798,0.969,
2023-06-05 10:30:00,2023-06-05,10,0.3826834323650744,-0.9238795325112932,156,0.4507773467687422,-0.8926364229853794,0.112,0.966,0.953,0.822,0.99,
2023-06-05 10:45:00,2023-06-05,10,0.3214394653031035,-0.9469301294951252,156,0.4506173830175767,-0.8927171859678689,0.113,0.975,0.965,0.837,1.0,
2023-06-05 11:00:00,2023-06-05,11,0.2588190451026379,-0.9659258262890368,156,0.4504574047966097,-0.8927979202842619,0.121,0.989,0.973,0.849,1.01,
2023-06-05 11:15:00,2023-06-05,11,0.1950903220162033,-0.9807852804032156,156,0.4502974121109767,-0.8928786259319669,0.127,0.998,0.978,0.856,1.02,
2023-06-05 11:30:00,2023-06-05,11,0.130526192220083,-0.9914448613738064,156,0.450137404965816,-0.8929593029083918,0.138,1.0,0.979,0.86,1.02,
2023-06-05 11:45:00,2023-06-05,11,0.0654031292302434,-0.9978589232385968,156,0.4499773833662664,-0.8930399512109456,0.17,1.02,0.986,0.869,1.03,
2023-06-05 12:00:00,2023-06-05,12,5.585008384748519e-14,-1.0,156,0.4498173473174648,-0.8931205708370394,0.178,1.01,0.967,0.854,1.01,
2023-06-05 12:15:00,2023-06-05,12,-0.065403129230132,-0.9978589232386044,156,0.4496572968245514,-0.8932011617840839,0.191,1.03,0.974,0.863,1.02,
2023-06-05 12:30:00,2023-06-05,12,-0.130526192220085,-0.991444861373806,156,0.4494972318926646,-0.8932817240494916,0.194,1.0,0.946,0.842,0.995,
2023-06-05 12:45:00,2023-06-05,12,-0.1950903220160937,-0.9807852804032372,156,0.4493371525269455,-0.893362257630675,0.265,1.06,0.956,0.849,1.02,
2023-06-05 13:00:00,2023-06-05,13,-0.25881904510253,-0.9659258262890658,156,0.449177058732533,-0.8934427625250487,0.284,1.02,0.901,0.802,0.962,
2023-06-05 13:15:00,2023-06-05,13,-0.321439465303213,-0.946930129495088,156,0.4490169505145685,-0.8935232387300274,0.353,0.739,0.631,0.558,0.679,
2023-06-05 13:30:00,2023-06-05,13,-0.3826834323649712,-0.9238795325113358,156,0.4488568278781941,-0.8936036862430264,0.439,0.794,0.679,0.596,0.726,
2023-06-05 13:45:00,2023-06-05,13,-0.4422886902189264,-0.8968727415327252,156,0.4486966908285499,-0.8936841050614633,0.371,0.435,0.382,0.336,0.406,
2023-06-05 14:00:00,2023-06-05,14,-0.4999999999999664,-0.866025403784458,156,0.4485365393707793,-0.8937644951827552,0.295,0.3,0.273,0.241,0.288,
2023-06-05 14:15:00,2023-06-05,14,-0.5555702330195128,-0.8314696123026051,156,0.4483763735100245,-0.8938448566043209,0.262,0.259,0.238,0.212,0.249,
2023-06-05 14:30:00,2023-06-05,14,-0.6087614290086708,-0.7933533402912735,156,0.4482161932514286,-0.8939251893235798,0.235,0.231,0.208,0.186,0.219,
2023-06-05 14:45:00,2023-06-05,14,-0.6593458151000553,-0.7518398074789893,156,0.4480559986001348,-0.8940054933379525,0.239,0.236,0.221,0.198,0.23,
2023-06-05 15:00:00,2023-06-05,15,-0.7071067811865664,-0.7071067811865286,156,0.4478957895612874,-0.8940857686448604,0.255,0.252,0.226,0.202,0.238,
2023-06-05 15:15:00,2023-06-05,15,-0.7518398074789496,-0.6593458151001006,156,0.4477355661400319,-0.8941660152417252,0.258,0.254,0.224,0.202,0.237,
2023-06-05 15:30:00,2023-06-05,15,-0.7933533402912367,-0.6087614290087185,156,0.4475753283415114,-0.8942462331259708,0.27,0.386,0.313,0.284,0.343,
2023-06-05 15:45:00,2023-06-05,15,-0.8314696123025715,-0.5555702330195629,156,0.4474150761708726,-0.894326422295021,0.222,0.597,0.444,0.402,0.505,
2023-06-05 16:00:00,2023-06-05,16,-0.866025403784371,-0.5000000000001171,156,0.4472548096332611,-0.8944065827463008,0.153,0.535,0.37,0.335,0.432,
2023-06-05 16:15:00,2023-06-05,16,-0.8968727415326483,-0.4422886902190824,156,0.447094528733823,-0.8944867144772362,0.097,0.437,0.27,0.243,0.327,
2023-06-05 16:30:00,2023-06-05,16,-0.9238795325112692,-0.3826834323651319,156,0.4469342334777049,-0.8945668174852544,0.0807,0.376,0.2,0.178,0.256,
2023-06-05 16:45:00,2023-06-05,16,-0.9469301294951054,-0.3214394653031624,156,0.4467739238700543,-0.8946468917677828,0.0736,0.303,0.138,0.12,0.187,
2023-06-05 17:00:00,2023-06-05,17,-0.9659258262890502,-0.2588190451025882,156,0.4466135999160198,-0.89472693732225,0.0617,0.273,0.0967,0.0793,0.148,
2023-06-05 17:15:00,2023-06-05,17,-0.9807852804032255,-0.1950903220161528,156,0.4464532616207479,-0.8948069541460862,0.0577,0.226,0.0665,0.058,0.0992,
2023-06-05 17:30:00,2023-06-05,17,-0.9914448613738128,-0.130526192220032,156,0.4462929089893884,-0.8948869422367216,0.0536,0.177,0.0565,0.0509,0.0611,
2023-06-05 17:45:00,2023-06-05,17,-0.9978589232386004,-0.0654031292301921,156,0.4461325420270902,-0.8949669015915876,0.0401,0.113,0.0419,0.0397999999999999,0.0427,
2023-06-05 18:00:00,2023-06-05,18,-1.0,-4.396967844835293e-15,156,0.4459721607390026,-0.895046832208117,0.0275,0.0402,0.0259,0.0257,0.0252,
2023-06-05 18:15:00,2023-06-05,18,-0.9978589232386008,0.0654031292301833,156,0.4458117651302755,-0.8951267340837431,0.0188,0.0184,0.0166,0.0162,0.0153,
2023-06-05 18:30:00,2023-06-05,18,-0.9914448613738288,0.1305261922199106,156,0.4456513552060598,-0.8952066072158997,0.0101999999999999,0.0101,0.00989,0.0093499999999999,0.00878,
2023-06-05 18:45:00,2023-06-05,18,-0.9807852804032494,0.1950903220160326,156,0.4454909309715064,-0.8952864516020225,0.00229,0.00243,0.00315,0.00289,0.00191,
2023-06-05 19:00:00,2023-06-05,19,-0.965925826289082,0.2588190451024699,156,0.445330492431766,-0.8953662672395475,-0.00135,-0.00124,-6.55e-05,-0.000268,-0.00123,
2023-06-05 19:15:00,2023-06-05,19,-0.9469301294951082,0.3214394653031541,156,0.4451700395919915,-0.8954460541259115,-0.00247,-0.00217,-0.00109,-0.00116,-0.00228,
2023-06-05 19:30:00,2023-06-05,19,-0.9238795325113162,0.3826834323650188,156,0.4450095724573346,-0.8955258122585525,-0.0025299999999999,-0.00219,-0.00105,-0.0011,-0.00212,
2023-06-05 19:45:00,2023-06-05,19,-0.8968727415327025,0.4422886902189725,156,0.4448490910329482,-0.8956055416349096,-0.00268,-0.00227,-0.000938,-0.000898,-0.0020499999999999,
2023-06-05 20:00:00,2023-06-05,20,-0.8660254037844323,0.500000000000011,156,0.4446885953239851,-0.8956852422524226,-0.00291,-0.0028599999999999,-0.000907,-0.00111,-0.0018,
2023-06-05 20:15:00,2023-06-05,20,-0.8314696123025764,0.5555702330195555,156,0.4445280853355997,-0.895764914108532,-0.00366,-0.00332,-0.000593,-0.000791,-0.00156,
2023-06-05 20:30:00,2023-06-05,20,-0.793353340291242,0.6087614290087117,156,0.4443675610729459,-0.8958445572006796,-0.00467,-0.00397,-0.00072,-0.000854,-0.00182,
2023-06-05 20:45:00,2023-06-05,20,-0.7518398074789554,0.6593458151000939,156,0.4442070225411778,-0.8959241715263081,-0.00316,-0.00264,-0.000727,-0.000742,-0.0018,
2023-06-05 21:00:00,2023-06-05,21,-0.707106781186653,0.707106781186442,156,0.4440464697454517,-0.8960037570828605,-0.00212,-0.00149,-0.000707,-0.000455,-0.00161,
2023-06-05 21:15:00,2023-06-05,21,-0.6593458151001473,0.7518398074789086,156,0.4438859026909215,-0.896083313867782,-0.0019199999999999,-0.00133,-0.00061,-8.790000000000001e-05,-0.0014399999999999,
2023-06-05 21:30:00,2023-06-05,21,-0.608761429008768,0.7933533402911989,156,0.4437253213827444,-0.8961628418785171,-0.00195,-0.00154,-0.000676,-0.000271,-0.0013,
2023-06-05 21:45:00,2023-06-05,21,-0.5555702330196146,0.831469612302537,156,0.443564725826076,-0.8962423411125129,-0.00268,-0.00219,-0.000827,-0.00044,-0.00148,
2023-06-05 22:00:00,2023-06-05,22,-0.5000000000000726,0.8660254037843967,156,0.443404116026074,-0.896321811567216,-0.00225,-0.00186,-0.00101,-0.000566,-0.00172,
2023-06-05 22:15:00,2023-06-05,22,-0.4422886902190363,0.896872741532671,156,0.4432434919878955,-0.8964012532400747,-0.00244,-0.00206,-0.000948,-0.000585,-0.00165,
2023-06-05 22:30:00,2023-06-05,22,-0.3826834323650844,0.923879532511289,156,0.4430828537166977,-0.8964806661285382,-0.00259,-0.00217,-0.000876,-0.000539,-0.0015,
2023-06-05 22:45:00,2023-06-05,22,-0.3214394653032213,0.9469301294950854,156,0.4429222012176401,-0.8965600502300559,-0.00226,-0.00177,-0.000882,-0.000443,-0.00154,
2023-06-05 23:00:00,2023-06-05,23,-0.2588190451025385,0.9659258262890636,156,0.4427615344958799,-0.8966394055420795,-0.0025299999999999,-0.0020499999999999,-0.000976,-0.000638,-0.00176,
2023-06-05 23:15:00,2023-06-05,23,-0.1950903220161023,0.9807852804032356,156,0.4426008535565774,-0.8967187320620603,-0.00273,-0.00235,-0.000958,-0.000937,-0.0020099999999999,
2023-06-05 23:30:00,2023-06-05,23,-0.130526192219981,0.9914448613738196,156,0.4424401584048916,-0.8967980297874514,-0.00197,-0.00151,-0.000727,-0.000294,-0.00126,
2023-06-05 23:45:00,2023-06-05,23,-0.0654031292302542,0.9978589232385964,156,0.4422794490459832,-0.8968772987157059,-0.0023599999999999,-0.00195,-0.000765,-0.000566,-0.00159,
2023-06-06 00:00:00,2023-06-06,0,-6.663068956380142e-14,1.0,157,0.4421187254850124,-0.8969565388442788,-0.00233,-0.0019199999999999,-0.000862,-0.000799,-0.00184,
2023-06-06 00:15:00,2023-06-06,0,0.0654031292301212,0.9978589232386048,157,0.4419579877271398,-0.8970357501706258,-0.00202,-0.00159,-0.000686,-0.000447,-0.0014299999999999,
2023-06-06 00:30:00,2023-06-06,0,0.1305261922199616,0.9914448613738224,157,0.4417972357775281,-0.8971149326922025,-0.0019399999999999,-0.00151,-0.000714,-0.000329,-0.00126,
2023-06-06 00:45:00,2023-06-06,0,0.1950903220160831,0.9807852804032394,157,0.4416364696413377,-0.8971940864064675,-0.00191,-0.00158,-0.000796,-0.000333,-0.00126,
2023-06-06 01:00:00,2023-06-06,1,0.2588190451025196,0.9659258262890686,157,0.441475689323732,-0.8972732113108781,-0.002,-0.0017,-0.00091,-0.000497,-0.00148,
2023-06-06 01:15:00,2023-06-06,1,0.3214394653030952,0.9469301294951282,157,0.4413148948298735,-0.8973523074028938,-0.0020099999999999,-0.00171,-0.000962,-0.000646,-0.00158,
2023-06-06 01:30:00,2023-06-06,1,0.3826834323650663,0.9238795325112964,157,0.4411540861649251,-0.8974313746799751,-0.0020299999999999,-0.00171,-0.000982,-0.000677,-0.00164,
2023-06-06 01:45:00,2023-06-06,1,0.4422886902190187,0.8968727415326797,157,0.4409932633340513,-0.8975104131395825,-0.00202,-0.00172,-0.000955,-0.00065,-0.00162,
2023-06-06 02:00:00,2023-06-06,2,0.5000000000000556,0.8660254037844065,157,0.4408324263424155,-0.8975894227791785,-0.0020099999999999,-0.0016899999999999,-0.000907,-0.000619,-0.00129,
2023-06-06 02:15:00,2023-06-06,2,0.5555702330195038,0.831469612302611,157,0.4406715751951836,-0.8976684035962254,-0.00197,-0.0016699999999999,-0.000934,-0.000642,-0.0014199999999999,
2023-06-06 02:30:00,2023-06-06,2,0.6087614290086623,0.79335334029128,157,0.4405107098975189,-0.8977473555881876,-0.00188,-0.00158,-0.000824,-0.00055,-0.0012,
2023-06-06 02:45:00,2023-06-06,2,0.6593458151000472,0.7518398074789964,157,0.4403498304545885,-0.8978262787525297,-0.00189,-0.00157,-0.000903,-0.000623,-0.0014,
2023-06-06 03:00:00,2023-06-06,3,0.7071067811864784,0.7071067811866166,157,0.4401889368715577,-0.8979051730867172,-0.00208,-0.00173,-0.000869,-0.000554,-0.00129,
2023-06-06 03:15:00,2023-06-06,3,0.7518398074789425,0.6593458151001087,157,0.4400280291535928,-0.8979840385882173,-0.00206,-0.00173,-0.000948,-0.000657,-0.00162,
2023-06-06 03:30:00,2023-06-06,3,0.7933533402912302,0.6087614290087271,157,0.4398671073058613,-0.8980628752544968,-0.00145,-0.00115,-0.000593,-0.000271,-0.00117,
2023-06-06 03:45:00,2023-06-06,3,0.8314696123025656,0.5555702330195718,157,0.4397061713335299,-0.8981416830830248,0.000811,0.001,0.00125,0.00135,0.000458,
2023-06-06 04:00:00,2023-06-06,4,0.8660254037844225,0.500000000000028,157,0.4395452212417676,-0.8982204620712698,0.0101999999999999,0.00993,0.00774,0.00756,0.00752,
2023-06-06 04:15:00,2023-06-06,4,0.8968727415326938,0.4422886902189901,157,0.4393842570357411,-0.8982992122167033,0.0171,0.0174,0.0163999999999999,0.0154,0.0163999999999999,
2023-06-06 04:30:00,2023-06-06,4,0.9238795325113086,0.3826834323650369,157,0.4392232787206203,-0.8983779335167957,0.0283,0.0278,0.0246,0.023,0.0245,
2023-06-06 04:45:00,2023-06-06,4,0.9469301294950654,0.3214394653032803,157,0.4390622863015739,-0.8984566259690195,0.0382,0.038,0.0335,0.031,0.0338,
2023-06-06 05:00:00,2023-06-06,5,0.9659258262890474,0.2588190451025986,157,0.4389012797837714,-0.8985352895708479,0.044,0.133,0.0424,0.0434,0.0457,
2023-06-06 05:15:00,2023-06-06,5,0.9807852804032234,0.1950903220161634,157,0.4387402591723834,-0.8986139243197547,0.0504,0.178,0.0591,0.0512,0.0487999999999999,
2023-06-06 05:30:00,2023-06-06,5,0.9914448613737968,0.1305261922201554,157,0.4385792244725802,-0.8986925302132148,0.0565,0.222,0.08,0.0572,0.0566,
2023-06-06 05:45:00,2023-06-06,5,0.9978589232385996,0.0654031292302028,157,0.4384181756895328,-0.8987711072487043,0.0612,0.266,0.121,0.0611,0.148,
2023-06-06 06:00:00,2023-06-06,6,1.0,1.517757356115153e-14,157,0.4382571128284121,-0.8988496554237001,0.066,0.316,0.169,0.065,0.198,
2023-06-06 06:15:00,2023-06-06,6,0.9978589232386016,-0.0654031292301726,157,0.438096035894391,-0.8989281747356795,0.0824,0.37,0.22,0.104,0.256,
2023-06-06 06:30:00,2023-06-06,6,0.9914448613738156,-0.1305261922200126,157,0.4379349448926413,-0.8990066651821216,0.0925999999999999,0.317,0.21,0.124,0.234,
2023-06-06 06:45:00,2023-06-06,6,0.9807852804032294,-0.1950903220161336,157,0.4377738398283355,-0.8990851267605059,0.128,0.306,0.212,0.139,0.236,
2023-06-06 07:00:00,2023-06-06,7,0.9659258262890552,-0.2588190451025693,157,0.4376127207066476,-0.8991635594683126,0.15,0.417,0.303,0.204,0.335,
2023-06-06 07:15:00,2023-06-06,7,0.9469301294951482,-0.3214394653030362,157,0.4374515875327509,-0.8992419633030233,0.144,0.599,0.451,0.314,0.492,
2023-06-06 07:30:00,2023-06-06,7,0.9238795325113204,-0.3826834323650088,157,0.4372904403118196,-0.8993203382621205,0.147,0.651,0.504,0.363,0.547,
2023-06-06 07:45:00,2023-06-06,7,0.8968727415327072,-0.4422886902189629,157,0.4371292790490278,-0.8993986843430878,0.179,0.72,0.56,0.413,0.607,
2023-06-06 08:00:00,2023-06-06,8,0.8660254037844946,-0.4999999999999032,157,0.4369681037495515,-0.8994770015434086,0.127,0.704,0.597,0.455,0.638,
2023-06-06 08:15:00,2023-06-06,8,0.8314696123025824,-0.5555702330195466,157,0.4368069144185658,-0.8995552898605687,0.137,0.763,0.654,0.506,0.696,
2023-06-06 08:30:00,2023-06-06,8,0.7933533402912487,-0.608761429008703,157,0.4366457110612461,-0.8996335492920541,0.166,0.684,0.601,0.477,0.637,
2023-06-06 08:45:00,2023-06-06,8,0.7518398074789625,-0.6593458151000858,157,0.4364844936827698,-0.8997117798353516,0.132,0.825,0.741,0.596,0.779,
2023-06-06 09:00:00,2023-06-06,9,0.7071067811865802,-0.7071067811865148,157,0.4363232622883133,-0.8997899814879491,0.253,0.948,0.839,0.677,0.889,
2023-06-06 09:15:00,2023-06-06,9,0.6593458151000701,-0.7518398074789764,157,0.4361620168830539,-0.8998681542473356,0.191,0.921,0.844,0.692,0.887,
2023-06-06 09:30:00,2023-06-06,9,0.6087614290086863,-0.7933533402912615,157,0.436000757472169,-0.8999462981110011,0.266,0.892,0.827,0.689,0.87,
2023-06-06 09:45:00,2023-06-06,9,0.5555702330197181,-0.8314696123024679,157,0.4358394840608375,-0.9000244130764359,0.257,1.03,0.978,0.818,1.02,
2023-06-06 10:00:00,2023-06-06,10,0.5000000000000819,-0.8660254037843914,157,0.4356781966542377,-0.9001024991411319,0.154,0.969,0.941,0.796,0.979,
2023-06-06 10:15:00,2023-06-06,10,0.4422886902190459,-0.8968727415326663,157,0.4355168952575484,-0.9001805563025818,0.149,0.883,0.853,0.732,0.883,
2023-06-06 10:30:00,2023-06-06,10,0.3826834323650944,-0.9238795325112849,157,0.4353555798759499,-0.9002585845582787,0.244,0.75,0.739,0.637,0.768,
2023-06-06 10:45:00,2023-06-06,10,0.3214394653032316,-0.946930129495082,157,0.4351942505146218,-0.9003365839057172,0.187,0.184,0.186,0.162,0.187,
2023-06-06 11:00:00,2023-06-06,11,0.2588190451025489,-0.9659258262890608,157,0.4350329071787445,-0.9004145543423928,0.258,0.521,0.494,0.427,0.515,
2023-06-06 11:15:00,2023-06-06,11,0.1950903220161129,-0.9807852804032337,157,0.4348715498734987,-0.9004924958658018,0.284,0.733,0.709,0.624,0.733,
2023-06-06 11:30:00,2023-06-06,11,0.1305261922201044,-0.9914448613738036,157,0.4347101786040663,-0.9005704084734412,0.306,0.569,0.553,0.494,0.566,
2023-06-06 11:45:00,2023-06-06,11,0.0654031292301515,-0.9978589232386028,157,0.4345487933756288,-0.9006482921628093,0.125,0.982,0.965,0.852,1.01,
2023-06-06 12:00:00,2023-06-06,12,-3.6275542441498374e-14,-1.0,157,0.4343873941933682,-0.9007261469314052,0.121,0.975,0.952,0.843,0.995,
2023-06-06 12:15:00,2023-06-06,12,-0.065403129229997,-0.997858923238613,157,0.4342259810624682,-0.9008039727767284,0.118,0.964,0.938,0.834,0.981,
2023-06-06 12:30:00,2023-06-06,12,-0.1305261922199509,-0.9914448613738236,157,0.4340645539881105,-0.9008817696962808,0.116,0.95,0.916,0.817,0.96,
2023-06-06 12:45:00,2023-06-06,12,-0.1950903220160726,-0.9807852804032416,157,0.4339031129754797,-0.9009595376875634,0.116,0.933,0.895,0.799,0.94,
2023-06-06 13:00:00,2023-06-06,13,-0.2588190451025092,-0.9659258262890714,157,0.4337416580297592,-0.9010372767480797,0.113,0.916,0.869,0.779,0.914,
2023-06-06 13:15:00,2023-06-06,13,-0.321439465303085,-0.9469301294951316,157,0.4335801891561343,-0.9011149868753324,0.111,0.889,0.837,0.752,0.883,
2023-06-06 13:30:00,2023-06-06,13,-0.3826834323650564,-0.9238795325113006,157,0.4334187063597894,-0.9011926680668272,0.104,0.859,0.799,0.719,0.846,
2023-06-06 13:45:00,2023-06-06,13,-0.442288690219009,-0.8968727415326845,157,0.4332572096459097,-0.9012703203200692,0.0999,0.832,0.762,0.687,0.81,
2023-06-06 14:00:00,2023-06-06,14,-0.4999999999999478,-0.8660254037844688,157,0.433095699019682,-0.9013479436325648,0.102,0.802,0.721,0.651,0.77,
2023-06-06 14:15:00,2023-06-06,14,-0.5555702330195893,-0.8314696123025538,157,0.4329341744862911,-0.9014255380018216,0.0955999999999999,0.764,0.677,0.612,0.728,
2023-06-06 14:30:00,2023-06-06,14,-0.6087614290087439,-0.7933533402912173,157,0.4327726360509249,-0.901503103425348,0.0959,0.726,0.627,0.568,0.68,
2023-06-06 14:45:00,2023-06-06,14,-0.6593458151001246,-0.7518398074789285,157,0.4326110837187698,-0.9015806399006534,0.101,0.677,0.567,0.514,0.621,
2023-06-06 15:00:00,2023-06-06,15,-0.7071067811864707,-0.7071067811866243,157,0.4324495174950141,-0.9016581474252476,0.102,0.628,0.511,0.463,0.565,
2023-06-06 15:15:00,2023-06-06,15,-0.7518398074789353,-0.6593458151001168,157,0.4322879373848456,-0.901735625996642,0.0979,0.606,0.475,0.43,0.532,
2023-06-06 15:30:00,2023-06-06,15,-0.7933533402912236,-0.6087614290087356,157,0.4321263433934524,-0.9018130756123488,0.0980999999999999,0.55,0.415,0.375,0.47,
2023-06-06 15:45:00,2023-06-06,15,-0.8314696123024964,-0.5555702330196753,157,0.4319647355260246,-0.9018904962698806,0.0977,0.506,0.361,0.326,0.416,
2023-06-06 16:00:00,2023-06-06,16,-0.8660254037844171,-0.5000000000000373,157,0.43180311378775,-0.901967887966752,0.0986,0.461,0.308,0.278,0.363,
2023-06-06 16:15:00,2023-06-06,16,-0.896872741532689,-0.4422886902189998,157,0.4316414781838197,-0.9020452507004774,0.107,0.412,0.256,0.231,0.308,
2023-06-06 16:30:00,2023-06-06,16,-0.923879532511261,-0.3826834323651519,157,0.4314798287194235,-0.9021225844685726,0.128,0.34,0.196,0.176,0.24,
2023-06-06 16:45:00,2023-06-06,16,-0.9469301294950984,-0.3214394653031828,157,0.4313181653997518,-0.9021998892685548,0.171,0.36,0.179,0.156,0.23,
2023-06-06 17:00:00,2023-06-06,17,-0.965925826289074,-0.2588190451024992,157,0.4311564882299966,-0.9022771650979408,0.147,0.242,0.12,0.104,0.15,
2023-06-06 17:15:00,2023-06-06,17,-0.9807852804032436,-0.1950903220160624,157,0.4309947972153486,-0.90235441195425,0.116,0.187,0.0902,0.0812,0.109,
2023-06-06 17:30:00,2023-06-06,17,-0.9914448613737952,-0.1305261922201661,157,0.4308330923610013,-0.9024316298350014,0.0958,0.148,0.0751,0.0688,0.0808,
2023-06-06 17:45:00,2023-06-06,17,-0.9978589232385988,-0.0654031292302136,157,0.4306713736721454,-0.9025088187377158,0.0825999999999999,0.126,0.0642,0.0597,0.0685,
2023-06-06 18:00:00,2023-06-06,18,-1.0,-2.5958179277467772e-14,157,0.4305096411539751,-0.9025859786599144,0.0665,0.101,0.0505,0.047,0.0538,
2023-06-06 18:15:00,2023-06-06,18,-0.9978589232386096,0.0654031292300484,157,0.4303478948116835,-0.9026631095991196,0.0412999999999999,0.041,0.0313,0.0286,0.0321,
2023-06-06 18:30:00,2023-06-06,18,-0.9914448613738168,0.1305261922200019,157,0.430186134650464,-0.9027402115528548,0.0202,0.0202,0.0162,0.0147,0.0162,
2023-06-06 18:45:00,2023-06-06,18,-0.9807852804032317,0.195090322016123,157,0.4300243606755117,-0.9028172845186436,0.00405,0.00423,0.00418,0.00376,0.00361,
2023-06-06 19:00:00,2023-06-06,19,-0.9659258262890876,0.2588190451024491,157,0.4298625728920209,-0.9028943284940116,-0.00074,-0.00044,0.000217,3.06e-05,-0.00054,
2023-06-06 19:15:00,2023-06-06,19,-0.9469301294951152,0.3214394653031337,157,0.4297007713051867,-0.9029713434764848,-0.0020499999999999,-0.00163,-0.000831,-0.000826,-0.00152,
2023-06-06 19:30:00,2023-06-06,19,-0.9238795325112809,0.3826834323651039,157,0.4295389559202045,-0.90304832946359,-0.00208,-0.00166,-0.000931,-0.000822,-0.00156,
2023-06-06 19:45:00,2023-06-06,19,-0.8968727415326617,0.4422886902190552,157,0.429377126742271,-0.9031252864528552,-0.00208,-0.00157,-0.000882,-0.000719,-0.00153,
2023-06-06 20:00:00,2023-06-06,20,-0.8660254037844999,0.4999999999998939,157,0.4292152837765824,-0.9032022144418091,-0.00215,-0.0016899999999999,-0.000951,-0.000761,-0.00163,
2023-06-06 20:15:00,2023-06-06,20,-0.8314696123025884,0.5555702330195376,157,0.4290534270283353,-0.9032791134279818,-0.0022299999999999,-0.00174,-0.00101,-0.000761,-0.00165,
2023-06-06 20:30:00,2023-06-06,20,-0.7933533402912553,0.6087614290086945,157,0.4288915565027277,-0.9033559834089036,-0.0023,-0.00174,-0.000858,-0.000665,-0.00175,
2023-06-06 20:45:00,2023-06-06,20,-0.7518398074790446,0.6593458150999922,157,0.4287296722049573,-0.9034328243821064,-0.00262,-0.00199,-0.00116,-0.000994,-0.00227,
2023-06-06 21:00:00,2023-06-06,21,-0.7071067811865879,0.7071067811865072,157,0.4285677741402221,-0.9035096363451224,-0.0025299999999999,-0.00183,-0.000793,-0.000646,-0.00187,
2023-06-06 21:15:00,2023-06-06,21,-0.6593458151000782,0.7518398074789693,157,0.4284058623137206,-0.9035864192954858,-0.0025499999999999,-0.00191,-0.000862,-0.00073,-0.00187,
2023-06-06 21:30:00,2023-06-06,21,-0.6087614290086949,0.7933533402912549,157,0.4282439367306527,-0.9036631732307302,-0.00232,-0.00161,-0.000669,-0.000539,-0.0016899999999999,
2023-06-06 21:45:00,2023-06-06,21,-0.5555702330196325,0.831469612302525,157,0.4280819973962177,-0.9037398981483912,-0.00239,-0.00176,-0.000762,-0.000615,-0.0018,
2023-06-06 22:00:00,2023-06-06,22,-0.4999999999999928,0.8660254037844428,157,0.4279200443156151,-0.9038165940460056,-0.00239,-0.0016899999999999,-0.000748,-0.000612,-0.00181,
2023-06-06 22:15:00,2023-06-06,22,-0.4422886902189536,0.8968727415327118,157,0.4277580774940462,-0.90389326092111,-0.00246,-0.00188,-0.000686,-0.000657,-0.00174,
2023-06-06 22:30:00,2023-06-06,22,-0.3826834323652094,0.9238795325112372,157,0.4275960969367116,-0.9039698987712425,-0.00233,-0.00156,-0.000527,-0.00047,-0.00178,
2023-06-06 22:45:00,2023-06-06,22,-0.3214394653032418,0.9469301294950784,157,0.4274341026488126,-0.9040465075939424,-0.00361,-0.00297,-0.00147,-0.00149,-0.00292,
2023-06-06 23:00:00,2023-06-06,23,-0.2588190451025593,0.965925826289058,157,0.4272720946355507,-0.9041230873867502,-0.00272,-0.00219,-0.00137,-0.00125,-0.0025099999999999,
2023-06-06 23:15:00,2023-06-06,23,-0.195090322016235,0.9807852804032092,157,0.4271100729021292,-0.9041996381472056,-0.00184,-0.00179,-0.000955,-0.00104,-0.00195,
2023-06-06 23:30:00,2023-06-06,23,-0.1305261922201151,0.991444861373802,157,0.4269480374537494,-0.904276159872852,-0.0023,-0.0018,-0.000617,-0.000474,-0.00135,
2023-06-06 23:45:00,2023-06-06,23,-0.0654031292301623,0.9978589232386024,157,0.4267859882956151,-0.9043526525612312,-0.00211,-0.0016899999999999,-0.000789,-0.000371,-0.00132,
2023-06-07 00:00:00,2023-06-07,0,2.5494936725182127e-14,1.0,158,0.4266239254329302,-0.9044291162098872,-0.00186,-0.0016699999999999,-0.000948,-0.000604,-0.0016799999999999,
2023-06-07 00:15:00,2023-06-07,0,0.0654031292300997,0.9978589232386064,158,0.4264618488708985,-0.9045055508163644,-0.00323,-0.00277,-0.001,-0.000883,-0.0019399999999999,
2023-06-07 00:30:00,2023-06-07,0,0.1305261922200529,0.9914448613738104,158,0.4262997586147243,-0.9045819563782088,-0.0026,-0.00206,-0.000727,-0.000627,-0.00176,
2023-06-07 00:45:00,2023-06-07,0,0.1950903220161735,0.9807852804032214,158,0.4261376546696121,-0.904658332892967,-0.00215,-0.00173,-0.000834,-0.000623,-0.0018,
2023-06-07 01:00:00,2023-06-07,1,0.2588190451023889,0.9659258262891036,158,0.4259755370407685,-0.904734680358186,-0.00225,-0.00183,-0.000803,-0.000738,-0.0018,
2023-06-07 01:15:00,2023-06-07,1,0.3214394653030747,0.9469301294951352,158,0.4258134057333976,-0.9048109987714148,-0.00177,-0.00139,-0.000586,-0.000378,-0.00147,
2023-06-07 01:30:00,2023-06-07,1,0.3826834323650464,0.9238795325113048,158,0.4256512607527065,-0.904887288130202,-0.0016899999999999,-0.00141,-0.000765,-0.000405,-0.00148,
2023-06-07 01:45:00,2023-06-07,1,0.4422886902189993,0.8968727415326893,158,0.4254891021039021,-0.9049635484320984,-0.00263,-0.00218,-0.000924,-0.000799,-0.00199,
2023-06-07 02:00:00,2023-06-07,2,0.4999999999999385,0.8660254037844741,158,0.4253269297921913,-0.9050397796746552,-0.0037,-0.00256,-0.000548,-0.000474,-0.0016699999999999,
2023-06-07 02:15:00,2023-06-07,2,0.5555702330195804,0.8314696123025598,158,0.4251647438227814,-0.9051159818554242,-0.00117,-0.000514,-0.000527,-0.000176,-0.00157,
2023-06-07 02:30:00,2023-06-07,2,0.6087614290087353,0.7933533402912238,158,0.4250025442008801,-0.9051921549719588,-0.000103,-0.000238,-0.000648,-0.000501,-0.00158,
2023-06-07 02:45:00,2023-06-07,2,0.659345815100031,0.7518398074790106,158,0.424840330931697,-0.9052682990218128,-0.00292,-0.00187,-0.000458,-0.00018,-0.0015,
2023-06-07 03:00:00,2023-06-07,3,0.7071067811865436,0.7071067811865515,158,0.4246781040204392,-0.9053444140025414,-0.00189,-0.00128,-0.000396,-3.44e-05,-0.00114,
2023-06-07 03:15:00,2023-06-07,3,0.7518398074790033,0.6593458151000394,158,0.424515863472317,-0.9054204999117004,-0.00181,-0.00146,-0.000576,-0.000264,-0.00156,
2023-06-07 03:30:00,2023-06-07,3,0.7933533402911478,0.6087614290088345,158,0.4243536092925407,-0.9054965567468458,-0.0016,-0.00113,-0.000155,2.29e-05,-0.00116,
2023-06-07 03:45:00,2023-06-07,3,0.8314696123024904,0.5555702330196842,158,0.424191341486319,-0.9055725845055363,0.00173,0.00207,0.0023,0.00242,0.00152,
2023-06-07 04:00:00,2023-06-07,4,0.8660254037844117,0.5000000000000466,158,0.4240290600588637,-0.9056485831853304,0.00879,0.00886,0.0081,0.00747,0.00728,
2023-06-07 04:15:00,2023-06-07,4,0.8968727415326843,0.4422886902190094,158,0.4238667650153849,-0.9057245527837878,0.0185,0.0184,0.0166,0.0154,0.0161,
2023-06-07 04:30:00,2023-06-07,4,0.9238795325112568,0.3826834323651618,158,0.4237044563610954,-0.9058004932984683,0.0276,0.0273999999999999,0.0246,0.0229,0.0243999999999999,
2023-06-07 04:45:00,2023-06-07,4,0.946930129495095,0.321439465303193,158,0.4235421341012054,-0.9058764047269344,0.0357,0.0355,0.0321,0.0298,0.0319,
2023-06-07 05:00:00,2023-06-07,5,0.9659258262890712,0.2588190451025096,158,0.4233797982409281,-0.9059522870667478,0.0434,0.13,0.0421,0.0428,0.0447,
2023-06-07 05:15:00,2023-06-07,5,0.9807852804032192,0.1950903220161845,158,0.4232174487854771,-0.9060281403154716,0.0516,0.175,0.0593,0.0512,0.0496,
2023-06-07 05:30:00,2023-06-07,5,0.9914448613738088,0.1305261922200641,158,0.4230550857400639,-0.9061039644706712,0.0595,0.222,0.0822,0.0578,0.0585,
2023-06-07 05:45:00,2023-06-07,5,0.9978589232386056,0.0654031292301109,158,0.4228927091099035,-0.9061797595299106,0.0654,0.266,0.123,0.0624,0.15,
2023-06-07 06:00:00,2023-06-07,6,1.0,1.5042562271540005e-13,158,0.4227303189002094,-0.9062555254907564,0.0706,0.314,0.17,0.0679,0.199,
2023-06-07 06:15:00,2023-06-07,6,0.9978589232386104,-0.0654031292300376,158,0.4225679151161963,-0.906331262350776,0.0772,0.359,0.218,0.106,0.252,
2023-06-07 06:30:00,2023-06-07,6,0.9914448613738184,-0.1305261922199912,158,0.4224054977630788,-0.9064069701075372,0.0897999999999999,0.413,0.272,0.154,0.306,
2023-06-07 06:45:00,2023-06-07,6,0.9807852804032337,-0.1950903220161124,158,0.4222430668460724,-0.9064826487586088,0.0955,0.457,0.325,0.203,0.359,
2023-06-07 07:00:00,2023-06-07,7,0.9659258262890904,-0.2588190451024386,158,0.422080622370394,-0.9065582983015604,0.111,0.489,0.364,0.242,0.399,
2023-06-07 07:15:00,2023-06-07,7,0.9469301294951186,-0.3214394653031235,158,0.4219181643412582,-0.9066339187339636,0.106,0.564,0.432,0.3,0.472,
2023-06-07 07:30:00,2023-06-07,7,0.923879532511285,-0.3826834323650939,158,0.4217556927638828,-0.9067095100533892,0.14,0.649,0.508,0.363,0.554,
2023-06-07 07:45:00,2023-06-07,7,0.8968727415327168,-0.4422886902189435,158,0.4215932076434847,-0.9067850722574108,0.126,0.667,0.544,0.403,0.586,
2023-06-07 08:00:00,2023-06-07,8,0.8660254037844485,-0.499999999999983,158,0.4214307089852813,-0.9068606053436014,0.119,0.711,0.603,0.459,0.644,
2023-06-07 08:15:00,2023-06-07,8,0.8314696123025312,-0.5555702330196232,158,0.4212681967944903,-0.906936109309536,0.145,0.773,0.661,0.51,0.705,
2023-06-07 08:30:00,2023-06-07,8,0.7933533402911925,-0.6087614290087762,158,0.4211056710763305,-0.9070115841527898,0.11,0.782,0.698,0.553,0.735,
2023-06-07 08:45:00,2023-06-07,8,0.7518398074790517,-0.6593458150999841,158,0.4209431318360217,-0.9070870298709388,0.141,0.851,0.755,0.604,0.798,
2023-06-07 09:00:00,2023-06-07,9,0.7071067811865955,-0.7071067811864995,158,0.4207805790787814,-0.9071624464615614,0.186,0.613,0.568,0.461,0.592,
2023-06-07 09:15:00,2023-06-07,9,0.6593458151000863,-0.7518398074789622,158,0.4206180128098307,-0.9072378339222352,0.148,0.912,0.855,0.7,0.892,
2023-06-07 09:30:00,2023-06-07,9,0.6087614290087936,-0.7933533402911792,158,0.4204554330343893,-0.9073131922505392,0.134,0.918,0.878,0.728,0.912,
2023-06-07 09:45:00,2023-06-07,9,0.5555702330196415,-0.831469612302519,158,0.4202928397576779,-0.9073885214440542,0.155,0.956,0.91,0.758,0.949,
2023-06-07 10:00:00,2023-06-07,10,0.5000000000000021,-0.8660254037844374,158,0.420130232984917,-0.9074638215003612,0.179,0.178,0.18,0.154,0.18,
2023-06-07 10:15:00,2023-06-07,10,0.4422886902190652,-0.8968727415326567,158,0.4199676127213289,-0.9075390924170418,0.209,0.762,0.744,0.637,0.772,
2023-06-07 10:30:00,2023-06-07,10,0.3826834323651143,-0.9238795325112766,158,0.4198049789721352,-0.9076143341916793,0.115,0.968,0.956,0.821,0.992,
2023-06-07 10:45:00,2023-06-07,10,0.3214394653031443,-0.9469301294951116,158,0.4196423317425579,-0.9076895468218574,0.108,0.975,0.965,0.835,1.0,
2023-06-07 11:00:00,2023-06-07,11,0.2588190451024599,-0.9659258262890846,158,0.4194796710378203,-0.9077647303051612,0.176,0.921,0.914,0.796,0.948,
2023-06-07 11:15:00,2023-06-07,11,0.1950903220162455,-0.9807852804032072,158,0.4193169968631455,-0.9078398846391762,0.228,0.876,0.867,0.76,0.9,
2023-06-07 11:30:00,2023-06-07,11,0.1305261922201258,-0.9914448613738006,158,0.419154309223757,-0.9079150098214892,0.226,0.953,0.936,0.82,0.976,
2023-06-07 11:45:00,2023-06-07,11,0.065403129230173,-0.9978589232386016,158,0.4189916081248785,-0.9079901058496884,0.141,0.989,0.979,0.865,1.02,
2023-06-07 12:00:00,2023-06-07,12,9.897250671275015e-14,-1.0,158,0.4188288935717353,-0.9080651727213614,0.121,0.976,0.956,0.846,0.998,
2023-06-07 12:15:00,2023-06-07,12,-0.0654031292300889,-0.997858923238607,158,0.418666165569552,-0.9081402104340984,0.132,0.964,0.936,0.831,0.979,
2023-06-07 12:30:00,2023-06-07,12,-0.1305261922200422,-0.9914448613738116,158,0.4185034241235534,-0.9082152189854896,0.118,0.95,0.917,0.818,0.961,
2023-06-07 12:45:00,2023-06-07,12,-0.1950903220161629,-0.9807852804032235,158,0.4183406692389663,-0.9082901983731266,0.125,0.94,0.898,0.802,0.943,
2023-06-07 13:00:00,2023-06-07,13,-0.2588190451024884,-0.965925826289077,158,0.4181779009210164,-0.9083651485946016,0.123,0.909,0.867,0.778,0.913,
2023-06-07 13:15:00,2023-06-07,13,-0.3214394653031722,-0.946930129495102,158,0.4180151191749304,-0.9084400696475078,0.113,0.886,0.838,0.754,0.884,
2023-06-07 13:30:00,2023-06-07,13,-0.3826834323651415,-0.9238795325112652,158,0.4178523240059349,-0.9085149615294396,0.112,0.854,0.799,0.721,0.845,
2023-06-07 13:45:00,2023-06-07,13,-0.4422886902188877,-0.8968727415327443,158,0.4176895154192585,-0.9085898242379918,0.117,0.817,0.754,0.682,0.801,
2023-06-07 14:00:00,2023-06-07,14,-0.4999999999999291,-0.8660254037844796,158,0.4175266934201285,-0.9086646577707608,0.114,0.8,0.726,0.658,0.775,
2023-06-07 14:15:00,2023-06-07,14,-0.5555702330195714,-0.8314696123025658,158,0.4173638580137729,-0.9087394621253438,0.124,0.733,0.65,0.589,0.699,
2023-06-07 14:30:00,2023-06-07,14,-0.6087614290086366,-0.7933533402912997,158,0.4172010092054219,-0.908814237299338,0.105,0.745,0.649,0.588,0.702,
2023-06-07 14:45:00,2023-06-07,14,-0.6593458151000229,-0.7518398074790177,158,0.417038147000303,-0.9088889832903432,0.103,0.651,0.547,0.495,0.598,
2023-06-07 15:00:00,2023-06-07,15,-0.7071067811865359,-0.7071067811865591,158,0.4168752714036471,-0.9089637000959584,0.101,0.663,0.54,0.489,0.596,
2023-06-07 15:15:00,2023-06-07,15,-0.7518398074789961,-0.6593458151000475,158,0.4167123824206835,-0.9090383877137852,0.101,0.604,0.48,0.437,0.536,
2023-06-07 15:30:00,2023-06-07,15,-0.7933533402912105,-0.6087614290087529,158,0.4165494800566436,-0.9091130461414244,0.133,0.459,0.362,0.332,0.404,
2023-06-07 15:45:00,2023-06-07,15,-0.8314696123025476,-0.5555702330195987,158,0.4163865643167579,-0.9091876753764794,0.134,0.444,0.333,0.304,0.378,
2023-06-07 16:00:00,2023-06-07,16,-0.8660254037844631,-0.4999999999999575,158,0.4162236352062574,-0.9092622754165536,0.14,0.445,0.312,0.282,0.362,
2023-06-07 16:15:00,2023-06-07,16,-0.8968727415326292,-0.4422886902191211,158,0.4160606927303751,-0.9093368462592508,0.116,0.406,0.261,0.236,0.312,
2023-06-07 16:30:00,2023-06-07,16,-0.9238795325112528,-0.3826834323651718,158,0.4158977368943418,-0.9094113879021776,0.142,0.303,0.187,0.169,0.224,
2023-06-07 16:45:00,2023-06-07,16,-0.9469301294950916,-0.3214394653032033,158,0.4157347677033913,-0.9094859003429396,0.15,0.284,0.164,0.147,0.2,
2023-06-07 17:00:00,2023-06-07,17,-0.965925826289039,-0.2588190451026299,158,0.4155717851627563,-0.9095603835791444,0.138,0.227,0.123,0.109,0.151,
2023-06-07 17:15:00,2023-06-07,17,-0.9807852804032172,-0.1950903220161951,158,0.4154087892776699,-0.9096348376084,0.116,0.13,0.0914,0.084,0.0984,
2023-06-07 17:30:00,2023-06-07,17,-0.9914448613738074,-0.1305261922200747,158,0.4152457800533669,-0.909709262428316,0.109,0.119,0.0858,0.0785999999999999,0.0902999999999999,
2023-06-07 17:45:00,2023-06-07,17,-0.9978589232386048,-0.0654031292301217,158,0.4150827574950809,-0.9097836580365024,0.0892,0.0920999999999999,0.0706,0.0640999999999999,0.074,
2023-06-07 18:00:00,2023-06-07,18,-1.0,-4.751939071010024e-14,158,0.414919721608048,-0.90985802443057,0.062,0.062,0.0487,0.0443,0.0506,
2023-06-07 18:15:00,2023-06-07,18,-0.9978589232386036,0.0654031292301403,158,0.4147566723975018,-0.9099323616081316,0.0404,0.0401,0.0316,0.0283,0.0327,
2023-06-07 18:30:00,2023-06-07,18,-0.9914448613738048,0.1305261922200932,158,0.4145936098686791,-0.9100066695667992,0.0203999999999999,0.0203999999999999,0.0155,0.0138,0.0157,
2023-06-07 18:45:00,2023-06-07,18,-0.980785280403258,0.1950903220159904,158,0.4144305340268158,-0.910080948304187,0.004,0.00408,0.00414,0.00352,0.0033799999999999,
2023-06-07 19:00:00,2023-06-07,19,-0.9659258262890932,0.2588190451024282,158,0.4142674448771479,-0.9101551978179102,-0.00131,-0.00101,-0.00011,-0.000298,-0.00106,
2023-06-07 19:15:00,2023-06-07,19,-0.946930129495122,0.3214394653031133,158,0.4141043424249132,-0.910229418105584,-0.00188,-0.00157,-0.000841,-0.000631,-0.0014299999999999,
2023-06-07 19:30:00,2023-06-07,19,-0.9238795325112892,0.382683432365084,158,0.4139412266753483,-0.9103036091648258,-0.00217,-0.00183,-0.00126,-0.000879,-0.00214,
2023-06-07 19:45:00,2023-06-07,19,-0.8968727415327216,0.4422886902189339,158,0.4137780976336921,-0.9103777709932525,-0.00274,-0.00241,-0.00103,-0.00121,-0.00216,
2023-06-07 20:00:00,2023-06-07,20,-0.8660254037844538,0.4999999999999737,158,0.4136149553051815,-0.9104519035884832,-0.0022299999999999,-0.00187,-0.000803,-0.000784,-0.0018,
2023-06-07 20:15:00,2023-06-07,20,-0.8314696123025372,0.5555702330196142,158,0.4134517996950561,-0.9105260069481372,-0.00252,-0.00208,-0.000717,-0.000765,-0.00165,
2023-06-07 20:30:00,2023-06-07,20,-0.7933533402912684,0.6087614290086774,158,0.4132886308085548,-0.910600081069835,-0.00232,-0.00197,-0.000785,-0.000609,-0.00172,
2023-06-07 20:45:00,2023-06-07,20,-0.7518398074789838,0.6593458151000615,158,0.4131254486509166,-0.9106741259511982,-0.00211,-0.0017,-0.000765,-0.000333,-0.00136,
2023-06-07 21:00:00,2023-06-07,21,-0.7071067811865227,0.7071067811865723,158,0.4129622532273824,-0.9107481415898488,-0.00219,-0.00185,-0.000841,-0.000497,-0.00173,
2023-06-07 21:15:00,2023-06-07,21,-0.6593458151001798,0.7518398074788801,158,0.412799044543192,-0.9108221279834102,-0.00214,-0.00181,-0.000913,-0.000703,-0.00178,
2023-06-07 21:30:00,2023-06-07,21,-0.6087614290088021,0.7933533402911725,158,0.4126358226035864,-0.9108960851295068,-0.00215,-0.00181,-0.000776,-0.000833,-0.00164,
2023-06-07 21:45:00,2023-06-07,21,-0.5555702330196505,0.831469612302513,158,0.4124725874138062,-0.9109700130257636,-0.00202,-0.00163,-0.000603,-0.000508,-0.00153,
2023-06-07 22:00:00,2023-06-07,22,-0.5000000000000114,0.866025403784432,158,0.412309338979094,-0.9110439116698068,-0.00208,-0.00163,-0.000569,-0.000401,-0.00147,
2023-06-07 22:15:00,2023-06-07,22,-0.4422886902190749,0.896872741532652,158,0.4121460773046915,-0.9111177810592632,-0.00228,-0.00182,-0.000772,-0.000501,-0.0018,
2023-06-07 22:30:00,2023-06-07,22,-0.3826834323651242,0.9238795325112724,158,0.4119828023958407,-0.911191621191761,-0.00242,-0.0019399999999999,-0.000755,-0.000707,-0.0018,
2023-06-07 22:45:00,2023-06-07,22,-0.3214394653031545,0.946930129495108,158,0.4118195142577854,-0.9112654320649288,-0.00241,-0.0019,-0.000741,-0.000547,-0.00165,
2023-06-07 23:00:00,2023-06-07,23,-0.2588190451025801,0.9659258262890524,158,0.4116562128957686,-0.911339213676397,-0.00247,-0.00188,-0.000651,-0.000547,-0.00174,
2023-06-07 23:15:00,2023-06-07,23,-0.1950903220161446,0.9807852804032272,158,0.411492898315034,-0.911412966023796,-0.00239,-0.00189,-0.000827,-0.000543,-0.00184,
2023-06-07 23:30:00,2023-06-07,23,-0.1305261922200237,0.991444861373814,158,0.4113295705208254,-0.9114866891047576,-0.00234,-0.00176,-0.000683,-0.00052,-0.00178,
2023-06-07 23:45:00,2023-06-07,23,-0.0654031292300703,0.9978589232386084,158,0.4111662295183883,-0.9115603829169148,-0.00225,-0.00173,-0.000596,-0.000535,-0.00166,
2023-06-08 00:00:00,2023-06-08,0,-1.0975311242906639e-13,1.0,159,0.4110028753129673,-0.9116340474579004,-0.00152,-0.000972,-0.000269,1.15e-05,-0.00126,
2023-06-08 00:15:00,2023-06-08,0,0.0654031292300782,0.9978589232386078,159,0.4108395079098074,-0.91170768272535,-0.0016899999999999,-0.0012,-0.000403,-0.000172,-0.00129,
2023-06-08 00:30:00,2023-06-08,0,0.1305261922200315,0.991444861373813,159,0.4106761273141555,-0.911781288716898,-0.0018,-0.00137,-0.000324,-0.000119,-0.00127,
2023-06-08 00:45:00,2023-06-08,0,0.1950903220160408,0.980785280403248,159,0.4105127335312574,-0.9118548654301816,-0.00158,-0.0012,-0.000489,-0.000141,-0.00129,
2023-06-08 01:00:00,2023-06-08,1,0.2588190451024779,0.9659258262890796,159,0.4103493265663598,-0.911928412862838,-0.00138,-0.00111,-0.000672,-0.000298,-0.0014399999999999,
2023-06-08 01:15:00,2023-06-08,1,0.321439465303162,0.9469301294951056,159,0.4101859064247096,-0.9120019310125058,-0.0016,-0.00133,-0.000665,-0.000409,-0.00129,
2023-06-08 01:30:00,2023-06-08,1,0.3826834323650265,0.9238795325113128,159,0.4100224731115551,-0.9120754198768236,-0.00162,-0.00135,-0.000503,-0.000336,-0.00116,
2023-06-08 01:45:00,2023-06-08,1,0.44228869021898,0.8968727415326988,159,0.4098590266321439,-0.912148879453432,-0.00182,-0.00152,-0.000427,-0.000252,-0.00108,
2023-06-08 02:00:00,2023-06-08,2,0.5000000000000182,0.866025403784428,159,0.4096955669917242,-0.912222309739972,-0.00281,-0.00262,-0.000731,-0.000887,-0.0013,
2023-06-08 02:15:00,2023-06-08,2,0.555570233019657,0.8314696123025086,159,0.4095320941955455,-0.912295710734086,0.000112,0.00034,-0.000658,0.000141,-0.00124,
2023-06-08 02:30:00,2023-06-08,2,0.6087614290086281,0.7933533402913062,159,0.4093686082488567,-0.9123690824334164,-0.00269,-0.00225,-0.000593,-0.000409,-0.00148,
2023-06-08 02:45:00,2023-06-08,2,0.6593458151000148,0.7518398074790248,159,0.4092051091569075,-0.9124424248356076,-0.00333,-0.00311,-0.00109,-0.0011899999999999,-0.00184,
2023-06-08 03:00:00,2023-06-08,3,0.7071067811865283,0.7071067811865668,159,0.4090415969249477,-0.9125157379383046,-0.000778,-0.000411,-0.000727,-0.000317,-0.00177,
2023-06-08 03:15:00,2023-06-08,3,0.751839807478914,0.6593458151001411,159,0.4088780715582286,-0.9125890217391528,-0.00275,-0.00249,-0.000803,-0.000959,-0.00147,
2023-06-08 03:30:00,2023-06-08,3,0.793353340291204,0.6087614290087614,159,0.4087145330620008,-0.9126622762357994,-0.00129,-0.00116,-0.000669,-0.000577,-0.00138,
2023-06-08 03:45:00,2023-06-08,3,0.8314696123025416,0.5555702330196076,159,0.4085509814415153,-0.912735501425892,0.000306,0.00061,0.00166,0.00141,0.0006,
2023-06-08 04:00:00,2023-06-08,4,0.866025403784401,0.5000000000000654,159,0.4083874167020251,-0.9128086973070788,0.00555,0.0057599999999999,0.0057599999999999,0.00547,0.00488,
2023-06-08 04:15:00,2023-06-08,4,0.8968727415326747,0.4422886902190288,159,0.4082238388487809,-0.9128818638770104,0.0148,0.0148,0.0143,0.0136,0.0136,
2023-06-08 04:30:00,2023-06-08,4,0.9238795325112922,0.3826834323650767,159,0.4080602478870364,-0.9129550011333364,0.0273,0.0273,0.0261999999999999,0.025,0.0256,
2023-06-08 04:45:00,2023-06-08,4,0.9469301294951246,0.3214394653031058,159,0.407896643822044,-0.9130281090737088,0.0366,0.0365,0.0353,0.0339,0.0347,
2023-06-08 05:00:00,2023-06-08,5,0.9659258262890362,0.2588190451026402,159,0.4077330266590581,-0.91310118769578,0.0458999999999999,0.148,0.0465,0.0479,0.0492,
2023-06-08 05:15:00,2023-06-08,5,0.980785280403215,0.1950903220162057,159,0.4075693964033319,-0.9131742369972028,0.0799,0.219,0.087,0.076,0.0773,
2023-06-08 05:30:00,2023-06-08,5,0.991444861373806,0.1305261922200854,159,0.4074057530601196,-0.9132472569756324,0.0657,0.239,0.0858,0.0584,0.0611,
2023-06-08 05:45:00,2023-06-08,5,0.9978589232385968,0.0654031292302459,159,0.4072420966346772,-0.9133202476287232,0.0624,0.284,0.131,0.0670999999999999,0.16,
2023-06-08 06:00:00,2023-06-08,6,1.0,5.829999642641648e-14,159,0.4070784271322581,-0.913393208954132,0.0691,0.335,0.181,0.0714,0.211,
2023-06-08 06:15:00,2023-06-08,6,0.9978589232386044,-0.0654031292301295,159,0.4069147445581192,-0.9134661409495156,0.0662,0.371,0.225,0.106,0.262,
2023-06-08 06:30:00,2023-06-08,6,0.9914448613738064,-0.1305261922200825,159,0.4067510489175157,-0.9135390436125326,0.0695,0.42,0.278,0.152,0.314,
2023-06-08 06:45:00,2023-06-08,6,0.9807852804032378,-0.1950903220160913,159,0.4065873402157049,-0.9136119169408412,0.0689,0.465,0.328,0.199,0.365,
2023-06-08 07:00:00,2023-06-08,7,0.9659258262890664,-0.2588190451025276,159,0.4064236184579431,-0.913684760932102,0.0696,0.513,0.382,0.25,0.421,
2023-06-08 07:15:00,2023-06-08,7,0.946930129495089,-0.3214394653032107,159,0.4062598836494874,-0.9137575755839756,0.0708,0.556,0.435,0.299,0.474,
2023-06-08 07:30:00,2023-06-08,7,0.9238795325113368,-0.382683432364969,159,0.4060961357955965,-0.9138303608941236,0.0725,0.604,0.491,0.352,0.53,
2023-06-08 07:45:00,2023-06-08,7,0.8968727415327263,-0.4422886902189242,159,0.405932374901527,-0.9139031168602098,0.0761,0.65,0.546,0.405,0.585,
2023-06-08 08:00:00,2023-06-08,8,0.8660254037844592,-0.4999999999999643,159,0.4057686009725387,-0.9139758434798968,0.0815,0.694,0.599,0.456,0.637,
2023-06-08 08:15:00,2023-06-08,8,0.8314696123026064,-0.5555702330195107,159,0.40560481401389,-0.9140485407508496,0.0965999999999999,0.741,0.65,0.506,0.689,
2023-06-08 08:30:00,2023-06-08,8,0.7933533402912749,-0.6087614290086688,159,0.40544101403084,-0.9141212086707344,0.111,0.762,0.688,0.546,0.723,
2023-06-08 08:45:00,2023-06-08,8,0.7518398074789909,-0.6593458151000534,159,0.4052772010286493,-0.9141938472372168,0.104,0.808,0.739,0.595,0.775,
2023-06-08 09:00:00,2023-06-08,9,0.7071067811865304,-0.7071067811865647,159,0.4051133750125772,-0.9142664564479652,0.113,0.798,0.747,0.609,0.78,
2023-06-08 09:15:00,2023-06-08,9,0.6593458151001025,-0.751839807478948,159,0.4049495359878857,-0.9143390363006472,0.0957,0.86,0.821,0.677,0.853,
2023-06-08 09:30:00,2023-06-08,9,0.6087614290087205,-0.7933533402912353,159,0.404785683959834,-0.9144115867929328,0.0959,0.885,0.854,0.711,0.888,
2023-06-08 09:45:00,2023-06-08,9,0.5555702330195649,-0.8314696123025702,159,0.404621818933685,-0.914484107922492,0.0912,0.903,0.876,0.736,0.91,
2023-06-08 10:00:00,2023-06-08,10,0.5000000000001192,-0.8660254037843698,159,0.4044579409147,-0.9145565996869964,0.0829,0.927,0.904,0.766,0.94,
2023-06-08 10:15:00,2023-06-08,10,0.4422886902190846,-0.8968727415326472,159,0.4042940499081411,-0.914629062084118,0.0820999999999999,0.943,0.925,0.789,0.961,
2023-06-08 10:30:00,2023-06-08,10,0.3826834323651342,-0.9238795325112684,159,0.4041301459192716,-0.91470149511153,0.0856,0.955,0.94,0.804,0.975,
2023-06-08 10:45:00,2023-06-08,10,0.3214394653031647,-0.9469301294951046,159,0.4039662289533539,-0.9147738987669064,0.0861,0.963,0.951,0.82,0.988,
2023-06-08 11:00:00,2023-06-08,11,0.2588190451025906,-0.9659258262890495,159,0.4038022990156528,-0.914846273047922,0.0855,0.976,0.964,0.835,1.0,
2023-06-08 11:15:00,2023-06-08,11,0.1950903220161552,-0.9807852804032252,159,0.4036383561114307,-0.9149186179522536,0.0861,0.979,0.967,0.843,1.01,
2023-06-08 11:30:00,2023-06-08,11,0.1305261922200344,-0.9914448613738128,159,0.403474400245953,-0.9149909334775774,0.0855,0.98,0.966,0.847,1.01,
2023-06-08 11:45:00,2023-06-08,11,0.0654031292301945,-0.9978589232386,159,0.4033104314244842,-0.9150632196215714,0.0864,0.98,0.963,0.848,1.0,
2023-06-08 12:00:00,2023-06-08,12,6.846880423766587e-15,-1.0,159,0.4031464496522892,-0.9151354763819148,0.0905,0.973,0.954,0.843,0.997,
2023-06-08 12:15:00,2023-06-08,12,-0.0654031292301809,-0.997858923238601,159,0.4029824549346343,-0.9152077037562868,0.0927,0.963,0.939,0.833,0.983,
2023-06-08 12:30:00,2023-06-08,12,-0.1305261922199081,-0.9914448613738291,159,0.4028184472767853,-0.9152799017423684,0.0873,0.949,0.92,0.819,0.965,
2023-06-08 12:45:00,2023-06-08,12,-0.1950903220160303,-0.98078528040325,159,0.4026544266840084,-0.9153520703378414,0.0923,0.935,0.9,0.804,0.946,
2023-06-08 13:00:00,2023-06-08,13,-0.2588190451024675,-0.9659258262890824,159,0.4024903931615704,-0.9154242095403882,0.114,0.877,0.84,0.754,0.883,
2023-06-08 13:15:00,2023-06-08,13,-0.3214394653031518,-0.946930129495109,159,0.4023263467147391,-0.9154963193476922,0.101,0.888,0.837,0.752,0.884,
2023-06-08 13:30:00,2023-06-08,13,-0.3826834323650165,-0.923879532511317,159,0.402162287348782,-0.915568399757438,0.1,0.86,0.803,0.722,0.851,
2023-06-08 13:45:00,2023-06-08,13,-0.4422886902189704,-0.8968727415327036,159,0.4019982150689667,-0.9156404507673112,0.104,0.826,0.758,0.684,0.807,
2023-06-08 14:00:00,2023-06-08,14,-0.5000000000000089,-0.8660254037844335,159,0.4018341298805626,-0.9157124723749978,0.101,0.802,0.722,0.653,0.773,
2023-06-08 14:15:00,2023-06-08,14,-0.5555702330195535,-0.8314696123025778,159,0.4016700317888382,-0.9157844645781854,0.109,0.762,0.674,0.61,0.725,
2023-06-08 14:30:00,2023-06-08,14,-0.6087614290087097,-0.7933533402912436,159,0.401505920799063,-0.915856427374562,0.114,0.712,0.618,0.56,0.67,
2023-06-08 14:45:00,2023-06-08,14,-0.6593458151000922,-0.751839807478957,159,0.4013417969165062,-0.9159283607618174,0.117,0.701,0.591,0.537,0.647,
2023-06-08 15:00:00,2023-06-08,15,-0.7071067811864403,-0.7071067811866547,159,0.4011776601464392,-0.9160002647376408,0.137,0.615,0.504,0.457,0.556,
2023-06-08 15:15:00,2023-06-08,15,-0.7518398074789069,-0.6593458151001492,159,0.4010135104941312,-0.9160721392997242,0.135,0.631,0.486,0.437,0.545,
2023-06-08 15:30:00,2023-06-08,15,-0.7933533402911973,-0.60876142900877,159,0.4008493479648538,-0.9161439844457592,0.132,0.565,0.408,0.365,0.466,
2023-06-08 15:45:00,2023-06-08,15,-0.8314696123025356,-0.5555702330196166,159,0.400685172563879,-0.9162158001734388,0.103,0.522,0.359,0.321,0.418,
2023-06-08 16:00:00,2023-06-08,16,-0.8660254037843955,-0.5000000000000747,159,0.4005209842964781,-0.9162875864804566,0.0901,0.487,0.317,0.282,0.376,
2023-06-08 16:15:00,2023-06-08,16,-0.8968727415326699,-0.4422886902190384,159,0.4003567831679235,-0.916359343364508,0.0805999999999999,0.429,0.257,0.228,0.316,
2023-06-08 16:30:00,2023-06-08,16,-0.923879532511288,-0.3826834323650867,159,0.4001925691834873,-0.9164310708232888,0.0845,0.367,0.199,0.177,0.254,
2023-06-08 16:45:00,2023-06-08,16,-0.9469301294950846,-0.3214394653032237,159,0.400028342348444,-0.9165027688544952,0.0842,0.322,0.153,0.134,0.205,
2023-06-08 17:00:00,2023-06-08,17,-0.9659258262890628,-0.2588190451025409,159,0.3998641026680653,-0.9165744374558256,0.0824,0.257,0.105,0.0885,0.148,
2023-06-08 17:15:00,2023-06-08,17,-0.9807852804032352,-0.1950903220161047,159,0.399699850147626,-0.916646076624978,0.0820999999999999,0.196,0.0798,0.0717,0.103,
2023-06-08 17:30:00,2023-06-08,17,-0.9914448613738194,-0.1305261922199834,159,0.3995355847924009,-0.9167176863596525,0.0798,0.148,0.0686,0.0627,0.0734,
2023-06-08 17:45:00,2023-06-08,17,-0.997858923238596,-0.0654031292302566,159,0.3993713066076642,-0.9167892666575492,0.0702,0.0989,0.054,0.0496,0.0562999999999999,
2023-06-08 18:00:00,2023-06-08,18,-1.0,-6.908060214273273e-14,159,0.3992070155986911,-0.91686081751637,0.0597,0.0721,0.0435,0.0401,0.0455,
2023-06-08 18:15:00,2023-06-08,18,-0.9978589232386053,0.0654031292301188,159,0.3990427117707568,-0.9169323389338172,0.0458999999999999,0.046,0.0336,0.031,0.0341,
2023-06-08 18:30:00,2023-06-08,18,-0.9914448613738226,0.1305261922199591,159,0.3988783951291384,-0.917003830907594,0.025,0.0252,0.0181,0.0167,0.0178,
2023-06-08 18:45:00,2023-06-08,18,-0.98078528040324,0.1950903220160807,159,0.3987140656791107,-0.9170752934354048,0.00736,0.00765,0.00605,0.00528,0.0050599999999999,
2023-06-08 19:00:00,2023-06-08,19,-0.9659258262890692,0.2588190451025172,159,0.3985497234259513,-0.917146726514955,-0.000306,-0.000149,0.000214,-0.000199,-0.0011,
2023-06-08 19:15:00,2023-06-08,19,-0.946930129495129,0.3214394653030928,159,0.3983853683749382,-0.9172181301439504,-0.00268,-0.00235,-0.00123,-0.00129,-0.00257,
2023-06-08 19:30:00,2023-06-08,19,-0.9238795325112974,0.3826834323650641,159,0.3982210005313474,-0.9172895043200988,-0.00277,-0.0024,-0.00114,-0.00113,-0.00227,
2023-06-08 19:45:00,2023-06-08,19,-0.8968727415326808,0.4422886902190165,159,0.3980566199004582,-0.9173608490411076,-0.00279,-0.00235,-0.00103,-0.000963,-0.00196,
2023-06-08 20:00:00,2023-06-08,20,-0.8660254037844077,0.5000000000000535,159,0.3978922264875482,-0.9174321643046868,-0.00254,-0.00212,-0.000755,-0.000466,-0.00129,
2023-06-08 20:15:00,2023-06-08,20,-0.8314696123026124,0.5555702330195017,159,0.3977278202978975,-0.9175034501085452,-0.0024,-0.00207,-0.000882,-0.000463,-0.00155,
2023-06-08 20:30:00,2023-06-08,20,-0.7933533402912815,0.6087614290086603,159,0.3975634013367836,-0.9175747064503944,-0.00259,-0.00219,-0.00132,-0.00109,-0.00243,
2023-06-08 20:45:00,2023-06-08,20,-0.751839807478998,0.6593458151000453,159,0.397398969609487,-0.9176459333279464,-0.00239,-0.0019,-0.0011,-0.000883,-0.00213,
2023-06-08 21:00:00,2023-06-08,21,-0.7071067811866184,0.7071067811864766,159,0.3972345251212887,-0.9177171307389136,-0.000505,-9.57e-05,-0.00106,-0.000275,-0.00231,
2023-06-08 21:15:00,2023-06-08,21,-0.6593458151001106,0.7518398074789409,159,0.3970700678774675,-0.9177882986810104,-0.00191,-0.00128,-0.000714,-0.00042,-0.00171,
2023-06-08 21:30:00,2023-06-08,21,-0.6087614290087291,0.7933533402912287,159,0.3969055978833056,-0.9178594371519508,-0.00242,-0.00199,-0.0007,-0.000573,-0.00175,
2023-06-08 21:45:00,2023-06-08,21,-0.5555702330195739,0.8314696123025642,159,0.3967411151440833,-0.9179305461494508,-0.00317,-0.00276,-0.000693,-0.000948,-0.0018,
2023-06-08 22:00:00,2023-06-08,22,-0.5000000000000301,0.8660254037844213,159,0.3965766196650837,-0.918001625671227,-0.00224,-0.00176,-0.000507,-0.000409,-0.00162,
2023-06-08 22:15:00,2023-06-08,22,-0.4422886902189923,0.8968727415326927,159,0.3964121114515873,-0.9180726757149972,-0.00176,-0.00132,-0.000472,-0.000317,-0.0015,
2023-06-08 22:30:00,2023-06-08,22,-0.3826834323650391,0.9238795325113076,159,0.3962475905088773,-0.9181436962784796,-0.00262,-0.00206,-0.000558,-0.000501,-0.00156,
2023-06-08 22:45:00,2023-06-08,22,-0.3214394653032826,0.9469301294950646,159,0.3960830568422376,-0.9182146873593936,-0.0033599999999999,-0.00307,-0.00101,-0.00107,-0.00218,
2023-06-08 23:00:00,2023-06-08,23,-0.2588190451026009,0.9659258262890468,159,0.3959185104569499,-0.9182856489554598,-0.00268,-0.00226,-0.000969,-0.000982,-0.0020299999999999,
2023-06-08 23:15:00,2023-06-08,23,-0.1950903220161658,0.980785280403223,159,0.3957539513582991,-0.9183565810643995,-0.0023,-0.00182,-0.000662,-0.000562,-0.0016899999999999,
2023-06-08 23:30:00,2023-06-08,23,-0.1305261922201578,0.9914448613737964,159,0.3955893795515691,-0.9184274836839348,-0.00163,-0.00108,-0.000552,-0.000183,-0.00155,
2023-06-08 23:45:00,2023-06-08,23,-0.0654031292302053,0.9978589232385994,159,0.3954247950420443,-0.9184983568117894,-0.0025099999999999,-0.00195,-0.000558,-0.000577,-0.00173,
2023-07-01 00:00:00,2023-07-01,0,-3.722678677153319e-14,1.0,182,0.0278863867627654,-0.9996110990947016,-0.0016699999999999,-0.00129,-0.00106,-0.000738,-0.00126,
2023-07-01 00:15:00,2023-07-01,0,0.0654031292301506,0.997858923238603,182,0.0277072604107522,-0.9996160801630448,-0.00221,-0.00189,-0.00112,-0.000979,-0.00137,
2023-07-01 00:30:00,2023-07-01,0,0.130526192219878,0.9914448613738333,182,0.0275281331690295,-0.9996210291326548,-0.00173,-0.00137,-0.00116,-0.00081,-0.0013,
2023-07-01 00:45:00,2023-07-01,0,0.1950903220160005,0.980785280403256,182,0.0273490050433488,-0.9996259460033732,-0.00215,-0.00178,-0.00122,-0.000952,-0.00133,
2023-07-01 01:00:00,2023-07-01,1,0.2588190451024382,0.9659258262890904,182,0.027169876039463,-0.9996308307750418,-0.00208,-0.00171,-0.00127,-0.000963,-0.00159,
2023-07-01 01:15:00,2023-07-01,1,0.321439465303123,0.9469301294951188,182,0.0269907461631237,-0.9996356834475038,-0.0017,-0.00125,-0.0011799999999999,-0.000761,-0.00129,
2023-07-01 01:30:00,2023-07-01,1,0.3826834323650935,0.9238795325112852,182,0.0268116154200828,-0.9996405040206032,-0.00187,-0.0015,-0.00127,-0.000975,-0.00152,
2023-07-01 01:45:00,2023-07-01,1,0.4422886902190451,0.8968727415326667,182,0.0266324838160921,-0.9996452924941854,-0.00215,-0.00173,-0.00122,-0.00094,-0.00153,
2023-07-01 02:00:00,2023-07-01,2,0.500000000000081,0.8660254037843919,182,0.0264533513569045,-0.9996500488680968,-0.0027,-0.00219,-0.00138,-0.00117,-0.00158,
2023-07-01 02:15:00,2023-07-01,2,0.5555702330195282,0.8314696123025946,182,0.0262742180482717,-0.9996547731421842,-0.00235,-0.0019199999999999,-0.00147,-0.00111,-0.00179,
2023-07-01 02:30:00,2023-07-01,2,0.6087614290086856,0.793353340291262,182,0.0260950838959455,-0.9996594653162963,-0.00277,-0.00229,-0.00152,-0.00122,-0.00186,
2023-07-01 02:45:00,2023-07-01,2,0.6593458151000693,0.751839807478977,182,0.0259159489056789,-0.9996641253902824,-0.00237,-0.00189,-0.00137,-0.00101,-0.0016899999999999,
2023-07-01 03:00:00,2023-07-01,3,0.7071067811864188,0.7071067811866762,182,0.0257368130832236,-0.9996687533639926,-0.00215,-0.0016799999999999,-0.00155,-0.00101,-0.0017,
2023-07-01 03:15:00,2023-07-01,3,0.7518398074788869,0.6593458151001721,182,0.025557676434332,-0.9996733492372786,-0.00274,-0.00233,-0.00159,-0.00139,-0.00197,
2023-07-01 03:30:00,2023-07-01,3,0.7933533402911789,0.608761429008794,182,0.0253785389647558,-0.9996779130099926,-0.00237,-0.0019199999999999,-0.0015,-0.00115,-0.0016899999999999,
2023-07-01 03:45:00,2023-07-01,3,0.8314696123025187,0.5555702330196419,182,0.0251994006802483,-0.9996824446819882,-0.0014,-0.000926,-0.000165,-0.00031,-0.000647,
2023-07-01 04:00:00,2023-07-01,4,0.8660254037844372,0.5000000000000026,182,0.0250202615865613,-0.9996869442531195,0.00283,0.00332,0.0032,0.00297,0.00296,
2023-07-01 04:15:00,2023-07-01,4,0.8968727415327068,0.4422886902189637,182,0.0248411216894466,-0.9996914117232428,0.0107,0.011,0.0105,0.00991,0.0106,
2023-07-01 04:30:00,2023-07-01,4,0.92387953251132,0.3826834323650097,182,0.0246619809946577,-0.999695847092214,0.0376,0.0375,0.0316,0.0293,0.0322999999999999,
2023-07-01 04:45:00,2023-07-01,4,0.9469301294950748,0.3214394653032524,182,0.0244828395079464,-0.9997002503598909,0.0472999999999999,0.0469,0.0411,0.0377,0.042,
2023-07-01 05:00:00,2023-07-01,5,0.965925826289055,0.2588190451025702,182,0.0243036972350651,-0.9997046215261316,0.0679,0.102,0.0555,0.0507,0.0581,
2023-07-01 05:15:00,2023-07-01,5,0.9807852804032292,0.1950903220161345,182,0.0241245541817659,-0.9997089605907966,0.0479,0.107,0.0509,0.0477,0.0472,
2023-07-01 05:30:00,2023-07-01,5,0.9914448613737856,0.1305261922202389,182,0.023945410353802,-0.999713267553746,0.123,0.16,0.105,0.0892999999999999,0.106,
2023-07-01 05:45:00,2023-07-01,5,0.997858923238594,0.0654031292302869,182,0.0237662657569257,-0.999717542414842,0.0924,0.0914,0.0828,0.0762,0.0843,
2023-07-01 06:00:00,2023-07-01,6,1.0,9.946050849049933e-14,182,0.0235871203968889,-0.9997217851739466,0.17,0.339,0.204,0.124,0.232,
2023-07-01 06:15:00,2023-07-01,6,0.997858923238607,-0.0654031292300885,182,0.0234079742794451,-0.999725995830924,0.0835,0.0825,0.0940999999999999,0.0895,0.0924,
2023-07-01 06:30:00,2023-07-01,6,0.9914448613738116,-0.1305261922200417,182,0.0232288274103463,-0.999730174385639,0.106,0.105,0.116,0.108,0.116,
2023-07-01 06:45:00,2023-07-01,6,0.9807852804032235,-0.1950903220161624,182,0.0230496797953453,-0.9997343208379574,0.24,0.389,0.288,0.207,0.316,
2023-07-01 07:00:00,2023-07-01,7,0.9659258262890476,-0.2588190451025977,182,0.0228705314401942,-0.999738435187746,0.151,0.149,0.123,0.108,0.128,
2023-07-01 07:15:00,2023-07-01,7,0.9469301294951388,-0.3214394653030641,182,0.0226913823506465,-0.9997425174348727,0.151,0.55,0.426,0.298,0.462,
2023-07-01 07:30:00,2023-07-01,7,0.923879532511309,-0.382683432365036,182,0.0225122325324544,-0.9997465675792064,0.225,0.664,0.523,0.378,0.568,
2023-07-01 07:45:00,2023-07-01,7,0.8968727415326943,-0.4422886902189892,182,0.0223330819913702,-0.999750585620617,0.18,0.662,0.536,0.397,0.578,
2023-07-01 08:00:00,2023-07-01,8,0.8660254037844229,-0.5000000000000272,182,0.0221539307331475,-0.9997545715589756,0.16,0.682,0.576,0.438,0.613,
2023-07-01 08:15:00,2023-07-01,8,0.8314696123026293,-0.5555702330194765,182,0.0219747787635386,-0.999758525394154,0.153,0.72,0.627,0.488,0.663,
2023-07-01 08:30:00,2023-07-01,8,0.7933533402913,-0.6087614290086362,182,0.0217956260882962,-0.9997624471260256,0.166,0.766,0.675,0.534,0.71,
2023-07-01 08:45:00,2023-07-01,8,0.751839807479018,-0.6593458151000225,182,0.0216164727131727,-0.999766336754464,0.172,0.805,0.721,0.577,0.757,
2023-07-01 09:00:00,2023-07-01,9,0.7071067811865595,-0.7071067811865356,182,0.0214373186439217,-0.9997701942793448,0.155,0.831,0.764,0.619,0.798,
2023-07-01 09:15:00,2023-07-01,9,0.6593458151000479,-0.7518398074789958,182,0.0212581638862957,-0.9997740197005438,0.155,0.863,0.801,0.654,0.836,
2023-07-01 09:30:00,2023-07-01,9,0.608761429008663,-0.7933533402912794,182,0.0210790084460471,-0.9997778130179382,0.175,0.91,0.848,0.699,0.885,
2023-07-01 09:45:00,2023-07-01,9,0.5555702330196937,-0.8314696123024842,182,0.02089985232893,-0.9997815742314062,0.223,0.968,0.882,0.733,0.932,
2023-07-01 10:00:00,2023-07-01,10,0.5000000000000564,-0.8660254037844061,182,0.0207206955406956,-0.9997853033408272,0.276,1.01,0.903,0.772,0.975,
2023-07-01 10:15:00,2023-07-01,10,0.4422886902190195,-0.8968727415326793,182,0.0205415380870982,-0.9997890003460812,0.363,0.9,0.808,0.713,0.89,
2023-07-01 10:30:00,2023-07-01,10,0.3826834323650672,-0.923879532511296,182,0.0203623799738897,-0.9997926652470496,0.263,0.262,0.239,0.211,0.251,
2023-07-01 10:45:00,2023-07-01,10,0.3214394653033114,-0.9469301294950548,182,0.020183221206824,-0.9997962980436148,0.188,0.187,0.185,0.167,0.19,
2023-07-01 11:00:00,2023-07-01,11,0.2588190451026303,-0.9659258262890388,182,0.0200040617916536,-0.99979989873566,0.279,0.421,0.394,0.361,0.429,
2023-07-01 11:15:00,2023-07-01,11,0.1950903220161956,-0.9807852804032172,182,0.0198249017341312,-0.9998034673230696,0.333,1.07,0.955,0.871,1.07,
2023-07-01 11:30:00,2023-07-01,11,0.1305261922200752,-0.9914448613738072,182,0.0196457410400111,-0.999807003805729,0.356,0.663,0.591,0.524,0.636,
2023-07-01 11:45:00,2023-07-01,11,0.0654031292301222,-0.9978589232386048,182,0.0194665797150444,-0.9998105081835248,0.337,0.716,0.676,0.597,0.708,
2023-07-01 12:00:00,2023-07-01,12,-6.567944523376662e-14,-1.0,182,0.0192874177649857,-0.9998139804563442,0.332,0.993,0.935,0.819,0.987,
2023-07-01 12:15:00,2023-07-01,12,-0.0654031292300264,-0.9978589232386113,182,0.0191082551955875,-0.999817420624076,0.327,0.323,0.314,0.284,0.325,
2023-07-01 12:30:00,2023-07-01,12,-0.13052619221998,-0.9914448613738198,182,0.0189290920126026,-0.9998208286866096,0.41,0.892,0.833,0.732,0.885,
2023-07-01 12:45:00,2023-07-01,12,-0.1950903220161014,-0.9807852804032358,182,0.0187499282217848,-0.9998242046438354,0.37,0.565,0.517,0.453,0.547,
2023-07-01 13:00:00,2023-07-01,13,-0.2588190451025375,-0.9659258262890638,182,0.0185707638288865,-0.9998275484956451,0.194,0.959,0.901,0.799,0.953,
2023-07-01 13:15:00,2023-07-01,13,-0.3214394653030051,-0.9469301294951588,182,0.0183915988396622,-0.9998308602419316,0.184,0.922,0.857,0.762,0.909,
2023-07-01 13:30:00,2023-07-01,13,-0.3826834323649785,-0.9238795325113328,182,0.0182124332598632,-0.9998341398825884,0.189,0.906,0.831,0.743,0.884,
2023-07-01 13:45:00,2023-07-01,13,-0.4422886902189334,-0.8968727415327218,182,0.0180332670952441,-0.9998373874175098,0.202,0.879,0.801,0.72,0.854,
2023-07-01 14:00:00,2023-07-01,14,-0.4999999999999733,-0.866025403784454,182,0.0178541003515577,-0.999840602846592,0.189,0.835,0.745,0.673,0.798,
2023-07-01 14:15:00,2023-07-01,14,-0.5555702330196138,-0.8314696123025375,182,0.0176749330345568,-0.9998437861697316,0.185,0.779,0.701,0.637,0.752,
2023-07-01 14:30:00,2023-07-01,14,-0.6087614290087672,-0.7933533402911994,182,0.0174957651499954,-0.9998469373868264,0.212,0.794,0.672,0.607,0.731,
2023-07-01 14:45:00,2023-07-01,14,-0.6593458151001467,-0.7518398074789092,182,0.017316596703626,-0.999850056497775,0.156,0.709,0.597,0.543,0.652,
2023-07-01 15:00:00,2023-07-01,15,-0.7071067811864916,-0.7071067811866035,182,0.0171374277012032,-0.9998531435024776,0.156,0.658,0.544,0.496,0.598,
2023-07-01 15:15:00,2023-07-01,15,-0.7518398074789547,-0.6593458151000947,182,0.0169582581484785,-0.9998561984008348,0.157,0.604,0.485,0.442,0.539,
2023-07-01 15:30:00,2023-07-01,15,-0.7933533402912415,-0.6087614290087123,182,0.0167790880512066,-0.9998592211927486,0.145,0.501,0.389,0.354,0.438,
2023-07-01 15:45:00,2023-07-01,15,-0.8314696123024495,-0.5555702330197454,182,0.0165999174151403,-0.999862211878122,0.133,0.474,0.343,0.314,0.394,
2023-07-01 16:00:00,2023-07-01,16,-0.866025403784375,-0.5000000000001104,182,0.0164207462460327,-0.9998651704568589,0.127,0.472,0.317,0.288,0.374,
2023-07-01 16:15:00,2023-07-01,16,-0.8968727415326517,-0.4422886902190753,182,0.0162415745496379,-0.999868096928864,0.126,0.402,0.253,0.228,0.305,
2023-07-01 16:30:00,2023-07-01,16,-0.9238795325112724,-0.3826834323651247,182,0.016062402331709,-0.999870991294044,0.122,0.366,0.212,0.189,0.261,
2023-07-01 16:45:00,2023-07-01,16,-0.946930129495108,-0.321439465303155,182,0.0158832295979992,-0.9998738535523056,0.112,0.315,0.168,0.148,0.208,
2023-07-01 17:00:00,2023-07-01,17,-0.9659258262890816,-0.2588190451024708,182,0.0157040563542617,-0.9998766837035566,0.0974,0.265,0.124,0.107,0.159,
2023-07-01 17:15:00,2023-07-01,17,-0.9807852804032492,-0.1950903220160336,182,0.0155248826062507,-0.9998794817477064,0.0862,0.236,0.0892,0.0782,0.126,
2023-07-01 17:30:00,2023-07-01,17,-0.9914448613737992,-0.1305261922201369,182,0.0153457083597192,-0.9998822476846654,0.0739,0.169,0.0684,0.0617999999999999,0.0794,
2023-07-01 17:45:00,2023-07-01,17,-0.9978589232386008,-0.0654031292301843,182,0.0151665336204203,-0.9998849815143444,0.045,0.0443,0.0406,0.0384,0.0396,
2023-07-01 18:00:00,2023-07-01,18,-1.0,3.445723514800475e-15,182,0.0149873583941084,-0.9998876832366556,0.0458999999999999,0.0768,0.0442,0.0424,0.045,
2023-07-01 18:15:00,2023-07-01,18,-0.9978589232386152,0.0654031292299643,182,0.0148081826865365,-0.9998903528515124,0.0501,0.0499,0.0389,0.0368,0.0407,
2023-07-01 18:30:00,2023-07-01,18,-0.991444861373828,0.1305261922199183,182,0.0146290065034581,-0.9998929903588292,0.0339,0.0337,0.0255,0.0231,0.0263,
2023-07-01 18:45:00,2023-07-01,18,-0.980785280403248,0.1950903220160404,182,0.0144498298506264,-0.9998955957585212,0.0123,0.0124,0.0105,0.00958,0.0097899999999999,
2023-07-01 19:00:00,2023-07-01,19,-0.96592582628908,0.2588190451024774,182,0.0142706527337957,-0.9998981690505044,0.0020299999999999,0.00228,0.00263,0.00224,0.0017,
2023-07-01 19:15:00,2023-07-01,19,-0.9469301294951056,0.3214394653031615,182,0.0140914751587193,-0.9999007102346968,-0.0021,-0.0016,-0.0008,-0.000837,-0.0019,
2023-07-01 19:30:00,2023-07-01,19,-0.9238795325112696,0.3826834323651311,182,0.0139122971311502,-0.9999032193110164,-0.00359,-0.0031,-0.0014199999999999,-0.00135,-0.00269,
2023-07-01 19:45:00,2023-07-01,19,-0.8968727415326487,0.4422886902190815,182,0.0137331186568429,-0.9999056962793826,-0.0028599999999999,-0.00249,-0.00122,-0.0011899999999999,-0.00227,
2023-07-01 20:00:00,2023-07-01,20,-0.8660254037844852,0.4999999999999194,182,0.0135539397415506,-0.9999081411397162,-0.00272,-0.00232,-0.000924,-0.000845,-0.00189,
2023-07-01 20:15:00,2023-07-01,20,-0.8314696123025721,0.5555702330195621,182,0.0133747603910269,-0.9999105538919382,-0.00237,-0.00198,-0.000827,-0.000696,-0.00172,
2023-07-01 20:30:00,2023-07-01,20,-0.7933533402912373,0.6087614290087179,182,0.013195580611025,-0.9999129345359714,-0.00187,-0.00151,-0.000624,-0.000336,-0.00129,
2023-07-01 20:45:00,2023-07-01,20,-0.7518398074791002,0.659345815099929,182,0.0130164004072999,-0.9999152830717396,-0.00183,-0.00151,-0.000489,-0.000164,-0.0011,
2023-07-01 21:00:00,2023-07-01,21,-0.7071067811866475,0.7071067811864475,182,0.0128372197856035,-0.9999175994991668,-0.00182,-0.00141,-0.000731,-0.00026,-0.0013,
2023-07-01 21:15:00,2023-07-01,21,-0.6593458151001415,0.7518398074789138,182,0.0126580387516903,-0.9999198838181792,-0.000653,-0.00027,-0.000576,1.15e-05,-0.00104,
2023-07-01 21:30:00,2023-07-01,21,-0.6087614290087617,0.7933533402912036,182,0.0124788573113145,-0.999922136028703,-0.00346,-0.0031,-0.000538,-0.00042,-0.00125,
2023-07-01 21:45:00,2023-07-01,21,-0.5555702330196081,0.8314696123025413,182,0.0122996754702294,-0.999924356130666,-0.000232,-3.55e-06,-0.000414,-3.44e-05,-0.000677,
2023-07-01 22:00:00,2023-07-01,22,-0.4999999999999673,0.8660254037844575,182,0.0121204932341887,-0.9999265441239972,-0.00115,-0.00103,-0.000338,-0.000279,-0.000488,
2023-07-01 22:15:00,2023-07-01,22,-0.4422886902189272,0.8968727415327248,182,0.0119413106089456,-0.999928700008626,-0.0033599999999999,-0.00325,-0.000772,-0.00129,-0.000814,
2023-07-01 22:30:00,2023-07-01,22,-0.3826834323651822,0.9238795325112484,182,0.0117621276002552,-0.9999308237844832,-0.00373,-0.00361,-0.000934,-0.00148,-0.00109,
2023-07-01 22:45:00,2023-07-01,22,-0.3214394653032139,0.946930129495088,182,0.0115829442138696,-0.9999329154515008,-0.00361,-0.00318,-0.000751,-0.00113,-0.00107,
2023-07-01 23:00:00,2023-07-01,23,-0.2588190451025309,0.9659258262890656,182,0.0114037604555433,-0.9999349750096116,-0.000608,-0.000241,-0.000965,-0.00078,-0.00129,
2023-07-01 23:15:00,2023-07-01,23,-0.1950903220163176,0.9807852804031928,182,0.0112245763310311,-0.9999370024587492,-0.0022,-0.0019,-0.000955,-0.0011,-0.00129,
2023-07-01 23:30:00,2023-07-01,23,-0.1305261922201986,0.9914448613737912,182,0.0110453918460849,-0.999938997798849,-0.00211,-0.0019,-0.00102,-0.00126,-0.00122,
2023-07-01 23:45:00,2023-07-01,23,-0.0654031292302464,0.9978589232385968,182,0.01086620700646,-0.9999409610298464,-0.00189,-0.00164,-0.000913,-0.000975,-0.000968,
2023-07-02 00:00:00,2023-07-02,0,-5.878799820416566e-14,1.0,183,0.0106870218179091,-0.9999428921516786,-0.00316,-0.00291,-0.000865,-0.00101,-0.00129,
2023-07-02 00:15:00,2023-07-02,0,0.065403129230129,0.9978589232386044,183,0.0105078362861875,-0.9999447911642836,-0.00249,-0.00234,-0.000917,-0.00106,-0.0013,
2023-07-02 00:30:00,2023-07-02,0,0.1305261922200821,0.9914448613738064,183,0.0103286504170473,-0.9999466580676004,-0.00228,-0.00198,-0.000893,-0.000807,-0.00129,
2023-07-02 00:45:00,2023-07-02,0,0.1950903220162023,0.9807852804032156,183,0.0101494642162431,-0.999948492861569,-0.00185,-0.00172,-0.0009,-0.000761,-0.00129,
2023-07-02 01:00:00,2023-07-02,1,0.2588190451024174,0.965925826289096,183,0.0099702776895298,-0.9999502955461304,-0.00178,-0.00154,-0.00082,-0.000512,-0.00123,
2023-07-02 01:15:00,2023-07-02,1,0.3214394653031026,0.9469301294951256,183,0.0097910908426594,-0.999952066121227,-0.00166,-0.0014399999999999,-0.0007,-0.00042,-0.00111,
2023-07-02 01:30:00,2023-07-02,1,0.3826834323650736,0.9238795325112934,183,0.0096119036813871,-0.9999538045868016,-0.0019399999999999,-0.00172,-0.000834,-0.000577,-0.0014199999999999,
2023-07-02 01:45:00,2023-07-02,1,0.4422886902190257,0.8968727415326763,183,0.0094327162114659,-0.9999555109427988,-0.00185,-0.00153,-0.000762,-0.000443,-0.00122,
2023-07-02 02:00:00,2023-07-02,2,0.4999999999998655,0.8660254037845163,183,0.0092535284386511,-0.9999571851891637,-0.00158,-0.0013,-0.000634,-0.000329,-0.000865,
2023-07-02 02:15:00,2023-07-02,2,0.5555702330195104,0.8314696123026066,183,0.0090743403686948,-0.999958827325842,-0.00214,-0.00183,-0.000779,-0.000539,-0.0013,
2023-07-02 02:30:00,2023-07-02,2,0.6087614290086685,0.7933533402912752,183,0.0088951520073518,-0.9999604373527816,-0.0020299999999999,-0.00174,-0.000782,-0.000512,-0.00136,
2023-07-02 02:45:00,2023-07-02,2,0.6593458151000531,0.7518398074789913,183,0.0087159633603769,-0.9999620152699304,-0.00184,-0.00163,-0.000834,-0.000623,-0.00133,
2023-07-02 03:00:00,2023-07-02,3,0.7071067811865643,0.7071067811865307,183,0.0085367744335223,-0.999963561077238,-0.00187,-0.00157,-0.000679,-0.000321,-0.00109,
2023-07-02 03:15:00,2023-07-02,3,0.7518398074790226,0.6593458151000173,183,0.0083575852325433,-0.9999650747746548,-0.0019,-0.00165,-0.000779,-0.000589,-0.00129,
2023-07-02 03:30:00,2023-07-02,3,0.7933533402911658,0.6087614290088111,183,0.0081783957631933,-0.9999665563621318,-0.00163,-0.00136,-0.000538,-0.00034,-0.00101,
2023-07-02 03:45:00,2023-07-02,3,0.8314696123025067,0.5555702330196598,183,0.0079992060312263,-0.999968005839622,-0.000223,3.9e-05,0.000824,0.000818,0.000463,
2023-07-02 04:00:00,2023-07-02,4,0.8660254037844264,0.5000000000000212,183,0.007820016042396,-0.9999694232070782,0.00474,0.00484,0.00533,0.0050599999999999,0.0048499999999999,
2023-07-02 04:15:00,2023-07-02,4,0.8968727415326972,0.4422886902189831,183,0.0076408258024566,-0.9999708084644554,0.0119,0.0119,0.0114,0.0105,0.0111,
2023-07-02 04:30:00,2023-07-02,4,0.9238795325112248,0.3826834323652397,183,0.007461635317163,-0.9999721616117088,0.0184,0.0182,0.018,0.0169,0.018,
2023-07-02 04:45:00,2023-07-02,4,0.946930129495068,0.3214394653032729,183,0.0072824445922676,-0.9999734826487952,0.0245,0.0241,0.024,0.0231,0.0252,
2023-07-02 05:00:00,2023-07-02,5,0.9659258262890494,0.258819045102591,183,0.0071032536335256,-0.9999747715756722,0.0418,0.0414,0.0361,0.0329,0.0378999999999999,
2023-07-02 05:15:00,2023-07-02,5,0.980785280403225,0.1950903220161557,183,0.0069240624466906,-0.9999760283922982,0.0615,0.0616,0.0491,0.0436,0.0508,
2023-07-02 05:30:00,2023-07-02,5,0.9914448613738126,0.1305261922200349,183,0.0067448710375165,-0.9999772530986328,0.129,0.127,0.0975999999999999,0.0837,0.106,
2023-07-02 05:45:00,2023-07-02,5,0.9978589232386076,0.0654031292300816,183,0.0065656794117571,-0.999978445694637,0.0767,0.0752999999999999,0.0655,0.06,0.069,
2023-07-02 06:00:00,2023-07-02,6,1.0,-1.0635195552010026e-13,183,0.0063864875751667,-0.9999796061802722,0.0633,0.0627,0.0585,0.0541,0.0597,
2023-07-02 06:15:00,2023-07-02,6,0.9978589232386084,-0.0654031292300669,183,0.0062072955335004,-0.9999807345555012,0.0952,0.142,0.108,0.0784,0.116,
2023-07-02 06:30:00,2023-07-02,6,0.9914448613738144,-0.1305261922200204,183,0.0060281032925103,-0.999981830820288,0.119,0.408,0.266,0.15,0.3,
2023-07-02 06:45:00,2023-07-02,6,0.980785280403228,-0.1950903220161413,183,0.0058489108579518,-0.9999828949745968,0.183,0.366,0.273,0.179,0.297,
2023-07-02 07:00:00,2023-07-02,7,0.965925826289112,-0.2588190451023572,183,0.0056697182355786,-0.9999839270183942,0.259,0.3,0.246,0.19,0.263,
2023-07-02 07:15:00,2023-07-02,7,0.9469301294951455,-0.3214394653030437,183,0.0054905254311448,-0.9999849269516464,0.266,0.264,0.23,0.197,0.243,
2023-07-02 07:30:00,2023-07-02,7,0.9238795325113172,-0.3826834323650161,183,0.0053113324504039,-0.999985894774322,0.274,0.273,0.248,0.215,0.26,
2023-07-02 07:45:00,2023-07-02,7,0.8968727415327038,-0.4422886902189699,183,0.0051321392991109,-0.9999868304863893,0.319,0.534,0.434,0.329,0.466,
2023-07-02 08:00:00,2023-07-02,8,0.8660254037844337,-0.5000000000000085,183,0.0049529459830195,-0.9999877340878184,0.264,0.554,0.471,0.366,0.5,
2023-07-02 08:15:00,2023-07-02,8,0.8314696123025149,-0.5555702330196476,183,0.0047737525078833,-0.9999886055785804,0.187,0.737,0.638,0.494,0.677,
2023-07-02 08:30:00,2023-07-02,8,0.7933533402911747,-0.6087614290087995,183,0.0045945588794573,-0.9999894449586472,0.141,0.756,0.673,0.529,0.711,
2023-07-02 08:45:00,2023-07-02,8,0.7518398074790322,-0.6593458151000063,183,0.0044153651034951,-0.999990252227992,0.121,0.782,0.713,0.569,0.75,
2023-07-02 09:00:00,2023-07-02,9,0.7071067811865747,-0.7071067811865204,183,0.0042361711857509,-0.9999910273865886,0.11,0.811,0.754,0.61,0.79,
2023-07-02 09:15:00,2023-07-02,9,0.6593458151000641,-0.7518398074789816,183,0.0040569771319782,-0.9999917704344125,0.109,0.839,0.792,0.647,0.827,
2023-07-02 09:30:00,2023-07-02,9,0.6087614290088604,-0.7933533402911278,183,0.0038777829479322,-0.9999924813714396,0.0962,0.868,0.829,0.684,0.865,
2023-07-02 09:45:00,2023-07-02,9,0.5555702330197115,-0.8314696123024722,183,0.0036985886393665,-0.999993160197647,0.0942,0.891,0.854,0.716,0.896,
2023-07-02 10:00:00,2023-07-02,10,0.500000000000075,-0.8660254037843953,183,0.0035193942120347,-0.999993806913013,0.0932,0.911,0.86,0.745,0.924,
2023-07-02 10:15:00,2023-07-02,10,0.4422886902190389,-0.8968727415326697,183,0.0033401996716923,-0.9999944215175168,0.0987,0.93,0.855,0.772,0.948,
2023-07-02 10:30:00,2023-07-02,10,0.3826834323650872,-0.9238795325112878,183,0.0031610050240916,-0.9999950040111388,0.102,0.946,0.853,0.794,0.967,
2023-07-02 10:45:00,2023-07-02,10,0.3214394653031165,-0.946930129495121,183,0.0029818102749882,-0.9999955543938602,0.121,0.964,0.86,0.811,0.982,
2023-07-02 11:00:00,2023-07-02,11,0.2588190451024315,-0.9659258262890922,183,0.0028026154301352,-0.9999960726656634,0.128,0.978,0.875,0.824,0.994,
2023-07-02 11:15:00,2023-07-02,11,0.1950903220162167,-0.9807852804032128,183,0.0026234204952878,-0.9999965588265316,0.11,0.968,0.892,0.829,0.995,
2023-07-02 11:30:00,2023-07-02,11,0.1305261922200966,-0.9914448613738044,183,0.0024442254761995,-0.9999970128764492,0.104,0.972,0.919,0.836,0.999,
2023-07-02 11:45:00,2023-07-02,11,0.0654031292301437,-0.9978589232386036,183,0.0022650303786241,-0.9999974348154018,0.098,0.969,0.94,0.839,0.997,
2023-07-02 12:00:00,2023-07-02,12,1.8325544164209794e-13,-1.0,183,0.002085835208317,-0.9999978246433758,0.0894,0.966,0.946,0.837,0.993,
2023-07-02 12:15:00,2023-07-02,12,-0.0654031292300048,-0.9978589232386126,183,0.0019066399710307,-0.9999981823603584,0.0955999999999999,0.956,0.934,0.826,0.98,
2023-07-02 12:30:00,2023-07-02,12,-0.1305261922199587,-0.9914448613738226,183,0.0017274446725206,-0.9999985079663386,0.0945,0.945,0.917,0.813,0.965,
2023-07-02 12:45:00,2023-07-02,12,-0.1950903220160803,-0.98078528040324,183,0.00154824931854,-0.9999988014613056,0.0851,0.935,0.903,0.804,0.953,
2023-07-02 13:00:00,2023-07-02,13,-0.2588190451025167,-0.9659258262890692,183,0.0013690539148439,-0.99999906284525,0.0917,0.912,0.874,0.777,0.921,
2023-07-02 13:15:00,2023-07-02,13,-0.3214394653032,-0.9469301294950926,183,0.001189858467186,-0.9999992921181636,0.093,0.891,0.846,0.754,0.893,
2023-07-02 13:30:00,2023-07-02,13,-0.3826834323651686,-0.923879532511254,183,0.0010106629813201,-0.9999994892800388,0.0973,0.867,0.813,0.727,0.86,
2023-07-02 13:45:00,2023-07-02,13,-0.4422886902189141,-0.8968727415327313,183,0.0008314674630015,-0.9999996543308692,0.1,0.837,0.772,0.693,0.821,
2023-07-02 14:00:00,2023-07-02,14,-0.4999999999999546,-0.8660254037844649,183,0.0006522719179828,-0.99999978727065,0.104,0.807,0.731,0.659,0.781,
2023-07-02 14:15:00,2023-07-02,14,-0.5555702330195958,-0.8314696123025495,183,0.0004730763520194,-0.9999998880993765,0.109,0.772,0.686,0.622,0.737,
2023-07-02 14:30:00,2023-07-02,14,-0.6087614290085697,-0.793353340291351,183,0.000293880770865,-0.9999999568170452,0.107,0.734,0.636,0.578,0.69,
2023-07-02 14:45:00,2023-07-02,14,-0.6593458150999595,-0.7518398074790733,183,0.0001146851802734,-0.9999999934236546,0.106,0.694,0.586,0.533,0.641,
2023-07-02 15:00:00,2023-07-02,15,-0.7071067811864763,-0.7071067811866187,183,-6.451041400044884e-05,-0.9999999979192032,0.103,0.654,0.535,0.486,0.593,
2023-07-02 15:15:00,2023-07-02,15,-0.7518398074789405,-0.6593458151001109,183,-0.0002437060062032,-0.9999999703036908,0.104,0.616,0.484,0.44,0.543,
2023-07-02 15:30:00,2023-07-02,15,-0.7933533402912284,-0.6087614290087294,183,-0.0004229015905795,-0.9999999105771183,0.104,0.577,0.431,0.391,0.492,
2023-07-02 15:45:00,2023-07-02,15,-0.8314696123025639,-0.5555702330195742,183,-0.0006020971613768,-0.9999998187394876,0.0983,0.537,0.38,0.344,0.44,
2023-07-02 16:00:00,2023-07-02,16,-0.8660254037844779,-0.4999999999999321,183,-0.0007812927128398,-0.999999694790802,0.0975999999999999,0.486,0.323,0.291,0.383,
2023-07-02 16:15:00,2023-07-02,16,-0.8968727415326422,-0.4422886902190947,183,-0.0009604882392146,-0.9999995387310648,0.0947,0.436,0.265,0.236,0.324,
2023-07-02 16:30:00,2023-07-02,16,-0.923879532511264,-0.3826834323651446,183,-0.0011396837347475,-0.9999993505602814,0.0978,0.39,0.213,0.188,0.27,
2023-07-02 16:45:00,2023-07-02,16,-0.9469301294951008,-0.3214394653031754,183,-0.0013188791936835,-0.999999130278458,0.0932,0.339,0.165,0.145,0.214,
2023-07-02 17:00:00,2023-07-02,17,-0.965925826289076,-0.2588190451024916,183,-0.0014980746102694,-0.9999988778856016,0.108,0.195,0.1,0.0895,0.122,
2023-07-02 17:15:00,2023-07-02,17,-0.9807852804032008,-0.1950903220162778,183,-0.0016772699787496,-0.99999859338172,0.082,0.101,0.0634,0.0594,0.0697,
2023-07-02 17:30:00,2023-07-02,17,-0.9914448613737964,-0.1305261922201583,183,-0.0018564652933718,-0.9999982767668224,0.0820999999999999,0.203,0.0727,0.0645,0.0884,
2023-07-02 17:45:00,2023-07-02,17,-0.9978589232385994,-0.0654031292302058,183,-0.0020356605483805,-0.9999979280409194,0.0552,0.144,0.0523999999999999,0.0482,0.0555,
2023-07-02 18:00:00,2023-07-02,18,-1.0,-1.8115487917832003e-14,183,-0.0022148557380219,-0.9999975472040218,0.0434,0.103,0.04,0.0386,0.0419,
2023-07-02 18:15:00,2023-07-02,18,-0.9978589232386018,0.0654031292301696,183,-0.0023940508565424,-0.999997134256142,0.0317,0.0316,0.0283,0.0273999999999999,0.0273999999999999,
2023-07-02 18:30:00,2023-07-02,18,-0.9914448613738012,0.1305261922201224,183,-0.002573245898187,-0.999996689197293,0.0225,0.0225,0.0197,0.0186999999999999,0.0189,
2023-07-02 18:45:00,2023-07-02,18,-0.980785280403252,0.1950903220160192,183,-0.0027524408572019,-0.9999962120274896,0.0113,0.0114,0.0109,0.0104,0.0101999999999999,
2023-07-02 19:00:00,2023-07-02,19,-0.9659258262890856,0.2588190451024566,183,-0.002931635727833,-0.9999957027467464,0.00242,0.00264,0.0033599999999999,0.00318,0.00266,
2023-07-02 19:15:00,2023-07-02,19,-0.9469301294951126,0.3214394653031411,183,-0.0031108305043267,-0.9999951613550804,-0.00179,-0.00134,-0.000579,-0.000474,-0.00141,
2023-07-02 19:30:00,2023-07-02,19,-0.923879532511278,0.3826834323651111,183,-0.0032900251809278,-0.9999945878525088,-0.0029,-0.0025099999999999,-0.00145,-0.00111,-0.00221,
2023-07-02 19:45:00,2023-07-02,19,-0.8968727415327589,0.4422886902188583,183,-0.0034692197518827,-0.99999398223905,-0.00271,-0.00224,-0.00125,-0.00104,-0.00231,
2023-07-02 20:00:00,2023-07-02,20,-0.866025403784496,0.4999999999999007,183,-0.0036484142114377,-0.9999933445147232,-0.00256,-0.00212,-0.000886,-0.000711,-0.00183,
2023-07-02 20:15:00,2023-07-02,20,-0.8314696123025841,0.5555702330195441,183,-0.0038276085538379,-0.9999926746795492,-0.00231,-0.00186,-0.000724,-0.00055,-0.00165,
2023-07-02 20:30:00,2023-07-02,20,-0.7933533402912505,0.6087614290087007,183,-0.0040068027733294,-0.9999919727335492,-0.00151,-0.000897,-0.000614,-0.000306,-0.00166,
2023-07-02 20:45:00,2023-07-02,20,-0.7518398074789644,0.6593458151000836,183,-0.0041859968641583,-0.9999912386767462,-0.00349,-0.00296,-0.000614,-0.000356,-0.00175,
2023-07-02 21:00:00,2023-07-02,21,-0.7071067811865019,0.7071067811865931,183,-0.0043651908205708,-0.9999904725091636,-0.0020299999999999,-0.00155,-0.000686,-0.000371,-0.00158,
2023-07-02 21:15:00,2023-07-02,21,-0.6593458151001577,0.7518398074788994,183,-0.004544384636812,-0.9999896742308256,-0.00199,-0.00157,-0.000707,-0.000275,-0.00134,
2023-07-02 21:30:00,2023-07-02,21,-0.6087614290087788,0.7933533402911905,183,-0.0047235783071282,-0.9999888438417582,-0.00211,-0.00176,-0.000731,-0.000317,-0.00125,
2023-07-02 21:45:00,2023-07-02,21,-0.555570233019626,0.8314696123025294,183,-0.0049027718257657,-0.9999879813419882,-0.00196,-0.00163,-0.000913,-0.000478,-0.00148,
2023-07-02 22:00:00,2023-07-02,22,-0.4999999999999859,0.8660254037844467,183,-0.0050819651869695,-0.999987086731543,-0.00139,-0.00114,-0.000958,-0.000516,-0.00133,
2023-07-02 22:15:00,2023-07-02,22,-0.4422886902191505,0.8968727415326146,183,-0.005261158384986,-0.9999861600104514,-0.00227,-0.00198,-0.000786,-0.000719,-0.00109,
2023-07-02 22:30:00,2023-07-02,22,-0.3826834323652021,0.9238795325112402,183,-0.0054403514140612,-0.9999852011787432,-0.0020499999999999,-0.0018,-0.000779,-0.000894,-0.000788,
2023-07-02 22:45:00,2023-07-02,22,-0.3214394653032343,0.9469301294950808,183,-0.0056195442684414,-0.9999842102364492,-0.0023799999999999,-0.00212,-0.00102,-0.00121,-0.00128,
2023-07-02 23:00:00,2023-07-02,23,-0.2588190451025517,0.96592582628906,183,-0.0057987369423715,-0.9999831871836012,-0.00216,-0.00191,-0.00102,-0.0011799999999999,-0.00117,
2023-07-02 23:15:00,2023-07-02,23,-0.1950903220161158,0.9807852804032328,183,-0.0059779294300981,-0.999982132020232,-0.00219,-0.00196,-0.001,-0.00121,-0.00123,
2023-07-02 23:30:00,2023-07-02,23,-0.1305261922199946,0.991444861373818,183,-0.0061571217258675,-0.9999810447463756,-0.0020499999999999,-0.00183,-0.00101,-0.00115,-0.00124,
2023-07-02 23:45:00,2023-07-02,23,-0.065403129230041,0.99785892323861,183,-0.0063363138239247,-0.9999799253620668,-0.00198,-0.0017,-0.000989,-0.0011899999999999,-0.00104,
2023-07-03 00:00:00,2023-07-03,0,-8.034920963679815e-14,1.0,184,-0.0065155057185162,-0.9999787738673416,-0.0019399999999999,-0.0016899999999999,-0.000986,-0.0011,-0.00116,
2023-07-03 00:15:00,2023-07-03,0,0.0654031292301075,0.9978589232386058,184,-0.0066946974038878,-0.999977590262237,-0.00185,-0.00163,-0.000969,-0.00117,-0.00103,
2023-07-03 00:30:00,2023-07-03,0,0.1305261922200607,0.9914448613738092,184,-0.0068738888742861,-0.999976374546791,-0.00195,-0.00172,-0.00102,-0.00115,-0.00123,
2023-07-03 00:45:00,2023-07-03,0,0.1950903220159582,0.9807852804032644,184,-0.007053080123956,-0.9999751267210424,-0.00151,-0.0014,-0.00112,-0.0013,-0.00135,
2023-07-03 01:00:00,2023-07-03,1,0.2588190451023965,0.9659258262891016,184,-0.0072322711471441,-0.9999738467850318,-0.00256,-0.0023,-0.00107,-0.00135,-0.00124,
2023-07-03 01:15:00,2023-07-03,1,0.3214394653030822,0.9469301294951328,184,-0.0074114619380967,-0.9999725347387998,-0.00121,-0.00102,-0.000751,-0.000891,-0.000788,
2023-07-03 01:30:00,2023-07-03,1,0.3826834323650537,0.9238795325113016,184,-0.0075906524910585,-0.9999711905823888,-0.00173,-0.00155,-0.001,-0.00121,-0.00105,
2023-07-03 01:45:00,2023-07-03,1,0.4422886902190064,0.8968727415326858,184,-0.0077698428002773,-0.9999698143158418,-0.00214,-0.00184,-0.000762,-0.000891,-0.000746,
2023-07-03 02:00:00,2023-07-03,2,0.5000000000000437,0.8660254037844134,184,-0.0079490328599978,-0.999968405939203,-0.000575,-0.000436,-0.000951,-0.000856,-0.0011899999999999,
2023-07-03 02:15:00,2023-07-03,2,0.5555702330196814,0.8314696123024923,184,-0.0081282226644668,-0.9999669654525176,-0.000422,-0.000284,-0.000948,-0.000925,-0.000904,
2023-07-03 02:30:00,2023-07-03,2,0.6087614290086514,0.7933533402912883,184,-0.0083074122079296,-0.9999654928558322,-0.0016899999999999,-0.00141,-0.000648,-0.000749,-0.000574,
2023-07-03 02:45:00,2023-07-03,2,0.6593458151000369,0.7518398074790055,184,-0.0084866014846325,-0.9999639881491938,-0.000926,-0.000762,-0.00029,-0.000317,-0.000244,
2023-07-03 03:00:00,2023-07-03,3,0.7071067811865491,0.7071067811865459,184,-0.008665790488822,-0.9999624513326508,-9.1e-05,-0.000177,-0.000714,-0.000761,-0.000771,
2023-07-03 03:15:00,2023-07-03,3,0.7518398074788585,0.6593458151002045,184,-0.008844979214743,-0.9999608824062524,-0.00242,-0.00216,-0.000455,-0.000631,-0.000493,
2023-07-03 03:30:00,2023-07-03,3,0.7933533402911526,0.6087614290088282,184,-0.0090241676566432,-0.999959281370049,-0.00139,-0.00132,0.000155,-0.000222,0.000317,
2023-07-03 03:45:00,2023-07-03,3,0.8314696123024948,0.5555702330196778,184,-0.0092033558087673,-0.9999576482240922,0.000943,0.00109,0.000903,0.000615,0.000698,
2023-07-03 04:00:00,2023-07-03,4,0.8660254037844156,0.5000000000000399,184,-0.0093825436653624,-0.9999559829684342,0.00649,0.00667,0.00556,0.00479,0.00582,
2023-07-03 04:15:00,2023-07-03,4,0.8968727415326877,0.4422886902190024,184,-0.0095617312206735,-0.9999542856031288,0.0172,0.0171,0.015,0.0135,0.0154,
2023-07-03 04:30:00,2023-07-03,4,0.9238795325113034,0.3826834323650496,184,-0.0097409184689474,-0.9999525561282302,0.0319,0.0317,0.0266,0.0237,0.0273,
2023-07-03 04:45:00,2023-07-03,4,0.946930129495134,0.321439465303078,184,-0.0099201054044304,-0.999950794543794,0.0507,0.0502,0.0422,0.0373,0.0438,
2023-07-03 05:00:00,2023-07-03,5,0.965925826289044,0.2588190451026119,184,-0.0100992920213675,-0.9999490008498768,0.0795999999999999,0.0788,0.0612,0.0533,0.0645,
2023-07-03 05:15:00,2023-07-03,5,0.9807852804032208,0.1950903220161768,184,-0.0102784783140065,-0.9999471750465364,0.13,0.164,0.0988,0.0829,0.101,
2023-07-03 05:30:00,2023-07-03,5,0.9914448613738098,0.1305261922200563,184,-0.0104576642765922,-0.9999453171338312,0.128,0.127,0.0970999999999999,0.0832,0.103,
2023-07-03 05:45:00,2023-07-03,5,0.9978589232385912,0.06540312923033,184,-0.0106368499033712,-0.9999434271118208,0.101,0.143,0.0916,0.074,0.0993,
2023-07-03 06:00:00,2023-07-03,6,1.0,1.425829313557643e-13,184,-0.01081603518859,-0.999941504980566,0.131,0.134,0.111,0.0940999999999999,0.116,
2023-07-03 06:15:00,2023-07-03,6,0.99785892323861,-0.0654031292300454,184,-0.0109952201264941,-0.9999395507401284,0.116,0.118,0.0987,0.0842,0.103,
2023-07-03 06:30:00,2023-07-03,6,0.9914448613738174,-0.130526192219999,184,-0.0111744047113305,-0.999937564390571,0.16,0.163,0.137,0.112,0.143,
2023-07-03 06:45:00,2023-07-03,6,0.980785280403232,-0.1950903220161201,184,-0.0113535889373439,-0.9999355459319574,0.17,0.423,0.294,0.184,0.323,
2023-07-03 07:00:00,2023-07-03,7,0.9659258262890588,-0.258819045102556,184,-0.0115327727987825,-0.9999334953643524,0.189,0.314,0.249,0.178,0.265,
2023-07-03 07:15:00,2023-07-03,7,0.9469301294950796,-0.3214394653032386,184,-0.0117119562898911,-0.9999314126878222,0.266,0.526,0.419,0.306,0.452,
2023-07-03 07:30:00,2023-07-03,7,0.9238795325113256,-0.3826834323649962,184,-0.0118911394049163,-0.9999292979024332,0.309,0.524,0.437,0.337,0.467,
2023-07-03 07:45:00,2023-07-03,7,0.8968727415327133,-0.4422886902189505,184,-0.0120703221381048,-0.9999271510082534,0.207,0.206,0.188,0.162,0.195,
2023-07-03 08:00:00,2023-07-03,8,0.8660254037844445,-0.4999999999999898,184,-0.0122495044837021,-0.999924972005352,0.183,0.741,0.665,0.52,0.701,
2023-07-03 08:15:00,2023-07-03,8,0.8314696123026533,-0.5555702330194406,184,-0.0124286864359547,-0.9999227608937986,0.142,0.736,0.659,0.516,0.697,
2023-07-03 08:30:00,2023-07-03,8,0.7933533402913262,-0.608761429008602,184,-0.0126078679891091,-0.9999205176736644,0.112,0.757,0.686,0.541,0.723,
2023-07-03 08:45:00,2023-07-03,8,0.7518398074790464,-0.6593458150999901,184,-0.0127870491374119,-0.9999182423450216,0.113,0.789,0.724,0.578,0.761,
2023-07-03 09:00:00,2023-07-03,9,0.70710678118659,-0.707106781186505,184,-0.0129662298751085,-0.9999159349079432,0.111,0.821,0.767,0.62,0.803,
2023-07-03 09:15:00,2023-07-03,9,0.6593458151000803,-0.7518398074789674,184,-0.0131454101964457,-0.9999135953625028,0.11,0.849,0.805,0.659,0.841,
2023-07-03 09:30:00,2023-07-03,9,0.6087614290086972,-0.7933533402912532,184,-0.0133245900956703,-0.9999112237087764,0.11,0.877,0.841,0.696,0.878,
2023-07-03 09:45:00,2023-07-03,9,0.5555702330195404,-0.8314696123025865,184,-0.0135037695670278,-0.9999088199468392,0.105,0.902,0.869,0.73,0.911,
2023-07-03 10:00:00,2023-07-03,10,0.5000000000000938,-0.8660254037843845,184,-0.0136829486047648,-0.9999063840767692,0.109,0.922,0.874,0.758,0.936,
2023-07-03 10:15:00,2023-07-03,10,0.4422886902190582,-0.8968727415326602,184,-0.0138621272031279,-0.9999039160986442,0.105,0.941,0.867,0.783,0.961,
2023-07-03 10:30:00,2023-07-03,10,0.3826834323651071,-0.9238795325112796,184,-0.0140413053563638,-0.9999014160125432,0.105,0.957,0.867,0.807,0.982,
2023-07-03 10:45:00,2023-07-03,10,0.3214394653031369,-0.946930129495114,184,-0.014220483058718,-0.9998988838185472,0.111,0.968,0.873,0.823,0.996,
2023-07-03 11:00:00,2023-07-03,11,0.2588190451026719,-0.9659258262890278,184,-0.0143996603044375,-0.9998963195167372,0.124,0.973,0.888,0.836,1.0,
2023-07-03 11:15:00,2023-07-03,11,0.1950903220162378,-0.9807852804032088,184,-0.014578837087769,-0.9998937231071952,0.123,0.978,0.908,0.846,1.01,
2023-07-03 11:30:00,2023-07-03,11,0.130526192220118,-0.9914448613738016,184,-0.0147580134029581,-0.9998910945900048,0.111,0.989,0.941,0.858,1.02,
2023-07-03 11:45:00,2023-07-03,11,0.0654031292301652,-0.997858923238602,184,-0.0149371892442518,-0.9998884339652506,0.104,0.983,0.953,0.852,1.01,
2023-07-03 12:00:00,2023-07-03,12,-2.2557022368501652e-14,-1.0,184,-0.0151163646058965,-0.999885741233018,0.106,0.975,0.952,0.843,1.0,
2023-07-03 12:15:00,2023-07-03,12,-0.0654031292302102,-0.9978589232385991,184,-0.0152955394821391,-0.999883016393393,0.112,0.965,0.936,0.829,0.984,
2023-07-03 12:30:00,2023-07-03,12,-0.1305261922199373,-0.9914448613738256,184,-0.0154747138672248,-0.9998802594464636,0.0979,0.952,0.921,0.818,0.969,
2023-07-03 12:45:00,2023-07-03,12,-0.1950903220160591,-0.9807852804032442,184,-0.0156538877554019,-0.9998774703923182,0.0945999999999999,0.943,0.907,0.808,0.957,
2023-07-03 13:00:00,2023-07-03,13,-0.2588190451024959,-0.965925826289075,184,-0.0158330611409161,-0.9998746492310464,0.101,0.918,0.877,0.783,0.928,
2023-07-03 13:15:00,2023-07-03,13,-0.3214394653031796,-0.9469301294950996,184,-0.0160122340180135,-0.9998717959627386,0.104,0.896,0.849,0.759,0.899,
2023-07-03 13:30:00,2023-07-03,13,-0.3826834323649387,-0.9238795325113494,184,-0.016191406380941,-0.9998689105874866,0.107,0.871,0.814,0.732,0.866,
2023-07-03 13:45:00,2023-07-03,13,-0.4422886902188948,-0.8968727415327409,184,-0.0163705782239453,-0.9998659931053828,0.106,0.842,0.777,0.7,0.828,
2023-07-03 14:00:00,2023-07-03,14,-0.4999999999999359,-0.8660254037844757,184,-0.0165497495412734,-0.9998630435165212,0.1,0.813,0.736,0.663,0.788,
2023-07-03 14:15:00,2023-07-03,14,-0.555570233019578,-0.8314696123025614,184,-0.0167289203271706,-0.9998600618209966,0.104,0.779,0.693,0.625,0.745,
2023-07-03 14:30:00,2023-07-03,14,-0.608761429008733,-0.7933533402912257,184,-0.0169080905758853,-0.9998570480189044,0.104,0.743,0.645,0.583,0.698,
2023-07-03 14:45:00,2023-07-03,14,-0.6593458151001143,-0.7518398074789376,184,-0.0170872602816632,-0.9998540021103416,0.108,0.707,0.596,0.538,0.652,
2023-07-03 15:00:00,2023-07-03,15,-0.7071067811866218,-0.7071067811864732,184,-0.0172664294387507,-0.9998509240954055,0.0979,0.66,0.54,0.488,0.597,
2023-07-03 15:15:00,2023-07-03,15,-0.7518398074789263,-0.6593458151001271,184,-0.0174455980413948,-0.999847813974196,0.0960999999999999,0.619,0.488,0.442,0.546,
2023-07-03 15:30:00,2023-07-03,15,-0.7933533402912153,-0.6087614290087465,184,-0.0176247660838422,-0.9998446717468118,0.108,0.528,0.397,0.36,0.45,
2023-07-03 15:45:00,2023-07-03,15,-0.8314696123025519,-0.5555702330195922,184,-0.0178039335603402,-0.9998414974133544,0.0979,0.536,0.381,0.344,0.44,
2023-07-03 16:00:00,2023-07-03,16,-0.8660254037843534,-0.5000000000001477,184,-0.017983100465134,-0.9998382909739258,0.138,0.437,0.302,0.272,0.352,
2023-07-03 16:15:00,2023-07-03,16,-0.8968727415326327,-0.442288690219114,184,-0.0181622667924723,-0.9998350524286288,0.106,0.425,0.268,0.24,0.324,
2023-07-03 16:30:00,2023-07-03,16,-0.9238795325112558,-0.3826834323651645,184,-0.018341432536601,-0.9998317817775676,0.115,0.394,0.221,0.197,0.278,
2023-07-03 16:45:00,2023-07-03,16,-0.946930129495094,-0.3214394653031958,184,-0.0185205976917659,-0.9998284790208468,0.1,0.352,0.177,0.158,0.229,
2023-07-03 17:00:00,2023-07-03,17,-0.9659258262890704,-0.2588190451025124,184,-0.0186997622522156,-0.9998251441585728,0.1,0.267,0.125,0.109,0.162,
2023-07-03 17:15:00,2023-07-03,17,-0.9807852804032408,-0.1950903220160759,184,-0.0188789262121957,-0.9998217771908524,0.0999,0.191,0.0853,0.076,0.111,
2023-07-03 17:30:00,2023-07-03,17,-0.9914448613738231,-0.1305261922199543,184,-0.0190580895659539,-0.999818378117794,0.104,0.206,0.0871,0.0788,0.102,
2023-07-03 17:45:00,2023-07-03,17,-0.997858923238598,-0.0654031292302273,184,-0.0192372523077357,-0.9998149469395068,0.0902,0.121,0.0645,0.0584,0.0692,
2023-07-03 18:00:00,2023-07-03,18,-1.0,-3.9676699350464485e-14,184,-0.0194164144317898,-0.9998114836561004,0.0549,0.0879,0.0458,0.0439,0.0467999999999999,
2023-07-03 18:15:00,2023-07-03,18,-0.9978589232386031,0.0654031292301481,184,-0.0195955759323623,-0.9998079882676868,0.0332,0.0334,0.0292,0.0282,0.0283,
2023-07-03 18:30:00,2023-07-03,18,-0.9914448613738336,0.1305261922198756,184,-0.0197747368036991,-0.9998044607743778,0.0163999999999999,0.0163999999999999,0.0148,0.0136999999999999,0.0141999999999999,
2023-07-03 18:45:00,2023-07-03,18,-0.9807852804032564,0.1950903220159981,184,-0.0199538970400491,-0.9998009011762868,0.00533,0.00554,0.0056799999999999,0.00526,0.00509,
2023-07-03 19:00:00,2023-07-03,19,-0.9659258262890912,0.2588190451024358,184,-0.0201330566356578,-0.999797309473528,0.000823,0.00109,0.00141,0.0014199999999999,0.000848,
2023-07-03 19:15:00,2023-07-03,19,-0.9469301294951196,0.3214394653031207,184,-0.0203122155847727,-0.9997936856662168,-0.00184,-0.00133,-0.00108,-0.000883,-0.00188,
2023-07-03 19:30:00,2023-07-03,19,-0.9238795325112862,0.3826834323650913,184,-0.0204913738816407,-0.9997900297544694,-0.00327,-0.00264,-0.00137,-0.00121,-0.00237,
2023-07-03 19:45:00,2023-07-03,19,-0.8968727415326678,0.4422886902190429,184,-0.0206705315205095,-0.9997863417384034,-0.00302,-0.00221,-0.000862,-0.000772,-0.00195,
2023-07-03 20:00:00,2023-07-03,20,-0.8660254037843931,0.5000000000000789,184,-0.0208496884956256,-0.9997826216181372,-0.00126,-0.000475,-0.00114,-0.00081,-0.0022,
2023-07-03 20:15:00,2023-07-03,20,-0.8314696123025961,0.5555702330195262,184,-0.0210288448012352,-0.9997788693937902,-0.00414,-0.00394,-0.000786,-0.000654,-0.00165,
2023-07-03 20:30:00,2023-07-03,20,-0.7933533402912636,0.6087614290086836,184,-0.0212080004315871,-0.999775085065483,-0.00231,-0.00184,-0.000916,-0.000637,-0.00191,
2023-07-03 20:45:00,2023-07-03,20,-0.7518398074789786,0.6593458151000674,184,-0.0213871553809272,-0.999771268633337,-0.00263,-0.00219,-0.000962,-0.00091,-0.00217,
2023-07-03 21:00:00,2023-07-03,21,-0.707106781186678,0.7071067811864171,184,-0.021566309643503,-0.9997674200974748,-0.0025099999999999,-0.00204,-0.000903,-0.000803,-0.00191,
2023-07-03 21:15:00,2023-07-03,21,-0.6593458151001739,0.7518398074788852,184,-0.0217454632135618,-0.99976353945802,-0.00225,-0.00174,-0.000669,-0.000275,-0.00129,
2023-07-03 21:30:00,2023-07-03,21,-0.6087614290087959,0.7933533402911773,184,-0.0219246160853511,-0.9997596267150968,-0.00211,-0.0016699999999999,-0.000958,-0.000596,-0.00164,
2023-07-03 21:45:00,2023-07-03,21,-0.5555702330196439,0.8314696123025174,184,-0.0221037682531177,-0.9997556818688316,-0.00208,-0.00162,-0.00105,-0.000715,-0.00141,
2023-07-03 22:00:00,2023-07-03,22,-0.5000000000000047,0.8660254037844359,184,-0.022282919711108,-0.9997517049193506,-0.00161,-0.00122,-0.000786,-0.000937,-0.0003,
2023-07-03 22:15:00,2023-07-03,22,-0.4422886902189659,0.8968727415327057,184,-0.022462070453571,-0.9997476958667816,-0.00115,-0.000599,-0.00138,-0.00146,-0.00154,
2023-07-03 22:30:00,2023-07-03,22,-0.382683432365012,0.9238795325113188,184,-0.0226412204747526,-0.9997436547112531,-0.00348,-0.00324,-0.00112,-0.00115,-0.0016699999999999,
2023-07-03 22:45:00,2023-07-03,22,-0.3214394653032548,0.946930129495074,184,-0.0228203697689006,-0.9997395814528954,-0.00267,-0.00231,-0.000931,-0.000975,-0.00128,
2023-07-03 23:00:00,2023-07-03,23,-0.2588190451025726,0.9659258262890544,184,-0.0229995183302623,-0.999735476091839,-0.00344,-0.0031,-0.00147,-0.00133,-0.00235,
2023-07-03 23:15:00,2023-07-03,23,-0.1950903220161369,0.9807852804032288,184,-0.0231786661530856,-0.9997313386282156,-0.00299,-0.0025099999999999,-0.00125,-0.00131,-0.00225,
2023-07-03 23:30:00,2023-07-03,23,-0.1305261922202414,0.9914448613737854,184,-0.0233578132316168,-0.999727169062158,-0.0033,-0.00285,-0.00127,-0.0011,-0.00229,
2023-07-03 23:45:00,2023-07-03,23,-0.0654031292302894,0.997858923238594,184,-0.0235369595601038,-0.9997229673938006,-0.0024,-0.00199,-0.000893,-0.000635,-0.00154,
2023-07-04 00:00:00,2023-07-04,0,-1.0191042106943061e-13,1.0,185,-0.0237161051327946,-0.9997187336232778,-0.0023799999999999,-0.00209,-0.000655,-0.000333,-0.00131,
2023-07-04 00:15:00,2023-07-04,0,0.065403129230086,0.9978589232386073,185,-0.0238952499439356,-0.9997144677507256,-0.0021,-0.00172,-0.000724,-0.00034,-0.00128,
2023-07-04 00:30:00,2023-07-04,0,0.1305261922200393,0.991444861373812,185,-0.0240743939877748,-0.9997101697762814,-0.000306,-0.000202,8.96e-05,0.000382,-8.570000000000001e-06,
2023-07-04 00:45:00,2023-07-04,0,0.19509032201616,0.980785280403224,185,-0.0242535372585596,-0.9997058397000828,-0.000736,-0.000667,4.83e-05,0.000206,-0.00033,
2023-07-04 01:00:00,2023-07-04,1,0.2588190451025953,0.9659258262890484,185,-0.0244326797505381,-0.999701477522269,-0.000629,-0.000543,-0.000131,0.000122,-0.000441,
2023-07-04 01:15:00,2023-07-04,1,0.3214394653030618,0.9469301294951395,185,-0.0246118214579569,-0.99969708324298,-0.000947,-0.000688,-0.000221,-4.59e-05,-0.000771,
2023-07-04 01:30:00,2023-07-04,1,0.3826834323650337,0.92387953251131,185,-0.0247909623750639,-0.999692656862357,-0.00125,-0.000926,-9.65e-05,9.94e-05,-0.000677,
2023-07-04 01:45:00,2023-07-04,1,0.4422886902189871,0.8968727415326954,185,-0.0249701024961073,-0.999688198380542,-0.00129,-0.000975,-5.52e-05,0.00013,-0.000634,
2023-07-04 02:00:00,2023-07-04,2,0.5000000000000251,0.8660254037844242,185,-0.0251492418153338,-0.9996837077976783,-0.00249,-0.00189,-0.00101,-0.000799,-0.0019399999999999,
2023-07-04 02:15:00,2023-07-04,2,0.5555702330194745,0.8314696123026306,185,-0.0253283803269914,-0.99967918511391,-0.00239,-0.00198,-0.000893,-0.000688,-0.00174,
2023-07-04 02:30:00,2023-07-04,2,0.6087614290086343,0.7933533402913014,185,-0.0255075180253283,-0.9996746303293824,-0.00215,-0.00177,-0.000814,-0.000474,-0.0014399999999999,
2023-07-04 02:45:00,2023-07-04,2,0.6593458151000207,0.7518398074790197,185,-0.0256866549045913,-0.9996700434442418,-0.00232,-0.00204,-0.00107,-0.000765,-0.00178,
2023-07-04 03:00:00,2023-07-04,3,0.7071067811865338,0.7071067811865612,185,-0.0258657909590286,-0.9996654244586356,-0.00266,-0.00226,-0.00101,-0.000929,-0.00208,
2023-07-04 03:15:00,2023-07-04,3,0.7518398074789941,0.6593458151000497,185,-0.0260449261828878,-0.9996607733727116,-0.00232,-0.0019299999999999,-0.000958,-0.000768,-0.0019,
2023-07-04 03:30:00,2023-07-04,3,0.7933533402912779,0.6087614290086649,185,-0.0262240605704173,-0.9996560901866196,-0.0022,-0.00172,-0.000631,-0.000218,-0.00131,
2023-07-04 03:45:00,2023-07-04,3,0.8314696123024828,0.5555702330196957,185,-0.0264031941158635,-0.99965137490051,8.27e-05,0.000387,0.000855,0.00123,0.000501,
2023-07-04 04:00:00,2023-07-04,4,0.8660254037844048,0.5000000000000585,185,-0.026582326813476,-0.999646627514534,0.00545,0.0057,0.0056,0.00554,0.0053,
2023-07-04 04:15:00,2023-07-04,4,0.8968727415326782,0.4422886902190218,185,-0.0267614586575018,-0.999641848028844,0.0138,0.0138,0.0130999999999999,0.0125,0.0128,
2023-07-04 04:30:00,2023-07-04,4,0.9238795325112952,0.3826834323650695,185,-0.0269405896421883,-0.999637036443594,0.0247,0.0246,0.0226,0.0214,0.0226999999999999,
2023-07-04 04:45:00,2023-07-04,4,0.946930129495054,0.3214394653033137,185,-0.0271197197617839,-0.999632192758938,0.0342,0.034,0.0308,0.0286,0.0312,
2023-07-04 05:00:00,2023-07-04,5,0.9659258262890384,0.2588190451026327,185,-0.0272988490105365,-0.9996273169750314,0.0458999999999999,0.0751,0.04,0.0381,0.042,
2023-07-04 05:15:00,2023-07-04,5,0.9807852804032166,0.195090322016198,185,-0.0274779773826946,-0.9996224090920312,0.0498,0.156,0.0547999999999999,0.0494,0.0485,
2023-07-04 05:30:00,2023-07-04,5,0.9914448613738068,0.1305261922200777,185,-0.0276571048725047,-0.9996174691100947,0.0562999999999999,0.204,0.0708,0.0569,0.0554,
2023-07-04 05:45:00,2023-07-04,5,0.9978589232386048,0.0654031292301246,185,-0.0278362314742168,-0.9996124970293808,0.0654,0.258,0.111,0.0632,0.134,
2023-07-04 06:00:00,2023-07-04,6,1.0,-6.322953265483531e-14,185,-0.0280153571820779,-0.9996074928500488,0.0705,0.307,0.154,0.0686,0.182,
2023-07-04 06:15:00,2023-07-04,6,0.9978589232386114,-0.0654031292300239,185,-0.0281944819903353,-0.99960245657226,0.0728,0.356,0.203,0.091,0.237,
2023-07-04 06:30:00,2023-07-04,6,0.9914448613738202,-0.1305261922199776,185,-0.0283736058932389,-0.9995973881961752,0.0767,0.402,0.258,0.14,0.292,
2023-07-04 06:45:00,2023-07-04,6,0.9807852804032364,-0.195090322016099,185,-0.0285527288850354,-0.999592287721958,0.0810999999999999,0.448,0.31,0.184,0.344,
2023-07-04 07:00:00,2023-07-04,7,0.9659258262890644,-0.2588190451025352,185,-0.0287318509599739,-0.9995871551497716,0.0825,0.498,0.367,0.234,0.402,
2023-07-04 07:15:00,2023-07-04,7,0.9469301294951596,-0.3214394653030028,185,-0.0289109721123014,-0.9995819904797814,0.0807,0.543,0.421,0.286,0.457,
2023-07-04 07:30:00,2023-07-04,7,0.9238795325113338,-0.3826834323649762,185,-0.0290900923362677,-0.9995767937121528,0.0790999999999999,0.588,0.475,0.337,0.512,
2023-07-04 07:45:00,2023-07-04,7,0.8968727415327229,-0.4422886902189312,185,-0.0292692116261203,-0.9995715648470526,0.0789,0.634,0.53,0.389,0.567,
2023-07-04 08:00:00,2023-07-04,8,0.8660254037844552,-0.4999999999999711,185,-0.0294483299761066,-0.999566303884649,0.083,0.674,0.582,0.44,0.619,
2023-07-04 08:15:00,2023-07-04,8,0.8314696123025389,-0.5555702330196117,185,-0.0296274473804766,-0.9995610108251108,0.0858,0.709,0.63,0.487,0.665,
2023-07-04 08:30:00,2023-07-04,8,0.793353340291201,-0.6087614290087653,185,-0.0298065638334775,-0.999555685668608,0.0881,0.748,0.678,0.534,0.715,
2023-07-04 08:45:00,2023-07-04,8,0.7518398074789108,-0.6593458151001448,185,-0.0299856793293584,-0.9995503284153114,0.0957,0.782,0.721,0.576,0.757,
2023-07-04 09:00:00,2023-07-04,9,0.7071067811866052,-0.7071067811864898,185,-0.0301647938623664,-0.9995449390653932,0.0997,0.814,0.759,0.615,0.795,
2023-07-04 09:15:00,2023-07-04,9,0.6593458151000965,-0.7518398074789532,185,-0.0303439074267517,-0.9995395176190268,0.0949,0.848,0.803,0.657,0.838,
2023-07-04 09:30:00,2023-07-04,9,0.6087614290087143,-0.79335334029124,185,-0.030523020016762,-0.9995340640763856,0.0904,0.877,0.84,0.694,0.876,
2023-07-04 09:45:00,2023-07-04,9,0.5555702330197474,-0.8314696123024482,185,-0.0307021316266449,-0.9995285784376452,0.0925999999999999,0.9,0.866,0.727,0.906,
2023-07-04 10:00:00,2023-07-04,10,0.5000000000001125,-0.8660254037843738,185,-0.0308812422506506,-0.9995230607029818,0.0895,0.924,0.874,0.758,0.938,
2023-07-04 10:15:00,2023-07-04,10,0.4422886902190776,-0.8968727415326507,185,-0.0310603518830265,-0.9995175108725722,0.096,0.959,0.876,0.791,0.971,
2023-07-04 10:30:00,2023-07-04,10,0.382683432365127,-0.9238795325112712,185,-0.0312394605180214,-0.9995119289465948,0.13,1.0,0.897,0.835,1.02,
2023-07-04 10:45:00,2023-07-04,10,0.3214394653031573,-0.9469301294951072,185,-0.0314185681498842,-0.999506314925229,0.217,0.485,0.463,0.431,0.51,
2023-07-04 11:00:00,2023-07-04,11,0.2588190451024731,-0.9659258262890812,185,-0.0315976747728638,-0.9995006688086548,0.232,0.548,0.524,0.488,0.573,
2023-07-04 11:15:00,2023-07-04,11,0.195090322016036,-0.9807852804032487,185,-0.0317767803812086,-0.9994949905970536,0.164,1.06,0.971,0.9,1.08,
2023-07-04 11:30:00,2023-07-04,11,0.1305261922201394,-0.9914448613737988,185,-0.0319558849691663,-0.999489280290608,0.176,1.04,0.972,0.883,1.06,
2023-07-04 11:45:00,2023-07-04,11,0.0654031292301867,-0.9978589232386006,185,-0.0321349885309876,-0.9994835378895008,0.223,0.771,0.718,0.636,0.764,
2023-07-04 12:00:00,2023-07-04,12,-9.9581093586918e-16,-1.0,185,-0.0323140910609198,-0.9994777633939168,0.281,0.73,0.666,0.582,0.706,
2023-07-04 12:15:00,2023-07-04,12,-0.0654031292299618,-0.9978589232386154,185,-0.0324931925532123,-0.9994719568040416,0.175,1.03,0.99,0.872,1.04,
2023-07-04 12:30:00,2023-07-04,12,-0.1305261922199159,-0.9914448613738284,185,-0.0326722930021139,-0.9994661181200613,0.118,0.976,0.95,0.844,0.998,
2023-07-04 12:45:00,2023-07-04,12,-0.195090322016038,-0.9807852804032484,185,-0.032851392401874,-0.9994602473421632,0.184,0.669,0.641,0.569,0.675,
2023-07-04 13:00:00,2023-07-04,13,-0.2588190451024751,-0.9659258262890804,185,-0.033030490746741,-0.9994543444705364,0.121,0.957,0.917,0.817,0.969,
2023-07-04 13:15:00,2023-07-04,13,-0.3214394653031592,-0.9469301294951064,185,-0.0332095880309629,-0.99944840950537,0.0831,0.902,0.857,0.765,0.907,
2023-07-04 13:30:00,2023-07-04,13,-0.3826834323651288,-0.9238795325112704,185,-0.0333886842487907,-0.9994424424468548,0.0784,0.878,0.823,0.737,0.874,
2023-07-04 13:45:00,2023-07-04,13,-0.4422886902190793,-0.8968727415326498,185,-0.033567779394472,-0.9994364432951822,0.0778,0.846,0.782,0.704,0.832,
2023-07-04 14:00:00,2023-07-04,14,-0.4999999999999172,-0.8660254037844864,185,-0.0337468734622562,-0.9994304120505452,0.0828,0.818,0.741,0.668,0.792,
2023-07-04 14:15:00,2023-07-04,14,-0.55557023301956,-0.8314696123025734,185,-0.0339259664463925,-0.9994243487131372,0.0682,0.785,0.699,0.631,0.752,
2023-07-04 14:30:00,2023-07-04,14,-0.6087614290087159,-0.7933533402912388,185,-0.0341050583411305,-0.9994182532831528,0.0662,0.746,0.65,0.588,0.705,
2023-07-04 14:45:00,2023-07-04,14,-0.6593458150999271,-0.7518398074791017,185,-0.0342841491407185,-0.999412125760788,0.0652,0.709,0.601,0.543,0.658,
2023-07-04 15:00:00,2023-07-04,15,-0.7071067811864459,-0.7071067811866492,185,-0.034463238839406,-0.9994059661462392,0.0642,0.669,0.55,0.496,0.607,
2023-07-04 15:15:00,2023-07-04,15,-0.7518398074789121,-0.6593458151001433,185,-0.0346423274314428,-0.9993997744397048,0.0619,0.629,0.497,0.447,0.555,
2023-07-04 15:30:00,2023-07-04,15,-0.7933533402912022,-0.6087614290087637,185,-0.0348214149110773,-0.999393550641383,0.0616,0.585,0.44,0.396,0.501,
2023-07-04 15:45:00,2023-07-04,15,-0.83146961230254,-0.5555702330196101,185,-0.0350005012725592,-0.999387294751474,0.0592,0.542,0.384,0.344,0.445,
2023-07-04 16:00:00,2023-07-04,16,-0.8660254037844562,-0.4999999999999694,185,-0.0351795865101378,-0.9993810067701786,0.0587,0.494,0.327,0.291,0.389,
2023-07-04 16:15:00,2023-07-04,16,-0.8968727415327237,-0.4422886902189294,185,-0.0353586706180631,-0.9993746866976988,0.0567999999999999,0.449,0.27,0.238,0.334,
2023-07-04 16:30:00,2023-07-04,16,-0.9238795325112475,-0.3826834323651845,185,-0.0355377535905835,-0.9993683345342372,0.0562999999999999,0.4,0.213,0.186,0.274,
2023-07-04 16:45:00,2023-07-04,16,-0.9469301294950871,-0.3214394653032162,185,-0.0357168354219489,-0.999361950279998,0.0537,0.346,0.159,0.138,0.214,
2023-07-04 17:00:00,2023-07-04,17,-0.965925826289065,-0.2588190451025333,185,-0.0358959161064093,-0.9993555339351864,0.051,0.294,0.112,0.0932,0.16,
2023-07-04 17:15:00,2023-07-04,17,-0.9807852804031923,-0.19509032201632,185,-0.0360749956382128,-0.9993490855000084,0.0484,0.245,0.0699,0.0573,0.12,
2023-07-04 17:30:00,2023-07-04,17,-0.9914448613737908,-0.1305261922202011,185,-0.0362540740116108,-0.9993426049746706,0.044,0.196,0.059,0.0518,0.0737999999999999,
2023-07-04 17:45:00,2023-07-04,17,-0.9978589232385966,-0.0654031292302488,185,-0.0364331512208516,-0.9993360923593816,0.0373999999999999,0.15,0.0472,0.0439,0.0489,
2023-07-04 18:00:00,2023-07-04,18,-1.0,-6.123791078309695e-14,185,-0.0366122272601857,-0.9993295476543504,0.0322999999999999,0.11,0.037,0.0365,0.0385,
2023-07-04 18:15:00,2023-07-04,18,-0.9978589232386046,0.0654031292301266,185,-0.0367913021238619,-0.999322970859787,0.0247,0.0233999999999999,0.0241,0.0247,0.0233,
2023-07-04 18:30:00,2023-07-04,18,-0.9914448613738068,0.1305261922200796,185,-0.0369703758061304,-0.9993163619759028,0.0155,0.0149,0.0163,0.0162,0.0148,
2023-07-04 18:45:00,2023-07-04,18,-0.9807852804032162,0.1950903220161999,185,-0.0371494483012413,-0.9993097210029098,0.00695,0.00687,0.00841,0.00825,0.00701,
2023-07-04 19:00:00,2023-07-04,19,-0.9659258262890966,0.258819045102415,185,-0.0373285196034431,-0.9993030479410214,0.0019199999999999,0.00189,0.0022299999999999,0.00233,0.000904,
2023-07-04 19:15:00,2023-07-04,19,-0.9469301294951264,0.3214394653031003,185,-0.0375075897069874,-0.999296342790452,-0.00244,-0.0022,-0.000738,-0.000841,-0.0020499999999999,
2023-07-04 19:30:00,2023-07-04,19,-0.9238795325112944,0.3826834323650713,185,-0.0376866586061228,-0.9992896055514164,-0.00309,-0.00274,-0.00122,-0.00132,-0.0025,
2023-07-04 19:45:00,2023-07-04,19,-0.8968727415326774,0.4422886902190235,185,-0.0378657262951001,-0.9992828362241316,-0.00298,-0.00245,-0.00101,-0.000967,-0.00208,
2023-07-04 20:00:00,2023-07-04,20,-0.8660254037845175,0.4999999999998634,185,-0.0380447927681682,-0.9992760348088146,-0.00291,-0.00235,-0.000831,-0.000879,-0.0021,
2023-07-04 20:15:00,2023-07-04,20,-0.831469612302608,0.5555702330195083,185,-0.0382238580195777,-0.9992692013056838,-0.0025099999999999,-0.00189,-0.000741,-0.000726,-0.00207,
2023-07-04 20:30:00,2023-07-04,20,-0.7933533402912767,0.6087614290086665,185,-0.038402922043579,-0.9992623357149588,-0.00257,-0.002,-0.000696,-0.000593,-0.00183,
2023-07-04 20:45:00,2023-07-04,20,-0.7518398074789928,0.6593458151000512,185,-0.0385819848344208,-0.9992554380368598,-0.00239,-0.00177,-0.000648,-0.000474,-0.00157,
2023-07-04 21:00:00,2023-07-04,21,-0.7071067811865325,0.7071067811865626,185,-0.038761046386355,-0.9992485082716084,-0.00263,-0.00199,-0.000707,-0.000535,-0.0016799999999999,
2023-07-04 21:15:00,2023-07-04,21,-0.6593458151000192,0.751839807479021,185,-0.0389401066936305,-0.9992415464194274,-0.00283,-0.00218,-0.000631,-0.000528,-0.0018,
2023-07-04 21:30:00,2023-07-04,21,-0.608761429008813,0.7933533402911642,185,-0.0391191657504978,-0.99923455248054,-0.00271,-0.00206,-0.000576,-0.000459,-0.00179,
2023-07-04 21:45:00,2023-07-04,21,-0.5555702330196618,0.8314696123025054,185,-0.0392982235512077,-0.9992275264551708,-0.00241,-0.00182,-0.000651,-0.000493,-0.0018,
2023-07-04 22:00:00,2023-07-04,22,-0.5000000000000233,0.8660254037844252,185,-0.0394772800900094,-0.9992204683435456,-0.00233,-0.0017,-0.000724,-0.000535,-0.0018,
2023-07-04 22:15:00,2023-07-04,22,-0.4422886902189852,0.8968727415326962,185,-0.0396563353611543,-0.9992133781458912,-0.00265,-0.0020499999999999,-0.000765,-0.000436,-0.00166,
2023-07-04 22:30:00,2023-07-04,22,-0.382683432365242,0.9238795325112236,185,-0.0398353893588913,-0.9992062558624348,-0.00258,-0.00206,-0.00072,-0.000516,-0.00179,
2023-07-04 22:45:00,2023-07-04,22,-0.3214394653032752,0.946930129495067,185,-0.0400144420774725,-0.9991991014934054,-0.00254,-0.002,-0.000683,-0.000436,-0.0016899999999999,
2023-07-04 23:00:00,2023-07-04,23,-0.2588190451025934,0.9659258262890488,185,-0.0401934935111471,-0.9991919150390326,-0.00218,-0.0016699999999999,-0.000769,-0.000528,-0.00177,
2023-07-04 23:15:00,2023-07-04,23,-0.1950903220161581,0.9807852804032244,185,-0.0403725436541659,-0.9991846964995472,-0.00249,-0.00189,-0.000814,-0.000344,-0.0014399999999999,
2023-07-04 23:30:00,2023-07-04,23,-0.1305261922200373,0.9914448613738124,185,-0.04055159250078,-0.9991774458751812,-0.00309,-0.0025099999999999,-0.000965,-0.000474,-0.00198,
2023-07-04 23:45:00,2023-07-04,23,-0.065403129230084,0.9978589232386074,185,-0.040730640045239,-0.9991701631661672,-0.0025499999999999,-0.0022299999999999,-0.00108,-0.000979,-0.00216,
