Time,date,hour,hour_sin,hour_cos,day_of_year,doy_sin,doy_cos,Diffus_kW,Global0_kW,Global45_kW,Global60_kW,Global30_kW,ClearSky0_kW
2023-01-06 00:00:00,2023-01-06,0,-4.777360477947854e-15,1.0,6,0.0859078639308598,0.9963030858703776,-0.00218,-0.00195,-0.00116,-0.00115,-0.0019,
2023-01-06 00:15:00,2023-01-06,0,0.0654031292301404,0.9978589232386036,6,0.0860863956744526,0.99628767556353,-0.0020099999999999,-0.00185,-0.000996,-0.000875,-0.00174,
2023-01-06 00:30:00,2023-01-06,0,0.1305261922200511,0.9914448613738104,6,0.0862649246537199,0.996272233264828,-0.00191,-0.00157,-0.000927,-0.000795,-0.00139,
2023-01-06 00:45:00,2023-01-06,0,0.1950903220161264,0.9807852804032308,6,0.0864434508629289,0.9962567589747676,-0.00145,-0.00114,-0.000376,-0.000333,-0.00105,
2023-01-06 01:00:00,2023-01-06,1,0.258819045102521,0.9659258262890682,6,0.0866219742963471,0.9962412526938458,-0.0012,-0.000982,-0.000524,-0.00039,-0.00084,
2023-01-06 01:15:00,2023-01-06,1,0.3214394653031605,0.946930129495106,6,0.0868004949482417,0.99622571442256,-0.00139,-0.00123,-0.000376,-0.000359,-0.00115,
2023-01-06 01:30:00,2023-01-06,1,0.3826834323650906,0.9238795325112864,6,0.0869790128128803,0.9962101441614096,-0.000823,-0.000691,1.38e-05,-1.53e-05,-0.000471,
2023-01-06 01:45:00,2023-01-06,1,0.4422886902189977,0.89687274153269,6,0.0871575278845305,0.9961945419108946,-0.000889,-0.000706,-3.1e-05,-0.000168,-0.000167,
2023-01-06 02:00:00,2023-01-06,2,0.4999999999999984,0.8660254037844396,6,0.0873360401574601,0.9961789076715158,-0.0011799999999999,-0.00107,-0.000648,-0.00055,-0.00081,
2023-01-06 02:15:00,2023-01-06,2,0.5555702330195995,0.831469612302547,6,0.0875145496259367,0.9961632414437752,-0.0005,-0.000496,0.000145,6.879999999999999e-05,-0.000407,
2023-01-06 02:30:00,2023-01-06,2,0.6087614290087198,0.7933533402912358,6,0.0876930562842282,0.9961475432281762,-0.000463,-0.000465,-0.000114,-0.000172,-0.000176,
2023-01-06 02:45:00,2023-01-06,2,0.6593458151000696,0.7518398074789767,6,0.0878715601266027,0.9961318130252224,0.000141,0.000227,0.000245,0.000191,-9e-05,
2023-01-06 03:00:00,2023-01-06,3,0.7071067811865448,0.7071067811865503,6,0.0880500611473282,0.9961160508354192,3.72e-05,0.000149,4.48e-05,8.03e-05,-0.000377,
2023-01-06 03:15:00,2023-01-06,3,0.7518398074789763,0.6593458151000702,6,0.0882285593406728,0.9961002566592728,-0.000376,-0.000298,-0.000317,-0.000126,-0.000283,
2023-01-06 03:30:00,2023-01-06,3,0.7933533402912354,0.6087614290087203,6,0.0884070547009047,0.9960844304972905,-0.00024,-0.00034,0.000214,0.000115,-0.000266,
2023-01-06 03:45:00,2023-01-06,3,0.8314696123025467,0.5555702330196002,6,0.0885855472222923,0.9960685723499798,-5.79e-05,7.8e-05,-0.000114,7.65e-05,-0.000317,
2023-01-06 04:00:00,2023-01-06,4,0.8660254037844374,0.5000000000000021,6,0.088764036899104,0.9960526822178506,-0.000749,-0.000617,-0.000393,-0.000352,-0.000754,
2023-01-06 04:15:00,2023-01-06,4,0.8968727415326881,0.4422886902190016,6,0.0889425237256082,0.996036760101413,-0.00108,-0.00102,-0.000534,-0.000558,-0.0011799999999999,
2023-01-06 04:30:00,2023-01-06,4,0.9238795325112849,0.3826834323650946,6,0.0891210076960737,0.996020806001178,-0.000984,-0.000901,-0.000379,-0.000375,-0.00099,
2023-01-06 04:45:00,2023-01-06,4,0.9469301294951048,0.3214394653031645,6,0.0892994888047691,0.9960048199176584,-0.00174,-0.00147,-0.00109,-0.00091,-0.00173,
2023-01-06 05:00:00,2023-01-06,5,0.965925826289068,0.2588190451025217,6,0.0894779670459631,0.995988801851367,-0.00242,-0.00213,-0.00132,-0.00116,-0.00209,
2023-01-06 05:15:00,2023-01-06,5,0.9807852804032308,0.1950903220161271,6,0.0896564424139246,0.9959727518028184,-0.00256,-0.0022299999999999,-0.00141,-0.0011,-0.00222,
2023-01-06 05:30:00,2023-01-06,5,0.9914448613738108,0.1305261922200483,6,0.0898349149029227,0.9959566697725282,-0.00287,-0.0025499999999999,-0.00151,-0.0011899999999999,-0.00272,
2023-01-06 05:45:00,2023-01-06,5,0.9978589232386034,0.0654031292301447,6,0.0900133845072263,0.9959405557610124,-0.00246,-0.0020499999999999,-0.00134,-0.000837,-0.00213,
2023-01-06 06:00:00,2023-01-06,6,1.0,-4.904777002955296e-16,6,0.0901918512211047,0.9959244097687888,-0.0022,-0.00184,-0.00111,-0.0007,-0.00174,
2023-01-06 06:15:00,2023-01-06,6,0.9978589232386038,-0.0654031292301386,6,0.090370315038827,0.9959082317963754,-0.000364,-0.000209,8.96e-05,0.000386,-0.000167,
2023-01-06 06:30:00,2023-01-06,6,0.9914448613738108,-0.1305261922200493,6,0.0905487759546626,0.9958920218442924,-0.000108,-2.84e-05,0.000262,0.000505,-2.14e-05,
2023-01-06 06:45:00,2023-01-06,6,0.9807852804032304,-0.195090322016128,6,0.0907272339628809,0.9958757799130596,0.000984,0.00125,0.00146,0.0014299999999999,0.000818,
2023-01-06 07:00:00,2023-01-06,7,0.9659258262890678,-0.2588190451025227,6,0.0909056890577515,0.995859506003199,0.00574,0.00595,0.00536,0.0048899999999999,0.00501,
2023-01-06 07:15:00,2023-01-06,7,0.9469301294951066,-0.3214394653031587,6,0.0910841412335439,0.9958432001152328,0.0163999999999999,0.0165,0.0156,0.0143,0.0155,
2023-01-06 07:30:00,2023-01-06,7,0.9238795325112872,-0.382683432365089,6,0.091262590484528,0.9958268622496852,0.0292,0.0295,0.0377,0.0361,0.0356,
2023-01-06 07:45:00,2023-01-06,7,0.8968727415326909,-0.4422886902189961,6,0.0914410368049734,0.9958104924070802,0.0462,0.0471,0.0645,0.061,0.0608,
2023-01-06 08:00:00,2023-01-06,8,0.8660254037844405,-0.4999999999999968,6,0.0916194801891501,0.9957940905879438,0.0693,0.102,0.216,0.212,0.196,
2023-01-06 08:15:00,2023-01-06,8,0.8314696123025461,-0.555570233019601,6,0.0917979206313281,0.9957776567928024,0.0844,0.131,0.272,0.267,0.255,
2023-01-06 08:30:00,2023-01-06,8,0.7933533402912348,-0.6087614290087211,6,0.0919763581257775,0.9957611910221842,0.0867,0.0862,0.109,0.102,0.106,
2023-01-06 08:45:00,2023-01-06,8,0.7518398074789756,-0.659345815100071,6,0.0921547926667684,0.9957446932766174,0.0790999999999999,0.0912999999999999,0.166,0.165,0.141,
2023-01-06 09:00:00,2023-01-06,9,0.7071067811865491,-0.707106781186546,6,0.0923332242485711,0.995728163556632,0.132,0.151,0.219,0.211,0.221,
2023-01-06 09:15:00,2023-01-06,9,0.659345815100069,-0.7518398074789774,6,0.0925116528654561,0.995711601862759,0.165,0.188,0.284,0.278,0.255,
2023-01-06 09:30:00,2023-01-06,9,0.6087614290087247,-0.7933533402912321,6,0.0926900785116937,0.9956950081955296,0.188,0.215,0.352,0.347,0.327,
2023-01-06 09:45:00,2023-01-06,9,0.5555702330196046,-0.8314696123025437,6,0.0928685011815545,0.9956783825554774,0.204,0.239,0.409,0.406,0.383,
2023-01-06 10:00:00,2023-01-06,10,0.5000000000000007,-0.8660254037844383,6,0.0930469208693093,0.9956617249431358,0.189,0.208,0.343,0.341,0.317,
2023-01-06 10:15:00,2023-01-06,10,0.442288690219,-0.8968727415326889,6,0.0932253375692287,0.9956450353590396,0.225,0.474,0.902,0.91,0.829,
2023-01-06 10:30:00,2023-01-06,10,0.382683432365093,-0.9238795325112854,6,0.0934037512755835,0.9956283138037252,0.209,0.208,0.228,0.214,0.23,
2023-01-06 10:45:00,2023-01-06,10,0.3214394653031629,-0.9469301294951052,6,0.0935821619826448,0.995611560277729,0.198,0.196,0.217,0.206,0.217,
2023-01-06 11:00:00,2023-01-06,11,0.2588190451025201,-0.9659258262890684,6,0.0937605696846837,0.9955947747815892,0.281,0.279,0.346,0.332,0.341,
2023-01-06 11:15:00,2023-01-06,11,0.1950903220161324,-0.9807852804032297,6,0.0939389743759711,0.9955779573158452,0.203,0.363,0.641,0.65,0.615,
2023-01-06 11:30:00,2023-01-06,11,0.1305261922200536,-0.9914448613738102,6,0.0941173760507784,0.9955611078810362,0.183,0.191,0.27,0.264,0.261,
2023-01-06 11:45:00,2023-01-06,11,0.065403129230143,-0.9978589232386036,6,0.0942957747033769,0.995544226477704,0.183,0.182,0.202,0.19,0.203,
2023-01-06 12:00:00,2023-01-06,12,-2.2056021997384123e-15,-1.0,6,0.094474170328038,0.9955273131063904,0.195,0.195,0.223,0.21,0.224,
2023-01-06 12:15:00,2023-01-06,12,-0.0654031292301403,-0.9978589232386036,6,0.0946525629190332,0.9955103677676382,0.18,0.178,0.165,0.149,0.173,
2023-01-06 12:30:00,2023-01-06,12,-0.130526192220051,-0.9914448613738104,6,0.0948309524706343,0.995493390461992,0.166,0.164,0.138,0.122,0.148,
2023-01-06 12:45:00,2023-01-06,12,-0.1950903220161228,-0.9807852804032317,6,0.0950093389771128,0.9954763811899968,0.151,0.15,0.121,0.106,0.13,
2023-01-06 13:00:00,2023-01-06,13,-0.2588190451025174,-0.9659258262890692,6,0.0951877224327406,0.9954593399521988,0.117,0.116,0.092,0.0803,0.0996,
2023-01-06 13:15:00,2023-01-06,13,-0.3214394653031603,-0.946930129495106,6,0.0953661028317897,0.9954422667491452,0.101,0.1,0.08,0.0702,0.0861,
2023-01-06 13:30:00,2023-01-06,13,-0.3826834323650905,-0.9238795325112864,6,0.0955444801685321,0.9954251615813844,0.11,0.109,0.0912,0.0809,0.0975999999999999,
2023-01-06 13:45:00,2023-01-06,13,-0.4422886902190039,-0.8968727415326869,6,0.0957228544372398,0.9954080244494652,0.0991,0.0983,0.0823,0.072,0.0885,
2023-01-06 14:00:00,2023-01-06,14,-0.4999999999999983,-0.8660254037844396,6,0.0959012256321851,0.9953908553539382,0.0635,0.0628,0.0554,0.0489,0.0584,
2023-01-06 14:15:00,2023-01-06,14,-0.5555702330196024,-0.8314696123025451,6,0.0960795937476402,0.9953736542953548,0.0517,0.0513,0.0416,0.0361,0.0445,
2023-01-06 14:30:00,2023-01-06,14,-0.6087614290087169,-0.793353340291238,6,0.0962579587778777,0.9953564212742672,0.0507,0.0502,0.0389,0.0329,0.0426,
2023-01-06 14:45:00,2023-01-06,14,-0.6593458151000668,-0.7518398074789792,6,0.09643632071717,0.9953391562912288,0.0243,0.0241,0.0192,0.0168,0.0202,
2023-01-06 15:00:00,2023-01-06,15,-0.7071067811865471,-0.7071067811865479,6,0.0966146795597897,0.995321859346794,0.0272,0.027,0.0226999999999999,0.02,0.0236,
2023-01-06 15:15:00,2023-01-06,15,-0.7518398074789785,-0.6593458151000676,6,0.0967930353000096,0.9953045304415182,0.0201,0.0198999999999999,0.0179,0.0161,0.0184,
2023-01-06 15:30:00,2023-01-06,15,-0.7933533402912332,-0.6087614290087232,6,0.0969713879321023,0.995287169575958,0.0132,0.0129,0.0113,0.0101,0.011,
2023-01-06 15:45:00,2023-01-06,15,-0.8314696123025446,-0.5555702330196032,6,0.097149737450341,0.9952697767506706,0.00523,0.00509,0.00487,0.00456,0.00409,
2023-01-06 16:00:00,2023-01-06,16,-0.8660254037844392,-0.4999999999999991,6,0.0973280838489984,0.9952523519662148,0.0034,0.00328,0.00374,0.00368,0.00295,
2023-01-06 16:15:00,2023-01-06,16,-0.8968727415326866,-0.4422886902190048,6,0.0975064271223479,0.99523489522315,0.00104,0.00107,0.00112,0.000986,0.000291,
2023-01-06 16:30:00,2023-01-06,16,-0.923879532511286,-0.3826834323650914,6,0.0976847672646625,0.9952174065220366,-0.000136,-0.000152,3.1e-05,3.06e-05,-0.000771,
2023-01-06 16:45:00,2023-01-06,16,-0.9469301294951058,-0.3214394653031613,6,0.0978631042702155,0.9951998858634364,-0.000145,-2.13e-05,0.000259,0.00021,-0.000527,
2023-01-06 17:00:00,2023-01-06,17,-0.9659258262890688,-0.2588190451025184,6,0.0980414381332805,0.995182333247912,-0.000385,-0.000248,0.000155,0.000111,-0.000771,
2023-01-06 17:15:00,2023-01-06,17,-0.98078528040323,-0.1950903220161307,6,0.0982197688481309,0.9951647486760268,-0.000744,-0.00061,-0.0003,-0.000302,-0.00126,
2023-01-06 17:30:00,2023-01-06,17,-0.9914448613738104,-0.1305261922200519,6,0.0983980964090402,0.9951471321483458,-0.000616,-0.000504,-0.000162,-0.000119,-0.00101,
2023-01-06 17:45:00,2023-01-06,17,-0.9978589232386031,-0.0654031292301483,6,0.0985764208102823,0.9951294836654344,-0.000385,-0.00033,-0.000183,-0.000176,-0.000823,
2023-01-06 18:00:00,2023-01-06,18,-1.0,-3.1847006584197066e-15,6,0.0987547420461309,0.9951118032278596,-0.000211,-7.8e-05,0.000124,3.82e-05,-0.000634,
2023-01-06 18:15:00,2023-01-06,18,-0.9978589232386036,0.065403129230142,6,0.09893306011086,0.9950940908361888,-0.00048,-0.000433,-4.14e-05,-0.000134,-0.000771,
2023-01-06 18:30:00,2023-01-06,18,-0.9914448613738104,0.1305261922200526,6,0.0991113749987435,0.9950763464909907,-0.000422,-0.000298,-0.000245,-0.000122,-0.00075,
2023-01-06 18:45:00,2023-01-06,18,-0.9807852804032298,0.1950903220161314,6,0.0992896867040557,0.9950585701928356,-0.000533,-0.000411,-0.00011,1.3e-20,-0.000617,
2023-01-06 19:00:00,2023-01-06,19,-0.9659258262890688,0.2588190451025191,6,0.0994679952210706,0.995040761942294,-0.00157,-0.00141,-0.00082,-0.000673,-0.00157,
2023-01-06 19:15:00,2023-01-06,19,-0.9469301294951056,0.321439465303162,6,0.0996463005440627,0.9950229217399378,-0.00133,-0.00111,-0.000627,-0.000623,-0.00141,
2023-01-06 19:30:00,2023-01-06,19,-0.9238795325112884,0.3826834323650855,6,0.0998246026673063,0.9950050495863396,-0.00103,-0.000954,-0.000507,-0.000558,-0.00117,
2023-01-06 19:45:00,2023-01-06,19,-0.8968727415326894,0.4422886902189991,6,0.1000029015850761,0.994987145482074,-0.000459,-0.000496,2.76e-05,0.000398,-0.000835,
2023-01-06 20:00:00,2023-01-06,20,-0.8660254037844388,0.4999999999999998,6,0.1001811972916465,0.994969209427715,0.000145,9.57e-05,0.000293,0.000558,-0.000514,
2023-01-06 20:15:00,2023-01-06,20,-0.8314696123025442,0.5555702330196038,6,0.1003594897812925,0.9949512414238392,0.000339,0.00055,0.000531,0.000768,-0.000381,
2023-01-06 20:30:00,2023-01-06,20,-0.793353340291237,0.6087614290087182,6,0.1005377790482887,0.9949332414710232,7.03e-05,0.000355,0.000455,0.000638,-0.000497,
2023-01-06 20:45:00,2023-01-06,20,-0.751839807478978,0.6593458151000682,6,0.1007160650869101,0.9949152095698454,-0.00103,-0.00104,-0.000624,-0.000455,-0.0011,
2023-01-06 21:00:00,2023-01-06,21,-0.7071067811865517,0.7071067811865434,6,0.1008943478914319,0.9948971457208844,-0.00125,-0.000989,-0.000514,-0.000298,-0.00151,
2023-01-06 21:15:00,2023-01-06,21,-0.6593458151000717,0.7518398074789749,6,0.1010726274561291,0.9948790499247204,-0.00164,-0.00139,-0.000817,-0.000593,-0.00198,
2023-01-06 21:30:00,2023-01-06,21,-0.6087614290087219,0.7933533402912342,6,0.1012509037752769,0.9948609221819348,-1.24e-05,4.26e-05,0.00011,0.000386,-0.000236,
2023-01-06 21:45:00,2023-01-06,21,-0.5555702330196017,0.8314696123025456,6,0.1014291768431509,0.9948427624931092,-0.00126,-0.00121,-0.000751,-0.000409,-0.00128,
2023-01-06 22:00:00,2023-01-06,22,-0.4999999999999976,0.86602540378444,6,0.1016074466540263,0.9948245708588268,-0.000583,-0.000592,-0.000265,-9.94e-05,-0.00108,
2023-01-06 22:15:00,2023-01-06,22,-0.4422886902190033,0.8968727415326873,6,0.1017857132021788,0.9948063472796722,-4.14e-05,-6.740000000000001e-05,-1.38e-05,0.000111,-0.00069,
2023-01-06 22:30:00,2023-01-06,22,-0.3826834323650899,0.9238795325112868,6,0.1019639764818841,0.9947880917562302,0.000157,8.87e-05,0.000152,0.000226,-0.000463,
2023-01-06 22:45:00,2023-01-06,22,-0.3214394653031664,0.946930129495104,6,0.1021422364874179,0.994769804289087,-0.00024,-0.000252,-8.620000000000001e-05,7.259999999999999e-05,-0.000698,
2023-01-06 23:00:00,2023-01-06,23,-0.2588190451025236,0.9659258262890676,6,0.1023204932130561,0.99475148487883,-0.000124,-8.87e-05,2.07e-05,0.000195,-0.000544,
2023-01-06 23:15:00,2023-01-06,23,-0.195090322016129,0.9807852804032304,6,0.1024987466530747,0.9947331335260472,-6.62e-05,-4.26e-05,3.79e-05,0.000233,-0.00054,
2023-01-06 23:30:00,2023-01-06,23,-0.1305261922200502,0.9914448613738106,6,0.1026769968017498,0.994714750231328,7.03e-05,1.06e-05,7.240000000000001e-05,0.000313,-0.000317,
2023-01-06 23:45:00,2023-01-06,23,-0.0654031292301466,0.9978589232386031,6,0.1028552436533576,0.994696334995263,-5.79e-05,-7.09e-05,5.86e-05,0.000149,-0.000548,
2023-01-07 00:00:00,2023-01-07,0,-1.469576158976824e-15,1.0,7,0.1030334872021744,0.9946778878184432,-0.000203,-0.000234,-8.27e-05,5.73e-05,-0.000643,
2023-01-07 00:15:00,2023-01-07,0,0.0654031292301437,0.9978589232386036,7,0.1032117274424765,0.994659408701461,-0.000269,-0.000309,-6.890000000000001e-05,-1.3e-20,-0.000677,
2023-01-07 00:30:00,2023-01-07,0,0.1305261922200473,0.9914448613738108,7,0.1033899643685406,0.9946408976449098,-0.00043,-0.000394,-0.000121,-2.29e-05,-0.000694,
2023-01-07 00:45:00,2023-01-07,0,0.1950903220161261,0.9807852804032308,7,0.1035681979746433,0.994622354649384,-0.000575,-0.000543,-0.0003,-1.53e-05,-0.000771,
2023-01-07 01:00:00,2023-01-07,1,0.2588190451025207,0.9659258262890684,7,0.1037464282550612,0.9946037797154792,-0.000707,-0.000699,-0.000376,-0.000134,-0.000977,
2023-01-07 01:15:00,2023-01-07,1,0.3214394653031636,0.946930129495105,7,0.1039246552040713,0.9945851728437916,-0.000868,-0.000812,-0.000431,-0.000195,-0.00103,
2023-01-07 01:30:00,2023-01-07,1,0.3826834323650872,0.9238795325112878,7,0.1041028788159503,0.9945665340349188,-0.00181,-0.00165,-0.00105,-0.000711,-0.0019399999999999,
2023-01-07 01:45:00,2023-01-07,1,0.4422886902190007,0.8968727415326886,7,0.1042810990849755,0.9945478632894597,-0.00249,-0.00213,-0.00139,-0.000975,-0.00235,
2023-01-07 02:00:00,2023-01-07,2,0.4999999999999951,0.8660254037844415,7,0.104459316005424,0.994529160608013,-0.00271,-0.00227,-0.00147,-0.0011,-0.00228,
2023-01-07 02:15:00,2023-01-07,2,0.5555702330195993,0.8314696123025471,7,0.104637529571573,0.99451042599118,-0.00267,-0.0023,-0.00138,-0.00103,-0.0023799999999999,
2023-01-07 02:30:00,2023-01-07,2,0.6087614290087195,0.7933533402912359,7,0.1048157397776999,0.994491659439562,-0.0025099999999999,-0.00208,-0.00127,-0.000745,-0.0019,
2023-01-07 02:45:00,2023-01-07,2,0.6593458151000695,0.7518398074789768,7,0.1049939466180821,0.9944728609537614,-0.00245,-0.00209,-0.0014,-0.000979,-0.00212,
2023-01-07 03:00:00,2023-01-07,3,0.7071067811865496,0.7071067811865455,7,0.1051721500869974,0.9944540305343824,-0.00156,-0.00132,-0.000996,-0.000654,-0.00148,
2023-01-07 03:15:00,2023-01-07,3,0.751839807478976,0.6593458151000704,7,0.1053503501787233,0.994435168182029,-0.00111,-0.00094,-0.000496,-0.000356,-0.0012,
2023-01-07 03:30:00,2023-01-07,3,0.7933533402912353,0.6087614290087205,7,0.1055285468875377,0.9944162738973076,-0.0014,-0.00124,-0.000648,-0.000394,-0.0016699999999999,
2023-01-07 03:45:00,2023-01-07,3,0.8314696123025426,0.5555702330196063,7,0.1057067402077185,0.9943973476808242,-0.00132,-0.00115,-0.000976,-0.000799,-0.00165,
2023-01-07 04:00:00,2023-01-07,4,0.8660254037844373,0.5000000000000023,7,0.1058849301335437,0.994378389533187,-0.0020299999999999,-0.00159,-0.000872,-0.000757,-0.0019,
2023-01-07 04:15:00,2023-01-07,4,0.896872741532688,0.4422886902190018,7,0.1060631166592914,0.9943593994550046,-0.00242,-0.00218,-0.000945,-0.000791,-0.0026,
2023-01-07 04:30:00,2023-01-07,4,0.9238795325112874,0.3826834323650883,7,0.10624129977924,0.994340377446887,-0.00245,-0.00214,-0.00139,-0.00122,-0.0025499999999999,
2023-01-07 04:45:00,2023-01-07,4,0.9469301294951046,0.3214394653031647,7,0.1064194794876676,0.9943213235094448,-0.00268,-0.00215,-0.00161,-0.00147,-0.00225,
2023-01-07 05:00:00,2023-01-07,5,0.965925826289068,0.2588190451025219,7,0.1065976557788529,0.9943022376432898,-0.00247,-0.00211,-0.000931,-0.000791,-0.00231,
2023-01-07 05:15:00,2023-01-07,5,0.9807852804032292,0.1950903220161343,7,0.1067758286470743,0.9942831198490352,-0.0023799999999999,-0.00195,-0.00101,-0.000887,-0.00224,
2023-01-07 05:30:00,2023-01-07,5,0.99144486137381,0.1305261922200556,7,0.1069539980866106,0.9942639701272944,-0.00227,-0.0018,-0.0011899999999999,-0.00101,-0.00199,
2023-01-07 05:45:00,2023-01-07,5,0.9978589232386034,0.0654031292301449,7,0.1071321640917406,0.9942447884786826,-0.00228,-0.00188,-0.000969,-0.000654,-0.00196,
2023-01-07 06:00:00,2023-01-07,6,1.0,-2.45548340466059e-16,7,0.107310326656743,0.9942255749038158,-0.00222,-0.00179,-0.0007,-0.000531,-0.00188,
2023-01-07 06:15:00,2023-01-07,6,0.9978589232386034,-0.0654031292301454,7,0.1074884857758971,0.9942063294033108,-0.00086,-0.000518,6.89e-06,0.000195,-0.000441,
2023-01-07 06:30:00,2023-01-07,6,0.9914448613738108,-0.130526192220049,7,0.1076666414434818,0.994187051977786,-0.00019,0.000188,0.000765,0.00083,0.000253,
2023-01-07 06:45:00,2023-01-07,6,0.9807852804032304,-0.1950903220161278,7,0.1078447936537764,0.9941677426278598,0.00114,0.0017,0.00175,0.0018,0.00158,
2023-01-07 07:00:00,2023-01-07,7,0.9659258262890696,-0.2588190451025156,7,0.1080229424010602,0.9941484013541526,0.00674,0.00731,0.00711,0.00698,0.00692,
2023-01-07 07:15:00,2023-01-07,7,0.9469301294951068,-0.3214394653031585,7,0.1082010876796128,0.9941290281572854,0.0197,0.0201,0.0218,0.0206,0.0214,
2023-01-07 07:30:00,2023-01-07,7,0.9238795325112872,-0.3826834323650887,7,0.1083792294837136,0.9941096230378804,0.0391,0.0407999999999999,0.0532,0.0506,0.0512,
2023-01-07 07:45:00,2023-01-07,7,0.8968727415326878,-0.4422886902190022,7,0.1085573678076424,0.9940901859965604,0.0527,0.0526,0.0629,0.0588,0.0616,
2023-01-07 08:00:00,2023-01-07,8,0.8660254037844406,-0.4999999999999966,7,0.1087355026456789,0.99407071703395,0.0436,0.117,0.331,0.33,0.286,
2023-01-07 08:15:00,2023-01-07,8,0.8314696123025462,-0.5555702330196007,7,0.108913633992103,0.9940512161506742,0.0492,0.173,0.484,0.486,0.423,
2023-01-07 08:30:00,2023-01-07,8,0.7933533402912349,-0.6087614290087209,7,0.1090917618411948,0.9940316833473588,0.0592,0.119,0.278,0.278,0.247,
2023-01-07 08:45:00,2023-01-07,8,0.7518398074789804,-0.6593458151000654,7,0.1092698861872344,0.9940121186246316,0.082,0.264,0.64,0.643,0.569,
2023-01-07 09:00:00,2023-01-07,9,0.7071067811865492,-0.7071067811865458,7,0.109448007024502,0.9939925219831206,0.178,0.223,0.392,0.387,0.365,
2023-01-07 09:15:00,2023-01-07,9,0.6593458151000691,-0.7518398074789772,7,0.109626124347278,0.9939728934234552,0.183,0.187,0.237,0.227,0.232,
2023-01-07 09:30:00,2023-01-07,9,0.6087614290087192,-0.7933533402912363,7,0.1098042381498428,0.9939532329462653,0.173,0.172,0.195,0.184,0.195,
2023-01-07 09:45:00,2023-01-07,9,0.5555702330196048,-0.8314696123025435,7,0.109982348426477,0.9939335405521824,0.192,0.194,0.221,0.209,0.221,
2023-01-07 10:00:00,2023-01-07,10,0.5000000000000009,-0.8660254037844382,7,0.1101604551714613,0.9939138162418392,0.177,0.175,0.169,0.155,0.175,
2023-01-07 10:15:00,2023-01-07,10,0.4422886902190066,-0.8968727415326857,7,0.1103385583790765,0.9938940600158688,0.188,0.186,0.19,0.176,0.194,
2023-01-07 10:30:00,2023-01-07,10,0.3826834323650933,-0.9238795325112852,7,0.1105166580436035,0.9938742718749052,0.236,0.234,0.257,0.24,0.259,
2023-01-07 10:45:00,2023-01-07,10,0.3214394653031631,-0.9469301294951052,7,0.1106947541593234,0.9938544518195844,0.222,0.22,0.224,0.206,0.229,
2023-01-07 11:00:00,2023-01-07,11,0.2588190451025203,-0.9659258262890684,7,0.1108728467205172,0.9938345998505428,0.197,0.194,0.184,0.167,0.191,
2023-01-07 11:15:00,2023-01-07,11,0.1950903220161257,-0.980785280403231,7,0.1110509357214664,0.9938147159684178,0.162,0.16,0.14,0.126,0.148,
2023-01-07 11:30:00,2023-01-07,11,0.1305261922200539,-0.9914448613738102,7,0.1112290211564521,0.9937948001738476,0.126,0.124,0.114,0.105,0.119,
2023-01-07 11:45:00,2023-01-07,11,0.0654031292301432,-0.9978589232386036,7,0.111407103019756,0.993774852467472,0.142,0.14,0.131,0.12,0.136,
2023-01-07 12:00:00,2023-01-07,12,5.14475451769206e-15,-1.0,7,0.1115851813056595,0.9937548728499312,0.161,0.159,0.148,0.135,0.154,
2023-01-07 12:15:00,2023-01-07,12,-0.06540312923014,-0.9978589232386036,7,0.1117632560084445,0.9937348613218672,0.142,0.141,0.13,0.119,0.136,
2023-01-07 12:30:00,2023-01-07,12,-0.1305261922200507,-0.9914448613738104,7,0.1119413271223928,0.9937148178839226,0.169,0.167,0.157,0.144,0.163,
2023-01-07 12:45:00,2023-01-07,12,-0.1950903220161295,-0.9807852804032302,7,0.1121193946417863,0.9936947425367408,0.174,0.172,0.166,0.154,0.172,
2023-01-07 13:00:00,2023-01-07,13,-0.2588190451025172,-0.9659258262890692,7,0.112297458560907,0.9936746352809664,0.207,0.277,0.4,0.406,0.382,
2023-01-07 13:15:00,2023-01-07,13,-0.3214394653031601,-0.946930129495106,7,0.1124755188740373,0.993654496117245,0.124,0.123,0.108,0.101,0.113,
2023-01-07 13:30:00,2023-01-07,13,-0.3826834323650903,-0.9238795325112864,7,0.1126535755754592,0.9936343250462236,0.0869,0.0859,0.0779,0.0729,0.0792,
2023-01-07 13:45:00,2023-01-07,13,-0.4422886902189973,-0.8968727415326903,7,0.1128316286594553,0.9936141220685496,0.0982,0.0970999999999999,0.0858,0.0789,0.0895,
2023-01-07 14:00:00,2023-01-07,14,-0.4999999999999981,-0.8660254037844397,7,0.1130096781203082,0.993593887184872,0.0975,0.0969,0.0945,0.0907,0.0968,
2023-01-07 14:15:00,2023-01-07,14,-0.5555702330196022,-0.8314696123025452,7,0.1131877239523003,0.9935736203958404,0.122,0.122,0.13,0.127,0.131,
2023-01-07 14:30:00,2023-01-07,14,-0.6087614290087223,-0.7933533402912339,7,0.1133657661497145,0.993553321702106,0.0909,0.0902999999999999,0.0866,0.0807,0.0896,
2023-01-07 14:45:00,2023-01-07,14,-0.6593458151000667,-0.7518398074789793,7,0.1135438047068337,0.9935329911043198,0.0542,0.0536,0.0453999999999999,0.0395,0.0481,
2023-01-07 15:00:00,2023-01-07,15,-0.707106781186547,-0.707106781186548,7,0.1137218396179409,0.9935126286031352,0.0281,0.0276,0.0214,0.0185,0.0226999999999999,
2023-01-07 15:15:00,2023-01-07,15,-0.7518398074789736,-0.6593458151000732,7,0.1138998708773191,0.993492234199206,0.0224,0.0221,0.0189,0.0171,0.0195,
2023-01-07 15:30:00,2023-01-07,15,-0.7933533402912331,-0.6087614290087234,7,0.1140778984792516,0.993471807893187,0.00982,0.0097899999999999,0.0101,0.00985,0.00966,
2023-01-07 15:45:00,2023-01-07,15,-0.8314696123025445,-0.5555702330196034,7,0.1142559224180217,0.9934513496857342,0.00733,0.00748,0.0094399999999999,0.00974,0.00884,
2023-01-07 16:00:00,2023-01-07,16,-0.866025403784439,-0.4999999999999994,7,0.114433942687913,0.9934308595775044,0.00179,0.0023,0.00841,0.0104,0.00675,
2023-01-07 16:15:00,2023-01-07,16,-0.8968727415326896,-0.4422886902189987,7,0.1146119592832089,0.9934103375691558,-0.00122,-0.000876,-0.000379,-0.000443,-0.000797,
2023-01-07 16:30:00,2023-01-07,16,-0.923879532511286,-0.3826834323650916,7,0.1147899721981933,0.9933897836613472,-0.00297,-0.00278,-0.00232,-0.0019199999999999,-0.00291,
2023-01-07 16:45:00,2023-01-07,16,-0.9469301294951056,-0.3214394653031615,7,0.1149679814271498,0.9933691978547384,-0.00235,-0.00215,-0.00156,-0.00121,-0.00197,
2023-01-07 17:00:00,2023-01-07,17,-0.965925826289067,-0.2588190451025255,7,0.1151459869643624,0.9933485801499908,-0.000993,-0.000801,-0.000517,-0.000359,-0.00087,
2023-01-07 17:15:00,2023-01-07,17,-0.98078528040323,-0.1950903220161309,7,0.1153239888041153,0.9933279305477664,-0.00072,-0.000599,-0.000345,-0.000405,-0.000608,
2023-01-07 17:30:00,2023-01-07,17,-0.9914448613738104,-0.1305261922200522,7,0.1155019869406925,0.993307249048728,-0.00133,-0.00117,-0.00072,-0.000726,-0.00117,
2023-01-07 17:45:00,2023-01-07,17,-0.9978589232386036,-0.0654031292301415,7,0.1156799813683783,0.9932865356535402,-0.00207,-0.00188,-0.00115,-0.000952,-0.00195,
2023-01-07 18:00:00,2023-01-07,18,-1.0,-3.4296300182491773e-15,7,0.1158579720814572,0.9932657903628676,-0.00231,-0.0020099999999999,-0.00131,-0.00101,-0.002,
2023-01-07 18:15:00,2023-01-07,18,-0.9978589232386036,0.0654031292301417,7,0.1160359590742137,0.9932450131773768,-0.00249,-0.00215,-0.00135,-0.00101,-0.00215,
2023-01-07 18:30:00,2023-01-07,18,-0.9914448613738112,0.1305261922200454,7,0.1162139423409324,0.9932242040977346,-0.00225,-0.0019199999999999,-0.00111,-0.00078,-0.00183,
2023-01-07 18:45:00,2023-01-07,18,-0.9807852804032312,0.1950903220161242,7,0.1163919218758981,0.9932033631246094,-0.0019399999999999,-0.0016899999999999,-0.000924,-0.000596,-0.00166,
2023-01-07 19:00:00,2023-01-07,19,-0.9659258262890688,0.2588190451025188,7,0.1165698976733957,0.9931824902586704,-0.00208,-0.0018,-0.0011899999999999,-0.000937,-0.0018,
2023-01-07 19:15:00,2023-01-07,19,-0.9469301294951056,0.3214394653031617,7,0.1167478697277103,0.993161585500588,-0.00242,-0.00207,-0.00124,-0.000902,-0.00191,
2023-01-07 19:30:00,2023-01-07,19,-0.923879532511286,0.3826834323650919,7,0.1169258380331269,0.993140648851033,-0.00247,-0.00208,-0.00134,-0.000982,-0.00183,
2023-01-07 19:45:00,2023-01-07,19,-0.8968727415326895,0.4422886902189989,7,0.1171038025839307,0.9931196803106782,-0.00252,-0.00218,-0.00112,-0.000994,-0.0018,
2023-01-07 20:00:00,2023-01-07,20,-0.8660254037844425,0.4999999999999934,7,0.1172817633744072,0.9930986798801968,-0.00126,-0.00104,-0.000186,-0.0006,-0.000566,
2023-01-07 20:15:00,2023-01-07,20,-0.8314696123025443,0.5555702330196036,7,0.1174597203988418,0.993077647560263,-0.00158,-0.00135,-0.000465,-0.000707,-0.00102,
2023-01-07 20:30:00,2023-01-07,20,-0.7933533402912372,0.608761429008718,7,0.1176376736515202,0.9930565833515522,-0.000844,-0.000667,-0.000334,-0.000459,-0.000313,
2023-01-07 20:45:00,2023-01-07,20,-0.7518398074789782,0.659345815100068,7,0.117815623126728,0.993035487254741,-0.000624,-0.000553,-0.000269,-0.000344,-0.000501,
2023-01-07 21:00:00,2023-01-07,21,-0.7071067811865519,0.7071067811865432,7,0.1179935688187512,0.9930143592705064,-0.000902,-0.000826,-0.000145,-0.000409,-0.000608,
2023-01-07 21:15:00,2023-01-07,21,-0.6593458151000665,0.7518398074789795,7,0.1181715107218757,0.9929931993995276,-0.000637,-0.000592,-0.000479,-0.000436,-0.000613,
2023-01-07 21:30:00,2023-01-07,21,-0.6087614290087221,0.793353340291234,7,0.1183494488303876,0.9929720076424832,-0.00146,-0.00141,-0.000941,-0.000887,-0.00105,
2023-01-07 21:45:00,2023-01-07,21,-0.5555702330196078,0.8314696123025415,7,0.1185273831385731,0.992950784000054,-0.00098,-0.000979,-0.000217,-0.000474,-0.000514,
2023-01-07 22:00:00,2023-01-07,22,-0.4999999999999979,0.8660254037844398,7,0.1187053136407187,0.9929295284729216,-0.000984,-0.000982,-0.000114,-0.000463,-0.000728,
2023-01-07 22:15:00,2023-01-07,22,-0.4422886902190035,0.8968727415326871,7,0.1188832403311106,0.9929082410617688,-0.000902,-0.000837,-0.00029,-0.000516,-0.00081,
2023-01-07 22:30:00,2023-01-07,22,-0.3826834323650901,0.9238795325112866,7,0.1190611632040355,0.9928869217672786,-0.00106,-0.00094,-0.00062,-0.000646,-0.00103,
2023-01-07 22:45:00,2023-01-07,22,-0.3214394653031666,0.946930129495104,7,0.1192390822537802,0.992865570590136,-0.00117,-0.000986,-0.000589,-0.000719,-0.000857,
2023-01-07 23:00:00,2023-01-07,23,-0.2588190451025169,0.9659258262890692,7,0.1194169974746314,0.9928441875310264,-0.000575,-0.000457,-0.000265,-0.000401,-0.00054,
2023-01-07 23:15:00,2023-01-07,23,-0.1950903220161292,0.9807852804032302,7,0.1195949088608761,0.9928227725906364,-0.00153,-0.00138,-0.00091,-0.00104,-0.00126,
2023-01-07 23:30:00,2023-01-07,23,-0.1305261922200575,0.9914448613738096,7,0.1197728164068014,0.992801325769654,-0.0014,-0.00123,-0.000586,-0.00081,-0.0011799999999999,
2023-01-07 23:45:00,2023-01-07,23,-0.0654031292301469,0.9978589232386031,7,0.1199507201066945,0.9927798470687677,-0.000819,-0.000702,-0.000596,-0.000631,-0.000844,
2023-01-08 00:00:00,2023-01-08,0,-1.7145055188062944e-15,1.0,8,0.1201286199548428,0.9927583364886668,-0.0015,-0.0013,-0.000934,-0.0011,-0.00131,
2023-01-08 00:15:00,2023-01-08,0,0.0654031292301434,0.9978589232386036,8,0.1203065159455335,0.9927367940300426,-0.00249,-0.00217,-0.00121,-0.0014399999999999,-0.0019399999999999,
2023-01-08 00:30:00,2023-01-08,0,0.1305261922200471,0.991444861373811,8,0.1204844080730544,0.9927152196935864,-0.000554,-0.000465,-0.000231,-0.000371,-0.000437,
2023-01-08 00:45:00,2023-01-08,0,0.1950903220161328,0.9807852804032297,8,0.1206622963316931,0.9926936134799914,-0.000703,-0.000645,-0.000331,-0.000428,-0.000608,
2023-01-08 01:00:00,2023-01-08,1,0.2588190451025205,0.9659258262890684,8,0.1208401807157374,0.9926719753899512,-0.000393,-0.000316,-8.620000000000001e-05,-0.000233,-0.00039,
2023-01-08 01:15:00,2023-01-08,1,0.3214394653031566,0.9469301294951074,8,0.1210180612194753,0.9926503054241606,-0.000521,-0.000475,-0.000221,-0.000306,-0.000407,
2023-01-08 01:30:00,2023-01-08,1,0.3826834323650869,0.923879532511288,8,0.1211959378371949,0.9926286035833154,-0.000558,-0.000511,-0.000231,-0.000333,-0.000643,
2023-01-08 01:45:00,2023-01-08,1,0.4422886902190004,0.8968727415326887,8,0.1213738105631843,0.9926068698681126,-0.000525,-0.000415,-0.000228,-0.000333,-0.000493,
2023-01-08 02:00:00,2023-01-08,2,0.5000000000000011,0.866025403784438,8,0.1215516793917319,0.99258510427925,-0.000608,-0.000543,-0.000228,-0.000333,-0.000578,
2023-01-08 02:15:00,2023-01-08,2,0.5555702330195991,0.8314696123025473,8,0.1217295443171261,0.9925633068174264,-0.000443,-0.000461,-0.000259,-0.000294,-0.00066,
2023-01-08 02:30:00,2023-01-08,2,0.6087614290087138,0.7933533402912405,8,0.1219074053336554,0.9925414774833422,-0.000856,-0.000713,-0.00041,-0.000489,-0.000754,
2023-01-08 02:45:00,2023-01-08,2,0.6593458151000693,0.751839807478977,8,0.1220852624356086,0.9925196162776978,-0.000993,-0.000862,-0.000489,-0.000612,-0.000746,
2023-01-08 03:00:00,2023-01-08,3,0.7071067811865444,0.7071067811865507,8,0.1222631156172745,0.9924977232011956,-0.00153,-0.00134,-0.00061,-0.000803,-0.00114,
2023-01-08 03:15:00,2023-01-08,3,0.7518398074789759,0.6593458151000706,8,0.1224409648729421,0.9924757982545382,-0.000571,-0.000457,-0.000224,-0.000356,-0.000441,
2023-01-08 03:30:00,2023-01-08,3,0.793353340291235,0.6087614290087208,8,0.1226188101969003,0.99245384143843,-0.000728,-0.000645,-0.000393,-0.000478,-0.000746,
2023-01-08 03:45:00,2023-01-08,3,0.8314696123025463,0.5555702330196005,8,0.1227966515834385,0.992431852753576,-0.00098,-0.000816,-0.000434,-0.000566,-0.000686,
2023-01-08 04:00:00,2023-01-08,4,0.8660254037844372,0.5000000000000026,8,0.1229744890268458,0.992409832200682,-0.000604,-0.000528,-0.000269,-0.000367,-0.000398,
2023-01-08 04:15:00,2023-01-08,4,0.8968727415326848,0.4422886902190083,8,0.1231523225214119,0.9923877797804556,-0.000459,-0.000387,-0.000228,-0.000275,-0.000501,
2023-01-08 04:30:00,2023-01-08,4,0.9238795325112872,0.3826834323650885,8,0.1233301520614262,0.9923656954936044,-0.000463,-0.000394,-0.0002,-0.000268,-0.000501,
2023-01-08 04:45:00,2023-01-08,4,0.9469301294951044,0.321439465303165,8,0.1235079776411785,0.992343579340838,-0.000372,-0.000305,-0.000165,-0.000203,-0.000313,
2023-01-08 05:00:00,2023-01-08,5,0.965925826289068,0.2588190451025222,8,0.1236857992549585,0.9923214313228664,-0.000414,-0.000433,-0.000245,-0.000287,-0.000514,
2023-01-08 05:15:00,2023-01-08,5,0.9807852804032292,0.1950903220161345,8,0.1238636168970563,0.9922992514404004,-0.000988,-0.00078,-0.00129,-0.000841,-0.00183,
2023-01-08 05:30:00,2023-01-08,5,0.9914448613738108,0.1305261922200488,8,0.124041430561762,0.9922770396941528,-0.00112,-0.00114,-0.000741,-0.000707,-0.00155,
2023-01-08 05:45:00,2023-01-08,5,0.9978589232386034,0.0654031292301452,8,0.1242192402433657,0.9922547960848368,-7.86e-05,-0.000149,-9.31e-05,-0.000138,-0.000206,
2023-01-08 06:00:00,2023-01-08,6,1.0,7.1048083769644134e-15,8,0.1243970459361578,0.9922325206131662,0.000289,0.000113,0.000162,4.59e-05,-0.000116,
2023-01-08 06:15:00,2023-01-08,6,0.9978589232386034,-0.0654031292301452,8,0.1245748476344288,0.9922102132798568,0.000236,9.22e-05,7.93e-05,7.65e-05,-0.00027,
2023-01-08 06:30:00,2023-01-08,6,0.9914448613738108,-0.1305261922200488,8,0.1247526453324692,0.9921878740856246,4.14e-05,1.77e-05,0.000148,0.000103,-0.000373,
2023-01-08 06:45:00,2023-01-08,6,0.9807852804032304,-0.1950903220161276,8,0.1249304390245699,0.9921655030311868,0.000931,0.000957,0.00133,0.00114,0.000913,
2023-01-08 07:00:00,2023-01-08,7,0.9659258262890698,-0.2588190451025153,8,0.1251082287050215,0.9921431001172624,0.0049299999999999,0.0049299999999999,0.00522,0.00496,0.00533,
2023-01-08 07:15:00,2023-01-08,7,0.9469301294951044,-0.321439465303165,8,0.1252860143681153,0.99212066534457,0.0146,0.0145,0.0134,0.0119,0.0141,
2023-01-08 07:30:00,2023-01-08,7,0.9238795325112872,-0.3826834323650885,8,0.1254637960081421,0.9920981987138306,0.0145,0.0143,0.0153,0.0138,0.0148,
2023-01-08 07:45:00,2023-01-08,7,0.8968727415326911,-0.4422886902189956,8,0.1256415736193933,0.9920757002257652,0.0297,0.0292,0.0294,0.027,0.0295,
2023-01-08 08:00:00,2023-01-08,8,0.8660254037844407,-0.4999999999999964,8,0.1258193471961603,0.9920531698810968,0.0843,0.083,0.0807,0.0742,0.0831,
2023-01-08 08:15:00,2023-01-08,8,0.8314696123025463,-0.5555702330196005,8,0.1259971167327346,0.9920306076805482,0.161,0.224,0.403,0.393,0.37,
2023-01-08 08:30:00,2023-01-08,8,0.793353340291235,-0.6087614290087208,8,0.1261748822234078,0.9920080136248444,0.0819,0.0825999999999999,0.0955,0.0881,0.095,
2023-01-08 08:45:00,2023-01-08,8,0.7518398074789806,-0.6593458151000652,8,0.1263526436624716,0.9919853877147105,0.114,0.113,0.106,0.0965999999999999,0.11,
2023-01-08 09:00:00,2023-01-08,9,0.7071067811865444,-0.7071067811865507,8,0.126530401044218,0.9919627299508734,0.14,0.226,0.399,0.391,0.37,
2023-01-08 09:15:00,2023-01-08,9,0.6593458151000693,-0.751839807478977,8,0.1267081543629389,0.9919400403340606,0.176,0.216,0.328,0.322,0.309,
2023-01-08 09:30:00,2023-01-08,9,0.608761429008725,-0.7933533402912318,8,0.1268859036129266,0.9919173188650006,0.126,0.125,0.132,0.121,0.134,
2023-01-08 09:45:00,2023-01-08,9,0.5555702330196051,-0.8314696123025433,8,0.1270636487884733,0.9918945655444228,0.154,0.153,0.159,0.148,0.162,
2023-01-08 10:00:00,2023-01-08,10,0.5000000000000011,-0.866025403784438,8,0.1272413898838713,0.9918717803730585,0.127,0.125,0.111,0.1,0.117,
2023-01-08 10:15:00,2023-01-08,10,0.4422886902190004,-0.8968727415326887,8,0.1274191268934134,0.9918489633516386,0.0684,0.0675,0.0659,0.0608,0.0676,
2023-01-08 10:30:00,2023-01-08,10,0.3826834323650935,-0.9238795325112852,8,0.1275968598113921,0.9918261144808964,0.0731,0.0726,0.0842,0.0809,0.0832,
2023-01-08 10:45:00,2023-01-08,10,0.3214394653031566,-0.9469301294951074,8,0.1277745886321002,0.991803233761565,0.253,0.358,0.513,0.501,0.494,
2023-01-08 11:00:00,2023-01-08,11,0.2588190451025205,-0.9659258262890684,8,0.1279523133498308,0.9917803211943796,0.122,0.132,0.17,0.165,0.165,
2023-01-08 11:15:00,2023-01-08,11,0.1950903220161328,-0.9807852804032297,8,0.1281300339588768,0.9917573767800756,0.0432,0.0426,0.0472999999999999,0.0458,0.0464,
2023-01-08 11:30:00,2023-01-08,11,0.1305261922200541,-0.99144486137381,8,0.1283077504535314,0.9917344005193902,0.0765999999999999,0.0752999999999999,0.0631,0.0587,0.0670999999999999,
2023-01-08 11:45:00,2023-01-08,11,0.0654031292301434,-0.9978589232386036,8,0.128485462828088,0.9917113924130608,0.115,0.114,0.13,0.125,0.13,
2023-01-08 12:00:00,2023-01-08,12,-1.7157434800794713e-15,-1.0,8,0.1286631710768401,0.9916883524618264,0.0959,0.0947,0.0856,0.0768,0.0892,
2023-01-08 12:15:00,2023-01-08,12,-0.0654031292301398,-0.9978589232386036,8,0.1288408751940813,0.9916652806664268,0.175,0.173,0.164,0.149,0.171,
2023-01-08 12:30:00,2023-01-08,12,-0.1305261922200434,-0.9914448613738116,8,0.1290185751741052,0.9916421770276028,0.0957,0.0945999999999999,0.0906,0.0828,0.0935999999999999,
2023-01-08 12:45:00,2023-01-08,12,-0.1950903220161293,-0.9807852804032302,8,0.1291962710112058,0.9916190415460964,0.0455,0.045,0.0419,0.038,0.0434,
2023-01-08 13:00:00,2023-01-08,13,-0.2588190451025169,-0.9659258262890692,8,0.1293739626996771,0.9915958742226504,0.0322999999999999,0.032,0.0324,0.0304,0.0329,
2023-01-08 13:15:00,2023-01-08,13,-0.3214394653031599,-0.9469301294951062,8,0.1295516502338132,0.991572675058009,0.0922,0.0911,0.0875,0.0790999999999999,0.0907999999999999,
2023-01-08 13:30:00,2023-01-08,13,-0.3826834323650901,-0.9238795325112866,8,0.1297293336079083,0.9915494440529168,0.0339,0.0336,0.0368,0.0352,0.0367,
2023-01-08 13:45:00,2023-01-08,13,-0.4422886902190035,-0.8968727415326871,8,0.1299070128162569,0.9915261812081196,0.0344,0.034,0.0334,0.031,0.0342,
2023-01-08 14:00:00,2023-01-08,14,-0.4999999999999979,-0.8660254037844398,8,0.1300846878531534,0.9915028865243648,0.0322999999999999,0.0319,0.0298,0.0272,0.0306999999999999,
2023-01-08 14:15:00,2023-01-08,14,-0.5555702330195961,-0.8314696123025493,8,0.1302623587128926,0.9914795600024005,0.0386,0.0381,0.0368,0.0335,0.0378999999999999,
2023-01-08 14:30:00,2023-01-08,14,-0.6087614290087221,-0.793353340291234,8,0.1304400253897693,0.9914562016429754,0.0178,0.0176,0.0173,0.0159,0.0175,
2023-01-08 14:45:00,2023-01-08,14,-0.6593458151000665,-0.7518398074789795,8,0.1306176878780783,0.9914328114468396,0.00749,0.00748,0.00813,0.00764,0.0080399999999999,
2023-01-08 15:00:00,2023-01-08,15,-0.7071067811865468,-0.7071067811865482,8,0.1307953461721148,0.9914093894147444,0.00529,0.00523,0.00537,0.00494,0.00526,
2023-01-08 15:15:00,2023-01-08,15,-0.7518398074789735,-0.6593458151000733,8,0.1309730002661739,0.991385935547442,0.00671,0.00665,0.00566,0.00494,0.00566,
2023-01-08 15:30:00,2023-01-08,15,-0.7933533402912372,-0.608761429008718,8,0.1311506501545511,0.9913624498456852,0.00241,0.00219,0.000996,0.000688,0.000548,
2023-01-08 15:45:00,2023-01-08,15,-0.8314696123025443,-0.5555702330196036,8,0.1313282958315416,0.9913389323102282,0.00079,0.000635,-0.000265,-0.000413,-0.000686,
2023-01-08 16:00:00,2023-01-08,16,-0.8660254037844354,-0.5000000000000058,8,0.1315059372914414,0.9913153829418262,0.000653,0.000429,0.000893,0.00094,-0.000167,
2023-01-08 16:15:00,2023-01-08,16,-0.8968727415326895,-0.4422886902189989,8,0.1316835745285459,0.9912918017412354,0.000161,9.57e-05,0.000396,0.000474,4.71e-05,
2023-01-08 16:30:00,2023-01-08,16,-0.923879532511286,-0.3826834323650919,8,0.1318612075371511,0.9912681887092132,0.000178,0.00011,1.38e-05,3.7e-21,-4.28e-05,
2023-01-08 16:45:00,2023-01-08,16,-0.9469301294951056,-0.3214394653031617,8,0.132038836311553,0.9912445438465176,3.31e-05,0.000216,2.76e-05,3.82e-06,-3e-05,
2023-01-08 17:00:00,2023-01-08,17,-0.965925826289067,-0.2588190451025257,8,0.1322164608460478,0.991220867153908,0.0016899999999999,0.000961,0.000465,0.000505,0.000574,
2023-01-08 17:15:00,2023-01-08,17,-0.9807852804032312,-0.1950903220161242,8,0.1323940811349317,0.9911971586321447,0.00116,0.000514,1.7199999999999998e-05,0.000168,-0.00018,
2023-01-08 17:30:00,2023-01-08,17,-0.9914448613738104,-0.1305261922200524,8,0.1325716971725013,0.9911734182819888,0.000116,-9.93e-05,-0.00051,-0.000417,-0.00096,
2023-01-08 17:45:00,2023-01-08,17,-0.9978589232386031,-0.0654031292301488,8,0.132749308953053,0.991149646104203,5.38e-05,-2.48e-05,-0.000369,-0.00026,-0.00027,
2023-01-08 18:00:00,2023-01-08,18,-1.0,-3.674559378078648e-15,8,0.1329269164708835,0.9911258420995503,0.000289,0.000287,-0.000431,-0.000417,-0.000141,
2023-01-08 18:15:00,2023-01-08,18,-0.9978589232386036,0.0654031292301415,8,0.1331045197202897,0.9911020062687952,0.000132,0.000128,-2.07e-05,1.15e-05,-0.000146,
2023-01-08 18:30:00,2023-01-08,18,-0.9914448613738104,0.1305261922200522,8,0.1332821186955685,0.9910781386127032,-2.89e-05,-0.00016,-2.76e-05,1.91e-05,-0.000257,
2023-01-08 18:45:00,2023-01-08,18,-0.9807852804032312,0.195090322016124,8,0.1334597133910171,0.9910542391320404,9.93e-05,6.379999999999999e-05,2.76e-05,4.2e-05,-0.000236,
2023-01-08 19:00:00,2023-01-08,19,-0.965925826289067,0.2588190451025255,8,0.1336373038009327,0.9910303078275746,9.1e-05,5.3200000000000006e-05,5.17e-05,8.41e-05,-0.000189,
2023-01-08 19:15:00,2023-01-08,19,-0.9469301294951056,0.3214394653031615,8,0.1338148899196126,0.991006344700074,0.000149,5.3200000000000006e-05,9.65e-05,0.000107,-0.000141,
2023-01-08 19:30:00,2023-01-08,19,-0.9238795325112886,0.3826834323650851,8,0.1339924717413545,0.9909823497503084,9.51e-05,6.740000000000001e-05,2.4100000000000003e-05,1.91e-05,-0.000107,
2023-01-08 19:45:00,2023-01-08,19,-0.8968727415326896,0.4422886902189987,8,0.1341700492604559,0.9909583229790478,0.000219,0.000177,0.000131,0.00013,-0.000159,
2023-01-08 20:00:00,2023-01-08,20,-0.866025403784439,0.4999999999999994,8,0.1343476224712147,0.990934264387064,0.000207,0.000128,3.79e-05,7.259999999999999e-05,-0.000167,
2023-01-08 20:15:00,2023-01-08,20,-0.8314696123025445,0.5555702330196034,8,0.1345251913679288,0.9909101739751298,0.000273,0.000294,-6.890000000000001e-05,-3.44e-05,-0.000124,
2023-01-08 20:30:00,2023-01-08,20,-0.7933533402912373,0.6087614290087178,8,0.1347027559448962,0.9908860517440184,0.000178,9.22e-05,1.7199999999999998e-05,6.12e-05,-0.000129,
2023-01-08 20:45:00,2023-01-08,20,-0.751839807478983,0.6593458151000625,8,0.1348803161964153,0.9908618976945046,0.000227,0.000216,5.86e-05,9.17e-05,-8.570000000000001e-05,
2023-01-08 21:00:00,2023-01-08,21,-0.707106781186547,0.707106781186548,8,0.1350578721167843,0.990837711827364,0.000372,0.000248,3.79e-05,9.56e-05,-8.14e-05,
2023-01-08 21:15:00,2023-01-08,21,-0.6593458151000721,0.7518398074789746,8,0.1352354237003017,0.990813494143373,0.000323,0.000209,-2.76e-05,3.06e-05,-0.000129,
2023-01-08 21:30:00,2023-01-08,21,-0.6087614290087223,0.7933533402912339,8,0.1354129709412661,0.9907892446433096,0.000372,0.000241,3.45e-05,3.44e-05,-0.000129,
2023-01-08 21:45:00,2023-01-08,21,-0.5555702330196022,0.8314696123025452,8,0.1355905138339764,0.990764963327952,0.000339,0.000206,-2.4100000000000003e-05,3.44e-05,-0.000129,
2023-01-08 22:00:00,2023-01-08,22,-0.4999999999999981,0.8660254037844397,8,0.1357680523727314,0.9907406501980804,0.000687,0.000188,0.000128,0.000141,-7.28e-05,
2023-01-08 22:15:00,2023-01-08,22,-0.4422886902190037,0.896872741532687,8,0.1359455865518302,0.9907163052544754,0.000856,0.000511,0.000586,0.00068,0.000201,
2023-01-08 22:30:00,2023-01-08,22,-0.3826834323650969,0.923879532511284,8,0.136123116365572,0.9906919284979184,0.000182,0.000184,2.07e-05,6.879999999999999e-05,-0.000219,
2023-01-08 22:45:00,2023-01-08,22,-0.3214394653031601,0.946930129495106,8,0.1363006418082561,0.9906675199291928,0.000236,0.000142,2.4100000000000003e-05,0.000119,-0.00021,
2023-01-08 23:00:00,2023-01-08,23,-0.258819045102524,0.9659258262890674,8,0.136478162874182,0.9906430795490816,0.001,0.000723,0.000472,0.000715,0.000437,
2023-01-08 23:15:00,2023-01-08,23,-0.1950903220161295,0.9807852804032302,8,0.1366556795576492,0.9906186073583704,0.000997,0.000766,0.000593,0.000726,0.000356,
2023-01-08 23:30:00,2023-01-08,23,-0.1305261922200578,0.9914448613738096,8,0.1368331918529576,0.9905941033578444,0.000893,0.000621,0.000562,0.000654,0.000257,
2023-01-08 23:45:00,2023-01-08,23,-0.06540312923014,0.9978589232386036,8,0.137010699754407,0.9905695675482908,0.000136,1.77e-05,-0.000152,-0.000115,-0.000257,
2023-01-09 00:00:00,2023-01-09,0,-1.959434878635765e-15,1.0,9,0.1371882032562975,0.9905449999304972,0.000744,0.000387,0.000217,0.000268,3.86e-05,
2023-01-09 00:15:00,2023-01-09,0,0.0654031292301361,0.997858923238604,9,0.1373657023529291,0.9905204005052528,0.000823,0.000443,0.000603,0.0007,0.000257,
2023-01-09 00:30:00,2023-01-09,0,0.1305261922200539,0.9914448613738102,9,0.1375431970386024,0.9904957692733474,0.00072,0.000397,0.000386,0.000455,0.000116,
2023-01-09 00:45:00,2023-01-09,0,0.1950903220161257,0.980785280403231,9,0.1377206873076176,0.9904711062355718,0.000401,0.000128,1.03e-05,6.879999999999999e-05,-0.000141,
2023-01-09 01:00:00,2023-01-09,1,0.2588190451025203,0.9659258262890684,9,0.1378981731542755,0.9904464113927182,0.00048,0.000305,6.89e-06,1.15e-05,-0.000129,
2023-01-09 01:15:00,2023-01-09,1,0.3214394653031564,0.9469301294951076,9,0.1380756545728766,0.9904216847455792,0.000232,0.000284,5.86e-05,0.000172,-0.000257,
2023-01-09 01:30:00,2023-01-09,1,0.3826834323650933,0.9238795325112852,9,0.1382531315577221,0.9903969262949492,0.000579,0.000333,0.000352,0.000405,-3.86e-05,
2023-01-09 01:45:00,2023-01-09,1,0.4422886902190002,0.8968727415326888,9,0.1384306041031128,0.9903721360416232,0.000533,0.000461,0.000193,0.000298,-0.000223,
2023-01-09 02:00:00,2023-01-09,2,0.4999999999999946,0.8660254037844417,9,0.1386080722033499,0.9903473139863967,0.000587,0.00044,0.000214,0.000375,-0.000368,
2023-01-09 02:15:00,2023-01-09,2,0.555570233019599,0.8314696123025475,9,0.1387855358527347,0.9903224601300676,-0.000314,-0.000546,-0.000159,8.790000000000001e-05,-0.00101,
2023-01-09 02:30:00,2023-01-09,2,0.6087614290087192,0.7933533402912363,9,0.1389629950455687,0.9902975744734334,2.89e-05,5.550000000000001e-21,-3.45e-06,0.000229,-0.00051,
2023-01-09 02:45:00,2023-01-09,2,0.6593458151000691,0.7518398074789772,9,0.1391404497761535,0.9902726570172932,-0.000331,-0.000309,-0.000183,5.35e-05,-0.000874,
2023-01-09 03:00:00,2023-01-09,3,0.7071067811865442,0.7071067811865508,9,0.1393179000387909,0.9902477077624474,0.000289,-1.42e-05,-6.2e-05,0.000183,-0.000338,
2023-01-09 03:15:00,2023-01-09,3,0.7518398074789804,0.6593458151000654,9,0.1394953458277827,0.990222726709697,4.55e-05,-0.000227,-0.0003,-0.000164,-0.000831,
2023-01-09 03:30:00,2023-01-09,3,0.7933533402912349,0.6087614290087209,9,0.1396727871374308,0.9901977138598442,-0.00146,-0.00141,-0.00135,-0.000818,-0.0018,
2023-01-09 03:45:00,2023-01-09,3,0.8314696123025422,0.5555702330196066,9,0.1398502239620376,0.9901726692136922,-0.000447,-0.000766,-0.000431,-9.17e-05,-0.000998,
2023-01-09 04:00:00,2023-01-09,4,0.866025403784437,0.5000000000000028,9,0.1400276562959053,0.9901475927720452,-0.000471,-0.000603,-0.000452,-3.82e-06,-0.00099,
2023-01-09 04:15:00,2023-01-09,4,0.8968727415326878,0.4422886902190022,9,0.1402050841333365,0.9901224845357084,-0.000641,-0.00067,-0.000979,-0.000654,-0.0016799999999999,
2023-01-09 04:30:00,2023-01-09,4,0.9238795325112872,0.3826834323650887,9,0.1403825074686335,0.990097344505488,-0.000988,-0.000972,-0.000862,-0.000275,-0.00156,
2023-01-09 04:45:00,2023-01-09,4,0.9469301294951044,0.3214394653031652,9,0.1405599262960994,0.9900721726821914,-0.0014,-0.00126,-0.000865,-1.53e-05,-0.00163,
2023-01-09 05:00:00,2023-01-09,5,0.965925826289066,0.2588190451025293,9,0.1407373406100368,0.9900469690666268,-0.000658,-0.000727,-0.000772,-0.000325,-0.00146,
2023-01-09 05:15:00,2023-01-09,5,0.9807852804032304,0.1950903220161278,9,0.1409147504047489,0.9900217336596036,-0.000343,-0.000294,-0.000717,-0.000268,-0.00103,
2023-01-09 05:30:00,2023-01-09,5,0.9914448613738098,0.1305261922200561,9,0.1410921556745389,0.9899964664619322,-0.000422,-0.00023,-0.00041,0.000164,-0.000411,
2023-01-09 05:45:00,2023-01-09,5,0.9978589232386034,0.0654031292301454,9,0.14126955641371,0.9899711674744238,-0.000232,-0.000316,-0.0003,3.06e-05,-0.000823,
2023-01-09 06:00:00,2023-01-09,6,1.0,2.443103791928823e-16,9,0.1414469526165658,0.9899458366978908,-0.000476,-0.000365,0.000186,0.000818,-0.000471,
2023-01-09 06:15:00,2023-01-09,6,0.9978589232386034,-0.0654031292301449,9,0.1416243442774099,0.9899204741331464,-0.000666,-0.000553,-0.000238,0.000409,-0.000728,
2023-01-09 06:30:00,2023-01-09,6,0.9914448613738108,-0.1305261922200485,9,0.141801731390546,0.9898950797810055,-0.000463,-0.000496,-0.000555,-9.94e-05,-0.00115,
2023-01-09 06:45:00,2023-01-09,6,0.980785280403232,-0.1950903220161204,9,0.1419791139502781,0.9898696536422832,0.000471,0.000628,0.000631,0.0011799999999999,0.00039,
2023-01-09 07:00:00,2023-01-09,7,0.965925826289068,-0.2588190451025219,9,0.1421564919509102,0.989844195717796,0.00357,0.00354,0.00307,0.00323,0.0029,
2023-01-09 07:15:00,2023-01-09,7,0.9469301294951068,-0.321439465303158,9,0.1423338653867464,0.9898187060083616,0.0121999999999999,0.0118,0.00967,0.00916,0.00945,
2023-01-09 07:30:00,2023-01-09,7,0.9238795325112874,-0.3826834323650883,9,0.1425112342520913,0.9897931845147984,0.0236,0.0232,0.0214,0.0197,0.0222,
2023-01-09 07:45:00,2023-01-09,7,0.8968727415326913,-0.4422886902189954,9,0.1426885985412492,0.9897676312379255,0.0325,0.0319,0.0301999999999999,0.0282,0.0317,
2023-01-09 08:00:00,2023-01-09,8,0.8660254037844373,-0.5000000000000023,9,0.1428659582485248,0.989742046178564,0.0358,0.0348,0.03,0.0282,0.0317,
2023-01-09 08:15:00,2023-01-09,8,0.8314696123025465,-0.5555702330196003,9,0.1430433133682229,0.9897164293375352,0.0742,0.0729,0.0584,0.0511,0.0638,
2023-01-09 08:30:00,2023-01-09,8,0.7933533402912396,-0.6087614290087149,9,0.1432206638946484,0.9896907807156616,0.0498,0.0492,0.0474,0.0434,0.0481,
2023-01-09 08:45:00,2023-01-09,8,0.751839807478976,-0.6593458151000704,9,0.1433980098221065,0.9896651003137672,0.0726,0.0718,0.0622,0.0547999999999999,0.066,
2023-01-09 09:00:00,2023-01-09,9,0.7071067811865496,-0.7071067811865455,9,0.1435753511449023,0.9896393881326764,0.0721,0.0712,0.061,0.0542,0.065,
2023-01-09 09:15:00,2023-01-09,9,0.6593458151000695,-0.7518398074789768,9,0.1437526878573412,0.9896136441732146,0.0409,0.0402999999999999,0.037,0.0338,0.0382999999999999,
2023-01-09 09:30:00,2023-01-09,9,0.6087614290087252,-0.7933533402912316,9,0.1439300199537289,0.9895878684362088,0.0606,0.0598,0.0479,0.0418,0.0527,
2023-01-09 09:45:00,2023-01-09,9,0.5555702330195993,-0.8314696123025471,9,0.1441073474283709,0.9895620609224864,0.0412999999999999,0.0405,0.0358,0.0322,0.0381,
2023-01-09 10:00:00,2023-01-09,10,0.5000000000000012,-0.8660254037844379,9,0.144284670275573,0.9895362216328764,0.0246,0.0241,0.0221,0.0203,0.0235,
2023-01-09 10:15:00,2023-01-09,10,0.4422886902190071,-0.8968727415326855,9,0.1444619884896412,0.9895103505682084,0.0531,0.0527,0.0429,0.0381,0.0455,
2023-01-09 10:30:00,2023-01-09,10,0.3826834323650937,-0.9238795325112852,9,0.1446393020648818,0.9894844477293132,0.0713,0.0703,0.0598,0.0531,0.0637,
2023-01-09 10:45:00,2023-01-09,10,0.3214394653031636,-0.946930129495105,9,0.1448166109956009,0.9894585131170224,0.104,0.102,0.0793,0.0706,0.0846,
2023-01-09 11:00:00,2023-01-09,11,0.2588190451025207,-0.9659258262890684,9,0.144993915276105,0.989432546732169,0.122,0.121,0.11,0.0999,0.114,
2023-01-09 11:15:00,2023-01-09,11,0.1950903220161331,-0.9807852804032294,9,0.1451712149007006,0.9894065485755866,0.176,0.204,0.273,0.267,0.264,
2023-01-09 11:30:00,2023-01-09,11,0.1305261922200473,-0.9914448613738108,9,0.1453485098636945,0.9893805186481102,0.213,0.222,0.273,0.263,0.27,
2023-01-09 11:45:00,2023-01-09,11,0.0654031292301437,-0.9978589232386036,9,0.1455258001593934,0.9893544569505756,0.182,0.51,1.05,1.09,0.95,
2023-01-09 12:00:00,2023-01-09,12,5.6346132373510016e-15,-1.0,9,0.1457030857821045,0.9893283634838196,0.122,0.322,0.69,0.728,0.646,
2023-01-09 12:15:00,2023-01-09,12,-0.0654031292301395,-0.9978589232386036,9,0.145880366726135,0.98930223824868,0.223,0.387,0.723,0.752,0.686,
2023-01-09 12:30:00,2023-01-09,12,-0.1305261922200502,-0.9914448613738106,9,0.1460576429857921,0.9892760812459962,0.209,0.451,0.893,0.94,0.808,
2023-01-09 12:45:00,2023-01-09,12,-0.195090322016129,-0.9807852804032304,9,0.1462349145553834,0.9892498924766076,0.135,0.431,0.93,0.996,0.843,
2023-01-09 13:00:00,2023-01-09,13,-0.2588190451025167,-0.9659258262890692,9,0.1464121814292163,0.9892236719413554,0.216,0.45,0.864,0.914,0.792,
2023-01-09 13:15:00,2023-01-09,13,-0.3214394653031529,-0.9469301294951086,9,0.1465894436015987,0.9891974196410814,0.16,0.369,0.782,0.841,0.716,
2023-01-09 13:30:00,2023-01-09,13,-0.3826834323650899,-0.9238795325112868,9,0.1467667010668386,0.9891711355766288,0.184,0.374,0.774,0.828,0.702,
2023-01-09 13:45:00,2023-01-09,13,-0.4422886902189969,-0.8968727415326905,9,0.146943953819244,0.9891448197488414,0.192,0.373,0.75,0.808,0.689,
2023-01-09 14:00:00,2023-01-09,14,-0.4999999999999976,-0.86602540378444,9,0.1471212018531232,0.9891184721585644,0.196,0.35,0.703,0.762,0.644,
2023-01-09 14:15:00,2023-01-09,14,-0.5555702330196017,-0.8314696123025456,9,0.1472984451627844,0.9890920928066436,0.137,0.289,0.641,0.716,0.579,
2023-01-09 14:30:00,2023-01-09,14,-0.6087614290087219,-0.7933533402912342,9,0.1474756837425363,0.9890656816939264,0.166,0.286,0.604,0.667,0.548,
2023-01-09 14:45:00,2023-01-09,14,-0.6593458151000663,-0.7518398074789796,9,0.1476529175866875,0.9890392388212608,0.157,0.255,0.515,0.57,0.468,
2023-01-09 15:00:00,2023-01-09,15,-0.7071067811865417,-0.7071067811865535,9,0.1478301466895468,0.9890127641894956,0.129,0.178,0.358,0.399,0.323,
2023-01-09 15:15:00,2023-01-09,15,-0.751839807478978,-0.6593458151000682,9,0.1480073710454233,0.9889862577994816,0.112,0.154,0.316,0.357,0.282,
2023-01-09 15:30:00,2023-01-09,15,-0.7933533402912327,-0.6087614290087239,9,0.148184590648626,0.9889597196520692,0.0685,0.0960999999999999,0.237,0.276,0.208,
2023-01-09 15:45:00,2023-01-09,15,-0.8314696123025442,-0.5555702330196038,9,0.1483618054934644,0.9889331497481108,0.043,0.05,0.101,0.117,0.0897,
2023-01-09 16:00:00,2023-01-09,16,-0.8660254037844388,-0.4999999999999998,9,0.1485390155742477,0.98890654808846,0.0238999999999999,0.0236,0.0258,0.0252,0.026,
2023-01-09 16:15:00,2023-01-09,16,-0.8968727415326894,-0.4422886902189991,9,0.1487162208852857,0.9888799146739704,0.00148,0.00155,0.00271,0.0028399999999999,0.00199,
2023-01-09 16:30:00,2023-01-09,16,-0.9238795325112856,-0.3826834323650921,9,0.1488934214208879,0.9888532495054976,-0.00134,-0.00111,-0.000555,-0.00047,-0.000883,
2023-01-09 16:45:00,2023-01-09,16,-0.9469301294951032,-0.3214394653031687,9,0.1490706171753645,0.9888265525838976,-0.00133,-0.00113,-0.000903,-0.000849,-0.00123,
2023-01-09 17:00:00,2023-01-09,17,-0.9659258262890688,-0.2588190451025191,9,0.1492478081430254,0.9887998239100282,-0.00162,-0.0014299999999999,-0.001,-0.000963,-0.0015,
2023-01-09 17:15:00,2023-01-09,17,-0.9807852804032298,-0.1950903220161314,9,0.1494249943181808,0.988773063484747,-0.00226,-0.00197,-0.00135,-0.00122,-0.0018,
2023-01-09 17:30:00,2023-01-09,17,-0.9914448613738104,-0.1305261922200526,9,0.149602175695141,0.9887462713089138,-0.0014399999999999,-0.0011899999999999,-0.000941,-0.000837,-0.00128,
2023-01-09 17:45:00,2023-01-09,17,-0.9978589232386031,-0.0654031292301491,9,0.1497793522682167,0.9887194473833888,-0.00131,-0.00111,-0.000772,-0.000696,-0.00103,
2023-01-09 18:00:00,2023-01-09,18,-1.0,3.1859386196928828e-15,9,0.1499565240317185,0.988692591709033,-0.00145,-0.00116,-0.00092,-0.000818,-0.000977,
2023-01-09 18:15:00,2023-01-09,18,-0.9978589232386036,0.0654031292301413,9,0.1501336909799571,0.9886657042867092,-0.00146,-0.00133,-0.00103,-0.00104,-0.00164,
2023-01-09 18:30:00,2023-01-09,18,-0.9914448613738112,0.1305261922200449,9,0.1503108531072437,0.9886387851172806,-0.00127,-0.001,-0.000776,-0.000619,-0.000973,
2023-01-09 18:45:00,2023-01-09,18,-0.98078528040323,0.1950903220161307,9,0.1504880104078893,0.9886118342016116,-0.000728,-0.000635,-0.000424,-0.000363,-0.000587,
2023-01-09 19:00:00,2023-01-09,19,-0.9659258262890688,0.2588190451025184,9,0.1506651628762052,0.988584851540568,-0.000972,-0.000911,-0.000548,-0.000562,-0.0016799999999999,
2023-01-09 19:15:00,2023-01-09,19,-0.9469301294951058,0.3214394653031613,9,0.1508423105065028,0.9885578371350154,-0.0015,-0.00117,-0.000579,-0.000566,-0.000608,
2023-01-09 19:30:00,2023-01-09,19,-0.9238795325112888,0.3826834323650849,9,0.1510194532930938,0.988530790985822,-0.000571,-0.000674,-0.000993,-0.000948,-0.00116,
2023-01-09 19:45:00,2023-01-09,19,-0.8968727415326866,0.4422886902190048,9,0.15119659123029,0.988503713093856,-0.000575,-0.000543,-0.000707,-0.000669,-0.000874,
2023-01-09 20:00:00,2023-01-09,20,-0.8660254037844392,0.4999999999999991,9,0.1513737243124032,0.9884766034599872,-0.000757,-0.000713,-0.00104,-0.000891,-0.00115,
2023-01-09 20:15:00,2023-01-09,20,-0.8314696123025486,0.5555702330195973,9,0.1515508525337454,0.9884494620850856,-0.000769,-0.000645,-0.000579,-0.00057,-0.00075,
2023-01-09 20:30:00,2023-01-09,20,-0.7933533402912375,0.6087614290087177,9,0.151727975888629,0.9884222889700228,-0.000443,-0.000436,-0.000369,-0.000413,-0.000861,
2023-01-09 20:45:00,2023-01-09,20,-0.7518398074789785,0.6593458151000676,9,0.1519050943713663,0.988395084115672,-0.00171,-0.00135,-0.000279,-0.000375,-0.000805,
2023-01-09 21:00:00,2023-01-09,21,-0.7071067811865471,0.7071067811865479,9,0.1520822079762699,0.988367847522906,-0.000335,-0.000316,-0.00041,-0.000398,-0.000608,
2023-01-09 21:15:00,2023-01-09,21,-0.6593458151000722,0.7518398074789745,9,0.1522593166976523,0.9883405791926,-0.00139,-0.00121,-0.000703,-0.000749,-0.0012,
2023-01-09 21:30:00,2023-01-09,21,-0.6087614290087169,0.793353340291238,9,0.1524364205298266,0.9883132791256292,-0.0014199999999999,-0.00124,-0.000882,-0.000906,-0.00145,
2023-01-09 21:45:00,2023-01-09,21,-0.5555702330196024,0.8314696123025451,9,0.1526135194671057,0.9882859473228705,-0.00137,-0.00116,-0.000896,-0.000856,-0.00128,
2023-01-09 22:00:00,2023-01-09,22,-0.5000000000000044,0.866025403784436,9,0.1527906135038027,0.9882585837852012,-0.000902,-0.000723,-0.000327,-0.000191,-0.000621,
2023-01-09 22:15:00,2023-01-09,22,-0.4422886902190039,0.8968727415326869,9,0.152967702634231,0.9882311885135004,-0.000434,-0.000394,-0.000379,-0.00039,-0.000638,
2023-01-09 22:30:00,2023-01-09,22,-0.3826834323650905,0.9238795325112864,9,0.1531447868527041,0.9882037615086474,-0.000815,-0.000667,-0.000434,-0.000367,-0.000643,
2023-01-09 22:45:00,2023-01-09,22,-0.3214394653031603,0.946930129495106,9,0.1533218661535356,0.9881763027715234,-0.000612,-0.000521,-0.000352,-0.000298,-0.000737,
2023-01-09 23:00:00,2023-01-09,23,-0.2588190451025243,0.9659258262890672,9,0.1534989405310393,0.9881488123030095,-0.000612,-0.000514,-0.000259,-0.000233,-0.00057,
2023-01-09 23:15:00,2023-01-09,23,-0.1950903220161367,0.9807852804032288,9,0.1536760099795291,0.9881212901039892,-0.000438,-0.00039,-0.000272,-0.000279,-0.000523,
2023-01-09 23:30:00,2023-01-09,23,-0.130526192220051,0.9914448613738104,9,0.1538530744933192,0.9880937361753456,-0.00055,-0.000496,-0.00031,-0.000359,-0.000724,
2023-01-09 23:45:00,2023-01-09,23,-0.0654031292301474,0.9978589232386031,9,0.1540301340667239,0.9880661505179636,-0.000443,-0.000422,-0.000259,-0.000333,-0.000733,
2023-01-10 00:00:00,2023-01-10,0,-2.204364238465236e-15,1.0,10,0.1542071886940575,0.9880385331327292,-0.000914,-0.000773,-0.000583,-0.000619,-0.000943,
2023-01-10 00:15:00,2023-01-10,0,0.065403129230143,0.9978589232386036,10,0.1543842383696347,0.9880108840205292,-0.000918,-0.000784,-0.000627,-0.000615,-0.000947,
2023-01-10 00:30:00,2023-01-10,0,0.1305261922200536,0.9914448613738102,10,0.1545612830877701,0.9879832031822516,-0.000649,-0.000528,-0.000414,-0.000409,-0.000698,
2023-01-10 00:45:00,2023-01-10,0,0.1950903220161254,0.980785280403231,10,0.1547383228427788,0.9879554906187848,-0.00074,-0.000617,-0.00051,-0.00047,-0.000716,
2023-01-10 01:00:00,2023-01-10,1,0.2588190451025132,0.9659258262890704,10,0.1549153576289757,0.9879277463310192,-0.000773,-0.000645,-0.000465,-0.000455,-0.000775,
2023-01-10 01:15:00,2023-01-10,1,0.3214394653031629,0.9469301294951052,10,0.1550923874406762,0.9878999703198452,-0.000703,-0.000578,-0.000486,-0.000463,-0.000724,
2023-01-10 01:30:00,2023-01-10,1,0.3826834323650865,0.923879532511288,10,0.1552694122721954,0.9878721625861552,-0.00055,-0.00044,-0.000365,-0.000344,-0.000518,
2023-01-10 01:45:00,2023-01-10,1,0.442288690219,0.8968727415326889,10,0.1554464321178492,0.9878443231308418,-0.000525,-0.000461,-0.000321,-0.000352,-0.00069,
2023-01-10 02:00:00,2023-01-10,2,0.4999999999999945,0.8660254037844418,10,0.155623446971953,0.987816451954799,-0.000562,-0.000461,-0.000345,-0.000302,-0.00057,
2023-01-10 02:15:00,2023-01-10,2,0.5555702330196046,0.8314696123025437,10,0.1558004568288229,0.987788549058922,-0.000571,-0.000486,-0.00029,-0.000279,-0.000523,
2023-01-10 02:30:00,2023-01-10,2,0.608761429008719,0.7933533402912364,10,0.1559774616827748,0.9877606144441065,-0.000604,-0.000528,-0.000369,-0.000375,-0.000724,
2023-01-10 02:45:00,2023-01-10,2,0.6593458151000636,0.751839807478982,10,0.1561544615281249,0.9877326481112496,-0.000579,-0.000493,-0.00039,-0.000394,-0.000647,
2023-01-10 03:00:00,2023-01-10,3,0.7071067811865491,0.707106781186546,10,0.1563314563591896,0.9877046500612492,-0.000757,-0.000667,-0.000462,-0.000516,-0.00102,
2023-01-10 03:15:00,2023-01-10,3,0.7518398074789756,0.659345815100071,10,0.1565084461702853,0.9876766202950048,-0.000645,-0.000546,-0.000355,-0.000325,-0.000707,
2023-01-10 03:30:00,2023-01-10,3,0.7933533402912348,0.6087614290087211,10,0.1566854309557288,0.987648558813416,-0.000778,-0.000691,-0.000452,-0.00047,-0.000913,
2023-01-10 03:45:00,2023-01-10,3,0.8314696123025421,0.5555702330196068,10,0.1568624107098368,0.987620465617384,-0.000496,-0.00045,-0.000421,-0.000482,-0.000754,
2023-01-10 04:00:00,2023-01-10,4,0.8660254037844405,0.4999999999999968,10,0.1570393854269264,0.9875923407078112,-0.00105,-0.000848,0.000228,0.000333,-0.000698,
2023-01-10 04:15:00,2023-01-10,4,0.8968727415326877,0.4422886902190024,10,0.1572163551013146,0.9875641840856002,0.000227,0.000156,-0.000714,-0.000818,-0.000698,
2023-01-10 04:30:00,2023-01-10,4,0.9238795325112844,0.3826834323650955,10,0.157393319727319,0.9875359957516556,0.000232,0.000195,-0.000521,-0.000543,-0.000514,
2023-01-10 04:45:00,2023-01-10,4,0.9469301294951044,0.3214394653031655,10,0.1575702792992568,0.9875077757068824,-0.0011,-0.000936,-0.000393,-0.000264,-0.000716,
2023-01-10 05:00:00,2023-01-10,5,0.9659258262890678,0.2588190451025227,10,0.1577472338114458,0.9874795239521866,-0.000852,-0.00083,-0.000224,-0.000451,-0.00104,
2023-01-10 05:15:00,2023-01-10,5,0.9807852804032304,0.195090322016128,10,0.1579241832582037,0.9874512404884755,-0.000521,-0.00044,-0.000424,-0.000336,-0.000673,
2023-01-10 05:30:00,2023-01-10,5,0.9914448613738098,0.1305261922200563,10,0.1581011276338485,0.9874229253166577,-0.000529,-0.000426,-0.000334,-0.000283,-0.000467,
2023-01-10 05:45:00,2023-01-10,5,0.9978589232386038,0.0654031292301386,10,0.1582780669326984,0.9873945784376418,-0.00105,-0.000965,3.45e-06,-7.65e-06,-0.000771,
2023-01-10 06:00:00,2023-01-10,6,1.0,4.892397390223529e-16,10,0.1584550011490716,0.9873661998523384,-0.000695,-0.000635,-0.000679,-0.000635,-0.000835,
2023-01-10 06:15:00,2023-01-10,6,0.9978589232386038,-0.0654031292301376,10,0.1586319302772866,0.9873377895616586,-0.00159,-0.00153,-0.000734,-0.000577,-0.00124,
2023-01-10 06:30:00,2023-01-10,6,0.9914448613738108,-0.1305261922200483,10,0.1588088543116619,0.9873093475665148,-0.00148,-0.00123,-0.000483,-0.000436,-0.0012,
2023-01-10 06:45:00,2023-01-10,6,0.9807852804032308,-0.1950903220161271,10,0.1589857732465165,0.9872808738678204,0.00106,0.00141,0.00234,0.00229,0.00175,
2023-01-10 07:00:00,2023-01-10,7,0.965925826289068,-0.2588190451025217,10,0.1591626870761693,0.9872523684664896,0.0182,0.0181,0.017,0.0153,0.0172,
2023-01-10 07:15:00,2023-01-10,7,0.9469301294951068,-0.3214394653031578,10,0.1593395957949392,0.9872238313634376,0.0458,0.047,0.0552999999999999,0.0511,0.0527,
2023-01-10 07:30:00,2023-01-10,7,0.9238795325112902,-0.3826834323650815,10,0.1595164993971457,0.9871952625595812,0.0808,0.0905,0.141,0.134,0.13,
2023-01-10 07:45:00,2023-01-10,7,0.8968727415326881,-0.4422886902190016,10,0.1596933978771081,0.9871666620558373,0.0809,0.0955999999999999,0.165,0.158,0.154,
2023-01-10 08:00:00,2023-01-10,8,0.8660254037844409,-0.4999999999999959,10,0.1598702912291461,0.9871380298531244,0.104,0.148,0.306,0.297,0.273,
2023-01-10 08:15:00,2023-01-10,8,0.8314696123025467,-0.5555702330196002,10,0.1600471794475794,0.987109365952362,0.134,0.157,0.236,0.225,0.22,
2023-01-10 08:30:00,2023-01-10,8,0.7933533402912354,-0.6087614290087203,10,0.160224062526728,0.9870806703544708,0.126,0.135,0.188,0.179,0.18,
2023-01-10 08:45:00,2023-01-10,8,0.7518398074789763,-0.6593458151000702,10,0.1604009404609119,0.9870519430603716,0.121,0.216,0.471,0.467,0.43,
2023-01-10 09:00:00,2023-01-10,9,0.7071067811865498,-0.7071067811865452,10,0.1605778132444514,0.9870231840709872,0.118,0.117,0.143,0.136,0.14,
2023-01-10 09:15:00,2023-01-10,9,0.659345815100075,-0.751839807478972,10,0.160754680871667,0.9869943933872414,0.137,0.136,0.143,0.132,0.144,
2023-01-10 09:30:00,2023-01-10,9,0.6087614290087198,-0.7933533402912358,10,0.1609315433368792,0.9869655710100582,0.112,0.111,0.126,0.118,0.124,
2023-01-10 09:45:00,2023-01-10,9,0.5555702330196054,-0.8314696123025431,10,0.1611084006344087,0.9869367169403632,0.128,0.126,0.124,0.117,0.126,
2023-01-10 10:00:00,2023-01-10,10,0.5000000000000014,-0.8660254037844378,10,0.1612852527585766,0.9869078311790832,0.216,0.217,0.25,0.237,0.245,
2023-01-10 10:15:00,2023-01-10,10,0.4422886902190073,-0.8968727415326854,10,0.1614620997037039,0.9868789137271458,0.292,0.545,1.01,1.01,0.938,
2023-01-10 10:30:00,2023-01-10,10,0.3826834323650874,-0.9238795325112876,10,0.1616389414641119,0.9868499645854792,0.15,0.442,0.938,0.956,0.845,
2023-01-10 10:45:00,2023-01-10,10,0.3214394653031638,-0.9469301294951048,10,0.1618157780341219,0.986820983755013,0.136,0.467,0.989,1.01,0.891,
2023-01-10 11:00:00,2023-01-10,11,0.2588190451025278,-0.9659258262890664,10,0.1619926094080557,0.9867919712366782,0.115,0.462,0.998,1.03,0.901,
2023-01-10 11:15:00,2023-01-10,11,0.1950903220161264,-0.9807852804032308,10,0.1621694355802349,0.986762927031406,0.136,0.471,0.997,1.03,0.902,
2023-01-10 11:30:00,2023-01-10,11,0.1305261922200546,-0.99144486137381,10,0.1623462565449814,0.9867338511401296,0.128,0.47,1.02,1.06,0.922,
2023-01-10 11:45:00,2023-01-10,11,0.0654031292301439,-0.9978589232386036,10,0.1625230722966173,0.9867047435637818,0.12,0.328,0.715,0.748,0.626,
2023-01-10 12:00:00,2023-01-10,12,5.879542597180472e-15,-1.0,10,0.162699882829465,0.986675604303298,0.102,0.455,1.0,1.06,0.908,
2023-01-10 12:15:00,2023-01-10,12,-0.0654031292301464,-0.9978589232386031,10,0.1628766881378468,0.9866464333596136,0.108,0.448,0.973,1.03,0.885,
2023-01-10 12:30:00,2023-01-10,12,-0.13052619222005,-0.9914448613738106,10,0.1630534882160854,0.9866172307336656,0.107,0.428,0.93,0.997,0.846,
2023-01-10 12:45:00,2023-01-10,12,-0.1950903220161218,-0.9807852804032318,10,0.1632302830585034,0.9865879964263912,0.0997,0.403,0.894,0.965,0.812,
2023-01-10 13:00:00,2023-01-10,13,-0.2588190451025165,-0.9659258262890694,10,0.1634070726594238,0.9865587304387295,0.0985,0.388,0.867,0.942,0.788,
2023-01-10 13:15:00,2023-01-10,13,-0.3214394653031594,-0.9469301294951064,10,0.1635838570131698,0.9865294327716204,0.0929,0.37,0.843,0.92,0.763,
2023-01-10 13:30:00,2023-01-10,13,-0.3826834323650896,-0.9238795325112868,10,0.1637606361140645,0.986500103426004,0.0869,0.343,0.81,0.882,0.723,
2023-01-10 13:45:00,2023-01-10,13,-0.4422886902189967,-0.8968727415326906,10,0.1639374099564315,0.9864707424028232,0.0788,0.314,0.765,0.838,0.675,
2023-01-10 14:00:00,2023-01-10,14,-0.5000000000000036,-0.8660254037844366,10,0.1641141785345943,0.9864413497030198,0.0735,0.286,0.717,0.793,0.623,
2023-01-10 14:15:00,2023-01-10,14,-0.5555702330196015,-0.8314696123025457,10,0.1642909418428767,0.986411925327538,0.0645,0.251,0.654,0.745,0.556,
2023-01-10 14:30:00,2023-01-10,14,-0.6087614290087161,-0.7933533402912387,10,0.1644676998756026,0.9863824692773228,0.0591,0.218,0.593,0.676,0.489,
2023-01-10 14:45:00,2023-01-10,14,-0.6593458151000662,-0.7518398074789798,10,0.1646444526270961,0.98635298155332,0.0533999999999999,0.181,0.515,0.598,0.419,
2023-01-10 15:00:00,2023-01-10,15,-0.7071067811865465,-0.7071067811865486,10,0.1648212000916817,0.9863234621564764,0.0466,0.145,0.436,0.515,0.352,
2023-01-10 15:15:00,2023-01-10,15,-0.7518398074789778,-0.6593458151000684,10,0.1649979422636836,0.9862939110877396,0.0362,0.107,0.344,0.414,0.273,
2023-01-10 15:30:00,2023-01-10,15,-0.7933533402912325,-0.608761429008724,10,0.1651746791374265,0.9862643283480592,0.0277,0.0697,0.239,0.296,0.19,
2023-01-10 15:45:00,2023-01-10,15,-0.8314696123025401,-0.55557023301961,10,0.1653514107072352,0.9862347139383846,0.0188,0.0391,0.147,0.188,0.119,
2023-01-10 16:00:00,2023-01-10,16,-0.8660254037844386,-0.5,10,0.1655281369674346,0.9862050678596668,0.0085399999999999,0.0134,0.0565,0.0731,0.0469,
2023-01-10 16:15:00,2023-01-10,16,-0.8968727415326861,-0.4422886902190057,10,0.16570485791235,0.9861753901128582,-0.000947,-0.000702,0.00178,0.00141,-0.000651,
2023-01-10 16:30:00,2023-01-10,16,-0.9238795325112856,-0.3826834323650924,10,0.1658815735363066,0.9861456806989112,-0.00366,-0.003,-0.00158,-0.00175,-0.00362,
2023-01-10 16:45:00,2023-01-10,16,-0.9469301294951056,-0.3214394653031622,10,0.1660582838336298,0.9861159396187802,-0.00363,-0.00287,-0.00206,-0.0020499999999999,-0.0035099999999999,
2023-01-10 17:00:00,2023-01-10,17,-0.9659258262890686,-0.2588190451025193,10,0.1662349887986453,0.98608616687342,-0.00372,-0.00295,-0.0018,-0.00179,-0.00327,
2023-01-10 17:15:00,2023-01-10,17,-0.9807852804032298,-0.1950903220161317,10,0.166411688425679,0.9860563624637868,-0.00368,-0.00273,-0.0016,-0.00154,-0.00323,
2023-01-10 17:30:00,2023-01-10,17,-0.9914448613738092,-0.1305261922200599,10,0.1665883827090567,0.9860265263908374,-0.00347,-0.00258,-0.00174,-0.00157,-0.00314,
2023-01-10 17:45:00,2023-01-10,17,-0.9978589232386036,-0.0654031292301422,10,0.1667650716431048,0.9859966586555302,-0.00357,-0.00261,-0.00148,-0.00137,-0.0028399999999999,
2023-01-10 18:00:00,2023-01-10,18,-1.0,-4.164418097737589e-15,10,0.1669417552221495,0.985966759258824,-0.00358,-0.00248,-0.00139,-0.00131,-0.0029,
2023-01-10 18:15:00,2023-01-10,18,-0.9978589232386036,0.065403129230141,10,0.1671184334405172,0.9859368282016792,-0.00377,-0.00268,-0.00137,-0.00136,-0.00326,
2023-01-10 18:30:00,2023-01-10,18,-0.9914448613738112,0.1305261922200446,10,0.1672951062925348,0.9859068654850566,-0.00374,-0.00256,-0.00126,-0.0014,-0.00287,
2023-01-10 18:45:00,2023-01-10,18,-0.98078528040323,0.1950903220161305,10,0.167471773772529,0.9858768711099184,-0.0039,-0.00277,-0.00135,-0.00145,-0.00339,
2023-01-10 19:00:00,2023-01-10,19,-0.965925826289069,0.2588190451025182,10,0.1676484358748268,0.985846845077228,-0.00458,-0.00357,-0.00224,-0.0022,-0.00467,
2023-01-10 19:15:00,2023-01-10,19,-0.946930129495108,0.3214394653031543,10,0.1678250925937555,0.9858167873879494,-0.00492,-0.00396,-0.0028399999999999,-0.0027,-0.00533,
2023-01-10 19:30:00,2023-01-10,19,-0.9238795325112862,0.3826834323650912,10,0.1680017439236424,0.9857866980430476,-0.00376,-0.00317,-0.00173,-0.0019299999999999,-0.00392,
2023-01-10 19:45:00,2023-01-10,19,-0.8968727415326898,0.4422886902189982,10,0.168178389858815,0.9857565770434892,-0.00319,-0.00265,-0.00164,-0.00166,-0.00306,
2023-01-10 20:00:00,2023-01-10,20,-0.8660254037844393,0.4999999999999989,10,0.1683550303936012,0.985726424390241,-0.003,-0.00263,-0.00161,-0.00157,-0.0028399999999999,
2023-01-10 20:15:00,2023-01-10,20,-0.8314696123025487,0.5555702330195971,10,0.1685316655223286,0.9856962400842716,-0.0028799999999999,-0.00233,-0.00121,-0.00114,-0.00241,
2023-01-10 20:30:00,2023-01-10,20,-0.7933533402912333,0.6087614290087231,10,0.1687082952393255,0.98566602412655,-0.00297,-0.00228,-0.00129,-0.00114,-0.00237,
2023-01-10 20:45:00,2023-01-10,20,-0.7518398074789786,0.6593458151000674,10,0.16888491953892,0.9856357765180463,-0.0028799999999999,-0.00232,-0.00132,-0.00115,-0.0025299999999999,
2023-01-10 21:00:00,2023-01-10,21,-0.7071067811865523,0.7071067811865427,10,0.1690615384154405,0.9856054972597325,-0.00293,-0.00241,-0.00127,-0.00101,-0.00234,
2023-01-10 21:15:00,2023-01-10,21,-0.6593458151000724,0.7518398074789743,10,0.1692381518632156,0.9855751863525802,-0.00329,-0.0019199999999999,-0.000876,-0.000688,-0.00196,
2023-01-10 21:30:00,2023-01-10,21,-0.6087614290087227,0.7933533402912336,10,0.1694147598765742,0.9855448437975628,-0.00275,-0.00218,-0.00117,-0.000822,-0.00214,
2023-01-10 21:45:00,2023-01-10,21,-0.5555702330196026,0.831469612302545,10,0.169591362449845,0.985514469595655,-0.00275,-0.00224,-0.0014299999999999,-0.000902,-0.00229,
2023-01-10 22:00:00,2023-01-10,22,-0.5000000000000047,0.8660254037844359,10,0.1697679595773573,0.985484063747832,-0.00292,-0.00244,-0.00149,-0.0013,-0.00244,
2023-01-10 22:15:00,2023-01-10,22,-0.4422886902189978,0.89687274153269,10,0.1699445512534402,0.9854536262550698,-0.00276,-0.0022,-0.00125,-0.00065,-0.00202,
2023-01-10 22:30:00,2023-01-10,22,-0.3826834323650908,0.9238795325112864,10,0.1701211374724233,0.9854231571183462,-0.00299,-0.0025,-0.00158,-0.0012,-0.00273,
2023-01-10 22:45:00,2023-01-10,22,-0.3214394653031673,0.9469301294951036,10,0.1702977182286361,0.9853926563386396,-0.0029,-0.00224,-0.00148,-0.000765,-0.0020099999999999,
2023-01-10 23:00:00,2023-01-10,23,-0.2588190451025245,0.9659258262890672,10,0.1704742935164085,0.985362123916929,-0.00311,-0.00261,-0.0018,-0.00126,-0.00281,
2023-01-10 23:15:00,2023-01-10,23,-0.19509032201613,0.98078528040323,10,0.1706508633300706,0.9853315598541952,-0.00342,-0.00298,-0.00202,-0.00153,-0.00326,
2023-01-10 23:30:00,2023-01-10,23,-0.1305261922200512,0.9914448613738104,10,0.1708274276639523,0.9853009641514195,-0.00337,-0.00262,-0.00147,-0.0014,-0.00285,
2023-01-10 23:45:00,2023-01-10,23,-0.0654031292301476,0.9978589232386031,10,0.171003986512384,0.9852703368095846,-0.00285,-0.00227,-0.00135,-0.00105,-0.00247,
2023-01-11 00:00:00,2023-01-11,0,-9.554720955895708e-15,1.0,11,0.1711805398696963,0.9852396778296736,-0.00287,-0.00224,-0.0013,-0.000902,-0.0022,
2023-01-11 00:15:00,2023-01-11,0,0.0654031292301427,0.9978589232386036,11,0.1713570877302198,0.9852089872126714,-0.00275,-0.00212,-0.0014,-0.00073,-0.00206,
2023-01-11 00:30:00,2023-01-11,0,0.1305261922200463,0.991444861373811,11,0.1715336300882855,0.9851782649595632,-0.00298,-0.00244,-0.00163,-0.00131,-0.00263,
2023-01-11 00:45:00,2023-01-11,0,0.1950903220161252,0.9807852804032312,11,0.1717101669382242,0.9851475110713356,-0.00261,-0.0022299999999999,-0.00149,-0.000921,-0.00222,
2023-01-11 01:00:00,2023-01-11,1,0.2588190451025198,0.9659258262890684,11,0.1718866982743674,0.985116725548976,-0.00283,-0.00233,-0.00156,-0.00102,-0.00233,
2023-01-11 01:15:00,2023-01-11,1,0.3214394653031627,0.9469301294951052,11,0.1720632240910462,0.9850859083934732,-0.00321,-0.00276,-0.00184,-0.00163,-0.00304,
2023-01-11 01:30:00,2023-01-11,1,0.3826834323650863,0.9238795325112882,11,0.1722397443825924,0.9850550596058169,-0.0033,-0.00263,-0.00158,-0.00154,-0.00293,
2023-01-11 01:45:00,2023-01-11,1,0.4422886902189934,0.8968727415326921,11,0.1724162591433376,0.9850241791869973,-0.00268,-0.00214,-0.00125,-0.000745,-0.0020499999999999,
2023-01-11 02:00:00,2023-01-11,2,0.5000000000000004,0.8660254037844384,11,0.1725927683676139,0.984993267138006,-0.00256,-0.0020499999999999,-0.00131,-0.00068,-0.00191,
2023-01-11 02:15:00,2023-01-11,2,0.5555702330195985,0.8314696123025477,11,0.1727692720497531,0.984962323459836,-0.0028599999999999,-0.0025499999999999,-0.0016,-0.00117,-0.00273,
2023-01-11 02:30:00,2023-01-11,2,0.6087614290087188,0.7933533402912366,11,0.1729457701840878,0.9849313481534804,-0.00279,-0.0023799999999999,-0.00149,-0.00123,-0.0025099999999999,
2023-01-11 02:45:00,2023-01-11,2,0.6593458151000687,0.7518398074789775,11,0.1731222627649503,0.9849003412199344,-0.0025499999999999,-0.0022,-0.00134,-0.000975,-0.00209,
2023-01-11 03:00:00,2023-01-11,3,0.7071067811865489,0.7071067811865461,11,0.1732987497866732,0.9848693026601936,-0.00234,-0.0020099999999999,-0.00128,-0.000822,-0.0019399999999999,
2023-01-11 03:15:00,2023-01-11,3,0.7518398074789754,0.6593458151000712,11,0.1734752312435894,0.9848382324752544,-0.002,-0.00159,-0.00104,-0.000593,-0.00162,
2023-01-11 03:30:00,2023-01-11,3,0.7933533402912303,0.608761429008727,11,0.1736517071300319,0.9848071306661146,-0.00291,-0.00254,-0.00147,-0.00136,-0.00282,
2023-01-11 03:45:00,2023-01-11,3,0.8314696123025459,0.5555702330196012,11,0.1738281774403338,0.9847759972337728,-0.00262,-0.00211,-0.00122,-0.000971,-0.00216,
2023-01-11 04:00:00,2023-01-11,4,0.8660254037844368,0.5000000000000032,11,0.1740046421688285,0.984744832179229,-0.00254,-0.00177,-0.000993,-0.000776,-0.00182,
2023-01-11 04:15:00,2023-01-11,4,0.8968727415326876,0.4422886902190026,11,0.1741811013098494,0.9847136355034838,-0.00267,-0.00217,-0.0011899999999999,-0.000921,-0.00231,
2023-01-11 04:30:00,2023-01-11,4,0.9238795325112844,0.3826834323650958,11,0.1743575548577305,0.984682407207539,-0.00195,-0.00154,-0.000941,-0.000684,-0.00158,
2023-01-11 04:45:00,2023-01-11,4,0.9469301294951042,0.3214394653031657,11,0.1745340028068054,0.9846511472923972,-0.00127,-0.000837,-0.000434,-0.000195,-0.0011899999999999,
2023-01-11 05:00:00,2023-01-11,5,0.9659258262890678,0.2588190451025229,11,0.1747104451514083,0.9846198557590624,6.62e-05,0.000227,0.000348,0.000428,8.14e-05,
2023-01-11 05:15:00,2023-01-11,5,0.9807852804032304,0.1950903220161283,11,0.1748868818858735,0.9845885326085392,0.000484,0.000649,0.000576,0.000749,0.000257,
2023-01-11 05:30:00,2023-01-11,5,0.9914448613738108,0.1305261922200495,11,0.1750633130045353,0.9845571778418336,-0.000165,-0.000206,-0.000162,1.53e-05,-0.000536,
2023-01-11 05:45:00,2023-01-11,5,0.9978589232386038,0.0654031292301388,11,0.1752397385017284,0.9845257914599524,-0.000463,-0.000227,5.17e-05,9.56e-05,-0.000626,
2023-01-11 06:00:00,2023-01-11,6,1.0,7.839596456452825e-15,11,0.1754161583717876,0.9844943734639036,-0.00263,-0.00231,-0.00136,-0.00121,-0.0026,
2023-01-11 06:15:00,2023-01-11,6,0.997858923238604,-0.0654031292301373,11,0.1755925726090478,0.9844629238546956,-0.0019299999999999,-0.00157,-0.000758,-0.00073,-0.00175,
2023-01-11 06:30:00,2023-01-11,6,0.9914448613738108,-0.130526192220048,11,0.1757689812078441,0.9844314426333388,-0.000232,3.9e-05,0.000814,0.000738,-6.429999999999999e-05,
2023-01-11 06:45:00,2023-01-11,6,0.9807852804032308,-0.1950903220161269,11,0.175945384162512,0.9843999298008436,0.00354,0.00407,0.00377,0.00356,0.0034,
2023-01-11 07:00:00,2023-01-11,7,0.965925826289068,-0.2588190451025214,11,0.1761217814673869,0.9843683853582224,0.00558,0.00583,0.0048499999999999,0.00433,0.00467,
2023-01-11 07:15:00,2023-01-11,7,0.9469301294951094,-0.3214394653031509,11,0.1762981731168046,0.984336809306488,0.0116,0.012,0.00991,0.00894,0.01,
2023-01-11 07:30:00,2023-01-11,7,0.9238795325112849,-0.3826834323650944,11,0.1764745591051009,0.984305201646654,0.00831,0.0077,0.00696,0.00641,0.00708,
2023-01-11 07:45:00,2023-01-11,7,0.8968727415326914,-0.442288690218995,11,0.1766509394266118,0.9842735623797356,0.0129,0.0128,0.0116999999999999,0.0108,0.0119,
2023-01-11 08:00:00,2023-01-11,8,0.8660254037844412,-0.4999999999999958,11,0.1768273140756736,0.984241891506749,0.0163999999999999,0.0166,0.0133,0.0121,0.0139,
2023-01-11 08:15:00,2023-01-11,8,0.8314696123025468,-0.5555702330196,11,0.1770036830466227,0.9842101890287108,0.0782,0.0770999999999999,0.0685,0.0625,0.0706,
2023-01-11 08:30:00,2023-01-11,8,0.7933533402912355,-0.6087614290087201,11,0.1771800463337958,0.9841784549466392,0.0735,0.0736,0.0878,0.0847,0.0839,
2023-01-11 08:45:00,2023-01-11,8,0.7518398074789764,-0.6593458151000701,11,0.1773564039315296,0.9841466892615532,0.101,0.218,0.494,0.492,0.439,
2023-01-11 09:00:00,2023-01-11,9,0.707106781186555,-0.70710678118654,11,0.1775327558341611,0.9841148919744728,0.201,0.228,0.359,0.349,0.344,
2023-01-11 09:15:00,2023-01-11,9,0.6593458151000645,-0.7518398074789813,11,0.1777091020360275,0.9840830630864188,0.165,0.177,0.254,0.245,0.243,
2023-01-11 09:30:00,2023-01-11,9,0.6087614290087255,-0.7933533402912314,11,0.177885442531466,0.9840512025984138,0.107,0.258,0.573,0.579,0.515,
2023-01-11 09:45:00,2023-01-11,9,0.5555702330196056,-0.8314696123025429,11,0.1780617773148141,0.9840193105114804,0.126,0.228,0.503,0.515,0.457,
2023-01-11 10:00:00,2023-01-11,10,0.5000000000000017,-0.8660254037844377,11,0.1782381063804098,0.9839873868266432,0.154,0.396,0.841,0.857,0.774,
2023-01-11 10:15:00,2023-01-11,10,0.4422886902190011,-0.8968727415326884,11,0.1784144297225907,0.9839554315449266,0.169,0.369,0.744,0.757,0.678,
2023-01-11 10:30:00,2023-01-11,10,0.3826834323650876,-0.9238795325112876,11,0.178590747335695,0.9839234446673571,0.168,0.35,0.692,0.704,0.634,
2023-01-11 10:45:00,2023-01-11,10,0.3214394653031708,-0.9469301294951026,11,0.1787670592140608,0.983891426194962,0.161,0.421,0.844,0.863,0.769,
2023-01-11 11:00:00,2023-01-11,11,0.2588190451025143,-0.96592582628907,11,0.1789433653520268,0.9838593761287692,0.203,0.241,0.377,0.376,0.357,
2023-01-11 11:15:00,2023-01-11,11,0.1950903220161336,-0.9807852804032294,11,0.1791196657439313,0.983827294469808,0.155,0.404,0.817,0.844,0.748,
2023-01-11 11:30:00,2023-01-11,11,0.1305261922200548,-0.99144486137381,11,0.1792959603841134,0.9837951812191084,0.135,0.464,0.956,0.996,0.874,
2023-01-11 11:45:00,2023-01-11,11,0.0654031292301442,-0.9978589232386036,11,0.179472249266912,0.9837630363777018,0.191,0.495,0.96,0.997,0.887,
2023-01-11 12:00:00,2023-01-11,12,-9.809554005910593e-16,-1.0,11,0.1796485323866662,0.9837308599466202,0.164,0.487,0.977,1.03,0.895,
2023-01-11 12:15:00,2023-01-11,12,-0.0654031292301461,-0.9978589232386031,11,0.1798248097377154,0.983698651926897,0.166,0.422,0.86,0.909,0.784,
2023-01-11 12:30:00,2023-01-11,12,-0.1305261922200427,-0.9914448613738116,11,0.1800010813143992,0.9836664123195664,0.178,0.398,0.785,0.832,0.719,
2023-01-11 12:45:00,2023-01-11,12,-0.1950903220161216,-0.9807852804032318,11,0.1801773471110572,0.9836341411256634,0.169,0.368,0.737,0.785,0.673,
2023-01-11 13:00:00,2023-01-11,13,-0.2588190451025162,-0.9659258262890696,11,0.1803536071220295,0.9836018383462246,0.167,0.283,0.539,0.574,0.496,
2023-01-11 13:15:00,2023-01-11,13,-0.3214394653031592,-0.9469301294951064,11,0.1805298613416561,0.9835695039822872,0.183,0.326,0.62,0.661,0.566,
2023-01-11 13:30:00,2023-01-11,13,-0.3826834323650894,-0.9238795325112868,11,0.1807061097642774,0.9835371380348892,0.181,0.286,0.527,0.558,0.485,
2023-01-11 13:45:00,2023-01-11,13,-0.4422886902190028,-0.8968727415326875,11,0.1808823523842337,0.9835047405050704,0.172,0.248,0.425,0.445,0.388,
2023-01-11 14:00:00,2023-01-11,14,-0.5000000000000034,-0.8660254037844367,11,0.1810585891958657,0.9834723113938708,0.127,0.145,0.209,0.214,0.193,
2023-01-11 14:15:00,2023-01-11,14,-0.5555702330195954,-0.8314696123025498,11,0.1812348201935143,0.9834398507023318,0.152,0.23,0.418,0.451,0.387,
2023-01-11 14:30:00,2023-01-11,14,-0.6087614290087159,-0.7933533402912388,11,0.1814110453715205,0.9834073584314956,0.155,0.214,0.398,0.436,0.355,
2023-01-11 14:45:00,2023-01-11,14,-0.659345815100066,-0.7518398074789799,11,0.1815872647242256,0.9833748345824058,0.117,0.137,0.203,0.213,0.195,
2023-01-11 15:00:00,2023-01-11,15,-0.7071067811865464,-0.7071067811865487,11,0.181763478245971,0.9833422791561068,0.0822,0.0839,0.0978,0.0968,0.095,
2023-01-11 15:15:00,2023-01-11,15,-0.7518398074789777,-0.6593458151000685,11,0.1819396859310982,0.9833096921536436,0.0732,0.0723,0.0841,0.0820999999999999,0.0825999999999999,
2023-01-11 15:30:00,2023-01-11,15,-0.7933533402912281,-0.6087614290087299,11,0.1821158877739491,0.983277073576063,0.022,0.0222,0.0241,0.0228,0.0232,
2023-01-11 15:45:00,2023-01-11,15,-0.8314696123025479,-0.5555702330195983,11,0.1822920837688656,0.9832444234244122,0.00109,0.00124,0.00347,0.00317,0.00222,
2023-01-11 16:00:00,2023-01-11,16,-0.8660254037844349,-0.5000000000000063,11,0.1824682739101898,0.9832117416997398,0.0023799999999999,0.00264,0.00307,0.00257,0.00231,
2023-01-11 16:15:00,2023-01-11,16,-0.896872741532686,-0.4422886902190059,11,0.1826444581922642,0.9831790284030952,-0.000827,-0.000713,-0.000179,-0.000356,-0.00093,
2023-01-11 16:30:00,2023-01-11,16,-0.9238795325112856,-0.3826834323650926,11,0.1828206366094312,0.9831462835355288,-0.000964,-0.000904,-0.000407,-0.000512,-0.00102,
2023-01-11 16:45:00,2023-01-11,16,-0.9469301294951054,-0.3214394653031625,11,0.1829968091560336,0.983113507098092,-0.00131,-0.000741,-0.000259,-0.000161,-0.000771,
2023-01-11 17:00:00,2023-01-11,17,-0.9659258262890686,-0.2588190451025196,11,0.1831729758264143,0.9830806990918376,-0.00199,-0.00172,-0.00116,-0.00101,-0.00184,
2023-01-11 17:15:00,2023-01-11,17,-0.9807852804032284,-0.1950903220161389,11,0.1833491366149164,0.9830478595178186,-0.00184,-0.00147,-0.00106,-0.000856,-0.00163,
2023-01-11 17:30:00,2023-01-11,17,-0.9914448613738112,-0.1305261922200461,11,0.1835252915158832,0.98301498837709,-0.0019,-0.0016699999999999,-0.00111,-0.000933,-0.00202,
2023-01-11 17:45:00,2023-01-11,17,-0.997858923238603,-0.0654031292301496,11,0.1837014405236581,0.9829820856707068,-0.00224,-0.00196,-0.00122,-0.00102,-0.00217,
2023-01-11 18:00:00,2023-01-11,18,-1.0,-4.40934745756706e-15,11,0.1838775836325849,0.9829491513997262,-0.00196,-0.0016899999999999,-0.00103,-0.000719,-0.0016699999999999,
2023-01-11 18:15:00,2023-01-11,18,-0.9978589232386036,0.0654031292301408,11,0.1840537208370074,0.9829161855652052,-0.00224,-0.0019399999999999,-0.000969,-0.000975,-0.0022299999999999,
2023-01-11 18:30:00,2023-01-11,18,-0.9914448613738104,0.1305261922200514,11,0.1842298521312696,0.9828831881682026,-0.000798,-0.000461,-0.000134,-0.000119,-0.00078,
2023-01-11 18:45:00,2023-01-11,18,-0.98078528040323,0.1950903220161302,11,0.1844059775097158,0.982850159209778,-0.000174,0.000181,0.000317,0.000455,-0.000201,
2023-01-11 19:00:00,2023-01-11,19,-0.9659258262890708,0.2588190451025111,11,0.1845820969666903,0.982817098690992,-0.000149,2.13e-05,0.000303,0.00042,-0.000257,
2023-01-11 19:15:00,2023-01-11,19,-0.9469301294951036,0.3214394653031676,11,0.1847582104965379,0.9827840066129062,-0.000149,4.61e-05,0.000358,0.000409,-0.000261,
2023-01-11 19:30:00,2023-01-11,19,-0.923879532511289,0.3826834323650844,11,0.1849343180936034,0.9827508829765832,-0.000426,-0.000202,4.83e-05,0.000145,-0.000561,
2023-01-11 19:45:00,2023-01-11,19,-0.8968727415326899,0.442288690218998,11,0.1851104197522316,0.9827177277830864,-0.000207,-0.000142,2.07e-05,0.000153,-0.000488,
2023-01-11 20:00:00,2023-01-11,20,-0.8660254037844394,0.4999999999999987,11,0.1852865154667679,0.982684541033481,-0.000141,-5.3200000000000006e-05,0.000179,0.000271,-0.000266,
2023-01-11 20:15:00,2023-01-11,20,-0.8314696123025449,0.5555702330196027,11,0.1854626052315576,0.9826513227288322,-0.00012,1.77e-05,0.000172,0.00031,-0.00024,
2023-01-11 20:30:00,2023-01-11,20,-0.7933533402912335,0.6087614290087229,11,0.1856386890409462,0.9826180728702067,-0.000645,-0.000564,-0.00031,-0.000168,-0.00069,
2023-01-11 20:45:00,2023-01-11,20,-0.7518398074789835,0.659345815100062,11,0.1858147668892796,0.9825847914586724,-0.000405,-0.000333,-0.000155,3.82e-06,-0.000493,
2023-01-11 21:00:00,2023-01-11,21,-0.7071067811865526,0.7071067811865425,11,0.1859908387709036,0.982551478495298,-0.000165,-6.740000000000001e-05,0.000155,0.000283,-0.000154,
2023-01-11 21:15:00,2023-01-11,21,-0.6593458151000726,0.7518398074789742,11,0.1861669046801644,0.9825181339811528,-0.00103,-0.000837,-0.000507,-0.000443,-0.00107,
2023-01-11 21:30:00,2023-01-11,21,-0.6087614290087229,0.7933533402912335,11,0.1863429646114085,0.982484757917308,-0.00173,-0.000716,-0.000193,-8.790000000000001e-05,-0.000878,
2023-01-11 21:45:00,2023-01-11,21,-0.5555702330196027,0.8314696123025449,11,0.1865190185589822,0.9824513503048352,-0.000488,-0.0011,-0.000889,-0.000745,-0.0011799999999999,
2023-01-11 22:00:00,2023-01-11,22,-0.4999999999999987,0.8660254037844394,11,0.1866950665172323,0.9824179111448073,-0.000616,-0.000213,5.52e-05,6.5e-05,-0.000176,
2023-01-11 22:15:00,2023-01-11,22,-0.442288690218998,0.8968727415326899,11,0.1868711084805058,0.9823844404382976,-0.00048,-0.000362,-9.65e-05,-6.12e-05,-0.000548,
2023-01-11 22:30:00,2023-01-11,22,-0.3826834323650975,0.9238795325112836,11,0.1870471444431496,0.9823509381863812,-0.000662,-0.000539,-0.00039,-0.000287,-0.000771,
2023-01-11 22:45:00,2023-01-11,22,-0.3214394653031675,0.9469301294951036,11,0.1872231743995112,0.982317404390134,-0.000674,-0.000617,-0.000341,-0.000256,-0.000835,
2023-01-11 23:00:00,2023-01-11,23,-0.2588190451025248,0.9659258262890672,11,0.1873991983439381,0.9822838390506328,-0.00302,-0.00244,-0.00191,-0.00146,-0.00292,
2023-01-11 23:15:00,2023-01-11,23,-0.1950903220161302,0.98078528040323,11,0.1875752162707779,0.9822502421689552,-0.00273,-0.00262,-0.00172,-0.0016,-0.00307,
2023-01-11 23:30:00,2023-01-11,23,-0.1305261922200514,0.9914448613738104,11,0.1877512281743784,0.98221661374618,-0.00156,-0.00129,-0.000638,-0.000623,-0.00173,
2023-01-11 23:45:00,2023-01-11,23,-0.0654031292301549,0.9978589232386028,11,0.1879272340490878,0.9821829537833872,-0.00293,-0.00242,-0.00133,-0.00114,-0.0025299999999999,
2023-01-12 00:00:00,2023-01-12,0,4.411204399476825e-15,1.0,12,0.1881032338892543,0.9821492622816578,-0.00333,-0.0023799999999999,-0.0013,-0.0011899999999999,-0.00256,
2023-01-12 00:15:00,2023-01-12,0,0.0654031292301354,0.997858923238604,12,0.1882792276892263,0.9821155392420732,-0.00291,-0.0023,-0.00138,-0.00133,-0.00275,
2023-01-12 00:30:00,2023-01-12,0,0.1305261922200461,0.9914448613738112,12,0.1884552154433526,0.9820817846657168,-0.00232,-0.0022299999999999,-0.00147,-0.00135,-0.0026,
2023-01-12 00:45:00,2023-01-12,0,0.1950903220161249,0.9807852804032312,12,0.188631197145982,0.9820479985536724,-0.000128,-3.19e-05,-0.000121,-6.12e-05,-0.000647,
2023-01-12 01:00:00,2023-01-12,1,0.2588190451025196,0.9659258262890686,12,0.1888071727914635,0.9820141809070246,-0.000252,4.26e-05,0.000303,0.00047,-0.000343,
2023-01-12 01:15:00,2023-01-12,1,0.3214394653031625,0.9469301294951054,12,0.1889831423741464,0.9819803317268596,-0.00112,-0.00073,-0.000176,0.000291,-0.000797,
2023-01-12 01:30:00,2023-01-12,1,0.3826834323650794,0.9238795325112912,12,0.18915910588838,0.981946451014264,-0.00145,-0.00112,-0.000724,-0.000432,-0.00157,
2023-01-12 01:45:00,2023-01-12,1,0.4422886902190059,0.896872741532686,12,0.189335063328514,0.9819125387703264,-0.00318,-0.00273,-0.00178,-0.0014299999999999,-0.00331,
2023-01-12 02:00:00,2023-01-12,2,0.499999999999994,0.866025403784442,12,0.1895110146888983,0.9818785949961352,-0.0028799999999999,-0.00252,-0.00159,-0.00139,-0.00291,
2023-01-12 02:15:00,2023-01-12,2,0.5555702330195983,0.8314696123025479,12,0.1896869599638828,0.9818446196927804,-0.00276,-0.00233,-0.00152,-0.00139,-0.0026,
2023-01-12 02:30:00,2023-01-12,2,0.6087614290087185,0.7933533402912367,12,0.1898628991478178,0.981810612861353,-0.00132,-0.000823,-0.000417,-0.000363,-0.000844,
2023-01-12 02:45:00,2023-01-12,2,0.6593458151000685,0.7518398074789777,12,0.1900388322350536,0.9817765745029452,-9.51e-05,0.000149,0.000262,0.000482,-0.00021,
2023-01-12 03:00:00,2023-01-12,3,0.7071067811865487,0.7071067811865464,12,0.1902147592199408,0.98174250461865,-0.000521,-0.000131,-3.79e-05,0.000352,-0.000381,
2023-01-12 03:15:00,2023-01-12,3,0.7518398074789706,0.6593458151000766,12,0.1903906800968304,0.9817084032095612,-0.00217,-0.00164,-0.00136,-0.0006,-0.00132,
2023-01-12 03:30:00,2023-01-12,3,0.7933533402912388,0.6087614290087159,12,0.1905665948600732,0.981674270276774,-0.00213,-0.00163,-0.00132,-0.000841,-0.00163,
2023-01-12 03:45:00,2023-01-12,3,0.8314696123025419,0.5555702330196073,12,0.1907425035040204,0.9816401058213844,-0.00113,-0.000805,-0.000945,-0.000512,-0.00108,
2023-01-12 04:00:00,2023-01-12,4,0.8660254037844367,0.5000000000000034,12,0.1909184060230235,0.9816059098444896,-0.000819,-0.000621,-0.000555,-0.000302,-0.000823,
2023-01-12 04:15:00,2023-01-12,4,0.8968727415326875,0.4422886902190028,12,0.191094302411434,0.9815716823471872,-0.0027,-0.00227,-0.00172,-0.00133,-0.00249,
2023-01-12 04:30:00,2023-01-12,4,0.9238795325112868,0.3826834323650894,12,0.1912701926636036,0.9815374233305768,-0.00219,-0.00166,-0.00149,-0.0011,-0.00188,
2023-01-12 04:45:00,2023-01-12,4,0.9469301294951064,0.3214394653031592,12,0.1914460767738845,0.9815031327957584,-0.00105,-0.000727,-0.000741,-0.000413,-0.000621,
2023-01-12 05:00:00,2023-01-12,5,0.9659258262890658,0.25881904510253,12,0.1916219547366286,0.9814688107438329,-0.00151,-0.0011799999999999,-0.0011,-0.000837,-0.00138,
2023-01-12 05:15:00,2023-01-12,5,0.980785280403229,0.1950903220161355,12,0.1917978265461886,0.9814344571759024,-0.0014399999999999,-0.00114,-0.00115,-0.000948,-0.00164,
2023-01-12 05:30:00,2023-01-12,5,0.9914448613738096,0.1305261922200568,12,0.1919736921969168,0.9814000720930702,-0.00197,-0.0014399999999999,-0.0014199999999999,-0.00115,-0.00197,
2023-01-12 05:45:00,2023-01-12,5,0.9978589232386031,0.0654031292301461,12,0.192149551683166,0.9813656554964404,-0.00175,-0.00141,-0.00148,-0.00129,-0.00217,
2023-01-12 06:00:00,2023-01-12,6,1.0,9.790984586812941e-16,12,0.1923254049992892,0.9813312073871184,-0.00215,-0.00195,-0.00191,-0.0016899999999999,-0.00283,
2023-01-12 06:15:00,2023-01-12,6,0.9978589232386036,-0.0654031292301442,12,0.1925012521396397,0.9812967277662098,-0.00134,-0.0014,-0.00173,-0.00147,-0.00241,
2023-01-12 06:30:00,2023-01-12,6,0.99144486137381,-0.1305261922200548,12,0.1926770930985707,0.9812622166348222,-0.00195,-0.0014399999999999,-0.000976,-0.000623,-0.00186,
2023-01-12 06:45:00,2023-01-12,6,0.9807852804032322,-0.1950903220161196,12,0.1928529278704358,0.9812276739940636,0.0016,0.00241,0.00413,0.00409,0.00281,
2023-01-12 07:00:00,2023-01-12,7,0.96592582628907,-0.2588190451025143,12,0.1930287564495887,0.9811930998450434,0.009,0.00968,0.0185,0.0182,0.0157,
2023-01-12 07:15:00,2023-01-12,7,0.9469301294951072,-0.3214394653031573,12,0.1932045788303835,0.9811584941888716,0.0174,0.0238999999999999,0.0752999999999999,0.0747999999999999,0.063,
2023-01-12 07:30:00,2023-01-12,7,0.9238795325112876,-0.3826834323650876,12,0.1933803950071743,0.9811238570266596,0.0212,0.0266,0.063,0.0622,0.0547,
2023-01-12 07:45:00,2023-01-12,7,0.8968727415326884,-0.4422886902190011,12,0.1935562049743154,0.9810891883595196,0.0346,0.0665999999999999,0.192,0.191,0.166,
2023-01-12 08:00:00,2023-01-12,8,0.8660254037844377,-0.5000000000000017,12,0.1937320087261614,0.9810544881885648,0.0527,0.152,0.44,0.439,0.383,
2023-01-12 08:15:00,2023-01-12,8,0.8314696123025429,-0.5555702330196056,12,0.193907806257067,0.9810197565149092,0.0683,0.193,0.516,0.515,0.454,
2023-01-12 08:30:00,2023-01-12,8,0.79335334029124,-0.6087614290087143,12,0.1940835975613872,0.9809849933396684,0.0995,0.225,0.538,0.537,0.48,
2023-01-12 08:45:00,2023-01-12,8,0.7518398074789813,-0.6593458151000645,12,0.1942593826334772,0.9809501986639588,0.125,0.219,0.475,0.474,0.428,
2023-01-12 09:00:00,2023-01-12,9,0.7071067811865501,-0.7071067811865449,12,0.1944351614676923,0.9809153724888976,0.13,0.218,0.458,0.459,0.415,
2023-01-12 09:15:00,2023-01-12,9,0.6593458151000701,-0.7518398074789764,12,0.194610934058388,0.9808805148156028,0.164,0.325,0.688,0.692,0.624,
2023-01-12 09:30:00,2023-01-12,9,0.6087614290087201,-0.7933533402912355,12,0.1947867003999202,0.9808456256451938,0.204,0.327,0.613,0.612,0.564,
2023-01-12 09:45:00,2023-01-12,9,0.5555702330196117,-0.8314696123025389,12,0.1949624604866447,0.9808107049787912,0.208,0.262,0.43,0.426,0.402,
2023-01-12 10:00:00,2023-01-12,10,0.4999999999999958,-0.8660254037844412,12,0.1951382143129178,0.9807757528175164,0.208,0.262,0.43,0.425,0.402,
2023-01-12 10:15:00,2023-01-12,10,0.4422886902190077,-0.8968727415326851,12,0.1953139618730958,0.9807407691624912,0.156,0.283,0.553,0.559,0.505,
2023-01-12 10:30:00,2023-01-12,10,0.3826834323650944,-0.9238795325112849,12,0.1954897031615352,0.9807057540148396,0.114,0.384,0.825,0.845,0.747,
2023-01-12 10:45:00,2023-01-12,10,0.3214394653031643,-0.9469301294951048,12,0.1956654381725929,0.9806707073756854,0.0915,0.453,0.974,1.0,0.883,
2023-01-12 11:00:00,2023-01-12,11,0.2588190451025214,-0.965925826289068,12,0.1958411669006257,0.9806356292461544,0.0813,0.458,0.973,1.0,0.884,
2023-01-12 11:15:00,2023-01-12,11,0.1950903220161269,-0.9807852804032308,12,0.1960168893399908,0.9806005196273728,0.0706,0.458,0.98,1.02,0.891,
2023-01-12 11:30:00,2023-01-12,11,0.1305261922200621,-0.991444861373809,12,0.1961926054850457,0.9805653785204684,0.0683,0.455,0.976,1.02,0.888,
2023-01-12 11:45:00,2023-01-12,11,0.0654031292301373,-0.997858923238604,12,0.1963683153301478,0.9805302059265688,0.067,0.453,0.971,1.01,0.883,
2023-01-12 12:00:00,2023-01-12,12,6.3694013168394125e-15,-1.0,12,0.196544018869655,0.9804950018468044,0.0652,0.451,0.963,1.01,0.876,
2023-01-12 12:15:00,2023-01-12,12,-0.0654031292301388,-0.9978589232386038,12,0.1967197160979251,0.9804597662823048,0.0751,0.46,0.971,1.02,0.885,
2023-01-12 12:30:00,2023-01-12,12,-0.1305261922200495,-0.9914448613738108,12,0.1968954070093165,0.980424499234202,0.0716,0.442,0.962,1.03,0.873,
2023-01-12 12:45:00,2023-01-12,12,-0.1950903220161283,-0.9807852804032304,12,0.1970710915981875,0.980389200703628,0.0759,0.424,0.942,1.01,0.852,
2023-01-12 13:00:00,2023-01-12,13,-0.2588190451025229,-0.9659258262890678,12,0.1972467698588966,0.9803538706917168,0.08,0.378,0.832,0.899,0.752,
2023-01-12 13:15:00,2023-01-12,13,-0.3214394653031522,-0.9469301294951088,12,0.1974224417858026,0.9803185091996026,0.117,0.408,0.871,0.945,0.792,
2023-01-12 13:30:00,2023-01-12,13,-0.3826834323650958,-0.9238795325112844,12,0.1975981073732646,0.9802831162284208,0.124,0.38,0.816,0.891,0.74,
2023-01-12 13:45:00,2023-01-12,13,-0.4422886902189963,-0.8968727415326908,12,0.1977737666156416,0.9802476917793084,0.073,0.324,0.773,0.856,0.694,
2023-01-12 14:00:00,2023-01-12,14,-0.499999999999997,-0.8660254037844404,12,0.1979494195072932,0.980212235853402,0.0744,0.308,0.752,0.843,0.674,
2023-01-12 14:15:00,2023-01-12,14,-0.5555702330196012,-0.8314696123025459,12,0.1981250660425789,0.9801767484518412,0.109,0.311,0.72,0.826,0.652,
2023-01-12 14:30:00,2023-01-12,14,-0.6087614290087213,-0.7933533402912346,12,0.1983007062158585,0.9801412295757648,0.125,0.28,0.646,0.72,0.581,
2023-01-12 14:45:00,2023-01-12,14,-0.6593458151000712,-0.7518398074789754,12,0.1984763400214921,0.9801056792263132,0.11,0.234,0.585,0.653,0.512,
2023-01-12 15:00:00,2023-01-12,15,-0.7071067811865411,-0.7071067811865539,12,0.1986519674538397,0.9800700974046288,0.0657,0.16,0.495,0.567,0.413,
2023-01-12 15:15:00,2023-01-12,15,-0.7518398074789728,-0.6593458151000741,12,0.1988275885072619,0.9800344841118536,0.0382999999999999,0.11,0.391,0.463,0.318,
2023-01-12 15:30:00,2023-01-12,15,-0.7933533402912323,-0.6087614290087244,12,0.1990032031761193,0.9799988393491312,0.0261,0.0704,0.273,0.336,0.222,
2023-01-12 15:45:00,2023-01-12,15,-0.8314696123025438,-0.5555702330196044,12,0.1991788114547726,0.9799631631176062,0.0165,0.0382,0.167,0.21,0.133,
2023-01-12 16:00:00,2023-01-12,16,-0.8660254037844384,-0.5000000000000004,12,0.199354413337583,0.9799274554184244,0.00553,0.00623,0.0177,0.019,0.0121999999999999,
2023-01-12 16:15:00,2023-01-12,16,-0.896872741532689,-0.4422886902189998,12,0.1995300088189117,0.9798917162527322,-0.00172,-0.00133,0.002,0.00161,-0.00103,
2023-01-12 16:30:00,2023-01-12,16,-0.9238795325112882,-0.3826834323650863,12,0.1997055978931201,0.9798559456216772,-0.00367,-0.00349,-0.0016699999999999,-0.00188,-0.00381,
2023-01-12 16:45:00,2023-01-12,16,-0.946930129495103,-0.3214394653031694,12,0.1998811805545698,0.9798201435264084,-0.00357,-0.00317,-0.0020499999999999,-0.00186,-0.00313,
2023-01-12 17:00:00,2023-01-12,17,-0.9659258262890666,-0.2588190451025267,12,0.2000567567976228,0.979784309968075,-0.00312,-0.00281,-0.0019,-0.00185,-0.00266,
2023-01-12 17:15:00,2023-01-12,17,-0.9807852804032297,-0.1950903220161321,12,0.2002323266166411,0.9797484449478278,-0.00299,-0.00257,-0.00166,-0.00128,-0.00235,
2023-01-12 17:30:00,2023-01-12,17,-0.9914448613738102,-0.1305261922200534,12,0.2004078900059868,0.9797125484668184,-0.00258,-0.00226,-0.0015,-0.00106,-0.00214,
2023-01-12 17:45:00,2023-01-12,17,-0.9978589232386036,-0.0654031292301427,12,0.2005834469600226,0.9796766205262,-0.0025,-0.00217,-0.0014199999999999,-0.000914,-0.00185,
2023-01-12 18:00:00,2023-01-12,18,-1.0,-1.1759704174997531e-14,12,0.2007589974731111,0.9796406611271254,-0.00239,-0.00215,-0.00135,-0.000894,-0.0019199999999999,
2023-01-12 18:15:00,2023-01-12,18,-0.9978589232386031,0.0654031292301476,12,0.2009345415396151,0.97960467027075,-0.0020499999999999,-0.00188,-0.00102,-0.000673,-0.00152,
2023-01-12 18:30:00,2023-01-12,18,-0.9914448613738114,0.1305261922200442,12,0.2011100791538979,0.9795686479582292,-0.00156,-0.000762,-9.65e-05,0.000206,-0.000296,
2023-01-12 18:45:00,2023-01-12,18,-0.9807852804032317,0.195090322016123,12,0.2012856103103225,0.9795325941907196,0.00043,-6.740000000000001e-05,0.000134,0.000222,4.71e-05,
2023-01-12 19:00:00,2023-01-12,19,-0.9659258262890692,0.2588190451025177,12,0.2014611350032528,0.9794965089693792,-0.000161,-0.000223,0.000107,0.000111,-0.000266,
2023-01-12 19:15:00,2023-01-12,19,-0.946930129495106,0.3214394653031606,12,0.2016366532270521,0.9794603922953666,-0.000232,-0.000273,-2.76e-05,-2.68e-05,-0.000518,
2023-01-12 19:30:00,2023-01-12,19,-0.9238795325112864,0.3826834323650908,12,0.2018121649760847,0.9794242441698416,-0.000984,-0.000674,-0.000286,-0.000168,-0.000994,
2023-01-12 19:45:00,2023-01-12,19,-0.8968727415326931,0.4422886902189915,12,0.2019876702447144,0.979388064593965,-0.00239,-0.00265,-0.0020299999999999,-0.00183,-0.00316,
2023-01-12 20:00:00,2023-01-12,20,-0.8660254037844359,0.5000000000000047,12,0.2021631690273058,0.9793518535688984,-0.00335,-0.00292,-0.00206,-0.00174,-0.00327,
2023-01-12 20:15:00,2023-01-12,20,-0.8314696123025489,0.5555702330195966,12,0.2023386613182233,0.9793156110958048,-0.00285,-0.00256,-0.00173,-0.00163,-0.00274,
2023-01-12 20:30:00,2023-01-12,20,-0.7933533402912379,0.608761429008717,12,0.2025141471118317,0.9792793371758476,-0.00252,-0.00221,-0.00139,-0.00122,-0.00232,
2023-01-12 20:45:00,2023-01-12,20,-0.7518398074789789,0.6593458151000671,12,0.2026896264024959,0.979243031810192,-0.00216,-0.00171,-0.00111,-0.000638,-0.00157,
2023-01-12 21:00:00,2023-01-12,21,-0.7071067811865477,0.7071067811865474,12,0.2028650991845812,0.9792066950000036,-0.0019,-0.00159,-0.00113,-0.00068,-0.00177,
2023-01-12 21:15:00,2023-01-12,21,-0.6593458151000674,0.7518398074789786,12,0.203040565452453,0.9791703267464492,-0.00242,-0.00208,-0.0014,-0.000914,-0.00206,
2023-01-12 21:30:00,2023-01-12,21,-0.6087614290087288,0.793353340291229,12,0.2032160252004767,0.9791339270506968,-0.00211,-0.0018,-0.00103,-0.00057,-0.00171,
2023-01-12 21:45:00,2023-01-12,21,-0.5555702330195971,0.8314696123025487,12,0.2033914784230182,0.979097495913915,-0.00227,-0.00155,-0.000779,-0.000359,-0.00159,
2023-01-12 22:00:00,2023-01-12,22,-0.5000000000000051,0.8660254037844357,12,0.2035669251144436,0.979061033337274,-0.0019199999999999,-0.00155,-0.000858,-0.000413,-0.00134,
2023-01-12 22:15:00,2023-01-12,22,-0.4422886902190046,0.8968727415326867,12,0.203742365269119,0.979024539321944,-0.00177,-0.00154,-0.000748,-0.000333,-0.0013,
2023-01-12 22:30:00,2023-01-12,22,-0.3826834323650912,0.9238795325112862,12,0.2039177988814109,0.9789880138690976,-0.0023599999999999,-0.002,-0.00121,-0.000757,-0.00182,
2023-01-12 22:45:00,2023-01-12,22,-0.321439465303161,0.9469301294951058,12,0.2040932259456859,0.9789514569799072,-0.00184,-0.0015,-0.000824,-0.000497,-0.00159,
2023-01-12 23:00:00,2023-01-12,23,-0.2588190451025182,0.965925826289069,12,0.2042686464563109,0.9789148686555468,-0.00122,-0.000961,-0.00062,-0.000226,-0.000998,
2023-01-12 23:15:00,2023-01-12,23,-0.1950903220161374,0.9807852804032288,12,0.2044440604076529,0.9788782488971914,-0.0023799999999999,-0.00207,-0.0015,-0.00107,-0.00213,
2023-01-12 23:30:00,2023-01-12,23,-0.1305261922200587,0.9914448613738096,12,0.2046194677940792,0.9788415977060168,-0.0028799999999999,-0.0025499999999999,-0.00173,-0.00149,-0.0029,
2023-01-12 23:45:00,2023-01-12,23,-0.0654031292301481,0.9978589232386031,12,0.2047948686099573,0.9788049150832,-0.00174,-0.00146,-0.000865,-0.000849,-0.0016899999999999,
2023-01-13 00:00:00,2023-01-13,0,-2.939152317953648e-15,1.0,13,0.2049702628496548,0.9787682010299188,-0.00196,-0.0016,-0.00101,-0.00083,-0.0018,
2023-01-13 00:15:00,2023-01-13,0,0.0654031292301422,0.9978589232386036,13,0.2051456505075397,0.978731455547352,-0.00209,-0.00166,-0.0011799999999999,-0.000818,-0.00174,
2023-01-13 00:30:00,2023-01-13,0,0.1305261922200529,0.9914448613738104,13,0.2053210315779802,0.9786946786366798,-0.00233,-0.00197,-0.00124,-0.000925,-0.00217,
2023-01-13 00:45:00,2023-01-13,0,0.1950903220161317,0.9807852804032298,13,0.2054964060553444,0.9786578702990832,-0.00215,-0.00177,-0.00107,-0.000937,-0.00208,
2023-01-13 01:00:00,2023-01-13,1,0.2588190451025124,0.9659258262890704,13,0.205671773934001,0.9786210305357438,-0.0020299999999999,-0.00163,-0.000931,-0.000837,-0.00181,
2023-01-13 01:15:00,2023-01-13,1,0.3214394653031555,0.9469301294951076,13,0.2058471352083188,0.9785841593478448,-0.00181,-0.0014,-0.000838,-0.000665,-0.0016899999999999,
2023-01-13 01:30:00,2023-01-13,1,0.3826834323650858,0.9238795325112884,13,0.2060224898726666,0.9785472567365702,-0.00178,-0.00138,-0.000882,-0.00047,-0.00145,
2023-01-13 01:45:00,2023-01-13,1,0.4422886902189993,0.8968727415326893,13,0.2061978379214137,0.9785103227031048,-0.00225,-0.00166,-0.000941,-0.000612,-0.0018,
2023-01-13 02:00:00,2023-01-13,2,0.5,0.8660254037844386,13,0.2063731793489294,0.9784733572486348,-0.00267,-0.00202,-0.00109,-0.000745,-0.00225,
2023-01-13 02:15:00,2023-01-13,2,0.5555702330195922,0.8314696123025519,13,0.2065485141495834,0.9784363603743472,-0.00189,-0.00188,-0.00108,-0.000963,-0.0020499999999999,
2023-01-13 02:30:00,2023-01-13,2,0.608761429008724,0.7933533402912325,13,0.2067238423177454,0.9783993320814298,-0.00248,-0.00172,-0.000934,-0.000761,-0.00191,
2023-01-13 02:45:00,2023-01-13,2,0.6593458151000631,0.7518398074789825,13,0.2068991638477855,0.9783622723710718,-0.00178,-0.00154,-0.000851,-0.000657,-0.0016899999999999,
2023-01-13 03:00:00,2023-01-13,3,0.7071067811865436,0.7071067811865515,13,0.2070744787340739,0.9783251812444632,-0.00128,-0.00112,-0.00072,-0.000558,-0.00132,
2023-01-13 03:15:00,2023-01-13,3,0.751839807478975,0.6593458151000715,13,0.2072497869709811,0.9782880587027948,-0.0022,-0.00145,-0.000417,-8.790000000000001e-05,-0.00147,
2023-01-13 03:30:00,2023-01-13,3,0.7933533402912344,0.6087614290087217,13,0.2074250885528777,0.978250904747259,-0.00209,-0.00155,-0.000827,-0.000635,-0.00177,
2023-01-13 03:45:00,2023-01-13,3,0.8314696123025457,0.5555702330196015,13,0.2076003834741347,0.9782137193790488,-0.00209,-0.00161,-0.000903,-0.000757,-0.0018,
2023-01-13 04:00:00,2023-01-13,4,0.866025403784433,0.5000000000000098,13,0.2077756717291231,0.978176502599358,-0.00145,-0.00152,-0.000886,-0.000719,-0.0016899999999999,
2023-01-13 04:15:00,2023-01-13,4,0.8968727415326906,0.4422886902189967,13,0.2079509533122142,0.9781392544093818,-0.0019299999999999,-0.0016,-0.00092,-0.000753,-0.0017,
2023-01-13 04:30:00,2023-01-13,4,0.923879532511284,0.3826834323650962,13,0.2081262282177795,0.9781019748103164,-0.00228,-0.00174,-0.000782,-0.000619,-0.00189,
2023-01-13 04:45:00,2023-01-13,4,0.946930129495104,0.3214394653031661,13,0.2083014964401909,0.9780646638033588,-0.000959,-0.000741,-2.07e-05,2.29e-05,-0.000814,
2023-01-13 05:00:00,2023-01-13,5,0.9659258262890676,0.2588190451025233,13,0.2084767579738201,0.9780273213897068,-0.00165,-0.00126,-0.000514,-0.000329,-0.0014299999999999,
2023-01-13 05:15:00,2023-01-13,5,0.9807852804032304,0.1950903220161288,13,0.2086520128130395,0.9779899475705602,-0.000467,-0.00033,5.86e-05,0.000115,-0.000544,
2023-01-13 05:30:00,2023-01-13,5,0.9914448613738106,0.13052619222005,13,0.2088272609522214,0.9779525423471186,-0.000856,-0.00061,-0.000462,1.15e-05,-0.000698,
2023-01-13 05:45:00,2023-01-13,5,0.9978589232386028,0.0654031292301535,13,0.2090025023857383,0.9779151057205832,-0.00103,-0.000762,-0.000307,-0.000187,-0.00101,
2023-01-13 06:00:00,2023-01-13,6,1.0,-5.881399539090237e-15,13,0.2091777371079631,0.9778776376921562,-0.00115,-0.000777,-0.000272,-0.000187,-0.00125,
2023-01-13 06:15:00,2023-01-13,6,0.997858923238604,-0.0654031292301369,13,0.2093529651132689,0.9778401382630406,-0.00103,-0.00084,-0.00031,-0.000141,-0.00116,
2023-01-13 06:30:00,2023-01-13,6,0.9914448613738108,-0.1305261922200475,13,0.2095281863960288,0.9778026074344408,-0.00132,-0.00101,-0.000383,3.82e-06,-0.00125,
2023-01-13 06:45:00,2023-01-13,6,0.9807852804032308,-0.1950903220161264,13,0.2097034009506163,0.9777650452075616,0.00043,0.000805,0.00129,0.00113,0.000287,
2023-01-13 07:00:00,2023-01-13,7,0.9659258262890682,-0.258819045102521,13,0.2098786087714051,0.9777274515836096,0.0057599999999999,0.00624,0.00743,0.0070599999999999,0.00629,
2023-01-13 07:15:00,2023-01-13,7,0.9469301294951048,-0.3214394653031638,13,0.2100538098527691,0.9776898265637914,0.0163999999999999,0.0169,0.0192,0.0182,0.0179,
2023-01-13 07:30:00,2023-01-13,7,0.9238795325112904,-0.3826834323650808,13,0.2102290041890824,0.9776521701493158,0.0347,0.0345,0.0432,0.0415,0.0415,
2023-01-13 07:45:00,2023-01-13,7,0.8968727415326916,-0.4422886902189945,13,0.2104041917747193,0.9776144823413916,0.06,0.0627,0.0841,0.0807,0.0804,
2023-01-13 08:00:00,2023-01-13,8,0.8660254037844414,-0.4999999999999953,13,0.2105793726040544,0.9775767631412292,0.0868,0.0864,0.0954,0.0894,0.0948,
2023-01-13 08:15:00,2023-01-13,8,0.831469612302547,-0.5555702330195995,13,0.2107545466714624,0.9775390125500396,0.119,0.125,0.176,0.168,0.169,
2023-01-13 08:30:00,2023-01-13,8,0.7933533402912358,-0.6087614290087198,13,0.2109297139713183,0.977501230569035,0.125,0.161,0.277,0.271,0.257,
2023-01-13 08:45:00,2023-01-13,8,0.7518398074789767,-0.6593458151000696,13,0.2111048744979973,0.9774634171994288,0.134,0.136,0.168,0.16,0.165,
2023-01-13 09:00:00,2023-01-13,9,0.7071067811865452,-0.7071067811865498,13,0.2112800282458747,0.9774255724424352,0.142,0.163,0.217,0.208,0.209,
2023-01-13 09:15:00,2023-01-13,9,0.6593458151000755,-0.7518398074789715,13,0.2114551752093263,0.9773876962992696,0.192,0.226,0.308,0.295,0.297,
2023-01-13 09:30:00,2023-01-13,9,0.608761429008726,-0.7933533402912311,13,0.2116303153827278,0.9773497887711478,0.215,0.36,0.651,0.647,0.602,
2023-01-13 09:45:00,2023-01-13,9,0.5555702330196061,-0.8314696123025427,13,0.2118054487604554,0.9773118498592872,0.189,0.195,0.242,0.231,0.237,
2023-01-13 10:00:00,2023-01-13,10,0.5000000000000021,-0.8660254037844374,13,0.2119805753368853,0.9772738795649064,0.172,0.174,0.188,0.177,0.188,
2023-01-13 10:15:00,2023-01-13,10,0.4422886902190016,-0.8968727415326881,13,0.2121556951063939,0.9772358778892244,0.235,0.262,0.33,0.317,0.323,
2023-01-13 10:30:00,2023-01-13,10,0.3826834323651012,-0.923879532511282,13,0.2123308080633581,0.9771978448334612,0.268,0.28,0.345,0.331,0.342,
2023-01-13 10:45:00,2023-01-13,10,0.3214394653031578,-0.9469301294951068,13,0.2125059142021548,0.9771597803988386,0.276,0.378,0.573,0.564,0.547,
2023-01-13 11:00:00,2023-01-13,11,0.2588190451025285,-0.9659258262890662,13,0.2126810135171611,0.9771216845865786,0.128,0.126,0.131,0.123,0.131,
2023-01-13 11:15:00,2023-01-13,11,0.1950903220161341,-0.9807852804032292,13,0.2128561060027544,0.9770835573979044,0.224,0.242,0.335,0.329,0.323,
2023-01-13 11:30:00,2023-01-13,11,0.1305261922200553,-0.99144486137381,13,0.2130311916533123,0.9770453988340408,0.296,0.446,0.711,0.719,0.671,
2023-01-13 11:45:00,2023-01-13,11,0.0654031292301447,-0.9978589232386034,13,0.2132062704632126,0.9770072088962124,0.185,0.244,0.387,0.388,0.367,
2023-01-13 12:00:00,2023-01-13,12,-4.91096680932118e-16,-1.0,13,0.2133813424268333,0.9769689875856462,0.198,0.21,0.265,0.261,0.257,
2023-01-13 12:15:00,2023-01-13,12,-0.0654031292301315,-0.9978589232386044,13,0.2135564075385527,0.9769307349035692,0.195,0.194,0.236,0.227,0.232,
2023-01-13 12:30:00,2023-01-13,12,-0.1305261922200563,-0.9914448613738098,13,0.2137314657927493,0.9768924508512096,0.219,0.297,0.49,0.508,0.46,
2023-01-13 12:45:00,2023-01-13,12,-0.1950903220161211,-0.980785280403232,13,0.2139065171838017,0.9768541354297968,0.195,0.225,0.341,0.345,0.323,
2023-01-13 13:00:00,2023-01-13,13,-0.2588190451025158,-0.9659258262890696,13,0.2140815617060889,0.9768157886405614,0.198,0.225,0.318,0.321,0.305,
2023-01-13 13:15:00,2023-01-13,13,-0.3214394653031587,-0.9469301294951066,13,0.21425659935399,0.9767774104847348,0.293,0.312,0.365,0.357,0.364,
2023-01-13 13:30:00,2023-01-13,13,-0.382683432365089,-0.9238795325112872,13,0.2144316301218844,0.9767390009635488,0.114,0.113,0.124,0.118,0.123,
2023-01-13 13:45:00,2023-01-13,13,-0.4422886902190024,-0.8968727415326877,13,0.2146066540041516,0.9767005600782372,0.13,0.13,0.134,0.127,0.135,
2023-01-13 14:00:00,2023-01-13,14,-0.4999999999999907,-0.866025403784444,13,0.2147816709951714,0.9766620878300344,0.145,0.143,0.137,0.126,0.141,
2023-01-13 14:15:00,2023-01-13,14,-0.5555702330196068,-0.8314696123025421,13,0.214956681089324,0.9766235842201756,0.137,0.136,0.138,0.13,0.14,
2023-01-13 14:30:00,2023-01-13,14,-0.6087614290087154,-0.7933533402912392,13,0.2151316842809894,0.9765850492498976,0.125,0.155,0.263,0.282,0.246,
2023-01-13 14:45:00,2023-01-13,14,-0.6593458151000656,-0.7518398074789803,13,0.2153066805645482,0.9765464829204372,0.0749,0.0747999999999999,0.101,0.104,0.0950999999999999,
2023-01-13 15:00:00,2023-01-13,15,-0.707106781186546,-0.7071067811865491,13,0.2154816699343809,0.9765078852330332,0.106,0.124,0.197,0.213,0.185,
2023-01-13 15:15:00,2023-01-13,15,-0.7518398074789774,-0.659345815100069,13,0.2156566523848687,0.9764692561889248,0.0377,0.0385,0.0395,0.0372,0.0385,
2023-01-13 15:30:00,2023-01-13,15,-0.7933533402912364,-0.608761429008719,13,0.2158316279103925,0.9764305957893524,0.0925,0.0922,0.12,0.126,0.115,
2023-01-13 15:45:00,2023-01-13,15,-0.8314696123025397,-0.5555702330196105,13,0.2160065965053337,0.9763919040355578,0.0573,0.0657,0.127,0.144,0.114,
2023-01-13 16:00:00,2023-01-13,16,-0.8660254037844347,-0.5000000000000068,13,0.216181558164074,0.9763531809287832,0.0074,0.00788,0.0126,0.0127,0.0104,
2023-01-13 16:15:00,2023-01-13,16,-0.8968727415326858,-0.4422886902190064,13,0.216356512880995,0.9763144264702718,0.00019,0.000465,0.0015,0.00105,0.000176,
2023-01-13 16:30:00,2023-01-13,16,-0.9238795325112854,-0.382683432365093,13,0.2165314606504789,0.9762756406612684,-0.000885,-0.00067,-0.000107,-0.000245,-0.000835,
2023-01-13 16:45:00,2023-01-13,16,-0.9469301294951052,-0.3214394653031629,13,0.2167064014669078,0.9762368235030184,-0.00221,-0.0019299999999999,-0.00132,-0.00136,-0.0023,
2023-01-13 17:00:00,2023-01-13,17,-0.9659258262890684,-0.2588190451025201,13,0.2168813353246642,0.976197974996768,-0.0019299999999999,-0.00162,-0.0012,-0.00099,-0.0017,
2023-01-13 17:15:00,2023-01-13,17,-0.980785280403231,-0.1950903220161254,13,0.2170562622181308,0.976159095143765,-0.000612,-0.000507,-0.000252,-8.41e-05,-0.000604,
2023-01-13 17:30:00,2023-01-13,17,-0.9914448613738092,-0.1305261922200607,13,0.2172311821416906,0.9761201839452576,-0.0032,-0.003,-0.0020299999999999,-0.00155,-0.00268,
2023-01-13 17:45:00,2023-01-13,17,-0.997858923238603,-0.0654031292301501,13,0.2174060950897266,0.9760812414024956,-0.00256,-0.00227,-0.0011799999999999,-0.00117,-0.00222,
2023-01-13 18:00:00,2023-01-13,18,-1.0,-4.899206177226001e-15,13,0.2175810010566222,0.9760422675167292,-0.000868,-0.000585,-0.00029,-0.000199,-0.00102,
2023-01-13 18:15:00,2023-01-13,18,-0.9978589232386036,0.0654031292301403,13,0.217755900036761,0.97600326228921,-0.00254,-0.00212,-0.00165,-0.00125,-0.00244,
2023-01-13 18:30:00,2023-01-13,18,-0.9914448613738104,0.130526192220051,13,0.2179307920245268,0.9759642257211902,-0.00409,-0.0035,-0.0025299999999999,-0.00217,-0.0040199999999999,
2023-01-13 18:45:00,2023-01-13,18,-0.98078528040323,0.1950903220161297,13,0.2181056770143036,0.975925157813924,-0.00289,-0.00226,-0.00178,-0.00155,-0.00287,
2023-01-13 19:00:00,2023-01-13,19,-0.9659258262890672,0.2588190451025243,13,0.2182805550004758,0.9758860585686652,-0.00224,-0.00159,-0.00162,-0.000952,-0.0018,
2023-01-13 19:15:00,2023-01-13,19,-0.9469301294951084,0.3214394653031536,13,0.2184554259774277,0.9758469279866696,-0.00321,-0.00259,-0.00206,-0.00148,-0.00293,
2023-01-13 19:30:00,2023-01-13,19,-0.9238795325112892,0.382683432365084,13,0.2186302899395441,0.975807766069194,-0.00346,-0.00297,-0.0020299999999999,-0.00178,-0.0033599999999999,
2023-01-13 19:45:00,2023-01-13,19,-0.8968727415326901,0.4422886902189976,13,0.2188051468812099,0.9757685728174956,-0.00183,-0.00114,-0.000938,-0.000642,-0.00154,
2023-01-13 20:00:00,2023-01-13,20,-0.8660254037844396,0.4999999999999983,13,0.2189799967968103,0.975729348232833,-0.00244,-0.00186,-0.00128,-0.000807,-0.0021,
2023-01-13 20:15:00,2023-01-13,20,-0.8314696123025451,0.5555702330196024,13,0.2191548396807306,0.9756900923164656,-0.00309,-0.00224,-0.00111,-0.000914,-0.0025499999999999,
2023-01-13 20:30:00,2023-01-13,20,-0.7933533402912424,0.6087614290087112,13,0.2193296755273566,0.9756508050696544,-0.0027,-0.00188,-0.00072,-0.000814,-0.00231,
2023-01-13 20:45:00,2023-01-13,20,-0.7518398074789745,0.6593458151000723,13,0.2195045043310739,0.9756114864936604,-0.002,-0.000929,-0.00019,-0.000268,-0.00166,
2023-01-13 21:00:00,2023-01-13,21,-0.7071067811865529,0.7071067811865421,13,0.2196793260862687,0.9755721365897464,-0.00162,-0.00066,0.000162,0.000138,-0.00117,
2023-01-13 21:15:00,2023-01-13,21,-0.659345815100073,0.7518398074789738,13,0.2198541407873273,0.975532755359176,-0.00235,-0.0016,-0.000552,-0.000596,-0.00215,
2023-01-13 21:30:00,2023-01-13,21,-0.6087614290087232,0.7933533402912332,13,0.2200289484286361,0.975493342803214,-0.0023799999999999,-0.0018,-0.00102,-0.000998,-0.0026,
2023-01-13 21:45:00,2023-01-13,21,-0.5555702330196032,0.8314696123025446,13,0.2202037490045819,0.9754538989231256,-0.00232,-0.0017,-0.000676,-0.000738,-0.00222,
2023-01-13 22:00:00,2023-01-13,22,-0.4999999999999991,0.8660254037844392,13,0.2203785425095517,0.9754144237201774,-0.00259,-0.00252,-0.00148,-0.00137,-0.00291,
2023-01-13 22:15:00,2023-01-13,22,-0.4422886902190112,0.8968727415326834,13,0.2205533289379326,0.9753749171956372,-0.00208,-0.00163,-0.000779,-0.000684,-0.0019399999999999,
2023-01-13 22:30:00,2023-01-13,22,-0.3826834323650849,0.9238795325112888,13,0.2207281082841123,0.9753353793507736,-0.000604,-0.000199,0.000128,0.000157,-0.000394,
2023-01-13 22:45:00,2023-01-13,22,-0.321439465303168,0.9469301294951036,13,0.2209028805424781,0.9752958101868558,-0.000244,3.9e-05,0.00031,0.000317,-0.000368,
2023-01-13 23:00:00,2023-01-13,23,-0.2588190451025252,0.9659258262890672,13,0.221077645707418,0.975256209705155,-0.00239,-0.00191,-0.00121,-0.00106,-0.00228,
2023-01-13 23:15:00,2023-01-13,23,-0.1950903220161307,0.98078528040323,13,0.2212524037733201,0.9752165779069424,-0.00318,-0.00267,-0.00171,-0.00153,-0.00304,
2023-01-13 23:30:00,2023-01-13,23,-0.1305261922200519,0.9914448613738104,13,0.2214271547345729,0.975176914793491,-0.00316,-0.00246,-0.00154,-0.00135,-0.00274,
2023-01-13 23:45:00,2023-01-13,23,-0.0654031292301413,0.9978589232386036,13,0.2216018985855647,0.975137220366074,-0.00287,-0.0023,-0.00136,-0.00122,-0.00258,
2023-01-14 00:00:00,2023-01-14,0,-1.028950903538412e-14,1.0,14,0.2217766353206845,0.9750974946259662,-0.00244,-0.0019299999999999,-0.00102,-0.000826,-0.00198,
2023-01-14 00:15:00,2023-01-14,0,0.0654031292301491,0.9978589232386031,14,0.2219513649343212,0.9750577375744433,-0.00249,-0.00198,-0.00115,-0.000539,-0.00186,
2023-01-14 00:30:00,2023-01-14,0,0.1305261922200456,0.9914448613738112,14,0.222126087420864,0.9750179492127816,-0.00274,-0.00222,-0.00141,-0.00101,-0.0023,
2023-01-14 00:45:00,2023-01-14,0,0.1950903220161244,0.9807852804032312,14,0.2223008027747025,0.9749781295422594,-0.00309,-0.0025,-0.00158,-0.0011899999999999,-0.00293,
2023-01-14 01:00:00,2023-01-14,1,0.2588190451025191,0.9659258262890688,14,0.2224755109902264,0.9749382785641548,-0.00244,-0.00191,-0.0011799999999999,-0.000524,-0.0017,
2023-01-14 01:15:00,2023-01-14,1,0.321439465303162,0.9469301294951056,14,0.2226502120618255,0.9748983962797476,-0.00291,-0.00244,-0.00151,-0.00141,-0.00278,
2023-01-14 01:30:00,2023-01-14,1,0.3826834323650921,0.9238795325112856,14,0.2228249059838901,0.9748584826903188,-0.00276,-0.00235,-0.00145,-0.00138,-0.00269,
2023-01-14 01:45:00,2023-01-14,1,0.4422886902189927,0.8968727415326925,14,0.2229995927508106,0.9748185377971496,-0.00262,-0.00211,-0.00125,-0.000986,-0.0022299999999999,
2023-01-14 02:00:00,2023-01-14,2,0.4999999999999936,0.8660254037844424,14,0.2231742723569775,0.9747785616015228,-0.0027,-0.0022299999999999,-0.00128,-0.00105,-0.00228,
2023-01-14 02:15:00,2023-01-14,2,0.5555702330195978,0.8314696123025481,14,0.2233489447967817,0.974738554104722,-0.00269,-0.00226,-0.00133,-0.00115,-0.00246,
2023-01-14 02:30:00,2023-01-14,2,0.6087614290087182,0.793353340291237,14,0.2235236100646144,0.9746985153080322,-0.00276,-0.00227,-0.00138,-0.0012,-0.00249,
2023-01-14 02:45:00,2023-01-14,2,0.6593458151000682,0.751839807478978,14,0.2236982681548667,0.9746584452127388,-0.00263,-0.00209,-0.00125,-0.00112,-0.00237,
2023-01-14 03:00:00,2023-01-14,3,0.7071067811865483,0.7071067811865467,14,0.2238729190619304,0.9746183438201286,-0.00262,-0.00191,-0.00102,-0.000852,-0.00211,
2023-01-14 03:15:00,2023-01-14,3,0.7518398074789796,0.6593458151000663,14,0.224047562780197,0.9745782111314892,-0.00266,-0.0020499999999999,-0.00127,-0.000971,-0.00218,
2023-01-14 03:30:00,2023-01-14,3,0.7933533402912298,0.6087614290087275,14,0.2242221993040587,0.9745380471481097,-0.00268,-0.00206,-0.00108,-0.000845,-0.00232,
2023-01-14 03:45:00,2023-01-14,3,0.8314696123025416,0.5555702330196077,14,0.2243968286279077,0.9744978518712792,-0.00271,-0.0020499999999999,-0.00121,-0.000956,-0.00228,
2023-01-14 04:00:00,2023-01-14,4,0.8660254037844365,0.5000000000000038,14,0.2245714507461364,0.9744576253022886,-0.00281,-0.0022,-0.00132,-0.000998,-0.00239,
2023-01-14 04:15:00,2023-01-14,4,0.8968727415326873,0.4422886902190033,14,0.2247460656531375,0.97441736744243,-0.00281,-0.0022299999999999,-0.00141,-0.00109,-0.00248,
2023-01-14 04:30:00,2023-01-14,4,0.9238795325112868,0.3826834323650899,14,0.224920673343304,0.9743770782929956,-0.00276,-0.00212,-0.00124,-0.00104,-0.00242,
2023-01-14 04:45:00,2023-01-14,4,0.9469301294951016,0.3214394653031731,14,0.2250952738110291,0.9743367578552796,-0.0030099999999999,-0.00245,-0.0015,-0.00123,-0.0028599999999999,
2023-01-14 05:00:00,2023-01-14,5,0.9659258262890692,0.2588190451025167,14,0.2252698670507061,0.9742964061305764,-0.00261,-0.00213,-0.00132,-0.0012,-0.00245,
2023-01-14 05:15:00,2023-01-14,5,0.9807852804032288,0.195090322016136,14,0.2254444530567286,0.974256023120182,-0.00269,-0.0020499999999999,-0.00124,-0.00105,-0.00233,
2023-01-14 05:30:00,2023-01-14,5,0.9914448613738096,0.1305261922200573,14,0.2256190318234905,0.9742156088253928,-0.00263,-0.00198,-0.00126,-0.00103,-0.00228,
2023-01-14 05:45:00,2023-01-14,5,0.9978589232386031,0.0654031292301466,14,0.225793603345386,0.9741751632475067,-0.0027,-0.0020499999999999,-0.00124,-0.000914,-0.00229,
2023-01-14 06:00:00,2023-01-14,6,1.0,1.4689571783402357e-15,14,0.2259681676168092,0.9741346863878226,-0.00274,-0.0021,-0.00115,-0.000891,-0.0023,
2023-01-14 06:15:00,2023-01-14,6,0.9978589232386036,-0.0654031292301437,14,0.2261427246321549,0.97409417824764,-0.00309,-0.00207,-0.00104,-0.000715,-0.00231,
2023-01-14 06:30:00,2023-01-14,6,0.991444861373812,-0.1305261922200403,14,0.2263172743858177,0.97405363882826,-0.00182,-0.0011799999999999,0.000538,0.000635,-0.000981,
2023-01-14 06:45:00,2023-01-14,6,0.9807852804032294,-0.1950903220161331,14,0.2264918168721927,0.974013068130984,0.000732,0.00141,0.00342,0.00331,0.00186,
2023-01-14 07:00:00,2023-01-14,7,0.96592582628907,-0.2588190451025139,14,0.2266663520856751,0.9739724661571152,0.00945,0.0107,0.0177,0.0171,0.0150999999999999,
2023-01-14 07:15:00,2023-01-14,7,0.9469301294951072,-0.3214394653031568,14,0.2268408800206605,0.9739318329079568,0.0278999999999999,0.0458,0.153,0.15,0.127,
2023-01-14 07:30:00,2023-01-14,7,0.9238795325112878,-0.3826834323650872,14,0.2270154006715445,0.973891168384814,0.0318,0.0617,0.21,0.208,0.179,
2023-01-14 07:45:00,2023-01-14,7,0.8968727415326886,-0.4422886902190007,14,0.2271899140327232,0.9738504725889924,0.0353,0.0780999999999999,0.242,0.24,0.208,
2023-01-14 08:00:00,2023-01-14,8,0.8660254037844379,-0.5000000000000012,14,0.2273644200985927,0.9738097455217988,0.0421,0.136,0.4,0.397,0.347,
2023-01-14 08:15:00,2023-01-14,8,0.8314696123025511,-0.5555702330195934,14,0.2275389188635493,0.9737689871845412,0.0462999999999999,0.186,0.516,0.515,0.453,
2023-01-14 08:30:00,2023-01-14,8,0.7933533402912316,-0.6087614290087252,14,0.2277134103219899,0.973728197578528,0.0508,0.222,0.595,0.596,0.527,
2023-01-14 08:45:00,2023-01-14,8,0.7518398074789816,-0.6593458151000642,14,0.2278878944683113,0.9736873767050694,0.0561,0.254,0.656,0.658,0.582,
2023-01-14 09:00:00,2023-01-14,9,0.7071067811865505,-0.7071067811865446,14,0.2280623712969106,0.973646524565476,0.0649,0.275,0.685,0.688,0.609,
2023-01-14 09:15:00,2023-01-14,9,0.6593458151000704,-0.751839807478976,14,0.2282368408021851,0.9736056411610596,0.0764,0.339,0.807,0.815,0.719,
2023-01-14 09:30:00,2023-01-14,9,0.6087614290087205,-0.7933533402912353,14,0.2284113029785326,0.9735647264931332,0.0819,0.341,0.793,0.802,0.708,
2023-01-14 09:45:00,2023-01-14,9,0.5555702330196003,-0.8314696123025465,14,0.2285857578203507,0.97352378056301,0.074,0.375,0.862,0.878,0.775,
2023-01-14 10:00:00,2023-01-14,10,0.5000000000000084,-0.8660254037844337,14,0.2287602053220376,0.9734828033720058,0.077,0.408,0.917,0.935,0.826,
2023-01-14 10:15:00,2023-01-14,10,0.4422886902190081,-0.8968727415326849,14,0.2289346454779916,0.9734417949214356,0.0937,0.444,0.957,0.977,0.867,
2023-01-14 10:30:00,2023-01-14,10,0.3826834323650949,-0.9238795325112846,14,0.2291090782826113,0.9734007552126166,0.152,0.368,0.724,0.735,0.665,
2023-01-14 10:45:00,2023-01-14,10,0.3214394653031647,-0.9469301294951046,14,0.2292835037302953,0.9733596842468664,0.14,0.382,0.773,0.79,0.706,
2023-01-14 11:00:00,2023-01-14,11,0.2588190451025219,-0.965925826289068,14,0.2294579218154427,0.9733185820255044,0.131,0.455,0.938,0.965,0.856,
2023-01-14 11:15:00,2023-01-14,11,0.1950903220161273,-0.9807852804032308,14,0.2296323325324529,0.9732774485498497,0.167,0.435,0.865,0.89,0.794,
2023-01-14 11:30:00,2023-01-14,11,0.1305261922200485,-0.9914448613738108,14,0.2298067358757252,0.9732362838212232,0.156,0.38,0.763,0.79,0.698,
2023-01-14 11:45:00,2023-01-14,11,0.065403129230152,-0.9978589232386028,14,0.2299811318396593,0.9731950878409472,0.173,0.42,0.832,0.865,0.763,
2023-01-14 12:00:00,2023-01-14,12,6.859260036498355e-15,-1.0,14,0.2301555204186553,0.9731538606103446,0.198,0.44,0.857,0.894,0.788,
2023-01-14 12:15:00,2023-01-14,12,-0.0654031292301383,-0.9978589232386038,14,0.2303299016071134,0.9731126021307388,0.162,0.407,0.839,0.885,0.766,
2023-01-14 12:30:00,2023-01-14,12,-0.130526192220049,-0.9914448613738108,14,0.2305042753994339,0.9730713124034548,0.132,0.416,0.894,0.952,0.813,
2023-01-14 12:45:00,2023-01-14,12,-0.1950903220161278,-0.9807852804032304,14,0.2306786417900176,0.9730299914298184,0.114,0.426,0.93,0.997,0.844,
2023-01-14 13:00:00,2023-01-14,13,-0.2588190451025087,-0.9659258262890716,14,0.2308530007732653,0.9729886392111567,0.0943,0.391,0.872,0.942,0.789,
2023-01-14 13:15:00,2023-01-14,13,-0.3214394653031652,-0.9469301294951044,14,0.2310273523435782,0.9729472557487976,0.0794,0.389,0.886,0.964,0.797,
2023-01-14 13:30:00,2023-01-14,13,-0.3826834323650822,-0.9238795325112898,14,0.2312016964953577,0.9729058410440696,0.123,0.405,0.882,0.958,0.798,
2023-01-14 13:45:00,2023-01-14,13,-0.4422886902189958,-0.896872741532691,14,0.2313760332230054,0.9728643950983028,0.132,0.328,0.704,0.767,0.635,
2023-01-14 14:00:00,2023-01-14,14,-0.4999999999999966,-0.8660254037844406,14,0.2315503625209232,0.972822917912828,0.158,0.35,0.742,0.813,0.67,
2023-01-14 14:15:00,2023-01-14,14,-0.5555702330196007,-0.8314696123025462,14,0.2317246843835132,0.9727814094889772,0.0882,0.22,0.52,0.587,0.463,
2023-01-14 14:30:00,2023-01-14,14,-0.6087614290087209,-0.7933533402912349,14,0.2318989988051777,0.9727398698280832,0.0709,0.238,0.634,0.723,0.554,
2023-01-14 14:45:00,2023-01-14,14,-0.6593458151000601,-0.7518398074789852,14,0.2320733057803193,0.9726982989314796,0.0587,0.166,0.459,0.527,0.395,
2023-01-14 15:00:00,2023-01-14,15,-0.7071067811865508,-0.7071067811865442,14,0.2322476053033408,0.972656696800502,0.0542,0.0749,0.164,0.181,0.142,
2023-01-14 15:15:00,2023-01-14,15,-0.7518398074789725,-0.6593458151000744,14,0.2324218973686453,0.9726150634364856,0.049,0.0841,0.244,0.287,0.205,
2023-01-14 15:30:00,2023-01-14,15,-0.793353340291232,-0.6087614290087248,14,0.232596181970636,0.9725733988407675,0.0598,0.0897,0.229,0.27,0.194,
2023-01-14 15:45:00,2023-01-14,15,-0.8314696123025435,-0.5555702330196048,14,0.2327704591037167,0.9725317030146856,0.035,0.0613,0.205,0.251,0.162,
2023-01-14 16:00:00,2023-01-14,16,-0.866025403784431,-0.5000000000000131,14,0.2329447287622908,0.9724899759595792,0.0166,0.0228,0.0741,0.0912,0.0575,
2023-01-14 16:15:00,2023-01-14,16,-0.8968727415326888,-0.4422886902190002,14,0.2331189909407625,0.9724482176767876,0.00204,0.00267,0.00824,0.00844,0.00468,
2023-01-14 16:30:00,2023-01-14,16,-0.923879532511288,-0.3826834323650867,14,0.2332932456335361,0.9724064281676518,-0.00217,-0.00163,0.00108,0.000998,-0.00148,
2023-01-14 16:45:00,2023-01-14,16,-0.9469301294951028,-0.3214394653031698,14,0.233467492835016,0.972364607433514,-0.00332,-0.0030099999999999,-0.00165,-0.00195,-0.00341,
2023-01-14 17:00:00,2023-01-14,17,-0.9659258262890664,-0.2588190451025272,14,0.2336417325396071,0.9723227554757168,-0.0038799999999999,-0.00333,-0.00211,-0.00222,-0.00383,
2023-01-14 17:15:00,2023-01-14,17,-0.9807852804032324,-0.1950903220161187,14,0.2338159647417142,0.9722808722956044,-0.00347,-0.00276,-0.0014,-0.00151,-0.0031,
2023-01-14 17:30:00,2023-01-14,17,-0.9914448613738102,-0.1305261922200539,14,0.2339901894357426,0.9722389578945216,-0.00306,-0.00241,-0.00124,-0.00128,-0.0028599999999999,
2023-01-14 17:45:00,2023-01-14,17,-0.9978589232386036,-0.0654031292301432,14,0.2341644066160978,0.9721970122738142,-0.00324,-0.0025299999999999,-0.00129,-0.0011899999999999,-0.00276,
2023-01-14 18:00:00,2023-01-14,18,-1.0,-1.2249562894656474e-14,14,0.2343386162771853,0.9721550354348292,-0.0025499999999999,-0.00218,-0.00133,-0.0011799999999999,-0.0024,
2023-01-14 18:15:00,2023-01-14,18,-0.997858923238604,0.0654031292301329,14,0.2345128184134113,0.9721130273789146,-0.0025499999999999,-0.00196,-0.00114,-0.000795,-0.00197,
2023-01-14 18:30:00,2023-01-14,18,-0.9914448613738096,0.1305261922200578,14,0.2346870130191819,0.9720709881074192,-0.00246,-0.00207,-0.00121,-0.000982,-0.00229,
2023-01-14 18:45:00,2023-01-14,18,-0.9807852804032317,0.1950903220161225,14,0.2348612000889034,0.972028917621693,-0.00196,-0.00155,-0.000762,-0.00052,-0.0017,
2023-01-14 19:00:00,2023-01-14,19,-0.9659258262890692,0.2588190451025172,14,0.2350353796169827,0.9719868159230868,-0.00072,-0.000465,-0.000231,5.73e-05,-0.000463,
2023-01-14 19:15:00,2023-01-14,19,-0.946930129495106,0.3214394653031601,14,0.2352095515978265,0.9719446830129528,-0.0016,-0.00145,-0.00102,-0.000466,-0.00135,
2023-01-14 19:30:00,2023-01-14,19,-0.923879532511292,0.3826834323650772,14,0.235383716025842,0.9719025188926438,-0.0020499999999999,-0.00172,-0.0012,-0.00078,-0.0018,
2023-01-14 19:45:00,2023-01-14,19,-0.896872741532687,0.4422886902190037,14,0.2355578728954367,0.9718603235635136,-0.00145,-0.000656,-0.000345,-0.000153,-0.000664,
2023-01-14 20:00:00,2023-01-14,20,-0.8660254037844362,0.5000000000000042,14,0.2357320222010182,0.9718180970269172,-0.00156,-0.00138,-0.000848,-0.000707,-0.00121,
2023-01-14 20:15:00,2023-01-14,20,-0.8314696123025492,0.5555702330195963,14,0.2359061639369942,0.9717758392842106,-0.00237,-0.0021,-0.00128,-0.00113,-0.00198,
2023-01-14 20:30:00,2023-01-14,20,-0.7933533402912383,0.6087614290087167,14,0.2360802980977731,0.9717335503367508,-0.00204,-0.0016899999999999,-0.000986,-0.000845,-0.00151,
2023-01-14 20:45:00,2023-01-14,20,-0.7518398074789887,0.659345815100056,14,0.2362544246777631,0.9716912301858956,-0.000554,-0.00044,-0.000141,-0.000138,-0.000167,
2023-01-14 21:00:00,2023-01-14,21,-0.707106781186548,0.707106781186547,14,0.2364285436713729,0.971648878833004,-0.00137,-0.00123,-0.000745,-0.000749,-0.00116,
2023-01-14 21:15:00,2023-01-14,21,-0.6593458151000678,0.7518398074789783,14,0.2366026550730113,0.971606496279436,-0.00174,-0.00133,-0.000665,-0.000413,-0.000955,
2023-01-14 21:30:00,2023-01-14,21,-0.6087614290087291,0.7933533402912287,14,0.2367767588770873,0.9715640825265524,-0.00269,-0.00244,-0.00145,-0.00145,-0.00228,
2023-01-14 21:45:00,2023-01-14,21,-0.5555702330196093,0.8314696123025405,14,0.2369508550780104,0.9715216375757154,-0.00228,-0.00199,-0.00135,-0.00147,-0.00182,
2023-01-14 22:00:00,2023-01-14,22,-0.4999999999999932,0.8660254037844426,14,0.2371249436701901,0.9714791614282876,-0.00166,-0.00147,-0.000917,-0.000833,-0.0015,
2023-01-14 22:15:00,2023-01-14,22,-0.4422886902190051,0.8968727415326865,14,0.2372990246480364,0.9714366540856334,-0.00198,-0.00179,-0.00111,-0.00091,-0.00173,
2023-01-14 22:30:00,2023-01-14,22,-0.3826834323650916,0.923879532511286,14,0.2374730980059591,0.9713941155491176,-0.00227,-0.0019,-0.00109,-0.000845,-0.0018,
2023-01-14 22:45:00,2023-01-14,22,-0.3214394653031615,0.9469301294951056,14,0.2376471637383687,0.9713515458201056,-0.00211,-0.00185,-0.00102,-0.000929,-0.00176,
2023-01-14 23:00:00,2023-01-14,23,-0.2588190451025323,0.9659258262890652,14,0.2378212218396757,0.9713089448999652,-0.00165,-0.00154,-0.000807,-0.000669,-0.0014,
2023-01-14 23:15:00,2023-01-14,23,-0.195090322016124,0.9807852804032312,14,0.237995272304291,0.971266312790064,-0.00199,-0.00183,-0.00103,-0.000937,-0.00183,
2023-01-14 23:30:00,2023-01-14,23,-0.1305261922200592,0.9914448613738094,14,0.2381693151266255,0.9712236494917708,-0.00171,-0.000911,-0.000369,-0.000206,-0.00101,
2023-01-14 23:45:00,2023-01-14,23,-0.0654031292301486,0.9978589232386031,14,0.2383433503010907,0.9711809550064558,-0.00171,-0.00141,-0.000789,-0.000845,-0.00108,
2023-01-15 00:00:00,2023-01-15,0,-3.429011037612589e-15,1.0,15,0.2385173778220979,0.97113822933549,-0.0024,-0.00183,-0.00104,-0.00091,-0.00173,
2023-01-15 00:15:00,2023-01-15,0,0.0654031292301276,0.9978589232386044,15,0.2386913976840591,0.9710954724802452,-0.0025,-0.00215,-0.00134,-0.0013,-0.00191,
2023-01-15 00:30:00,2023-01-15,0,0.1305261922200524,0.9914448613738104,15,0.2388654098813863,0.971052684442094,-0.00191,-0.00221,-0.00154,-0.00139,-0.002,
2023-01-15 00:45:00,2023-01-15,0,0.1950903220161312,0.98078528040323,15,0.2390394144084917,0.9710098652224112,-0.00273,-0.0022,-0.00133,-0.00148,-0.00182,
2023-01-15 01:00:00,2023-01-15,1,0.258819045102512,0.9659258262890706,15,0.2392134112597878,0.9709670148225714,-0.00232,-0.00196,-0.00128,-0.00136,-0.00179,
2023-01-15 01:15:00,2023-01-15,1,0.321439465303155,0.946930129495108,15,0.2393874004296876,0.9709241332439504,-0.00184,-0.00154,-0.00101,-0.0011899999999999,-0.00129,
2023-01-15 01:30:00,2023-01-15,1,0.3826834323650985,0.9238795325112832,15,0.2395613819126039,0.9708812204879254,-0.00295,-0.00234,-0.00152,-0.00156,-0.00227,
2023-01-15 01:45:00,2023-01-15,1,0.4422886902189989,0.8968727415326895,15,0.23973535570295,0.9708382765558742,-0.00181,-0.00191,-0.0012,-0.00121,-0.0019399999999999,
2023-01-15 02:00:00,2023-01-15,2,0.4999999999999995,0.8660254037844389,15,0.2399093217951395,0.9707953014491758,-0.00151,-0.00127,-0.00101,-0.00107,-0.00126,
2023-01-15 02:15:00,2023-01-15,2,0.5555702330195917,0.8314696123025522,15,0.2400832801835861,0.9707522951692104,-0.00198,-0.00173,-0.00101,-0.000986,-0.00153,
2023-01-15 02:30:00,2023-01-15,2,0.6087614290087123,0.7933533402912415,15,0.2402572308627039,0.9707092577173586,-0.00228,-0.00211,-0.00132,-0.0013,-0.00187,
2023-01-15 02:45:00,2023-01-15,2,0.6593458151000733,0.7518398074789735,15,0.2404311738269071,0.9706661890950028,-0.0020099999999999,-0.0019,-0.0013,-0.0012,-0.0020299999999999,
2023-01-15 03:00:00,2023-01-15,3,0.7071067811865432,0.7071067811865519,15,0.2406051090706102,0.9706230893035256,-0.000682,-0.000518,-0.000145,-0.000115,-0.000219,
2023-01-15 03:15:00,2023-01-15,3,0.7518398074789747,0.6593458151000718,15,0.2407790365882279,0.9705799583443112,-0.000856,-0.000833,-0.000252,-0.000325,-0.00057,
2023-01-15 03:30:00,2023-01-15,3,0.793353340291234,0.6087614290087221,15,0.2409529563741753,0.9705367962187444,-0.00172,-0.00151,-0.000903,-0.000959,-0.0014399999999999,
2023-01-15 03:45:00,2023-01-15,3,0.8314696123025375,0.5555702330196138,15,0.2411268684228676,0.9704936029282116,-0.0019,-0.00172,-0.000948,-0.00101,-0.00146,
2023-01-15 04:00:00,2023-01-15,4,0.8660254037844398,0.4999999999999979,15,0.2413007727287204,0.9704503784740992,-0.00244,-0.00217,-0.00137,-0.00136,-0.0022299999999999,
2023-01-15 04:15:00,2023-01-15,4,0.8968727415326904,0.4422886902189971,15,0.2414746692861492,0.9704071228577956,-0.00239,-0.00211,-0.00133,-0.0011799999999999,-0.00215,
2023-01-15 04:30:00,2023-01-15,4,0.923879532511284,0.3826834323650966,15,0.2416485580895703,0.9703638360806895,-0.0020099999999999,-0.00172,-0.000958,-0.00086,-0.00147,
2023-01-15 04:45:00,2023-01-15,4,0.946930129495104,0.3214394653031666,15,0.2418224391333997,0.9703205181441712,-0.0026,-0.0022,-0.00149,-0.00164,-0.0020299999999999,
2023-01-15 05:00:00,2023-01-15,5,0.9659258262890638,0.2588190451025375,15,0.241996312412054,0.9702771690496316,-0.00225,-0.00202,-0.00132,-0.00148,-0.00218,
2023-01-15 05:15:00,2023-01-15,5,0.9807852804032302,0.1950903220161292,15,0.24217017791995,0.9702337887984626,-0.000765,-0.000461,-0.000241,-0.000206,-6.86e-05,
2023-01-15 05:30:00,2023-01-15,5,0.9914448613738106,0.1305261922200505,15,0.2423440356515047,0.9701903773920572,-0.000533,-0.000429,-0.000152,-0.000271,-0.00036,
2023-01-15 05:45:00,2023-01-15,5,0.9978589232386028,0.065403129230154,15,0.2425178856011351,0.9701469348318092,-0.000926,-0.000826,-0.000427,-0.000417,-0.000788,
2023-01-15 06:00:00,2023-01-15,6,1.0,8.819313895770708e-15,15,0.2426917277632591,0.970103461119114,-0.00166,-0.00141,-0.000938,-0.00109,-0.0013,
2023-01-15 06:15:00,2023-01-15,6,0.997858923238603,-0.0654031292301505,15,0.2428655621322941,0.9700599562553672,-0.0011,-0.000965,-0.000672,-0.000726,-0.00109,
2023-01-15 06:30:00,2023-01-15,6,0.991444861373811,-0.1305261922200471,15,0.2430393887026582,0.970016420241966,-0.00146,-0.00124,-0.000703,-0.000841,-0.00122,
2023-01-15 06:45:00,2023-01-15,6,0.9807852804032308,-0.1950903220161259,15,0.2432132074687697,0.9699728530803082,0.000596,0.00078,0.00102,0.000837,0.00057,
2023-01-15 07:00:00,2023-01-15,7,0.9659258262890684,-0.2588190451025205,15,0.243387018425047,0.969929254771793,0.00599,0.00612,0.00658,0.00586,0.00603,
2023-01-15 07:15:00,2023-01-15,7,0.9469301294951096,-0.3214394653031499,15,0.2435608215659089,0.9698856253178204,0.0198,0.0198,0.0212,0.0193999999999999,0.0209,
2023-01-15 07:30:00,2023-01-15,7,0.9238795325112852,-0.3826834323650935,15,0.2437346168857745,0.9698419647197912,0.0384,0.038,0.0376,0.0341,0.0384,
2023-01-15 07:45:00,2023-01-15,7,0.8968727415326918,-0.4422886902189941,15,0.2439084043790628,0.9697982729791076,0.0569,0.0562,0.057,0.0523999999999999,0.0577,
2023-01-15 08:00:00,2023-01-15,8,0.8660254037844416,-0.4999999999999949,15,0.2440821840401935,0.9697545500971724,0.0689,0.0687,0.0702,0.0644,0.0713,
2023-01-15 08:15:00,2023-01-15,8,0.8314696123025473,-0.5555702330195991,15,0.2442559558635863,0.9697107960753896,0.0858,0.0846,0.0815999999999999,0.0747999999999999,0.0837,
2023-01-15 08:30:00,2023-01-15,8,0.7933533402912448,-0.6087614290087081,15,0.2444297198436612,0.9696670109151644,0.114,0.124,0.162,0.153,0.157,
2023-01-15 08:45:00,2023-01-15,8,0.751839807478977,-0.6593458151000693,15,0.2446034759748384,0.9696231946179024,0.0843,0.0836,0.0810999999999999,0.074,0.0835,
2023-01-15 09:00:00,2023-01-15,9,0.7071067811865456,-0.7071067811865495,15,0.2447772242515385,0.9695793471850108,0.171,0.168,0.155,0.139,0.162,
2023-01-15 09:15:00,2023-01-15,9,0.659345815100076,-0.7518398074789712,15,0.2449509646681822,0.969535468617898,0.114,0.123,0.149,0.142,0.146,
2023-01-15 09:30:00,2023-01-15,9,0.6087614290087263,-0.7933533402912307,15,0.2451246972191906,0.9694915589179725,0.177,0.187,0.229,0.219,0.225,
2023-01-15 09:45:00,2023-01-15,9,0.5555702330195946,-0.8314696123025503,15,0.2452984218989848,0.969447618086644,0.214,0.234,0.294,0.279,0.288,
2023-01-15 10:00:00,2023-01-15,10,0.5000000000000026,-0.8660254037844372,15,0.2454721387019864,0.969403646125324,0.163,0.168,0.195,0.182,0.194,
2023-01-15 10:15:00,2023-01-15,10,0.4422886902190019,-0.8968727415326879,15,0.2456458476226172,0.9693596430354248,0.0637,0.0629,0.0747,0.0718,0.0733,
2023-01-15 10:30:00,2023-01-15,10,0.3826834323651016,-0.923879532511282,15,0.2458195486552992,0.9693156088183584,0.182,0.203,0.264,0.254,0.259,
2023-01-15 10:45:00,2023-01-15,10,0.3214394653031717,-0.9469301294951022,15,0.2459932417944547,0.9692715434755396,0.233,0.302,0.426,0.417,0.41,
2023-01-15 11:00:00,2023-01-15,11,0.2588190451025153,-0.9659258262890698,15,0.2461669270345061,0.9692274470083831,0.238,0.243,0.279,0.269,0.279,
2023-01-15 11:15:00,2023-01-15,11,0.1950903220161345,-0.9807852804032292,15,0.2463406043698764,0.9691833194183048,0.129,0.127,0.122,0.115,0.125,
2023-01-15 11:30:00,2023-01-15,11,0.1305261922200558,-0.9914448613738098,15,0.2465142737949885,0.969139160706722,0.185,0.183,0.218,0.213,0.216,
2023-01-15 11:45:00,2023-01-15,11,0.0654031292301452,-0.9978589232386034,15,0.2466879353042657,0.9690949708750524,0.209,0.21,0.241,0.23,0.241,
2023-01-15 12:00:00,2023-01-15,12,1.4209616753928828e-14,-1.0,15,0.2468615888921314,0.9690507499247148,0.147,0.145,0.126,0.112,0.132,
2023-01-15 12:15:00,2023-01-15,12,-0.0654031292301452,-0.9978589232386034,15,0.2470352345530098,0.9690064978571296,0.34,0.45,0.684,0.693,0.654,
2023-01-15 12:30:00,2023-01-15,12,-0.1305261922200558,-0.9914448613738098,15,0.2472088722813246,0.9689622146737176,0.202,0.2,0.213,0.202,0.215,
2023-01-15 12:45:00,2023-01-15,12,-0.1950903220161206,-0.980785280403232,15,0.2473825020715002,0.9689179003759008,0.186,0.283,0.484,0.501,0.453,
2023-01-15 13:00:00,2023-01-15,13,-0.2588190451025153,-0.9659258262890698,15,0.2475561239179611,0.9688735549651024,0.0922,0.125,0.235,0.249,0.216,
2023-01-15 13:15:00,2023-01-15,13,-0.3214394653031448,-0.9469301294951114,15,0.2477297378151323,0.968829178442746,0.0707,0.0705,0.0975,0.0964,0.093,
2023-01-15 13:30:00,2023-01-15,13,-0.3826834323650885,-0.9238795325112872,15,0.2479033437574388,0.9687847708102564,0.112,0.112,0.142,0.14,0.138,
2023-01-15 13:45:00,2023-01-15,13,-0.442288690219002,-0.8968727415326879,15,0.2480769417393059,0.9687403320690602,0.0694,0.0686,0.0747999999999999,0.0727,0.0737999999999999,
2023-01-15 14:00:00,2023-01-15,14,-0.4999999999999902,-0.8660254037844443,15,0.2482505317551591,0.968695862220584,0.287,0.436,0.725,0.767,0.683,
2023-01-15 14:15:00,2023-01-15,14,-0.5555702330195946,-0.8314696123025503,15,0.2484241137994244,0.968651361266256,0.0627,0.0621,0.0712,0.0696,0.0696,
2023-01-15 14:30:00,2023-01-15,14,-0.6087614290087264,-0.7933533402912307,15,0.2485976878665278,0.9686068292075048,0.0752,0.0742999999999999,0.0689,0.0632,0.0711,
2023-01-15 14:45:00,2023-01-15,14,-0.6593458151000652,-0.7518398074789806,15,0.2487712539508956,0.9685622660457608,0.0426,0.0421,0.0423,0.0394,0.0428,
2023-01-15 15:00:00,2023-01-15,15,-0.7071067811865456,-0.7071067811865495,15,0.2489448120469546,0.9685176717824546,0.0116999999999999,0.0116,0.0136999999999999,0.013,0.0133,
2023-01-15 15:15:00,2023-01-15,15,-0.751839807478977,-0.6593458151000693,15,0.2491183621491315,0.9684730464190184,0.0207,0.0206,0.0174,0.016,0.0181,
2023-01-15 15:30:00,2023-01-15,15,-0.7933533402912275,-0.6087614290087306,15,0.2492919042518534,0.9684283899568852,0.0342,0.0336,0.0283,0.0254,0.03,
2023-01-15 15:45:00,2023-01-15,15,-0.8314696123025473,-0.5555702330195991,15,0.2494654383495478,0.9683837023974888,0.0161,0.016,0.0139,0.0125,0.0141999999999999,
2023-01-15 16:00:00,2023-01-15,16,-0.8660254037844345,-0.5000000000000072,15,0.2496389644366423,0.968338983742264,0.00971,0.00958,0.00882,0.0081,0.00878,
2023-01-15 16:15:00,2023-01-15,16,-0.8968727415326856,-0.4422886902190068,15,0.2498124825075648,0.9682942339926474,0.00204,0.002,0.0020099999999999,0.00178,0.0017,
2023-01-15 16:30:00,2023-01-15,16,-0.9238795325112852,-0.3826834323650935,15,0.2499859925567434,0.9682494531500752,0.000513,0.000429,0.000496,0.000459,0.000176,
2023-01-15 16:45:00,2023-01-15,16,-0.9469301294951004,-0.3214394653031768,15,0.2501594945786065,0.968204641215986,-0.00141,-0.00132,-0.000941,-0.000971,-0.0019,
2023-01-15 17:00:00,2023-01-15,17,-0.9659258262890684,-0.2588190451025205,15,0.2503329885675829,0.9681597981918184,-0.0012,-0.000993,-0.000748,-0.000726,-0.00133,
2023-01-15 17:15:00,2023-01-15,17,-0.9807852804032308,-0.1950903220161259,15,0.2505064745181014,0.9681149240790125,-0.000902,-0.000677,-0.000383,-0.000382,-0.000921,
2023-01-15 17:30:00,2023-01-15,17,-0.9914448613738092,-0.1305261922200611,15,0.2506799524245912,0.9680700188790088,-0.00145,-0.00128,-0.00117,-0.00107,-0.00179,
2023-01-15 17:45:00,2023-01-15,17,-0.997858923238603,-0.0654031292301505,15,0.2508534222814817,0.96802508259325,-0.00214,-0.00181,-0.00152,-0.00133,-0.00226,
2023-01-15 18:00:00,2023-01-15,18,-1.0,8.821789818317062e-15,15,0.2510268840832027,0.9679801152231788,-0.0030299999999999,-0.00258,-0.002,-0.00165,-0.00289,
2023-01-15 18:15:00,2023-01-15,18,-0.9978589232386036,0.0654031292301398,15,0.251200337824184,0.9679351167702388,-0.00197,-0.00131,-0.00101,-0.000615,-0.00135,
2023-01-15 18:30:00,2023-01-15,18,-0.9914448613738106,0.1305261922200505,15,0.251373783498856,0.9678900872358752,-0.000236,-9.22e-05,-0.000117,4.97e-05,-0.000257,
2023-01-15 18:45:00,2023-01-15,18,-0.9807852804032302,0.1950903220161293,15,0.2515472211016492,0.967845026621534,-0.000682,-0.0005,-0.000276,-0.000176,-0.000634,
2023-01-15 19:00:00,2023-01-15,19,-0.9659258262890712,0.2588190451025101,15,0.251720650626994,0.9677999349286622,-0.00163,-0.00122,-0.000941,-0.000807,-0.00154,
2023-01-15 19:15:00,2023-01-15,19,-0.946930129495104,0.3214394653031666,15,0.2518940720693218,0.9677548121587076,-0.00149,-0.000968,-0.000531,-0.000321,-0.00108,
2023-01-15 19:30:00,2023-01-15,19,-0.9238795325112892,0.3826834323650835,15,0.2520674854230637,0.9677096583131192,-0.000955,-0.000766,-0.000796,-0.000638,-0.00117,
2023-01-15 19:45:00,2023-01-15,19,-0.8968727415326904,0.4422886902189971,15,0.2522408906826511,0.9676644733933466,9.1e-05,-0.00011,-0.000307,-0.000172,-0.000313,
2023-01-15 20:00:00,2023-01-15,20,-0.8660254037844398,0.4999999999999979,15,0.2524142878425159,0.9676192574008412,-0.00159,-0.00141,-0.00123,-0.00107,-0.0018,
2023-01-15 20:15:00,2023-01-15,20,-0.8314696123025533,0.5555702330195902,15,0.2525876768970901,0.9675740103370548,-0.00226,-0.00214,-0.00171,-0.0014299999999999,-0.0025,
2023-01-15 20:30:00,2023-01-15,20,-0.793353340291234,0.6087614290087221,15,0.252761057840806,0.9675287322034404,-0.0020099999999999,-0.00149,-0.00131,-0.000948,-0.00186,
2023-01-15 20:45:00,2023-01-15,20,-0.7518398074789747,0.6593458151000718,15,0.2529344306680961,0.9674834230014516,-0.0016,-0.0014399999999999,-0.00113,-0.000872,-0.00176,
2023-01-15 21:00:00,2023-01-15,21,-0.7071067811865532,0.7071067811865418,15,0.2531077953733933,0.967438082732544,-0.000542,-0.00033,-0.000262,2.29e-05,-0.000394,
2023-01-15 21:15:00,2023-01-15,21,-0.6593458151000733,0.7518398074789735,15,0.2532811519511307,0.9673927113981728,-0.000256,-9.93e-05,-0.000117,0.000183,-0.00018,
2023-01-15 21:30:00,2023-01-15,21,-0.6087614290087123,0.7933533402912415,15,0.2534545003957414,0.9673473089997952,-0.000604,-0.000465,-0.000452,-0.000237,-0.00066,
2023-01-15 21:45:00,2023-01-15,21,-0.5555702330196036,0.8314696123025443,15,0.2536278407016593,0.967301875538869,-0.000616,-0.000546,-0.000469,-0.000398,-0.000763,
2023-01-15 22:00:00,2023-01-15,22,-0.4999999999999995,0.8660254037844389,15,0.2538011728633181,0.9672564110168534,-0.000786,-0.00072,-0.000534,-0.000474,-0.000968,
2023-01-15 22:15:00,2023-01-15,22,-0.4422886902190117,0.8968727415326831,15,0.253974496875152,0.9672109154352082,-0.000935,-0.000734,-0.000524,-0.000436,-0.00096,
2023-01-15 22:30:00,2023-01-15,22,-0.3826834323650985,0.9238795325112832,15,0.2541478127315953,0.9671653887953942,-0.000749,-0.000638,-0.000472,-0.000413,-0.000861,
2023-01-15 22:45:00,2023-01-15,22,-0.321439465303155,0.946930129495108,15,0.2543211204270826,0.9671198310988732,-0.000629,-0.000564,-0.000376,-0.000352,-0.00081,
2023-01-15 23:00:00,2023-01-15,23,-0.2588190451025257,0.965925826289067,15,0.254494419956049,0.9670742423471086,-0.000637,-0.000504,-0.000379,-0.000359,-0.000741,
2023-01-15 23:15:00,2023-01-15,23,-0.1950903220161312,0.98078528040323,15,0.2546677113129295,0.967028622541564,-0.000658,-0.000688,-0.000552,-0.000505,-0.000938,
2023-01-15 23:30:00,2023-01-15,23,-0.1305261922200524,0.9914448613738104,15,0.2548409944921596,0.966982971683704,-0.000802,-0.000727,-0.000483,-0.000474,-0.000973,
2023-01-15 23:45:00,2023-01-15,23,-0.0654031292301559,0.9978589232386028,15,0.2550142694881748,0.9669372897749948,-0.000765,-0.000677,-0.000486,-0.000424,-0.000844,
2023-01-16 00:00:00,2023-01-16,0,3.4314869601589427e-15,1.0,16,0.2551875362954114,0.9668915768169036,-0.000794,-0.000624,-0.000455,-0.000375,-0.000771,
2023-01-16 00:15:00,2023-01-16,0,0.0654031292301486,0.9978589232386031,16,0.2553607949083055,0.9668458328108976,-0.000753,-0.00073,-0.000579,-0.000489,-0.000934,
2023-01-16 00:30:00,2023-01-16,0,0.1305261922200451,0.9914448613738112,16,0.2555340453212934,0.9668000577584464,-0.00116,-0.00105,-0.000758,-0.000677,-0.00125,
2023-01-16 00:45:00,2023-01-16,0,0.195090322016124,0.9807852804032312,16,0.2557072875288121,0.9667542516610192,-0.001,-0.00066,-0.000414,-0.000229,-0.000724,
2023-01-16 01:00:00,2023-01-16,1,0.2588190451025049,0.9659258262890724,16,0.2558805215252983,0.9667084145200876,-0.0006,-0.00056,-0.000503,-0.000394,-0.000771,
2023-01-16 01:15:00,2023-01-16,1,0.3214394653031615,0.9469301294951056,16,0.2560537473051896,0.9666625463371228,-0.000798,-0.000691,-0.000545,-0.000455,-0.000853,
2023-01-16 01:30:00,2023-01-16,1,0.3826834323650917,0.923879532511286,16,0.2562269648629234,0.966616647113598,-0.00136,-0.000908,-0.000558,-0.000451,-0.00103,
2023-01-16 01:45:00,2023-01-16,1,0.4422886902189923,0.8968727415326927,16,0.2564001741929375,0.9665707168509872,-0.00117,-0.000613,-0.000379,-0.00018,-0.000613,
2023-01-16 02:00:00,2023-01-16,2,0.4999999999999932,0.8660254037844426,16,0.2565733752896699,0.9665247555507652,-0.000165,-0.000376,-0.000538,-0.000466,-0.000668,
2023-01-16 02:15:00,2023-01-16,2,0.5555702330196093,0.8314696123025405,16,0.256746568147559,0.9664787632144076,-0.0011899999999999,-0.000762,-0.000383,-0.000294,-0.000883,
2023-01-16 02:30:00,2023-01-16,2,0.6087614290087178,0.7933533402912373,16,0.2569197527610434,0.9664327398433914,-0.000443,-0.000596,-0.000648,-0.000585,-0.000904,
2023-01-16 02:45:00,2023-01-16,2,0.6593458151000678,0.7518398074789783,16,0.2570929291245619,0.9663866854391948,-0.000645,-0.000766,-0.000679,-0.000585,-0.000968,
2023-01-16 03:00:00,2023-01-16,3,0.707106781186548,0.707106781186547,16,0.2572660972325537,0.966340600003296,-0.0014299999999999,-0.00123,-0.00121,-0.0011,-0.00171,
2023-01-16 03:15:00,2023-01-16,3,0.75183980747897,0.6593458151000774,16,0.2574392570794582,0.9662944835371756,-0.00122,-0.00112,-0.00113,-0.00101,-0.0014399999999999,
2023-01-16 03:30:00,2023-01-16,3,0.7933533402912383,0.6087614290087167,16,0.2576124086597149,0.9662483360423136,-0.00298,-0.00135,-0.0008,-0.000535,-0.00153,
2023-01-16 03:45:00,2023-01-16,3,0.8314696123025413,0.5555702330196081,16,0.2577855519677638,0.9662021575201928,-0.00162,-0.00122,-0.000734,-0.000612,-0.00123,
2023-01-16 04:00:00,2023-01-16,4,0.8660254037844362,0.5000000000000042,16,0.2579586869980452,0.9661559479722952,-0.00181,-0.00122,-0.00101,-0.000872,-0.00156,
2023-01-16 04:15:00,2023-01-16,4,0.896872741532687,0.4422886902190037,16,0.2581318137449995,0.9661097074001052,-0.00191,-0.0017,-0.00137,-0.00124,-0.00188,
2023-01-16 04:30:00,2023-01-16,4,0.9238795325112812,0.3826834323651035,16,0.2583049322030673,0.9660634358051072,-0.00215,-0.00178,-0.00147,-0.00133,-0.00207,
2023-01-16 04:45:00,2023-01-16,4,0.946930129495106,0.3214394653031601,16,0.2584780423666897,0.9660171331887876,-0.00234,-0.00184,-0.00155,-0.00123,-0.00195,
2023-01-16 05:00:00,2023-01-16,5,0.9659258262890692,0.2588190451025172,16,0.2586511442303079,0.9659707995526328,-0.00207,-0.0016899999999999,-0.00156,-0.00126,-0.00191,
2023-01-16 05:15:00,2023-01-16,5,0.9807852804032288,0.1950903220161365,16,0.2588242377883634,0.9659244348981304,-0.00147,-0.00113,-0.000851,-0.000623,-0.00128,
2023-01-16 05:30:00,2023-01-16,5,0.9914448613738096,0.1305261922200578,16,0.258997323035298,0.9658780392267698,-0.00237,-0.00191,-0.00163,-0.00131,-0.00207,
2023-01-16 05:45:00,2023-01-16,5,0.997858923238604,0.0654031292301329,16,0.2591703999655537,0.9658316125400404,-0.0015,-0.00134,-0.0011899999999999,-0.001,-0.00163,
2023-01-16 06:00:00,2023-01-16,6,1.0,1.9588158979991767e-15,16,0.259343468573573,0.9657851548394332,-0.00215,-0.00183,-0.0016899999999999,-0.00138,-0.00219,
2023-01-16 06:15:00,2023-01-16,6,0.9978589232386036,-0.0654031292301432,16,0.2595165288537983,0.96573866612644,-0.00204,-0.00173,-0.00166,-0.00133,-0.0020499999999999,
2023-01-16 06:30:00,2023-01-16,6,0.991444861373812,-0.1305261922200398,16,0.2596895808006724,0.9656921464025536,-0.00175,-0.00122,-0.000834,-0.000531,-0.00135,
2023-01-16 06:45:00,2023-01-16,6,0.9807852804032324,-0.1950903220161187,16,0.2598626244086387,0.9656455956692676,0.0068,0.00713,0.0101,0.00997,0.00914,
2023-01-16 07:00:00,2023-01-16,7,0.9659258262890664,-0.2588190451025272,16,0.2600356596721403,0.9655990139280772,0.0202,0.0203999999999999,0.0226,0.021,0.0224,
2023-01-16 07:15:00,2023-01-16,7,0.9469301294951076,-0.3214394653031564,16,0.2602086865856209,0.9655524011804776,0.0387999999999999,0.0384,0.0341,0.0314,0.0354,
2023-01-16 07:30:00,2023-01-16,7,0.923879532511288,-0.3826834323650867,16,0.2603817051435246,0.9655057574279662,0.0381,0.0377,0.0406,0.0378,0.0404,
2023-01-16 07:45:00,2023-01-16,7,0.8968727415326888,-0.4422886902190002,16,0.2605547153402955,0.9654590826720404,0.0479,0.0477,0.0589,0.0556,0.0573,
2023-01-16 08:00:00,2023-01-16,8,0.8660254037844453,-0.4999999999999885,16,0.260727717170378,0.965412376914199,0.0475,0.0542,0.0878,0.0855,0.0813,
2023-01-16 08:15:00,2023-01-16,8,0.8314696123025435,-0.5555702330196048,16,0.2609007106282168,0.9653656401559418,0.0655999999999999,0.0693,0.0849,0.0804,0.0825999999999999,
2023-01-16 08:30:00,2023-01-16,8,0.793353340291232,-0.6087614290087249,16,0.2610736957082571,0.9653188723987698,0.107,0.221,0.476,0.471,0.431,
2023-01-16 08:45:00,2023-01-16,8,0.7518398074789818,-0.6593458151000637,16,0.2612466724049438,0.9652720736441844,0.177,0.277,0.487,0.475,0.456,
2023-01-16 09:00:00,2023-01-16,9,0.7071067811865508,-0.7071067811865442,16,0.2614196407127229,0.9652252438936888,0.139,0.2,0.351,0.346,0.321,
2023-01-16 09:15:00,2023-01-16,9,0.6593458151000814,-0.7518398074789664,16,0.2615926006260398,0.9651783831487862,0.17,0.382,0.765,0.76,0.694,
2023-01-16 09:30:00,2023-01-16,9,0.6087614290087209,-0.7933533402912349,16,0.2617655521393408,0.9651314914109818,0.216,0.226,0.244,0.227,0.247,
2023-01-16 09:45:00,2023-01-16,9,0.5555702330196007,-0.8314696123025462,16,0.2619384952470722,0.9650845686817812,0.175,0.306,0.551,0.547,0.508,
2023-01-16 10:00:00,2023-01-16,10,0.5000000000000089,-0.8660254037844335,16,0.2621114299436805,0.965037614962691,0.236,0.331,0.537,0.529,0.5,
2023-01-16 10:15:00,2023-01-16,10,0.4422886902190086,-0.8968727415326847,16,0.2622843562236128,0.9649906302552193,0.232,0.382,0.668,0.665,0.617,
2023-01-16 10:30:00,2023-01-16,10,0.3826834323650822,-0.9238795325112898,16,0.262457274081316,0.9649436145608742,0.0727,0.0715,0.0627,0.056,0.0648,
2023-01-16 10:45:00,2023-01-16,10,0.3214394653031652,-0.9469301294951044,16,0.2626301835112377,0.964896567881166,0.102,0.0997,0.0884,0.0817,0.0915,
2023-01-16 11:00:00,2023-01-16,11,0.2588190451025224,-0.965925826289068,16,0.2628030845078256,0.9648494902176052,0.121,0.12,0.106,0.0959,0.112,
2023-01-16 11:15:00,2023-01-16,11,0.1950903220161278,-0.9807852804032304,16,0.2629759770655276,0.9648023815717036,0.0392,0.0386,0.0347,0.0318,0.0363,
2023-01-16 11:30:00,2023-01-16,11,0.1305261922200631,-0.9914448613738088,16,0.263148861178792,0.9647552419449738,0.0359,0.0353,0.0301999999999999,0.0275,0.0321,
2023-01-16 11:45:00,2023-01-16,11,0.0654031292301383,-0.9978589232386038,16,0.2633217368420671,0.9647080713389296,0.0775,0.0762999999999999,0.063,0.0565,0.0681,
2023-01-16 12:00:00,2023-01-16,12,7.349118756157295e-15,-1.0,16,0.263494604049802,0.9646608697550856,0.0556,0.0551,0.0617999999999999,0.0612,0.0617999999999999,
2023-01-16 12:15:00,2023-01-16,12,-0.0654031292301378,-0.9978589232386038,16,0.2636674627964455,0.9646136371949574,0.0613,0.0599,0.0533999999999999,0.0491,0.0566,
2023-01-16 12:30:00,2023-01-16,12,-0.1305261922200485,-0.9914448613738108,16,0.2638403130764471,0.964566373660062,0.0283999999999999,0.0275,0.0229,0.0209,0.0247,
2023-01-16 12:45:00,2023-01-16,12,-0.1950903220161134,-0.9807852804032334,16,0.2640131548842562,0.9645190791519168,0.0362,0.0354,0.0306999999999999,0.0283999999999999,0.0318,
2023-01-16 13:00:00,2023-01-16,13,-0.2588190451025219,-0.965925826289068,16,0.2641859882143228,0.9644717536720409,0.0382999999999999,0.0375,0.0329,0.0299,0.0336,
2023-01-16 13:15:00,2023-01-16,13,-0.3214394653031647,-0.9469301294951046,16,0.2643588130610971,0.9644243972219532,0.0571,0.056,0.0496,0.0452,0.0523999999999999,
2023-01-16 13:30:00,2023-01-16,13,-0.3826834323650817,-0.92387953251129,16,0.2645316294190293,0.9643770098031752,0.0343,0.0334,0.0281,0.0261,0.0293,
2023-01-16 13:45:00,2023-01-16,13,-0.4422886902189954,-0.8968727415326913,16,0.2647044372825702,0.964329591417228,0.0422,0.041,0.0382,0.0357,0.0396,
2023-01-16 14:00:00,2023-01-16,14,-0.5000000000000084,-0.8660254037844337,16,0.2648772366461708,0.9642821420656345,0.0502,0.0491,0.0417,0.038,0.0443,
2023-01-16 14:15:00,2023-01-16,14,-0.5555702330196003,-0.8314696123025465,16,0.2650500275042823,0.9642346617499182,0.0373,0.0364,0.0319,0.0295,0.0331,
2023-01-16 14:30:00,2023-01-16,14,-0.6087614290087205,-0.7933533402912353,16,0.2652228098513562,0.964187150471604,0.0504,0.0493,0.0444,0.0411,0.0464,
2023-01-16 14:45:00,2023-01-16,14,-0.6593458151000597,-0.7518398074789854,16,0.2653955836818443,0.9641396082322172,0.0175,0.0172,0.0165,0.0155,0.0167,
2023-01-16 15:00:00,2023-01-16,15,-0.7071067811865405,-0.7071067811865547,16,0.2655683489901986,0.9640920350332848,0.0174,0.0172,0.0158,0.0146,0.0161,
2023-01-16 15:15:00,2023-01-16,15,-0.7518398074789816,-0.6593458151000641,16,0.2657411057708714,0.964044430876334,0.0387,0.0384,0.0339,0.0312,0.0357,
2023-01-16 15:30:00,2023-01-16,15,-0.7933533402912316,-0.6087614290087252,16,0.2659138540183153,0.9639967957628937,0.019,0.0191,0.0157,0.0144,0.0166,
2023-01-16 15:45:00,2023-01-16,15,-0.8314696123025432,-0.5555702330196052,16,0.2660865937269833,0.9639491296944934,0.0143,0.0143,0.0132,0.0121999999999999,0.0134,
2023-01-16 16:00:00,2023-01-16,16,-0.8660254037844379,-0.5000000000000012,16,0.2662593248913284,0.963901432672664,0.0053,0.0052699999999999,0.00461,0.00417,0.00461,
2023-01-16 16:15:00,2023-01-16,16,-0.8968727415326824,-0.4422886902190134,16,0.266432047505804,0.9638537046989366,0.000931,0.000989,0.000986,0.000952,0.000771,
2023-01-16 16:30:00,2023-01-16,16,-0.9238795325112878,-0.3826834323650872,16,0.266604761564864,0.9638059457748442,-0.000422,-0.000337,-0.0002,-0.00013,-0.000514,
2023-01-16 16:45:00,2023-01-16,16,-0.9469301294951072,-0.3214394653031568,16,0.2667774670629622,0.9637581559019204,-0.00104,-0.000894,-8.620000000000001e-05,7.65e-05,-0.000741,
2023-01-16 17:00:00,2023-01-16,17,-0.9659258262890664,-0.2588190451025276,16,0.2669501639945528,0.9637103350816996,-0.000951,-0.000833,-0.0007,-0.000631,-0.00101,
2023-01-16 17:15:00,2023-01-16,17,-0.9807852804032294,-0.1950903220161331,16,0.2671228523540904,0.9636624833157172,-0.000968,-0.00083,-0.000507,-0.000378,-0.000938,
2023-01-16 17:30:00,2023-01-16,17,-0.9914448613738082,-0.1305261922200684,16,0.2672955321360298,0.96361460060551,-0.000844,-0.000635,-0.000293,-0.000195,-0.00078,
2023-01-16 17:45:00,2023-01-16,17,-0.9978589232386036,-0.0654031292301437,16,0.2674682033348261,0.9635666869526156,-0.000844,-0.000709,-0.000441,-0.000375,-0.000805,
2023-01-16 18:00:00,2023-01-16,18,-1.0,1.471433100886589e-15,16,0.2676408659449346,0.9635187423585728,-0.00062,-0.000511,-0.000479,-0.000386,-0.000711,
2023-01-16 18:15:00,2023-01-16,18,-0.997858923238604,0.0654031292301325,16,0.2678135199608109,0.9634707668249204,-0.000906,-0.000663,-0.000465,-0.00034,-0.000917,
2023-01-16 18:30:00,2023-01-16,18,-0.9914448613738116,0.1305261922200432,16,0.2679861653769109,0.9634227603531996,-0.000674,-0.000436,-0.000338,-0.000195,-0.000604,
2023-01-16 18:45:00,2023-01-16,18,-0.9807852804032288,0.195090322016136,16,0.2681588021876908,0.963374722944952,-0.000794,-0.000652,-0.000662,-0.000524,-0.00087,
2023-01-16 19:00:00,2023-01-16,19,-0.9659258262890692,0.2588190451025167,16,0.268331430387607,0.9633266546017196,-0.000856,-0.000993,-0.000607,-0.000589,-0.000784,
2023-01-16 19:15:00,2023-01-16,19,-0.9469301294951064,0.3214394653031596,16,0.2685040499711164,0.9632785553250462,-0.000633,-0.000482,-0.000372,-0.000214,-0.000626,
2023-01-16 19:30:00,2023-01-16,19,-0.9238795325112868,0.3826834323650899,16,0.2686766609326758,0.9632304251164764,-0.000914,-0.000755,-0.000527,-0.000443,-0.00101,
2023-01-16 19:45:00,2023-01-16,19,-0.8968727415326936,0.4422886902189906,16,0.2688492632667424,0.9631822639775556,-0.000666,-0.000539,-0.00051,-0.000409,-0.000771,
2023-01-16 20:00:00,2023-01-16,20,-0.8660254037844365,0.5000000000000038,16,0.2690218569677741,0.9631340719098304,-0.000815,-0.000691,-0.000538,-0.00044,-0.000788,
2023-01-16 20:15:00,2023-01-16,20,-0.8314696123025495,0.5555702330195958,16,0.2691944420302284,0.9630858489148484,-0.000649,-0.000599,-0.000607,-0.000543,-0.00078,
2023-01-16 20:30:00,2023-01-16,20,-0.7933533402912385,0.6087614290087162,16,0.2693670184485636,0.9630375949941576,-0.000819,-0.000695,-0.00061,-0.000516,-0.00093,
2023-01-16 20:45:00,2023-01-16,20,-0.7518398074789796,0.6593458151000663,16,0.269539586217238,0.962989310149308,-0.000219,-0.000333,-0.00106,-0.00107,-0.000831,
2023-01-16 21:00:00,2023-01-16,21,-0.7071067811865585,0.7071067811865366,16,0.2697121453307103,0.96294099438185,-0.00086,-0.000628,-0.000472,-0.000359,-0.000947,
2023-01-16 21:15:00,2023-01-16,21,-0.6593458151000682,0.751839807478978,16,0.2698846957834395,0.9628926476933348,-0.00153,-0.00105,-0.000124,6.5e-05,-0.0011799999999999,
2023-01-16 21:30:00,2023-01-16,21,-0.6087614290087182,0.793353340291237,16,0.2700572375698847,0.9628442700853148,-0.000897,-0.000982,-0.000762,-0.000703,-0.00113,
2023-01-16 21:45:00,2023-01-16,21,-0.5555702330196097,0.8314696123025402,16,0.2702297706845055,0.962795861559344,-0.00128,-0.00108,-0.000869,-0.000677,-0.00123,
2023-01-16 22:00:00,2023-01-16,22,-0.500000000000006,0.8660254037844353,16,0.2704022951217616,0.9627474221169764,-0.00259,-0.00242,-0.00283,-0.00198,-0.00359,
2023-01-16 22:15:00,2023-01-16,22,-0.4422886902189927,0.8968727415326925,16,0.2705748108761132,0.9626989517597676,-0.00158,-0.00137,-0.00172,-0.0015,-0.00293,
2023-01-16 22:30:00,2023-01-16,22,-0.3826834323650921,0.9238795325112856,16,0.2707473179420204,0.9626504504892742,-0.000786,-0.00107,-0.00174,-0.0016799999999999,-0.00141,
2023-01-16 22:45:00,2023-01-16,22,-0.321439465303162,0.9469301294951056,16,0.2709198163139441,0.9626019183070532,-0.00115,-0.00077,0.000231,0.000382,-0.000818,
2023-01-16 23:00:00,2023-01-16,23,-0.2588190451025328,0.9659258262890652,16,0.2710923059863449,0.9625533552146632,-0.00055,-0.0005,-0.000259,-0.000237,-0.00069,
2023-01-16 23:15:00,2023-01-16,23,-0.1950903220161384,0.9807852804032284,16,0.2712647869536841,0.962504761213664,-0.000554,-0.000535,-0.000403,-0.000294,-0.000716,
2023-01-16 23:30:00,2023-01-16,23,-0.1305261922200456,0.9914448613738112,16,0.2714372592104233,0.9624561363056154,-0.00311,-0.00319,-0.00321,-0.00269,-0.0038599999999999,
2023-01-16 23:45:00,2023-01-16,23,-0.0654031292301491,0.9978589232386031,16,0.2716097227510241,0.9624074804920792,-0.00132,-0.000986,-0.00199,-0.00159,-0.00206,
2023-01-17 00:00:00,2023-01-17,0,-3.91886975727153e-15,1.0,17,0.2717821775699485,0.9623587937746176,-0.00198,-0.00174,-0.00206,-0.00195,-0.00216,
2023-01-17 00:15:00,2023-01-17,0,0.0654031292301413,0.9978589232386036,17,0.2719546236616587,0.962310076154794,-0.000455,-0.000408,-0.000372,-0.000302,-0.000775,
2023-01-17 00:30:00,2023-01-17,0,0.1305261922200378,0.9914448613738124,17,0.2721270610206175,0.9622613276341728,-0.000438,-0.000482,-0.000224,-0.00031,-0.000681,
2023-01-17 00:45:00,2023-01-17,0,0.1950903220161307,0.98078528040323,17,0.2722994896412876,0.9622125482143196,-0.000806,-0.000635,-0.000562,-0.000394,-0.00081,
2023-01-17 01:00:00,2023-01-17,1,0.2588190451025252,0.9659258262890672,17,0.2724719095181322,0.9621637378968004,-0.00179,-0.00166,-0.00153,-0.00172,-0.00217,
2023-01-17 01:15:00,2023-01-17,1,0.3214394653031545,0.946930129495108,17,0.2726443206456146,0.9621148966831828,-0.0016,-0.00153,-0.00148,-0.00166,-0.00231,
2023-01-17 01:30:00,2023-01-17,1,0.3826834323650849,0.9238795325112888,17,0.2728167230181986,0.9620660245750348,-0.000496,-0.00022,-0.000217,-0.000543,-0.00115,
2023-01-17 01:45:00,2023-01-17,1,0.4422886902189857,0.8968727415326959,17,0.2729891166303482,0.9620171215739262,-0.000323,-0.000167,-0.000231,-0.00052,-0.000921,
2023-01-17 02:00:00,2023-01-17,2,0.4999999999999991,0.8660254037844392,17,0.2731615014765277,0.9619681876814268,-0.000261,-0.00011,-0.000279,-0.000463,-0.000716,
2023-01-17 02:15:00,2023-01-17,2,0.5555702330196032,0.8314696123025446,17,0.2733338775512015,0.9619192228991084,-0.000277,-9.93e-05,-0.000231,-0.000394,-0.00072,
2023-01-17 02:30:00,2023-01-17,2,0.608761429008712,0.7933533402912418,17,0.2735062448488343,0.9618702272285432,-0.000232,-9.57e-05,-0.000245,-0.000356,-0.000716,
2023-01-17 02:45:00,2023-01-17,2,0.6593458151000623,0.7518398074789832,17,0.2736786033638916,0.9618212006713044,-0.000108,-4.26e-05,-3.79e-05,-0.000187,-0.000643,
2023-01-17 03:00:00,2023-01-17,3,0.7071067811865529,0.7071067811865421,17,0.2738509530908385,0.9617721432289664,-0.000153,-3.19e-05,-7.58e-05,-0.000233,-0.000758,
2023-01-17 03:15:00,2023-01-17,3,0.7518398074789745,0.6593458151000722,17,0.2740232940241407,0.9617230549031044,3.31e-05,0.000128,3.1e-05,-3.06e-05,-9e-05,
2023-01-17 03:30:00,2023-01-17,3,0.7933533402912337,0.6087614290087224,17,0.2741956261582642,0.9616739356952944,0.000112,0.000152,-3.1e-05,-9.94e-05,-8.14e-05,
2023-01-17 03:45:00,2023-01-17,3,0.8314696123025451,0.5555702330196024,17,0.2743679494876752,0.9616247856071144,0.000194,0.000152,0.000138,0.000134,-0.000129,
2023-01-17 04:00:00,2023-01-17,4,0.8660254037844325,0.5000000000000107,17,0.2745402640068403,0.961575604640142,4.96e-05,0.000128,1.38e-05,-4.59e-05,0.00021,
2023-01-17 04:15:00,2023-01-17,4,0.8968727415326901,0.4422886902189976,17,0.2747125697102262,0.9615263927959564,0.000124,0.000326,0.000134,0.000119,-0.00012,
2023-01-17 04:30:00,2023-01-17,4,0.9238795325112836,0.3826834323650971,17,0.2748848665922999,0.9614771500761384,0.00017,0.00016,0.000176,0.00013,-6e-05,
2023-01-17 04:45:00,2023-01-17,4,0.9469301294951038,0.3214394653031671,17,0.275057154647529,0.9614278764822692,-0.000174,-7.45e-05,-0.000503,-0.000432,0.000351,
2023-01-17 05:00:00,2023-01-17,5,0.9659258262890672,0.2588190451025243,17,0.275229433870381,0.9613785720159304,0.000269,0.000259,3.1e-05,0.000134,-0.000219,
2023-01-17 05:15:00,2023-01-17,5,0.9807852804032274,0.1950903220161437,17,0.2754017042553238,0.9613292366787058,0.000844,0.000571,0.000479,0.000493,0.000407,
2023-01-17 05:30:00,2023-01-17,5,0.9914448613738104,0.130526192220051,17,0.2755739657968257,0.9612798704721792,0.00197,0.00163,0.00133,0.00137,0.00146,
2023-01-17 05:45:00,2023-01-17,5,0.9978589232386036,0.0654031292301403,17,0.2757462184893552,0.9612304733979364,0.00141,0.000979,0.000555,0.000692,0.000737,
2023-01-17 06:00:00,2023-01-17,6,1.0,9.309172615429648e-15,17,0.275918462327381,0.9611810454575628,0.000649,0.000681,-0.000231,-0.000145,0.000129,
2023-01-17 06:15:00,2023-01-17,6,0.997858923238604,-0.0654031292301359,17,0.2760906973053722,0.9611315866526464,0.00024,-0.000128,-0.000286,-0.000107,-0.000621,
2023-01-17 06:30:00,2023-01-17,6,0.9914448613738092,-0.1305261922200607,17,0.2762629234177983,0.9610820969847746,0.000575,0.000532,-8.27e-05,-1.15e-05,4.28e-05,
2023-01-17 06:45:00,2023-01-17,6,0.980785280403231,-0.1950903220161254,17,0.2764351406591286,0.9610325764555372,0.00116,0.000872,0.000989,0.001,0.00069,
2023-01-17 07:00:00,2023-01-17,7,0.9659258262890684,-0.2588190451025201,17,0.2766073490238334,0.960983025066524,0.00278,0.00254,0.00242,0.00234,0.00215,
2023-01-17 07:15:00,2023-01-17,7,0.9469301294951098,-0.3214394653031495,17,0.2767795485063826,0.960933442819326,0.00289,0.00254,0.0025,0.00235,0.00211,
2023-01-17 07:30:00,2023-01-17,7,0.9238795325112908,-0.3826834323650799,17,0.276951739101247,0.9608838297155358,0.00458,0.00417,0.00418,0.00403,0.00411,
2023-01-17 07:45:00,2023-01-17,7,0.8968727415326858,-0.4422886902190064,17,0.2771239208028971,0.9608341857567464,0.00825,0.00788,0.00701,0.00671,0.00707,
2023-01-17 08:00:00,2023-01-17,8,0.8660254037844418,-0.4999999999999945,17,0.277296093605804,0.9607845109445516,0.0182,0.0179,0.0169,0.0156,0.0173,
2023-01-17 08:15:00,2023-01-17,8,0.8314696123025476,-0.5555702330195987,17,0.2774682575044392,0.9607348052805468,0.0442,0.0432,0.0348,0.0313,0.0371,
2023-01-17 08:30:00,2023-01-17,8,0.7933533402912364,-0.608761429008719,17,0.2776404124932742,0.960685068766328,0.029,0.0277,0.0245,0.0226,0.0255,
2023-01-17 08:45:00,2023-01-17,8,0.7518398074789867,-0.6593458151000582,17,0.277812558566781,0.9606353014034924,0.037,0.0362,0.034,0.0311,0.035,
2023-01-17 09:00:00,2023-01-17,9,0.707106781186546,-0.7071067811865491,17,0.2779846957194318,0.960585503193638,0.0354,0.0348,0.0297,0.0268,0.0311,
2023-01-17 09:15:00,2023-01-17,9,0.6593458151000656,-0.7518398074789803,17,0.2781568239456991,0.960535674138364,0.0572,0.0562,0.0562,0.0528,0.0572,
2023-01-17 09:30:00,2023-01-17,9,0.6087614290087268,-0.7933533402912305,17,0.2783289432400556,0.9604858142392704,0.0876,0.0863,0.0822,0.0759,0.0851,
2023-01-17 09:45:00,2023-01-17,9,0.5555702330196068,-0.8314696123025421,17,0.2785010535969744,0.9604359234979578,0.0415,0.0407999999999999,0.0382,0.0355,0.0391,
2023-01-17 10:00:00,2023-01-17,10,0.5000000000000153,-0.8660254037844298,17,0.2786731550109289,0.960386001916029,0.0744,0.0732,0.0607,0.0544,0.0645,
2023-01-17 10:15:00,2023-01-17,10,0.4422886902190024,-0.8968727415326877,17,0.2788452474763927,0.9603360494950866,0.0934,0.092,0.0784,0.0711,0.0824,
2023-01-17 10:30:00,2023-01-17,10,0.382683432365089,-0.9238795325112872,17,0.2790173309878398,0.9602860662367346,0.0191,0.0189,0.0172,0.0155,0.0169,
2023-01-17 10:45:00,2023-01-17,10,0.3214394653031722,-0.946930129495102,17,0.2791894055397443,0.9602360521425782,0.00964,0.00956,0.00858,0.00847,0.00798,
2023-01-17 11:00:00,2023-01-17,11,0.2588190451025295,-0.965925826289066,17,0.2793614711265808,0.9601860072142232,0.00948,0.00925,0.00713,0.00649,0.00664,
2023-01-17 11:15:00,2023-01-17,11,0.1950903220161211,-0.980785280403232,17,0.2795335277428241,0.960135931453277,0.0138,0.0133,0.0106,0.01,0.0111,
2023-01-17 11:30:00,2023-01-17,11,0.1305261922200563,-0.9914448613738098,17,0.279705575382949,0.9600858248613472,0.036,0.0349,0.0278,0.0253,0.0297,
2023-01-17 11:45:00,2023-01-17,11,0.0654031292301457,-0.9978589232386034,17,0.2798776140414313,0.9600356874400428,0.024,0.023,0.0149,0.0128,0.0163,
2023-01-17 12:00:00,2023-01-17,12,4.886207583857646e-16,-1.0,17,0.2800496437127464,0.959985519190974,0.0141,0.0136999999999999,0.0107,0.00976,0.0113,
2023-01-17 12:15:00,2023-01-17,12,-0.0654031292301305,-0.9978589232386044,17,0.2802216643913703,0.9599353201157514,0.0538999999999999,0.0526,0.0452,0.0412,0.0472,
2023-01-17 12:30:00,2023-01-17,12,-0.1305261922200553,-0.99144486137381,17,0.2803936760717793,0.9598850902159872,0.0653,0.064,0.0458,0.0397,0.0494,
2023-01-17 12:45:00,2023-01-17,12,-0.1950903220161201,-0.980785280403232,17,0.2805656787484497,0.9598348294932944,0.0678,0.0665999999999999,0.0519,0.0455,0.056,
2023-01-17 13:00:00,2023-01-17,13,-0.2588190451025148,-0.96592582628907,17,0.2807376724158587,0.9597845379492868,0.0327999999999999,0.0317,0.0233999999999999,0.0207,0.0251,
2023-01-17 13:15:00,2023-01-17,13,-0.3214394653031578,-0.9469301294951068,17,0.280909657068483,0.9597342155855794,0.082,0.0804,0.0679,0.0619,0.0714,
2023-01-17 13:30:00,2023-01-17,13,-0.3826834323650749,-0.9238795325112928,17,0.2810816327008001,0.959683862403788,0.0670999999999999,0.0657,0.053,0.0475,0.0561,
2023-01-17 13:45:00,2023-01-17,13,-0.4422886902190016,-0.8968727415326881,17,0.2812535993072879,0.9596334784055294,0.0482,0.0471,0.0366,0.032,0.0394,
2023-01-17 14:00:00,2023-01-17,14,-0.5000000000000021,-0.8660254037844374,17,0.2814255568824241,0.9595830635924216,0.0226,0.0221,0.0168,0.0147,0.0176,
2023-01-17 14:15:00,2023-01-17,14,-0.5555702330195942,-0.8314696123025506,17,0.2815975054206871,0.9595326179660836,0.00999,0.0101999999999999,0.0074,0.00744,0.00767,
2023-01-17 14:30:00,2023-01-17,14,-0.6087614290087147,-0.7933533402912397,17,0.2817694449165555,0.959482141528135,0.0106,0.0106,0.00912,0.0081199999999999,0.00868,
2023-01-17 14:45:00,2023-01-17,14,-0.6593458151000755,-0.7518398074789715,17,0.281941375364508,0.959431634280197,0.0083699999999999,0.00864,0.0076799999999999,0.00653,0.00666,
2023-01-17 15:00:00,2023-01-17,15,-0.7071067811865452,-0.7071067811865498,17,0.2821132967590237,0.9593810962238912,0.0158,0.0156,0.0138,0.0129,0.0141999999999999,
2023-01-17 15:15:00,2023-01-17,15,-0.7518398074789767,-0.6593458151000696,17,0.2822852090945822,0.9593305273608403,0.192,0.25,0.441,0.487,0.407,
2023-01-17 15:30:00,2023-01-17,15,-0.7933533402912272,-0.6087614290087311,17,0.2824571123656631,0.9592799276926685,0.101,0.115,0.191,0.21,0.177,
2023-01-17 15:45:00,2023-01-17,15,-0.8314696123025391,-0.5555702330196114,17,0.2826290065667464,0.9592292972210004,0.0222,0.0214,0.0181,0.0165,0.019,
2023-01-17 16:00:00,2023-01-17,16,-0.8660254037844414,-0.4999999999999953,17,0.2828008916923125,0.9591786359474616,0.0077199999999999,0.0072,0.00514,0.00495,0.00561,
2023-01-17 16:15:00,2023-01-17,16,-0.8968727415326854,-0.4422886902190072,17,0.2829727677368418,0.9591279438736792,0.00226,0.002,0.0016799999999999,0.00185,0.00146,
2023-01-17 16:30:00,2023-01-17,16,-0.9238795325112852,-0.3826834323650939,17,0.2831446346948154,0.9590772210012808,0.000165,4.61e-05,-6.890000000000001e-05,9.94e-05,-0.00033,
2023-01-17 16:45:00,2023-01-17,16,-0.9469301294951048,-0.3214394653031638,17,0.2833164925607143,0.9590264673318952,0.000211,0.000301,0.000255,0.000657,-0.000193,
2023-01-17 17:00:00,2023-01-17,17,-0.9659258262890644,-0.2588190451025347,17,0.28348834132902,0.9589756828671524,0.000289,0.000333,-0.00011,0.000451,6e-05,
2023-01-17 17:15:00,2023-01-17,17,-0.9807852804032308,-0.1950903220161264,17,0.2836601809942143,0.9589248676086828,0.000401,0.000408,-0.000169,0.000623,0.000287,
2023-01-17 17:30:00,2023-01-17,17,-0.9914448613738108,-0.1305261922200475,17,0.2838320115507793,0.958874021558118,0.000285,0.000206,-0.000162,0.000489,-0.000163,
2023-01-17 17:45:00,2023-01-17,17,-0.997858923238603,-0.065403129230151,17,0.2840038329931971,0.9588231447170912,0.00036,0.000252,-0.000296,0.000505,0.000141,
2023-01-17 18:00:00,2023-01-17,18,-1.0,-5.8789236165438834e-15,17,0.2841756453159506,0.958772237087236,0.00036,0.000206,-0.000417,0.000245,6.86e-05,
2023-01-17 18:15:00,2023-01-17,18,-0.9978589232386048,0.0654031292301251,17,0.2843474485135225,0.9587212986701869,0.000186,2.48e-05,-0.000352,7.259999999999999e-05,-0.000356,
2023-01-17 18:30:00,2023-01-17,18,-0.9914448613738106,0.13052619222005,17,0.2845192425803962,0.9586703294675796,-0.000471,-6.740000000000001e-05,-0.000672,-0.000294,-0.000651,
2023-01-17 18:45:00,2023-01-17,18,-0.9807852804032304,0.1950903220161288,17,0.2846910275110552,0.9586193294810508,-0.000405,-0.000238,-0.00041,-0.000283,-0.000716,
2023-01-17 19:00:00,2023-01-17,19,-0.9659258262890712,0.2588190451025096,17,0.2848628032999831,0.9585682987122384,-0.00141,-0.00162,-0.00153,-0.000833,-0.0025099999999999,
2023-01-17 19:15:00,2023-01-17,19,-0.9469301294951088,0.3214394653031527,17,0.2850345699416642,0.9585172371627808,-0.000364,-0.000418,-0.000524,-0.000206,-0.000925,
2023-01-17 19:30:00,2023-01-17,19,-0.923879532511284,0.3826834323650962,17,0.2852063274305829,0.9584661448343176,-0.00237,-0.0019399999999999,-0.00181,-0.0015,-0.0022,
2023-01-17 19:45:00,2023-01-17,19,-0.8968727415326906,0.4422886902189967,17,0.2853780757612237,0.9584150217284896,-0.00127,-0.00121,-0.00115,-0.000573,-0.00183,
2023-01-17 20:00:00,2023-01-17,20,-0.8660254037844402,0.4999999999999974,17,0.2855498149280718,0.9583638678469384,-0.00136,-0.00106,-0.000965,-0.000745,-0.00156,
2023-01-17 20:15:00,2023-01-17,20,-0.8314696123025457,0.5555702330196015,17,0.2857215449256123,0.9583126831913064,-0.00145,-0.00089,-0.000979,-0.000684,-0.00117,
2023-01-17 20:30:00,2023-01-17,20,-0.793353340291243,0.6087614290087104,17,0.2858932657483308,0.9582614677632376,-0.000757,-0.000571,-0.000614,-0.000401,-0.000716,
2023-01-17 20:45:00,2023-01-17,20,-0.751839807478975,0.6593458151000715,17,0.2860649773907133,0.958210221564376,-0.000806,-0.00067,-0.000631,-0.000516,-0.000763,
2023-01-17 21:00:00,2023-01-17,21,-0.7071067811865536,0.7071067811865415,17,0.2862366798472457,0.9581589445963676,-0.000562,-0.000415,-0.000317,-0.00021,-0.000634,
2023-01-17 21:15:00,2023-01-17,21,-0.6593458151000737,0.7518398074789732,17,0.2864083731124148,0.9581076368608592,-0.00121,-0.000989,-0.000714,-0.000612,-0.00125,
2023-01-17 21:30:00,2023-01-17,21,-0.608761429008724,0.7933533402912325,17,0.286580057180707,0.9580562983594976,-0.00132,-0.00111,-0.000907,-0.000799,-0.00126,
2023-01-17 21:45:00,2023-01-17,21,-0.5555702330196158,0.8314696123025361,17,0.2867517320466096,0.958004929093932,-0.00105,-0.00084,-0.000658,-0.000554,-0.00104,
2023-01-17 22:00:00,2023-01-17,22,-0.5,0.8660254037844386,17,0.2869233977046098,0.9579535290658112,-0.00127,-0.00108,-0.000972,-0.000841,-0.00129,
2023-01-17 22:15:00,2023-01-17,22,-0.4422886902189993,0.8968727415326893,17,0.2870950541491953,0.9579020982767866,-0.00112,-0.000837,-0.000145,-3.44e-05,-0.00114,
2023-01-17 22:30:00,2023-01-17,22,-0.3826834323650989,0.923879532511283,17,0.2872667013748539,0.9578506367285092,-0.00146,-0.00134,-0.000927,-0.00068,-0.000883,
2023-01-17 22:45:00,2023-01-17,22,-0.3214394653031689,0.9469301294951032,17,0.2874383393760739,0.9577991444226316,-0.000993,-0.000855,-0.000807,-0.000707,-0.00122,
2023-01-17 23:00:00,2023-01-17,23,-0.2588190451025124,0.9659258262890704,17,0.287609968147344,0.957747621360807,-0.000736,-0.000624,-0.000951,-0.000864,-0.000981,
2023-01-17 23:15:00,2023-01-17,23,-0.1950903220161317,0.9807852804032298,17,0.2877815876831527,0.9576960675446904,-0.000624,-0.000507,-0.00132,-0.00114,-0.000733,
2023-01-17 23:30:00,2023-01-17,23,-0.1305261922200529,0.9914448613738104,17,0.2879531979779894,0.9576444829759364,-0.000141,-1.77e-05,-0.000196,-0.000226,-0.000737,
2023-01-17 23:45:00,2023-01-17,23,-0.0654031292301564,0.9978589232386026,17,0.2881247990263433,0.9575928676562024,-0.000418,-0.000241,-0.000372,-0.000344,-0.00113,
2023-01-18 00:00:00,2023-01-18,0,-1.1269226474702003e-14,1.0,18,0.2882963908227042,0.9575412215871454,-0.00101,-0.000773,-0.000352,-0.000298,-0.00134,
2023-01-18 00:15:00,2023-01-18,0,0.0654031292301481,0.9978589232386031,18,0.2884679733615622,0.9574895447704236,-0.00113,-0.000794,-0.000162,-4.97e-05,-0.00128,
2023-01-18 00:30:00,2023-01-18,0,0.1305261922200446,0.9914448613738112,18,0.2886395466374074,0.9574378372076968,-0.00151,-0.00116,-0.000662,-0.000501,-0.00103,
2023-01-18 00:45:00,2023-01-18,0,0.1950903220161235,0.9807852804032314,18,0.2888111106447305,0.957386098900625,-0.00104,-0.00108,-0.0016899999999999,-0.00149,-0.00171,
2023-01-18 01:00:00,2023-01-18,1,0.2588190451025182,0.965925826289069,18,0.2889826653780225,0.9573343298508696,-0.00123,-0.00115,-0.000676,-0.000787,-0.00186,
2023-01-18 01:15:00,2023-01-18,1,0.3214394653031476,0.9469301294951104,18,0.2891542108317744,0.9572825300600936,-0.00129,-0.00122,-0.00134,-0.00138,-0.0014399999999999,
2023-01-18 01:30:00,2023-01-18,1,0.3826834323650912,0.9238795325112862,18,0.2893257470004778,0.9572306995299594,-0.00158,-0.0012,-0.000913,-0.000784,-0.00195,
2023-01-18 01:45:00,2023-01-18,1,0.4422886902190046,0.8968727415326867,18,0.2894972738786245,0.957178838262132,-0.000931,-0.000752,-0.000979,-0.00078,-0.000703,
2023-01-18 02:00:00,2023-01-18,2,0.4999999999999928,0.8660254037844428,18,0.2896687914607066,0.9571269462582764,-0.00139,-0.00117,-0.00105,-0.000875,-0.00136,
2023-01-18 02:15:00,2023-01-18,2,0.5555702330195971,0.8314696123025487,18,0.2898402997412164,0.9570750235200592,-0.00079,-0.000589,-0.000717,-0.000577,-0.000977,
2023-01-18 02:30:00,2023-01-18,2,0.6087614290087061,0.7933533402912463,18,0.2900117987146466,0.9570230700491472,-0.00098,-0.000755,-0.000762,-0.000612,-0.00123,
2023-01-18 02:45:00,2023-01-18,2,0.6593458151000674,0.7518398074789786,18,0.2901832883754904,0.9569710858472094,-0.0030099999999999,-0.00269,-0.00215,-0.0020099999999999,-0.00317,
2023-01-18 03:00:00,2023-01-18,3,0.7071067811865477,0.7071067811865474,18,0.2903547687182408,0.9569190709159144,-0.00173,-0.0014,-0.00101,-0.000719,-0.00157,
2023-01-18 03:15:00,2023-01-18,3,0.7518398074789696,0.6593458151000777,18,0.2905262397373915,0.9568670252569328,-0.000525,-0.000415,-0.000476,-0.000298,-0.000501,
2023-01-18 03:30:00,2023-01-18,3,0.7933533402912293,0.6087614290087283,18,0.2906977014274365,0.9568149488719356,-0.000968,-0.00155,-0.000948,-0.000891,-0.0037099999999999,
2023-01-18 03:45:00,2023-01-18,3,0.8314696123025489,0.5555702330195966,18,0.2908691537828698,0.9567628417625954,0.0005,0.000504,6.890000000000001e-05,0.000229,-4.28e-05,
2023-01-18 04:00:00,2023-01-18,4,0.8660254037844359,0.5000000000000047,18,0.2910405967981859,0.9567107039305852,0.000633,0.000479,0.000545,0.000933,0.000548,
2023-01-18 04:15:00,2023-01-18,4,0.8968727415326869,0.4422886902190042,18,0.2912120304678797,0.9566585353775792,0.000306,0.000429,2.4100000000000003e-05,0.000745,0.000326,
2023-01-18 04:30:00,2023-01-18,4,0.9238795325112864,0.3826834323650908,18,0.2913834547864462,0.9566063361052524,-0.000645,-0.000486,-0.000776,0.000172,-0.00063,
2023-01-18 04:45:00,2023-01-18,4,0.9469301294951016,0.3214394653031741,18,0.2915548697483807,0.9565541061152812,-0.00184,-0.00159,-0.00133,-0.000852,-0.0021,
2023-01-18 05:00:00,2023-01-18,5,0.9659258262890692,0.2588190451025177,18,0.2917262753481792,0.9565018454093428,-0.0020499999999999,-0.0014199999999999,-0.000865,-0.000585,-0.00195,
2023-01-18 05:15:00,2023-01-18,5,0.9807852804032288,0.195090322016137,18,0.2918976715803372,0.9564495539891152,-0.00199,-0.00141,-0.000855,-0.000677,-0.0019399999999999,
2023-01-18 05:30:00,2023-01-18,5,0.9914448613738096,0.1305261922200582,18,0.2920690584393515,0.9563972318562778,-0.00266,-0.0021,-0.0016799999999999,-0.00135,-0.00277,
2023-01-18 05:45:00,2023-01-18,5,0.9978589232386031,0.0654031292301476,18,0.2922404359197183,0.9563448790125104,-0.00176,-0.0014299999999999,-0.000993,-0.000459,-0.00184,
2023-01-18 06:00:00,2023-01-18,6,1.0,1.6659529332860122e-14,18,0.2924118040159347,0.956292495459494,-0.000302,-1.06e-05,-0.000376,0.000119,1.29e-05,
2023-01-18 06:15:00,2023-01-18,6,0.9978589232386036,-0.0654031292301427,18,0.2925831627224978,0.9562400811989112,6.2e-05,7.8e-05,7.93e-05,0.000424,-0.000189,
2023-01-18 06:30:00,2023-01-18,6,0.9914448613738102,-0.1305261922200534,18,0.292754512033905,0.9561876362324448,0.000612,0.000663,0.000727,0.000841,0.000724,
2023-01-18 06:45:00,2023-01-18,6,0.9807852804032324,-0.1950903220161182,18,0.2929258519446543,0.9561351605617788,0.00263,0.0028,0.00352,0.0035299999999999,0.00283,
2023-01-18 07:00:00,2023-01-18,7,0.9659258262890704,-0.2588190451025129,18,0.2930971824492437,0.9560826541885984,0.0139,0.014,0.02,0.0192,0.0184,
2023-01-18 07:15:00,2023-01-18,7,0.946930129495103,-0.3214394653031694,18,0.2932685035421716,0.9560301171145892,0.0327999999999999,0.0332999999999999,0.0442,0.0421,0.0425,
2023-01-18 07:30:00,2023-01-18,7,0.9238795325112882,-0.3826834323650863,18,0.2934398152179366,0.9559775493414387,0.0273,0.0278999999999999,0.0337,0.0324,0.0316,
2023-01-18 07:45:00,2023-01-18,7,0.896872741532689,-0.4422886902189998,18,0.2936111174710379,0.9559249508708352,0.0368,0.0372,0.0451,0.0429,0.0432,
2023-01-18 08:00:00,2023-01-18,8,0.8660254037844384,-0.5000000000000004,18,0.2937824102959747,0.9558723217044668,0.0372,0.0422,0.0707,0.0687,0.0655,
2023-01-18 08:15:00,2023-01-18,8,0.8314696123025517,-0.5555702330195926,18,0.2939536936872464,0.955819661844024,0.0607,0.0606,0.0772,0.073,0.075,
2023-01-18 08:30:00,2023-01-18,8,0.7933533402912323,-0.6087614290087244,18,0.2941249676393533,0.9557669712911978,0.0696,0.0688,0.069,0.0657,0.0693,
2023-01-18 08:45:00,2023-01-18,8,0.7518398074789822,-0.6593458151000634,18,0.2942962321467952,0.95571425004768,0.127,0.135,0.166,0.159,0.162,
2023-01-18 09:00:00,2023-01-18,9,0.7071067811865511,-0.7071067811865439,18,0.294467487204073,0.9556614981151638,0.177,0.177,0.203,0.192,0.203,
2023-01-18 09:15:00,2023-01-18,9,0.6593458151000712,-0.7518398074789754,18,0.2946387328056874,0.9556087154953428,0.149,0.147,0.153,0.141,0.157,
2023-01-18 09:30:00,2023-01-18,9,0.6087614290087326,-0.793353340291226,18,0.2948099689461393,0.9555559021899118,0.072,0.0711,0.0598,0.0535,0.0639,
2023-01-18 09:45:00,2023-01-18,9,0.5555702330196012,-0.8314696123025459,18,0.2949811956199304,0.9555030582005672,0.107,0.106,0.0949,0.0852,0.0986,
2023-01-18 10:00:00,2023-01-18,10,0.499999999999997,-0.8660254037844404,18,0.2951524128215623,0.9554501835290052,0.157,0.156,0.142,0.127,0.15,
2023-01-18 10:15:00,2023-01-18,10,0.442288690219009,-0.8968727415326845,18,0.2953236205455371,0.9553972781769244,0.157,0.156,0.142,0.127,0.15,
2023-01-18 10:30:00,2023-01-18,10,0.3826834323650958,-0.9238795325112844,18,0.2954948187863571,0.9553443421460232,0.16,0.158,0.132,0.116,0.142,
2023-01-18 10:45:00,2023-01-18,10,0.3214394653031522,-0.9469301294951088,18,0.2956660075385249,0.9552913754380016,0.104,0.103,0.0907,0.0795,0.0964,
2023-01-18 11:00:00,2023-01-18,11,0.2588190451025229,-0.9659258262890678,18,0.2958371867965434,0.9552383780545602,0.0453999999999999,0.0453,0.0441,0.0392,0.0453,
2023-01-18 11:15:00,2023-01-18,11,0.1950903220161283,-0.9807852804032304,18,0.2960083565549161,0.9551853499974012,0.0196,0.0192,0.0186,0.0163,0.0181,
2023-01-18 11:30:00,2023-01-18,11,0.1305261922200636,-0.9914448613738088,18,0.2961795168081463,0.9551322912682269,0.012,0.0119,0.0112,0.00994,0.00984,
2023-01-18 11:45:00,2023-01-18,11,0.065403129230153,-0.9978589232386028,18,0.296350667550738,0.9550792018687412,0.0472,0.0469,0.0349,0.0299,0.0378,
2023-01-18 12:00:00,2023-01-18,12,-6.3718772393857655e-15,-1.0,18,0.2965218087771953,0.9550260818006492,0.0246,0.0242,0.0236,0.0214,0.0232,
2023-01-18 12:15:00,2023-01-18,12,-0.0654031292301373,-0.997858923238604,18,0.2966929404820227,0.9549729310656564,0.03,0.0292,0.0215,0.0183,0.0223,
2023-01-18 12:30:00,2023-01-18,12,-0.130526192220048,-0.9914448613738108,18,0.2968640626597251,0.9549197496654694,0.0533999999999999,0.0523,0.0375,0.0326,0.0401,
2023-01-18 12:45:00,2023-01-18,12,-0.1950903220161269,-0.9807852804032308,18,0.2970351753048074,0.9548665376017962,0.0586,0.0577,0.0484,0.0424,0.0514,
2023-01-18 13:00:00,2023-01-18,13,-0.2588190451025077,-0.9659258262890718,18,0.2972062784117749,0.9548132948763453,0.0387999999999999,0.0382,0.0296,0.0257,0.0312,
2023-01-18 13:15:00,2023-01-18,13,-0.3214394653031643,-0.9469301294951048,18,0.2973773719751336,0.9547600214908264,0.0451,0.0441,0.0337,0.0311,0.0353,
2023-01-18 13:30:00,2023-01-18,13,-0.3826834323650944,-0.9238795325112849,18,0.2975484559893894,0.95470671744695,0.134,0.131,0.108,0.0969,0.116,
2023-01-18 13:45:00,2023-01-18,13,-0.442288690218995,-0.8968727415326914,18,0.2977195304490485,0.954653382746428,0.105,0.103,0.0790999999999999,0.0685,0.0861,
2023-01-18 14:00:00,2023-01-18,14,-0.4999999999999958,-0.8660254037844412,18,0.2978905953486176,0.9546000173909732,0.0362,0.035,0.0217,0.018,0.024,
2023-01-18 14:15:00,2023-01-18,14,-0.5555702330195881,-0.8314696123025547,18,0.2980616506826036,0.9545466213822988,0.038,0.0368999999999999,0.027,0.0231,0.029,
2023-01-18 14:30:00,2023-01-18,14,-0.6087614290087201,-0.7933533402912355,18,0.2982326964455138,0.9544931947221196,0.0425,0.0418,0.031,0.0275,0.033,
2023-01-18 14:45:00,2023-01-18,14,-0.6593458151000701,-0.7518398074789764,18,0.2984037326318556,0.9544397374121512,0.0509,0.0498,0.0421,0.0381,0.0438,
2023-01-18 15:00:00,2023-01-18,15,-0.70710678118654,-0.707106781186555,18,0.298574759236137,0.95438624945411,0.0574,0.0565,0.0421,0.0367,0.0455,
2023-01-18 15:15:00,2023-01-18,15,-0.7518398074789718,-0.6593458151000752,18,0.2987457762528661,0.954332730849714,0.0518,0.051,0.0392,0.0348,0.042,
2023-01-18 15:30:00,2023-01-18,15,-0.79335334029124,-0.6087614290087143,18,0.2989167836765513,0.9542791816006811,0.0354,0.0348,0.0266999999999999,0.0235,0.0282,
2023-01-18 15:45:00,2023-01-18,15,-0.8314696123025429,-0.5555702330196056,18,0.2990877815017014,0.9542256017087314,0.0253,0.0249,0.0189,0.0166,0.0197,
2023-01-18 16:00:00,2023-01-18,16,-0.8660254037844377,-0.5000000000000017,18,0.2992587697228255,0.9541719911755852,0.0121999999999999,0.012,0.00938,0.0081199999999999,0.00929,
2023-01-18 16:15:00,2023-01-18,16,-0.8968727415326884,-0.4422886902190011,18,0.2994297483344331,0.9541183500029636,0.00296,0.00291,0.00242,0.00229,0.00197,
2023-01-18 16:30:00,2023-01-18,16,-0.9238795325112822,-0.3826834323651008,18,0.2996007173310336,0.95406467819259,-0.000509,-0.000887,-0.000179,-0.000161,-0.000763,
2023-01-18 16:45:00,2023-01-18,16,-0.9469301294951072,-0.3214394653031573,18,0.2997716767071373,0.9540109757461868,-0.00147,-0.00124,-0.000731,-0.000485,-0.0020299999999999,
2023-01-18 17:00:00,2023-01-18,17,-0.9659258262890664,-0.2588190451025281,18,0.2999426264572544,0.9539572426654792,-0.00125,-0.00122,-0.000634,-0.000589,-0.00166,
2023-01-18 17:15:00,2023-01-18,17,-0.9807852804032294,-0.1950903220161336,18,0.3001135665758954,0.9539034789521924,-1.65e-05,-0.000135,0.000152,0.00018,-0.000338,
2023-01-18 17:30:00,2023-01-18,17,-0.99144486137381,-0.1305261922200548,18,0.3002844970575715,0.9538496846080524,-0.000629,-0.00067,-0.000452,-0.000291,-0.000998,
2023-01-18 17:45:00,2023-01-18,17,-0.9978589232386024,-0.0654031292301584,18,0.3004554178967936,0.9537958596347874,-7.03e-05,-7.4e-21,-2.4100000000000003e-05,0.000218,-0.000223,
2023-01-18 18:00:00,2023-01-18,18,-1.0,9.815743812276477e-16,18,0.3006263290880737,0.9537420040341252,-9.1e-05,-0.000202,-0.000252,-0.000214,-0.000793,
2023-01-18 18:15:00,2023-01-18,18,-0.9978589232386031,0.0654031292301461,18,0.3007972306259232,0.9536881178077952,8.269999999999999e-06,-0.000259,-0.00029,-0.000241,-0.000613,
2023-01-18 18:30:00,2023-01-18,18,-0.9914448613738116,0.1305261922200427,18,0.3009681225048545,0.953634200957528,6.2e-05,-0.000174,-0.000431,-0.000398,-0.000973,
2023-01-18 18:45:00,2023-01-18,18,-0.9807852804032318,0.1950903220161216,18,0.3011390047193801,0.9535802534850548,-0.000136,-0.000358,-0.000689,-0.000455,-0.000733,
2023-01-18 19:00:00,2023-01-18,19,-0.9659258262890658,0.25881904510253,18,0.3013098772640127,0.9535262753921075,-0.000835,-0.000812,-0.00116,-0.000937,-0.0014199999999999,
2023-01-18 19:15:00,2023-01-18,19,-0.9469301294951064,0.3214394653031592,18,0.3014807401332655,0.9534722666804204,-0.00174,-0.00132,-0.00141,-0.0011,-0.00185,
2023-01-18 19:30:00,2023-01-18,19,-0.9238795325112868,0.3826834323650894,18,0.3016515933216518,0.9534182273517268,-0.00184,-0.00141,-0.00135,-0.00115,-0.0019,
2023-01-18 19:45:00,2023-01-18,19,-0.8968727415326938,0.4422886902189901,18,0.3018224368236853,0.9533641574077624,-0.00211,-0.00172,-0.00164,-0.00138,-0.00213,
2023-01-18 20:00:00,2023-01-18,20,-0.8660254037844438,0.499999999999991,18,0.3019932706338803,0.9533100568502632,-0.00179,-0.00152,-0.00152,-0.00125,-0.00187,
2023-01-18 20:15:00,2023-01-18,20,-0.8314696123025419,0.5555702330196073,18,0.3021640947467509,0.9532559256809666,-0.0015,-0.00127,-0.00107,-0.000917,-0.00152,
2023-01-18 20:30:00,2023-01-18,20,-0.7933533402912388,0.6087614290087159,18,0.3023349091568117,0.9532017639016108,-0.00135,-0.00111,-0.001,-0.000814,-0.00137,
2023-01-18 20:45:00,2023-01-18,20,-0.7518398074789799,0.659345815100066,18,0.3025057138585779,0.9531475715139353,-0.0014399999999999,-0.00122,-0.00116,-0.000933,-0.00156,
2023-01-18 21:00:00,2023-01-18,21,-0.7071067811865487,0.7071067811865464,18,0.3026765088465646,0.9530933485196796,-0.00197,-0.00166,-0.00145,-0.0011899999999999,-0.0020099999999999,
2023-01-18 21:15:00,2023-01-18,21,-0.6593458151000793,0.7518398074789683,18,0.3028472941152874,0.9530390949205854,-0.00229,-0.00198,-0.00159,-0.0014,-0.0024,
2023-01-18 21:30:00,2023-01-18,21,-0.6087614290087185,0.7933533402912367,18,0.3030180696592624,0.9529848107183946,-0.00261,-0.00221,-0.0019299999999999,-0.00151,-0.00243,
2023-01-18 21:45:00,2023-01-18,21,-0.5555702330195983,0.8314696123025479,18,0.3031888354730057,0.9529304959148504,-0.00242,-0.00195,-0.00157,-0.00124,-0.00228,
2023-01-18 22:00:00,2023-01-18,22,-0.5000000000000063,0.8660254037844349,18,0.3033595915510336,0.9528761505116968,-0.0022,-0.00182,-0.00131,-0.00102,-0.00186,
2023-01-18 22:15:00,2023-01-18,22,-0.4422886902190059,0.896872741532686,18,0.3035303378878633,0.9528217745106792,-0.00202,-0.00174,-0.00135,-0.00112,-0.00222,
2023-01-18 22:30:00,2023-01-18,22,-0.3826834323651057,0.9238795325112802,18,0.3037010744780117,0.9527673679135432,-0.00127,-0.00105,-0.00109,-0.000738,-0.00135,
2023-01-18 22:45:00,2023-01-18,22,-0.3214394653031625,0.9469301294951054,18,0.3038718013159964,0.9527129307220364,-0.0025,-0.00212,-0.00176,-0.0014299999999999,-0.00221,
2023-01-18 23:00:00,2023-01-18,23,-0.2588190451025196,0.9659258262890686,18,0.3040425183963351,0.9526584629379063,-0.00163,-0.00132,-0.0009,-0.000585,-0.00125,
2023-01-18 23:15:00,2023-01-18,23,-0.1950903220161389,0.9807852804032284,18,0.304213225713546,0.9526039645629022,-0.00121,-0.00102,-0.000907,-0.000661,-0.00112,
2023-01-18 23:30:00,2023-01-18,23,-0.1305261922200602,0.9914448613738092,18,0.3043839232621475,0.952549435598774,-0.00213,-0.00178,-0.00129,-0.00105,-0.00181,
2023-01-18 23:45:00,2023-01-18,23,-0.0654031292301354,0.997858923238604,18,0.3045546110366582,0.9524948760472728,-0.00135,-0.0011,-0.000882,-0.000684,-0.00133,
2023-01-19 00:00:00,2023-01-19,0,-4.408728476930472e-15,1.0,19,0.3047252890315972,0.9524402859101508,-0.0012,-0.000926,-0.000841,-0.000596,-0.00106,
2023-01-19 00:15:00,2023-01-19,0,0.0654031292301408,0.9978589232386036,19,0.3048959572414838,0.9523856651891602,-0.0018,-0.0014299999999999,-0.000751,-0.00052,-0.00103,
2023-01-19 00:30:00,2023-01-19,0,0.1305261922200514,0.9914448613738104,19,0.3050666156608377,0.9523310138860556,-0.00165,-0.00137,-0.00172,-0.0011899999999999,-0.00137,
2023-01-19 00:45:00,2023-01-19,0,0.1950903220161163,0.9807852804032328,19,0.305237264284179,0.9522763320025917,-0.00151,-0.00126,-0.00103,-0.000787,-0.00138,
2023-01-19 01:00:00,2023-01-19,1,0.2588190451025248,0.9659258262890672,19,0.3054079031060278,0.9522216195405244,-0.00128,-0.000996,-0.000552,-0.00057,-0.00138,
2023-01-19 01:15:00,2023-01-19,1,0.3214394653031541,0.9469301294951082,19,0.3055785321209048,0.9521668765016104,-0.00135,-0.00122,-0.0014,-0.00099,-0.0011799999999999,
2023-01-19 01:30:00,2023-01-19,1,0.3826834323650844,0.923879532511289,19,0.3057491513233309,0.952112102887608,-0.00108,-0.000926,-0.000955,-0.000898,-0.00174,
2023-01-19 01:45:00,2023-01-19,1,0.442288690218998,0.8968727415326899,19,0.3059197607078274,0.9520572987002756,-0.00111,-0.00101,-0.00134,-0.00114,-0.0021,
2023-01-19 02:00:00,2023-01-19,2,0.4999999999999864,0.8660254037844465,19,0.3060903602689157,0.9520024639413732,-0.00135,-0.00109,-0.00112,-0.00078,-0.00123,
2023-01-19 02:15:00,2023-01-19,2,0.5555702330196027,0.8314696123025449,19,0.3062609500011178,0.9519475986126614,-0.00153,-0.00128,-0.0012,-0.00103,-0.00158,
2023-01-19 02:30:00,2023-01-19,2,0.6087614290087229,0.7933533402912335,19,0.3064315298989559,0.9518927027159024,-0.00217,-0.00186,-0.00189,-0.00163,-0.00237,
2023-01-19 02:45:00,2023-01-19,2,0.659345815100062,0.7518398074789835,19,0.3066020999569523,0.9518377762528588,-0.00177,-0.00139,-0.00103,-0.00083,-0.00135,
2023-01-19 03:00:00,2023-01-19,3,0.7071067811865425,0.7071067811865526,19,0.3067726601696301,0.951782819225294,-0.00135,-0.00109,-0.00104,-0.000818,-0.0013,
2023-01-19 03:15:00,2023-01-19,3,0.7518398074789835,0.659345815100062,19,0.3069432105315122,0.9517278316349732,-0.00218,-0.00181,-0.00159,-0.00128,-0.00213,
2023-01-19 03:30:00,2023-01-19,3,0.7933533402912335,0.6087614290087229,19,0.3071137510371222,0.9516728134836618,-0.0025499999999999,-0.00207,-0.0015,-0.00125,-0.00202,
2023-01-19 03:45:00,2023-01-19,3,0.8314696123025449,0.5555702330196027,19,0.3072842816809837,0.9516177647731268,-0.00309,-0.00265,-0.00202,-0.00183,-0.0028,
2023-01-19 04:00:00,2023-01-19,4,0.8660254037844323,0.500000000000011,19,0.307454802457621,0.9515626855051356,-0.00248,-0.00209,-0.0017,-0.00146,-0.00226,
2023-01-19 04:15:00,2023-01-19,4,0.8968727415326836,0.4422886902190108,19,0.3076253133615583,0.9515075756814568,-0.00269,-0.00225,-0.00179,-0.00151,-0.00227,
2023-01-19 04:30:00,2023-01-19,4,0.923879532511289,0.3826834323650844,19,0.3077958143873204,0.95145243530386,-0.00271,-0.0023,-0.00174,-0.00154,-0.00224,
2023-01-19 04:45:00,2023-01-19,4,0.9469301294951036,0.3214394653031675,19,0.3079663055294324,0.9513972643741164,-0.00254,-0.00215,-0.00165,-0.00154,-0.00228,
2023-01-19 05:00:00,2023-01-19,5,0.9659258262890672,0.2588190451025248,19,0.3081367867824194,0.951342062893997,-0.00171,-0.00149,-0.0014399999999999,-0.00127,-0.0019399999999999,
2023-01-19 05:15:00,2023-01-19,5,0.98078528040323,0.1950903220161302,19,0.3083072581408074,0.9512868308652744,-0.00224,-0.0019,-0.00139,-0.0013,-0.0019199999999999,
2023-01-19 05:30:00,2023-01-19,5,0.9914448613738086,0.1305261922200655,19,0.3084777195991222,0.9512315682897228,-0.0022,-0.00189,-0.00141,-0.00133,-0.00213,
2023-01-19 05:45:00,2023-01-19,5,0.9978589232386036,0.0654031292301408,19,0.3086481711518901,0.9511762751691158,-0.00134,-0.00106,-0.000789,-0.000665,-0.00115,
2023-01-19 06:00:00,2023-01-19,6,1.0,-4.411823380113413e-15,19,0.3088186127936377,0.9511209515052296,-0.00117,-0.001,-0.000758,-0.000646,-0.00124,
2023-01-19 06:15:00,2023-01-19,6,0.997858923238604,-0.0654031292301354,19,0.308989044518892,0.9510655972998404,-0.000993,-0.000826,-0.000496,-0.000478,-0.000985,
2023-01-19 06:30:00,2023-01-19,6,0.9914448613738112,-0.1305261922200461,19,0.3091594663221802,0.9510102125547256,-0.000935,-0.000773,-0.000362,-0.000367,-0.000994,
2023-01-19 06:45:00,2023-01-19,6,0.980785280403234,-0.195090322016111,19,0.3093298781980299,0.9509547972716642,0.00171,0.00189,0.00245,0.00234,0.00199,
2023-01-19 07:00:00,2023-01-19,7,0.9659258262890686,-0.2588190451025196,19,0.3095002801409691,0.9508993514524352,0.00617,0.00629,0.00658,0.00599,0.0060599999999999,
2023-01-19 07:15:00,2023-01-19,7,0.9469301294951054,-0.3214394653031625,19,0.3096706721455258,0.9508438750988188,0.0134,0.0134,0.0116999999999999,0.0106,0.0116999999999999,
2023-01-19 07:30:00,2023-01-19,7,0.9238795325112912,-0.3826834323650794,19,0.3098410542062287,0.9507883682125968,0.0343,0.0338,0.0249,0.0221,0.027,
2023-01-19 07:45:00,2023-01-19,7,0.8968727415326923,-0.4422886902189932,19,0.3100114263176066,0.9507328307955516,0.0447,0.044,0.0394,0.0368999999999999,0.04,
2023-01-19 08:00:00,2023-01-19,8,0.8660254037844349,-0.5000000000000063,19,0.3101817884741887,0.9506772628494664,0.075,0.0736,0.0613999999999999,0.0549,0.0647,
2023-01-19 08:15:00,2023-01-19,8,0.8314696123025479,-0.5555702330195983,19,0.3103521406705044,0.9506216643761256,0.149,0.172,0.218,0.204,0.205,
2023-01-19 08:30:00,2023-01-19,8,0.7933533402912367,-0.6087614290087185,19,0.3105224829010836,0.9505660353773148,0.194,0.355,0.679,0.662,0.625,
2023-01-19 08:45:00,2023-01-19,8,0.7518398074789777,-0.6593458151000685,19,0.3106928151604565,0.9505103758548196,0.111,0.117,0.143,0.134,0.141,
2023-01-19 09:00:00,2023-01-19,9,0.7071067811865563,-0.7071067811865387,19,0.3108631374431533,0.950454685810428,0.137,0.171,0.252,0.244,0.241,
2023-01-19 09:15:00,2023-01-19,9,0.659345815100066,-0.7518398074789799,19,0.311033449743705,0.9503989652459276,0.117,0.135,0.198,0.194,0.189,
2023-01-19 09:30:00,2023-01-19,9,0.6087614290087271,-0.7933533402912302,19,0.3112037520566426,0.9503432141631084,0.192,0.25,0.358,0.345,0.344,
2023-01-19 09:45:00,2023-01-19,9,0.5555702330196073,-0.8314696123025419,19,0.3113740443764975,0.95028743256376,0.174,0.381,0.693,0.69,0.658,
2023-01-19 10:00:00,2023-01-19,10,0.5000000000000034,-0.8660254037844367,19,0.3115443266978015,0.950231620449674,0.199,0.332,0.54,0.531,0.484,
2023-01-19 10:15:00,2023-01-19,10,0.4422886902190156,-0.8968727415326813,19,0.3117145990150866,0.9501757778226424,0.247,0.364,0.56,0.552,0.522,
2023-01-19 10:30:00,2023-01-19,10,0.3826834323650894,-0.9238795325112868,19,0.3118848613228852,0.9501199046844586,0.23,0.229,0.232,0.213,0.237,
2023-01-19 10:45:00,2023-01-19,10,0.3214394653031592,-0.9469301294951064,19,0.31205511361573,0.9500640010369164,0.175,0.173,0.193,0.183,0.192,
2023-01-19 11:00:00,2023-01-19,11,0.25881904510253,-0.9659258262890658,19,0.3122253558881539,0.950008066881811,0.28,0.51,0.861,0.864,0.807,
2023-01-19 11:15:00,2023-01-19,11,0.1950903220161355,-0.980785280403229,19,0.3123955881346905,0.9499521022209388,0.163,0.561,1.08,1.11,0.994,
2023-01-19 11:30:00,2023-01-19,11,0.1305261922200427,-0.9914448613738116,19,0.3125658103498732,0.9498961070560964,0.204,0.285,0.451,0.457,0.421,
2023-01-19 11:45:00,2023-01-19,11,0.0654031292301461,-0.9978589232386031,19,0.312736022528236,0.9498400813890824,0.216,0.358,0.575,0.578,0.572,
2023-01-19 12:00:00,2023-01-19,12,9.78479478044706e-16,-1.0,19,0.3129062246643135,0.9497840252216956,0.189,0.308,0.477,0.484,0.48,
2023-01-19 12:15:00,2023-01-19,12,-0.06540312923013,-0.9978589232386044,19,0.31307641675264,0.9497279385557356,0.221,0.332,0.487,0.49,0.47,
2023-01-19 12:30:00,2023-01-19,12,-0.1305261922200407,-0.9914448613738118,19,0.3132465987877506,0.9496718213930042,0.152,0.337,0.595,0.621,0.526,
2023-01-19 12:45:00,2023-01-19,12,-0.1950903220161336,-0.9807852804032294,19,0.3134167707641805,0.9496156737353028,0.228,0.314,0.485,0.499,0.456,
2023-01-19 13:00:00,2023-01-19,13,-0.2588190451025143,-0.96592582628907,19,0.3135869326764654,0.9495594955844346,0.149,0.177,0.263,0.267,0.259,
2023-01-19 13:15:00,2023-01-19,13,-0.3214394653031573,-0.9469301294951072,19,0.3137570845191412,0.9495032869422037,0.153,0.386,0.736,0.774,0.699,
2023-01-19 13:30:00,2023-01-19,13,-0.3826834323650876,-0.9238795325112876,19,0.3139272262867441,0.9494470478104144,0.168,0.377,0.685,0.726,0.619,
2023-01-19 13:45:00,2023-01-19,13,-0.4422886902189883,-0.8968727415326947,19,0.3140973579738106,0.9493907781908733,0.14,0.172,0.238,0.242,0.238,
2023-01-19 14:00:00,2023-01-19,14,-0.5000000000000017,-0.8660254037844377,19,0.3142674795748777,0.9493344780853868,0.133,0.235,0.418,0.448,0.385,
2023-01-19 14:15:00,2023-01-19,14,-0.5555702330196056,-0.8314696123025429,19,0.3144375910844827,0.949278147495763,0.0937,0.0939,0.128,0.13,0.124,
2023-01-19 14:30:00,2023-01-19,14,-0.6087614290087143,-0.79335334029124,19,0.3146076924971628,0.9492217864238108,0.114,0.266,0.571,0.636,0.509,
2023-01-19 14:45:00,2023-01-19,14,-0.6593458151000645,-0.7518398074789813,19,0.3147777838074563,0.9491653948713398,0.154,0.155,0.179,0.176,0.178,
2023-01-19 15:00:00,2023-01-19,15,-0.7071067811865349,-0.7071067811865601,19,0.3149478650099011,0.9491089728401608,0.0974,0.0995,0.135,0.138,0.126,
2023-01-19 15:15:00,2023-01-19,15,-0.7518398074789764,-0.6593458151000701,19,0.3151179360990357,0.9490525203320858,0.0336,0.0332999999999999,0.0355,0.0331,0.0347,
2023-01-19 15:30:00,2023-01-19,15,-0.7933533402912355,-0.6087614290087201,19,0.3152879970693992,0.9489960373489272,0.0407999999999999,0.0402,0.0346,0.0326,0.0354,
2023-01-19 15:45:00,2023-01-19,15,-0.8314696123025389,-0.5555702330196117,19,0.3154580479155304,0.9489395238924992,0.0228,0.0226,0.0201,0.0195,0.0197,
2023-01-19 16:00:00,2023-01-19,16,-0.866025403784434,-0.5000000000000081,19,0.3156280886319691,0.948882979964616,0.0097799999999999,0.00965,0.00838,0.00791,0.00784,
2023-01-19 16:15:00,2023-01-19,16,-0.8968727415326915,-0.442288690218995,19,0.3157981192132549,0.9488264055670936,0.00404,0.004,0.00488,0.00484,0.00377,
2023-01-19 16:30:00,2023-01-19,16,-0.9238795325112849,-0.3826834323650944,19,0.3159681396539281,0.9487698007017488,-0.00127,-0.000865,0.000269,0.000485,-0.000788,
2023-01-19 16:45:00,2023-01-19,16,-0.9469301294951048,-0.3214394653031643,19,0.316138149948529,0.9487131653703986,-0.00328,-0.00273,-0.00177,-0.00157,-0.00311,
2023-01-19 17:00:00,2023-01-19,17,-0.965925826289068,-0.2588190451025214,19,0.3163081500915986,0.9486564995748624,-0.00354,-0.00279,-0.00128,-0.0014,-0.00285,
2023-01-19 17:15:00,2023-01-19,17,-0.980785280403228,-0.1950903220161408,19,0.3164781400776778,0.9485998033169591,-0.0023,-0.00158,-0.000455,-0.000677,-0.0019299999999999,
2023-01-19 17:30:00,2023-01-19,17,-0.9914448613738108,-0.130526192220048,19,0.3166481199013081,0.94854307659851,-0.00163,-0.00101,-0.000334,-0.000363,-0.0013,
2023-01-19 17:45:00,2023-01-19,17,-0.9978589232386028,-0.0654031292301515,19,0.3168180895570313,0.948486319421336,-0.00322,-0.00289,-0.00174,-0.00164,-0.00365,
2023-01-19 18:00:00,2023-01-19,18,-1.0,-6.368782336202825e-15,19,0.3169880490393896,0.9484295317872602,-0.00214,-0.00178,-0.000931,-0.000753,-0.00159,
2023-01-19 18:15:00,2023-01-19,18,-0.9978589232386038,0.0654031292301388,19,0.3171579983429252,0.9483727136981056,-0.0025499999999999,-0.00225,-0.00139,-0.00113,-0.00234,
2023-01-19 18:30:00,2023-01-19,18,-0.9914448613738124,0.1305261922200354,19,0.3173279374621811,0.948315865155697,-0.00314,-0.00268,-0.0016699999999999,-0.00133,-0.0025499999999999,
2023-01-19 18:45:00,2023-01-19,18,-0.9807852804032304,0.1950903220161283,19,0.3174978663917001,0.9482589861618598,-0.0030299999999999,-0.00261,-0.00159,-0.00128,-0.00269,
2023-01-19 19:00:00,2023-01-19,19,-0.9659258262890678,0.2588190451025229,19,0.3176677851260258,0.9482020767184204,-0.00312,-0.0027,-0.00151,-0.00123,-0.0027,
2023-01-19 19:15:00,2023-01-19,19,-0.9469301294951088,0.3214394653031522,19,0.3178376936597017,0.9481451368272062,-0.00234,-0.0022299999999999,-0.00185,-0.0016899999999999,-0.0028599999999999,
2023-01-19 19:30:00,2023-01-19,19,-0.9238795325112896,0.3826834323650826,19,0.3180075919872722,0.9480881664900456,-0.00207,-0.00189,-0.00187,-0.00155,-0.0023,
2023-01-19 19:45:00,2023-01-19,19,-0.8968727415326845,0.442288690219009,19,0.3181774801032815,0.9480311657087682,-0.00242,-0.00198,-0.00125,-0.000826,-0.00181,
2023-01-19 20:00:00,2023-01-19,20,-0.8660254037844404,0.499999999999997,19,0.3183473580022743,0.947974134485204,-0.00222,-0.00197,-0.00139,-0.000929,-0.00183,
2023-01-19 20:15:00,2023-01-19,20,-0.8314696123025459,0.5555702330196012,19,0.3185172256787957,0.9479170728211846,-0.0015,-0.00132,-0.000831,-0.000566,-0.00107,
2023-01-19 20:30:00,2023-01-19,20,-0.7933533402912433,0.60876142900871,19,0.3186870831273909,0.9478599807185424,-0.000393,-0.000163,0.0002,0.000248,-0.000656,
2023-01-19 20:45:00,2023-01-19,20,-0.7518398074789848,0.6593458151000604,19,0.3188569303426058,0.9478028581791104,-0.000538,-0.00028,9.65e-05,0.000313,-0.000193,
2023-01-19 21:00:00,2023-01-19,21,-0.7071067811865439,0.7071067811865511,19,0.3190267673189864,0.9477457052047228,-0.000645,-0.000202,0.000124,0.00047,0.000227,
2023-01-19 21:15:00,2023-01-19,21,-0.6593458151000741,0.7518398074789728,19,0.3191965940510789,0.9476885217972152,-0.000538,-0.000266,-0.000393,-0.000111,-0.000214,
2023-01-19 21:30:00,2023-01-19,21,-0.6087614290087244,0.7933533402912323,19,0.3193664105334302,0.9476313079584237,-0.0012,-0.000972,-0.000755,-0.000638,-0.00116,
2023-01-19 21:45:00,2023-01-19,21,-0.5555702330196044,0.8314696123025438,19,0.3195362167605871,0.9475740636901852,-0.00209,-0.00197,-0.0014299999999999,-0.0014399999999999,-0.00273,
2023-01-19 22:00:00,2023-01-19,22,-0.5000000000000128,0.8660254037844313,19,0.3197060127270971,0.9475167889943382,-0.00136,-0.000975,-0.000976,-0.000822,-0.00117,
2023-01-19 22:15:00,2023-01-19,22,-0.4422886902189998,0.896872741532689,19,0.3198757984275078,0.9474594838727218,-0.00134,-0.000989,-0.000838,-0.000646,-0.00108,
2023-01-19 22:30:00,2023-01-19,22,-0.3826834323650863,0.9238795325112882,19,0.3200455738563672,0.947402148327176,-0.00127,-0.00109,-0.000893,-0.000803,-0.00152,
2023-01-19 22:45:00,2023-01-19,22,-0.3214394653031694,0.946930129495103,19,0.3202153390082237,0.9473447823595422,-0.0014199999999999,-0.00123,-0.00092,-0.000784,-0.00153,
2023-01-19 23:00:00,2023-01-19,23,-0.2588190451025267,0.9659258262890666,19,0.3203850938776258,0.9472873859716622,-0.00263,-0.00229,-0.0016899999999999,-0.00158,-0.0028,
2023-01-19 23:15:00,2023-01-19,23,-0.1950903220161461,0.9807852804032268,19,0.3205548384591227,0.9472299591653792,-0.0016899999999999,-0.00145,-0.000814,-0.000986,-0.00149,
2023-01-19 23:30:00,2023-01-19,23,-0.1305261922200534,0.9914448613738102,19,0.3207245727472635,0.947172501942537,-0.00106,-0.000989,-0.000658,-0.000661,-0.00129,
2023-01-19 23:45:00,2023-01-19,23,-0.0654031292301427,0.9978589232386036,19,0.3208942967365982,0.9471150143049808,-0.000782,-0.000599,-0.000269,-0.000367,-0.000536,
2023-01-20 00:00:00,2023-01-20,0,-1.1759085194360944e-14,1.0,20,0.3210640104216763,0.9470574962545568,-0.000935,-0.000805,-0.000472,-0.000394,-0.000874,
2023-01-20 00:15:00,2023-01-20,0,0.0654031292301334,0.997858923238604,20,0.3212337137970485,0.9469999477931116,-0.00127,-0.00107,-0.000665,-0.000493,-0.00111,
2023-01-20 00:30:00,2023-01-20,0,0.1305261922200582,0.9914448613738096,20,0.3214034068572654,0.9469423689224932,-0.00122,-0.00105,-0.000638,-0.000489,-0.00123,
2023-01-20 00:45:00,2023-01-20,0,0.195090322016123,0.9807852804032317,20,0.3215730895968777,0.9468847596445508,-0.000968,-0.000777,-0.000441,-0.000325,-0.000947,
2023-01-20 01:00:00,2023-01-20,1,0.2588190451025177,0.9659258262890692,20,0.321742762010437,0.9468271199611338,-0.00108,-0.000812,-0.000365,-0.000252,-0.000887,
2023-01-20 01:15:00,2023-01-20,1,0.3214394653031606,0.946930129495106,20,0.3219124240924948,0.9467694498740936,-0.00104,-0.000872,-0.000514,-0.000413,-0.00102,
2023-01-20 01:30:00,2023-01-20,1,0.3826834323650777,0.9238795325112916,20,0.3220820758376031,0.9467117493852816,-0.00108,-0.000922,-0.000565,-0.000497,-0.00102,
2023-01-20 01:45:00,2023-01-20,1,0.4422886902190042,0.8968727415326868,20,0.3222517172403142,0.9466540184965512,-0.00116,-0.00103,-0.000658,-0.000677,-0.0012,
2023-01-20 02:00:00,2023-01-20,2,0.4999999999999923,0.866025403784443,20,0.3224213482951808,0.9465962572097556,-0.00112,-0.00095,-0.000562,-0.00057,-0.00115,
2023-01-20 02:15:00,2023-01-20,2,0.5555702330195966,0.8314696123025489,20,0.3225909689967558,0.9465384655267498,-0.000868,-0.00073,-0.000541,-0.000543,-0.000818,
2023-01-20 02:30:00,2023-01-20,2,0.608761429008717,0.7933533402912379,20,0.3227605793395925,0.9464806434493896,-0.000902,-0.000741,-0.000493,-0.000524,-0.000797,
2023-01-20 02:45:00,2023-01-20,2,0.6593458151000564,0.7518398074789884,20,0.3229301793182444,0.9464227909795316,-0.000844,-0.000738,-0.000651,-0.000547,-0.000733,
2023-01-20 03:00:00,2023-01-20,3,0.7071067811865474,0.7071067811865477,20,0.3230997689272658,0.9463649081190338,-0.000802,-0.000631,-0.000334,-0.000229,-0.000544,
2023-01-20 03:15:00,2023-01-20,3,0.7518398074789786,0.6593458151000674,20,0.3232693481612108,0.9463069948697548,-0.000856,-0.000621,-0.000196,-0.000222,-0.000488,
2023-01-20 03:30:00,2023-01-20,3,0.793353340291229,0.6087614290087286,20,0.3234389170146339,0.946249051233554,-0.000583,-0.000539,-0.000651,-0.000321,-0.000561,
2023-01-20 03:45:00,2023-01-20,3,0.8314696123025408,0.555570233019609,20,0.3236084754820902,0.946191077212292,-0.00129,-0.000957,-0.00019,-0.000191,-0.000638,
2023-01-20 04:00:00,2023-01-20,4,0.8660254037844428,0.4999999999999928,20,0.3237780235581352,0.9461330728078304,-0.000831,-0.000691,-0.000134,-0.000256,-0.000844,
2023-01-20 04:15:00,2023-01-20,4,0.8968727415326867,0.4422886902190046,20,0.323947561237324,0.9460750380220324,-0.000339,-0.000532,-0.00115,-0.000688,-0.00112,
2023-01-20 04:30:00,2023-01-20,4,0.9238795325112862,0.3826834323650912,20,0.3241170885142131,0.946016972856761,-0.000294,-0.000206,-0.0003,-0.000187,-0.0006,
2023-01-20 04:45:00,2023-01-20,4,0.9469301294951012,0.3214394653031745,20,0.3242866053833586,0.9459588773138808,-0.00074,-0.000582,-0.000593,-0.000333,-0.000883,
2023-01-20 05:00:00,2023-01-20,5,0.9659258262890652,0.2588190451025319,20,0.3244561118393171,0.9459007513952574,-0.00235,-0.00183,-0.000448,-0.000593,-0.00152,
2023-01-20 05:15:00,2023-01-20,5,0.9807852804032314,0.1950903220161235,20,0.3246256078766456,0.9458425951027573,-0.00159,-0.00125,-0.000248,-0.000482,-0.00157,
2023-01-20 05:30:00,2023-01-20,5,0.9914448613738096,0.1305261922200587,20,0.3247950934899013,0.9457844084382476,-0.00109,-0.00083,-0.000355,-0.000275,-0.00093,
2023-01-20 05:45:00,2023-01-20,5,0.9978589232386031,0.0654031292301481,20,0.324964568673642,0.9457261914035974,-0.00136,-0.00123,-0.000879,-0.000837,-0.00175,
2023-01-20 06:00:00,2023-01-20,6,1.0,2.93853333731706e-15,20,0.3251340334224256,0.9456679440006756,-0.00147,-0.0013,-0.000365,-0.000375,-0.00136,
2023-01-20 06:15:00,2023-01-20,6,0.9978589232386044,-0.065403129230128,20,0.3253034877308104,0.9456096662313528,-0.00287,-0.00247,-0.00145,-0.00134,-0.0028799999999999,
2023-01-20 06:30:00,2023-01-20,6,0.9914448613738104,-0.1305261922200529,20,0.3254729315933551,0.9455513580975002,-0.000467,-0.000528,-0.00029,-0.000394,-0.000703,
2023-01-20 06:45:00,2023-01-20,6,0.9807852804032298,-0.1950903220161317,20,0.3256423650046187,0.9454930196009904,0.000256,0.000305,0.000283,0.000122,0.000103,
2023-01-20 07:00:00,2023-01-20,7,0.9659258262890704,-0.2588190451025124,20,0.3258117879591602,0.9454346507436964,0.0019399999999999,0.00195,0.00165,0.0013,0.00155,
2023-01-20 07:15:00,2023-01-20,7,0.9469301294951076,-0.3214394653031555,20,0.3259812004515397,0.9453762515274928,0.00577,0.00574,0.00478,0.00416,0.00455,
2023-01-20 07:30:00,2023-01-20,7,0.9238795325112938,-0.3826834323650727,20,0.3261506024763169,0.9453178219542544,0.0146,0.0144,0.0114,0.00985,0.0119,
2023-01-20 07:45:00,2023-01-20,7,0.8968727415326893,-0.4422886902189993,20,0.3263199940280522,0.945259362025858,0.0285,0.0281,0.0219,0.0191,0.0237,
2023-01-20 08:00:00,2023-01-20,8,0.8660254037844386,-0.5,20,0.3264893751013063,0.9452008717441804,0.0443,0.0437,0.0334,0.0291,0.036,
2023-01-20 08:15:00,2023-01-20,8,0.8314696123025519,-0.5555702330195922,20,0.3266587456906401,0.9451423511111,0.0795,0.0783,0.0605,0.0526,0.0655999999999999,
2023-01-20 08:30:00,2023-01-20,8,0.7933533402912412,-0.6087614290087128,20,0.326828105790615,0.9450838001284958,0.0897,0.0883,0.0702,0.0617,0.0752999999999999,
2023-01-20 08:45:00,2023-01-20,8,0.7518398074789732,-0.6593458151000737,20,0.3269974553957927,0.945025218798248,0.122,0.12,0.0940999999999999,0.0829,0.102,
2023-01-20 09:00:00,2023-01-20,9,0.7071067811865515,-0.7071067811865436,20,0.3271667945007351,0.9449666071222378,0.149,0.146,0.128,0.114,0.135,
2023-01-20 09:15:00,2023-01-20,9,0.6593458151000715,-0.751839807478975,20,0.3273361231000046,0.9449079651023472,0.124,0.122,0.109,0.0985,0.114,
2023-01-20 09:30:00,2023-01-20,9,0.6087614290087217,-0.7933533402912344,20,0.3275054411881639,0.9448492927404591,0.134,0.132,0.12,0.109,0.126,
2023-01-20 09:45:00,2023-01-20,9,0.5555702330196134,-0.8314696123025378,20,0.327674748759776,0.944790590038458,0.155,0.153,0.134,0.122,0.141,
2023-01-20 10:00:00,2023-01-20,10,0.4999999999999974,-0.8660254037844402,20,0.3278440458094042,0.9447318569982284,0.197,0.195,0.185,0.169,0.192,
2023-01-20 10:15:00,2023-01-20,10,0.4422886902190094,-0.8968727415326843,20,0.3280133323316122,0.9446730936216566,0.213,0.212,0.199,0.182,0.207,
2023-01-20 10:30:00,2023-01-20,10,0.3826834323650962,-0.923879532511284,20,0.3281826083209642,0.9446142999106296,0.247,0.257,0.268,0.249,0.272,
2023-01-20 10:45:00,2023-01-20,10,0.3214394653031661,-0.946930129495104,20,0.3283518737720243,0.9445554758670348,0.248,0.248,0.261,0.244,0.264,
2023-01-20 11:00:00,2023-01-20,11,0.2588190451025371,-0.965925826289064,20,0.3285211286793574,0.9444966214927616,0.269,0.274,0.31,0.294,0.31,
2023-01-20 11:15:00,2023-01-20,11,0.1950903220161288,-0.9807852804032304,20,0.3286903730375284,0.9444377367897,0.212,0.209,0.214,0.2,0.218,
2023-01-20 11:30:00,2023-01-20,11,0.13052619222005,-0.9914448613738106,20,0.328859606841103,0.9443788217597402,0.2,0.198,0.22,0.209,0.221,
2023-01-20 11:45:00,2023-01-20,11,0.0654031292301535,-0.9978589232386028,20,0.3290288300846465,0.9443198764047748,0.16,0.159,0.225,0.222,0.215,
2023-01-20 12:00:00,2023-01-20,12,8.328836195475178e-15,-1.0,20,0.3291980427627252,0.944260900726696,0.299,0.325,0.462,0.458,0.446,
2023-01-20 12:15:00,2023-01-20,12,-0.065403129230151,-0.997858923238603,20,0.3293672448699055,0.9442018947273976,0.195,0.192,0.191,0.178,0.196,
2023-01-20 12:30:00,2023-01-20,12,-0.1305261922200475,-0.9914448613738108,20,0.329536436400754,0.9441428584087748,0.203,0.201,0.21,0.199,0.213,
2023-01-20 12:45:00,2023-01-20,12,-0.1950903220161264,-0.9807852804032308,20,0.329705617349838,0.944083791772723,0.185,0.233,0.348,0.354,0.333,
2023-01-20 13:00:00,2023-01-20,13,-0.2588190451025072,-0.965925826289072,20,0.3298747877117248,0.9440246948211388,0.162,0.466,0.91,0.961,0.838,
2023-01-20 13:15:00,2023-01-20,13,-0.3214394653031504,-0.9469301294951096,20,0.3300439474809821,0.9439655675559204,0.0858,0.447,0.957,1.02,0.866,
2023-01-20 13:30:00,2023-01-20,13,-0.3826834323650939,-0.9238795325112852,20,0.3302130966521781,0.9439064099789656,0.0722,0.411,0.891,0.963,0.806,
2023-01-20 13:45:00,2023-01-20,13,-0.4422886902189945,-0.8968727415326916,20,0.3303822352198811,0.9438472220921748,0.06,0.374,0.837,0.913,0.752,
2023-01-20 14:00:00,2023-01-20,14,-0.4999999999999953,-0.8660254037844414,20,0.3305513631786601,0.943788003897448,0.0556,0.338,0.78,0.862,0.698,
2023-01-20 14:15:00,2023-01-20,14,-0.5555702330195995,-0.831469612302547,20,0.330720480523084,0.9437287553966872,0.054,0.301,0.72,0.805,0.638,
2023-01-20 14:30:00,2023-01-20,14,-0.6087614290087084,-0.7933533402912445,20,0.3308895872477224,0.9436694765917948,0.0512,0.262,0.651,0.733,0.571,
2023-01-20 14:45:00,2023-01-20,14,-0.6593458151000696,-0.7518398074789767,20,0.3310586833471452,0.943610167484674,0.0725,0.132,0.273,0.304,0.241,
2023-01-20 15:00:00,2023-01-20,15,-0.7071067811865498,-0.7071067811865452,20,0.3312277688159223,0.9435508280772296,0.0994,0.137,0.263,0.291,0.234,
2023-01-20 15:15:00,2023-01-20,15,-0.7518398074789715,-0.6593458151000755,20,0.3313968436486243,0.9434914583713672,0.0595,0.0684,0.118,0.128,0.105,
2023-01-20 15:30:00,2023-01-20,15,-0.7933533402912311,-0.608761429008726,20,0.331565907839822,0.9434320583689928,0.0415,0.0418,0.0631,0.0663,0.0573,
2023-01-20 15:45:00,2023-01-20,15,-0.8314696123025348,-0.5555702330196178,20,0.3317349613840867,0.943372628072014,0.034,0.065,0.193,0.235,0.159,
2023-01-20 16:00:00,2023-01-20,16,-0.8660254037844374,-0.5000000000000021,20,0.3319040042759897,0.9433131674823392,0.0268,0.0448999999999999,0.148,0.186,0.128,
2023-01-20 16:15:00,2023-01-20,16,-0.8968727415326881,-0.4422886902190016,20,0.332073036510103,0.9432536766018778,0.0221,0.0217,0.0206,0.0195,0.0203999999999999,
2023-01-20 16:30:00,2023-01-20,16,-0.923879532511282,-0.3826834323651012,20,0.3322420580809988,0.94319415543254,0.000529,0.000748,0.00185,0.0019199999999999,0.00105,
2023-01-20 16:45:00,2023-01-20,16,-0.9469301294951024,-0.3214394653031712,20,0.3324110689832496,0.9431346039762368,-0.00224,-0.00185,-0.00101,-0.000971,-0.00185,
2023-01-20 17:00:00,2023-01-20,17,-0.96592582628907,-0.2588190451025148,20,0.3325800692114283,0.9430750222348812,-0.0026,-0.00212,-0.00134,-0.00131,-0.0020499999999999,
2023-01-20 17:15:00,2023-01-20,17,-0.9807852804032292,-0.1950903220161341,20,0.3327490587601079,0.9430154102103858,-0.00252,-0.00209,-0.00141,-0.0013,-0.0020299999999999,
2023-01-20 17:30:00,2023-01-20,17,-0.99144486137381,-0.1305261922200553,20,0.3329180376238624,0.9429557679046652,-0.00261,-0.00211,-0.00138,-0.00131,-0.00198,
2023-01-20 17:45:00,2023-01-20,17,-0.9978589232386034,-0.0654031292301447,20,0.3330870057972654,0.942896095319634,-0.00281,-0.00229,-0.0016899999999999,-0.00152,-0.0023,
2023-01-20 18:00:00,2023-01-20,18,-1.0,-1.3719139053633295e-14,20,0.3332559632748912,0.9428363924572092,-0.00275,-0.00219,-0.0015,-0.00133,-0.00198,
2023-01-20 18:15:00,2023-01-20,18,-0.9978589232386034,0.0654031292301457,20,0.3334249100513145,0.9427766593193072,-0.00262,-0.00211,-0.0014199999999999,-0.00127,-0.00196,
2023-01-20 18:30:00,2023-01-20,18,-0.9914448613738116,0.1305261922200422,20,0.3335938461211101,0.9427168959078464,-0.00278,-0.00227,-0.0016799999999999,-0.0014199999999999,-0.0022299999999999,
2023-01-20 18:45:00,2023-01-20,18,-0.980785280403232,0.1950903220161211,20,0.3337627714788533,0.9426571022247456,-0.00308,-0.0026,-0.00175,-0.00162,-0.00271,
2023-01-20 19:00:00,2023-01-20,19,-0.9659258262890696,0.2588190451025158,20,0.3339316861191199,0.9425972782719254,-0.00265,-0.00215,-0.00171,-0.00141,-0.0022299999999999,
2023-01-20 19:15:00,2023-01-20,19,-0.9469301294951112,0.3214394653031452,20,0.3341005900364857,0.9425374240513064,-0.00282,-0.0023,-0.00154,-0.00138,-0.0022299999999999,
2023-01-20 19:30:00,2023-01-20,19,-0.9238795325112872,0.382683432365089,20,0.3342694832255271,0.9424775395648106,-0.0028599999999999,-0.0023599999999999,-0.00176,-0.00148,-0.00234,
2023-01-20 19:45:00,2023-01-20,19,-0.8968727415326877,0.4422886902190024,20,0.3344383656808206,0.942417624814361,-0.0030499999999999,-0.00239,-0.00172,-0.0015,-0.00241,
2023-01-20 20:00:00,2023-01-20,20,-0.866025403784444,0.4999999999999907,20,0.3346072373969434,0.9423576798018816,-0.00309,-0.0025099999999999,-0.00183,-0.00165,-0.00265,
2023-01-20 20:15:00,2023-01-20,20,-0.83146961230255,0.5555702330195951,20,0.3347760983684728,0.9422977045292972,-0.00348,-0.0025,-0.000993,-0.00126,-0.0025499999999999,
2023-01-20 20:30:00,2023-01-20,20,-0.7933533402912305,0.6087614290087268,20,0.3349449485899865,0.9422376989985336,-0.0027,-0.00207,-0.00116,-0.00123,-0.00246,
2023-01-20 20:45:00,2023-01-20,20,-0.7518398074789803,0.6593458151000656,20,0.3351137880560624,0.942177663211518,-0.00185,-0.00134,-0.000789,-0.00083,-0.00172,
2023-01-20 21:00:00,2023-01-20,21,-0.7071067811865491,0.707106781186546,20,0.3352826167612792,0.9421175971701776,-0.00227,-0.00163,-0.000703,-0.000799,-0.00174,
2023-01-20 21:15:00,2023-01-20,21,-0.6593458151000796,0.751839807478968,20,0.3354514347002152,0.9420575008764418,-0.00163,-0.00116,-0.00148,-0.00101,-0.00179,
2023-01-20 21:30:00,2023-01-20,21,-0.6087614290087303,0.7933533402912278,20,0.3356202418674499,0.94199737433224,-0.0033599999999999,-0.00226,-0.00137,-0.00104,-0.0025499999999999,
2023-01-20 21:45:00,2023-01-20,21,-0.5555702330195987,0.8314696123025476,20,0.3357890382575624,0.9419372175395032,-0.00145,-0.00156,-0.00107,-0.00254,-0.00375,
2023-01-20 22:00:00,2023-01-20,22,-0.5000000000000068,0.8660254037844347,20,0.3359578238651326,0.9418770305001628,-0.0020499999999999,-0.00145,-0.000917,-0.000413,-0.00159,
2023-01-20 22:15:00,2023-01-20,22,-0.4422886902190064,0.8968727415326858,20,0.3361265986847407,0.9418168132161516,-0.000496,-0.000638,-2.76e-05,0.00013,-0.000728,
2023-01-20 22:30:00,2023-01-20,22,-0.382683432365093,0.9238795325112854,20,0.3362953627109671,0.9417565656894032,-0.000397,-0.000149,-6.55e-05,0.000203,-0.00069,
2023-01-20 22:45:00,2023-01-20,22,-0.3214394653031763,0.9469301294951008,20,0.3364641159383925,0.9416962879218522,-0.000331,-0.000337,-0.000217,-0.000122,-0.00063,
2023-01-20 23:00:00,2023-01-20,23,-0.2588190451025201,0.9659258262890684,20,0.3366328583615982,0.9416359799154342,-0.00114,-0.000982,-0.000679,-0.000474,-0.00121,
2023-01-20 23:15:00,2023-01-20,23,-0.1950903220161254,0.980785280403231,20,0.3368015899751655,0.941575641672086,-0.0016799999999999,-0.00148,-0.000924,-0.000795,-0.00174,
2023-01-20 23:30:00,2023-01-20,23,-0.1305261922200607,0.9914448613738092,20,0.3369703107736765,0.9415152731937448,-0.00272,-0.0025099999999999,-0.00158,-0.00148,-0.00292,
2023-01-20 23:45:00,2023-01-20,23,-0.0654031292301501,0.997858923238603,20,0.3371390207517133,0.9414548744823492,-0.00309,-0.00283,-0.0019399999999999,-0.0018,-0.00337,
2023-01-21 00:00:00,2023-01-21,0,-1.9109441911791416e-14,1.0,21,0.3373077199038584,0.9413944455398386,-0.00325,-0.00272,-0.0019,-0.00197,-0.00357,
2023-01-21 00:15:00,2023-01-21,0,0.0654031292301403,0.9978589232386036,21,0.3374764082246948,0.9413339863681536,-0.0020499999999999,-0.0015,-0.00115,-0.00112,-0.00257,
2023-01-21 00:30:00,2023-01-21,0,0.130526192220051,0.9914448613738104,21,0.3376450857088056,0.9412734969692356,-0.00233,-0.00186,-0.00107,-0.000967,-0.00231,
2023-01-21 00:45:00,2023-01-21,0,0.1950903220161158,0.9807852804032328,21,0.3378137523507744,0.9412129773450266,-0.00214,-0.00172,-0.00109,-0.000841,-0.0019399999999999,
2023-01-21 01:00:00,2023-01-21,1,0.2588190451025106,0.965925826289071,21,0.3379824081451852,0.9411524274974704,-0.00216,-0.00161,-0.00122,-0.000799,-0.00158,
2023-01-21 01:15:00,2023-01-21,1,0.3214394653031671,0.9469301294951038,21,0.3381510530866224,0.9410918474285112,-0.00204,-0.00149,-0.00116,-0.00116,-0.00138,
2023-01-21 01:30:00,2023-01-21,1,0.382683432365084,0.9238795325112892,21,0.3383196871696703,0.9410312371400944,-0.00178,-0.00125,-0.00104,-0.000898,-0.00153,
2023-01-21 01:45:00,2023-01-21,1,0.4422886902189976,0.8968727415326901,21,0.3384883103889142,0.9409705966341658,-0.00171,-0.0012,-0.000865,-0.000852,-0.00141,
2023-01-21 02:00:00,2023-01-21,2,0.4999999999999983,0.8660254037844396,21,0.3386569227389393,0.9409099259126732,-0.00175,-0.00126,-0.000876,-0.00081,-0.00141,
2023-01-21 02:15:00,2023-01-21,2,0.5555702330195905,0.831469612302553,21,0.3388255242143312,0.9408492249775644,-0.00161,-0.00116,-0.000686,-0.00073,-0.00151,
2023-01-21 02:30:00,2023-01-21,2,0.6087614290087224,0.7933533402912337,21,0.3389941148096762,0.9407884938307888,-0.00204,-0.00163,-0.000982,-0.000975,-0.00185,
2023-01-21 02:45:00,2023-01-21,2,0.6593458151000723,0.7518398074789745,21,0.3391626945195603,0.9407277324742964,-0.00243,-0.00198,-0.00135,-0.0013,-0.00242,
2023-01-21 03:00:00,2023-01-21,3,0.7071067811865421,0.7071067811865529,21,0.3393312633385705,0.9406669409100384,-0.00279,-0.00247,-0.0019199999999999,-0.00186,-0.0031,
2023-01-21 03:15:00,2023-01-21,3,0.7518398074789738,0.659345815100073,21,0.3394998212612937,0.940606119139967,-0.00356,-0.00321,-0.00216,-0.00222,-0.00347,
2023-01-21 03:30:00,2023-01-21,3,0.7933533402912245,0.6087614290087345,21,0.3396683682823175,0.9405452671660348,-0.00299,-0.00271,-0.00182,-0.00188,-0.00313,
2023-01-21 03:45:00,2023-01-21,3,0.8314696123025446,0.5555702330196032,21,0.3398369043962296,0.9404843849901964,-0.00219,-0.00221,-0.00159,-0.00165,-0.00306,
2023-01-21 04:00:00,2023-01-21,4,0.8660254037844392,0.4999999999999991,21,0.3400054295976182,0.9404234726144064,-0.00344,-0.00315,-0.00242,-0.0023599999999999,-0.00383,
2023-01-21 04:15:00,2023-01-21,4,0.8968727415326834,0.4422886902190112,21,0.3401739438810716,0.9403625300406208,-0.00221,-0.00176,-0.0016699999999999,-0.00138,-0.00159,
2023-01-21 04:30:00,2023-01-21,4,0.9238795325112832,0.382683432365098,21,0.3403424472411787,0.9403015572707968,-0.00292,-0.00239,-0.00173,-0.00163,-0.00241,
2023-01-21 04:45:00,2023-01-21,4,0.946930129495108,0.3214394653031545,21,0.3405109396725288,0.940240554306892,-0.00319,-0.00268,-0.0018,-0.0017,-0.00291,
2023-01-21 05:00:00,2023-01-21,5,0.9659258262890672,0.2588190451025252,21,0.3406794211697113,0.9401795211508652,-0.00361,-0.00291,-0.00224,-0.00226,-0.00293,
2023-01-21 05:15:00,2023-01-21,5,0.98078528040323,0.1950903220161307,21,0.3408478917273161,0.9401184578046768,-0.00335,-0.00283,-0.00246,-0.00239,-0.00332,
2023-01-21 05:30:00,2023-01-21,5,0.9914448613738104,0.1305261922200519,21,0.3410163513399335,0.940057364270287,-0.00302,-0.00245,-0.00178,-0.00166,-0.0028399999999999,
2023-01-21 05:45:00,2023-01-21,5,0.9978589232386028,0.0654031292301554,21,0.3411848000021539,0.9399962405496578,-0.00374,-0.00261,-0.00152,-0.00162,-0.00218,
2023-01-21 06:00:00,2023-01-21,6,1.0,-3.921964660454472e-15,21,0.3413532377085685,0.939935086644752,-0.00325,-0.0025,-0.00172,-0.00174,-0.00302,
2023-01-21 06:15:00,2023-01-21,6,0.997858923238604,-0.0654031292301349,21,0.3415216644537683,0.9398739025575332,-0.00365,-0.00267,-0.00132,-0.00128,-0.00244,
2023-01-21 06:30:00,2023-01-21,6,0.9914448613738112,-0.1305261922200456,21,0.3416900802323452,0.9398126882899664,-0.00273,-0.0019399999999999,-0.00021,-0.000203,-0.0013,
2023-01-21 06:45:00,2023-01-21,6,0.9807852804032312,-0.1950903220161244,21,0.3418584850388912,0.9397514438440168,0.000914,0.00174,0.00373,0.00343,0.00276,
2023-01-21 07:00:00,2023-01-21,7,0.9659258262890724,-0.2588190451025053,21,0.3420268788679983,0.9396901692216512,0.0114,0.0118,0.0155,0.0147,0.0141999999999999,
2023-01-21 07:15:00,2023-01-21,7,0.9469301294951056,-0.321439465303162,21,0.3421952617142596,0.9396288644248374,0.0231,0.0424,0.139,0.136,0.118,
2023-01-21 07:30:00,2023-01-21,7,0.9238795325112856,-0.3826834323650921,21,0.3423636335722679,0.9395675294555436,0.0322,0.0356,0.0645,0.0627,0.0584,
2023-01-21 07:45:00,2023-01-21,7,0.8968727415326925,-0.4422886902189927,21,0.3425319944366166,0.9395061643157396,0.0443,0.086,0.218,0.213,0.191,
2023-01-21 08:00:00,2023-01-21,8,0.8660254037844424,-0.4999999999999936,21,0.3427003443018996,0.939444769007396,0.0532,0.0605,0.0917,0.0876,0.0871,
2023-01-21 08:15:00,2023-01-21,8,0.8314696123025402,-0.5555702330196097,21,0.3428686831627109,0.939383343532484,0.0512,0.0523,0.0713,0.0687,0.0674,
2023-01-21 08:30:00,2023-01-21,8,0.793353340291237,-0.6087614290087182,21,0.343037011013645,0.939321887892976,0.0593,0.229,0.552,0.548,0.495,
2023-01-21 08:45:00,2023-01-21,8,0.751839807478978,-0.6593458151000682,21,0.3432053278492967,0.9392604020908456,0.056,0.277,0.674,0.672,0.602,
2023-01-21 09:00:00,2023-01-21,9,0.7071067811865567,-0.7071067811865384,21,0.3433736336642611,0.939198886128067,0.0538999999999999,0.311,0.735,0.733,0.657,
2023-01-21 09:15:00,2023-01-21,9,0.6593458151000663,-0.7518398074789796,21,0.3435419284531339,0.9391373400066158,0.0535,0.342,0.791,0.792,0.707,
2023-01-21 09:30:00,2023-01-21,9,0.6087614290087275,-0.7933533402912298,21,0.3437102122105109,0.939075763728468,0.0556,0.374,0.839,0.845,0.754,
2023-01-21 09:45:00,2023-01-21,9,0.5555702330196195,-0.8314696123025337,21,0.3438784849309882,0.9390141572956012,0.0569,0.403,0.881,0.89,0.793,
2023-01-21 10:00:00,2023-01-21,10,0.5000000000000038,-0.8660254037844365,21,0.3440467466091625,0.9389525207099936,0.0574,0.427,0.913,0.924,0.823,
2023-01-21 10:15:00,2023-01-21,10,0.4422886902189906,-0.8968727415326936,21,0.3442149972396308,0.938890853973624,0.0581,0.446,0.939,0.952,0.848,
2023-01-21 10:30:00,2023-01-21,10,0.3826834323650899,-0.9238795325112868,21,0.3443832368169902,0.938829157088473,0.0598,0.465,0.966,0.982,0.873,
2023-01-21 10:45:00,2023-01-21,10,0.3214394653031731,-0.9469301294951016,21,0.3445514653358386,0.9387674300565216,0.062,0.481,0.987,1.01,0.893,
2023-01-21 11:00:00,2023-01-21,11,0.2588190451025167,-0.9659258262890692,21,0.3447196827907738,0.9387056728797522,0.069,0.496,0.996,1.02,0.906,
2023-01-21 11:15:00,2023-01-21,11,0.195090322016136,-0.9807852804032288,21,0.3448878891763942,0.9386438855601474,0.0777,0.511,1.01,1.04,0.923,
2023-01-21 11:30:00,2023-01-21,11,0.1305261922200432,-0.9914448613738116,21,0.3450560844872986,0.9385820680996916,0.102,0.539,1.02,1.05,0.945,
2023-01-21 11:45:00,2023-01-21,11,0.0654031292301466,-0.9978589232386031,21,0.345224268718086,0.9385202205003698,0.151,0.586,1.06,1.08,0.982,
2023-01-21 12:00:00,2023-01-21,12,1.567919291290565e-14,-1.0,21,0.3453924418633558,0.9384583427641678,0.189,0.615,1.06,1.08,0.993,
2023-01-21 12:15:00,2023-01-21,12,-0.0654031292301437,-0.9978589232386036,21,0.3455606039177079,0.9383964348930728,0.223,0.642,1.06,1.09,0.998,
2023-01-21 12:30:00,2023-01-21,12,-0.1305261922200403,-0.991444861373812,21,0.3457287548757422,0.9383344968890726,0.265,0.664,1.08,1.1,1.02,
2023-01-21 12:45:00,2023-01-21,12,-0.1950903220161331,-0.9807852804032294,21,0.3458968947320595,0.938272528754156,0.265,0.646,1.07,1.11,1.01,
2023-01-21 13:00:00,2023-01-21,13,-0.2588190451025139,-0.96592582628907,21,0.3460650234812605,0.938210530490313,0.293,0.573,0.977,1.01,0.914,
2023-01-21 13:15:00,2023-01-21,13,-0.3214394653031434,-0.9469301294951118,21,0.3462331411179463,0.9381485020995344,0.243,0.591,1.08,1.14,1.0,
2023-01-21 13:30:00,2023-01-21,13,-0.3826834323650872,-0.9238795325112878,21,0.3464012476367187,0.938086443583812,0.11,0.109,0.147,0.15,0.138,
2023-01-21 13:45:00,2023-01-21,13,-0.4422886902190134,-0.8968727415326823,21,0.3465693430321795,0.9380243549451388,0.141,0.138,0.133,0.126,0.135,
2023-01-21 14:00:00,2023-01-21,14,-0.5000000000000012,-0.8660254037844379,21,0.3467374272989308,0.937962236185508,0.127,0.126,0.135,0.129,0.136,
2023-01-21 14:15:00,2023-01-21,14,-0.5555702330195934,-0.8314696123025511,21,0.3469055004315756,0.9379000873069148,0.134,0.133,0.165,0.163,0.162,
2023-01-21 14:30:00,2023-01-21,14,-0.6087614290087027,-0.7933533402912489,21,0.3470735624247166,0.9378379083113544,0.156,0.158,0.227,0.232,0.217,
2023-01-21 14:45:00,2023-01-21,14,-0.6593458151000642,-0.7518398074789816,21,0.3472416132729573,0.9377756992008238,0.105,0.279,0.648,0.732,0.587,
2023-01-21 15:00:00,2023-01-21,15,-0.7071067811865547,-0.7071067811865405,21,0.3474096529709014,0.9377134599773204,0.0705,0.21,0.548,0.637,0.487,
2023-01-21 15:15:00,2023-01-21,15,-0.751839807478976,-0.6593458151000704,21,0.3475776815131528,0.9376511906428432,0.0736,0.178,0.46,0.541,0.408,
2023-01-21 15:30:00,2023-01-21,15,-0.7933533402912266,-0.6087614290087319,21,0.3477456988943162,0.937588891199391,0.0596,0.0621,0.0818,0.0839,0.0768,
2023-01-21 15:45:00,2023-01-21,15,-0.8314696123025465,-0.5555702330196003,21,0.3479137051089962,0.937526561648965,0.0445,0.0439,0.0491,0.0482999999999999,0.0471,
2023-01-21 16:00:00,2023-01-21,16,-0.8660254037844337,-0.5000000000000084,21,0.3480817001517979,0.9374642019935662,0.0351,0.0349,0.0373,0.0363,0.0362,
2023-01-21 16:15:00,2023-01-21,16,-0.8968727415326913,-0.4422886902189954,21,0.3482496840173271,0.9374018122351973,0.0129,0.0130999999999999,0.0162,0.0163,0.0148,
2023-01-21 16:30:00,2023-01-21,16,-0.9238795325112846,-0.3826834323650949,21,0.3484176567001892,0.9373393923758614,-0.000252,-7.09e-06,0.000996,0.000898,-6.86e-05,
2023-01-21 16:45:00,2023-01-21,16,-0.9469301294951,-0.3214394653031782,21,0.3485856181949908,0.9372769424175632,-0.00215,-0.00211,-0.0017,-0.00156,-0.00181,
2023-01-21 17:00:00,2023-01-21,17,-0.965925826289068,-0.2588190451025219,21,0.3487535684963383,0.937214462362308,-0.00242,-0.00218,-0.00105,-0.00105,-0.00219,
2023-01-21 17:15:00,2023-01-21,17,-0.980785280403228,-0.1950903220161413,21,0.3489215075988386,0.9371519522121018,-0.00212,-0.00182,-0.000945,-0.000868,-0.00165,
2023-01-21 17:30:00,2023-01-21,17,-0.9914448613738108,-0.1305261922200485,21,0.3490894354970992,0.937089411968952,-0.0018,-0.00153,-0.00111,-0.00081,-0.00151,
2023-01-21 17:45:00,2023-01-21,17,-0.9978589232386028,-0.065403129230152,21,0.3492573521857276,0.9370268416348672,-0.00206,-0.00178,-0.00105,-0.000868,-0.00182,
2023-01-21 18:00:00,2023-01-21,18,-1.0,-2.1069495771063772e-14,21,0.3494252576593318,0.9369642412118564,-0.0022299999999999,-0.0019299999999999,-0.00122,-0.000914,-0.00182,
2023-01-21 18:15:00,2023-01-21,18,-0.9978589232386038,0.0654031292301383,21,0.3495931519125203,0.9369016107019292,-0.00199,-0.0016899999999999,-0.000862,-0.00065,-0.00129,
2023-01-21 18:30:00,2023-01-21,18,-0.9914448613738088,0.1305261922200631,21,0.3497610349399018,0.9368389501070976,-0.0025299999999999,-0.0022,-0.00125,-0.000963,-0.00212,
2023-01-21 18:45:00,2023-01-21,18,-0.9807852804032304,0.1950903220161278,21,0.3499289067360852,0.9367762594293731,-0.00272,-0.00241,-0.00137,-0.00117,-0.00268,
2023-01-21 19:00:00,2023-01-21,19,-0.9659258262890716,0.2588190451025087,21,0.3500967672956803,0.936713538670769,-0.00266,-0.00215,-0.00121,-0.001,-0.00221,
2023-01-21 19:15:00,2023-01-21,19,-0.9469301294951044,0.3214394653031652,21,0.3502646166132966,0.9366507878332994,-0.00314,-0.00259,-0.00125,-0.00122,-0.00311,
2023-01-21 19:30:00,2023-01-21,19,-0.9238795325112898,0.3826834323650822,21,0.3504324546835445,0.936588006918979,-0.00295,-0.00246,-0.00146,-0.00106,-0.00249,
2023-01-21 19:45:00,2023-01-21,19,-0.8968727415326847,0.4422886902190086,21,0.3506002815010344,0.936525195929824,-0.00282,-0.00235,-0.0015,-0.00107,-0.0023799999999999,
2023-01-21 20:00:00,2023-01-21,20,-0.8660254037844406,0.4999999999999966,21,0.3507680970603773,0.9364623548678516,-0.0028,-0.00246,-0.0014,-0.00109,-0.0025,
2023-01-21 20:15:00,2023-01-21,20,-0.8314696123025541,0.555570233019589,21,0.3509359013561844,0.936399483735079,-0.0028,-0.00211,-0.000676,-0.000807,-0.00234,
2023-01-21 20:30:00,2023-01-21,20,-0.7933533402912349,0.6087614290087209,21,0.3511036943830674,0.9363365825335256,-0.0032,-0.00271,-0.0015,-0.0014,-0.0034,
2023-01-21 20:45:00,2023-01-21,20,-0.7518398074789852,0.6593458151000601,21,0.3512714761356382,0.9362736512652108,-0.00267,-0.00227,-0.0011,-0.000982,-0.00231,
2023-01-21 21:00:00,2023-01-21,21,-0.7071067811865442,0.7071067811865508,21,0.3514392466085093,0.936210689932156,-0.00265,-0.00218,-0.000934,-0.000952,-0.00206,
2023-01-21 21:15:00,2023-01-21,21,-0.6593458151000744,0.7518398074789725,21,0.3516070057962932,0.9361476985363824,-0.00199,-0.00111,0.000165,-6.12e-05,-0.00133,
2023-01-21 21:30:00,2023-01-21,21,-0.6087614290087361,0.7933533402912233,21,0.3517747536936031,0.9360846770799128,-0.002,-0.001,0.000103,3.82e-06,-0.00125,
2023-01-21 21:45:00,2023-01-21,21,-0.5555702330196048,0.8314696123025435,21,0.3519424902950524,0.9360216255647712,-0.00233,-0.00151,-0.00031,-0.000378,-0.00222,
2023-01-21 22:00:00,2023-01-21,22,-0.4999999999999885,0.8660254037844453,21,0.352110215595255,0.9359585439929822,-0.00225,-0.00202,-0.00111,-0.00116,-0.00268,
2023-01-21 22:15:00,2023-01-21,22,-0.4422886902190002,0.8968727415326888,21,0.3522779295888249,0.935895432366571,-0.00184,-0.00154,-0.000714,-0.000669,-0.00178,
2023-01-21 22:30:00,2023-01-21,22,-0.3826834323650998,0.9238795325112826,21,0.3524456322703767,0.9358322906875646,-0.00191,-0.00156,-0.000596,-0.000573,-0.0016699999999999,
2023-01-21 22:45:00,2023-01-21,22,-0.3214394653031833,0.9469301294950982,21,0.3526133236345253,0.9357691189579904,-0.00244,-0.00185,-0.001,-0.000933,-0.0025499999999999,
2023-01-21 23:00:00,2023-01-21,23,-0.2588190451025271,0.9659258262890664,21,0.3527810036758859,0.9357059171798768,-0.0021,-0.00174,-0.000782,-0.00073,-0.0019399999999999,
2023-01-21 23:15:00,2023-01-21,23,-0.1950903220161187,0.9807852804032324,21,0.3529486723890743,0.9356426853552536,-0.00214,-0.00182,-0.000962,-0.000925,-0.00198,
2023-01-21 23:30:00,2023-01-21,23,-0.1305261922200539,0.9914448613738102,21,0.3531163297687062,0.9355794234861508,-0.00185,-0.00134,-0.000507,-0.000581,-0.00174,
2023-01-21 23:45:00,2023-01-21,23,-0.0654031292301574,0.9978589232386026,21,0.3532839758093982,0.9355161315746,-0.00148,-0.00112,-0.000352,-0.000279,-0.0013,
2023-01-22 00:00:00,2023-01-22,0,1.9619108011821185e-15,1.0,22,0.3534516105057668,0.935452809622634,-0.0015,-0.0011799999999999,-0.000365,-0.000245,-0.00137,
2023-01-22 00:15:00,2023-01-22,0,0.0654031292301329,0.997858923238604,22,0.3536192338524292,0.9353894576322854,-0.0014,-0.00104,-0.000362,-0.000203,-0.00109,
2023-01-22 00:30:00,2023-01-22,0,0.1305261922200578,0.9914448613738096,22,0.3537868458440028,0.9353260756055888,-0.0019199999999999,-0.0016699999999999,-0.00071,-0.000589,-0.00185,
2023-01-22 00:45:00,2023-01-22,0,0.1950903220161225,0.9807852804032317,22,0.3539544464751054,0.9352626635445798,-0.0023799999999999,-0.0020099999999999,-0.00092,-0.000925,-0.00213,
2023-01-22 01:00:00,2023-01-22,1,0.2588190451025035,0.9659258262890728,22,0.3541220357403552,0.935199221451294,-0.00237,-0.0020299999999999,-0.00101,-0.000956,-0.00216,
2023-01-22 01:15:00,2023-01-22,1,0.3214394653031601,0.946930129495106,22,0.3542896136343706,0.9351357493277692,-0.00237,-0.00197,-0.00091,-0.000894,-0.0020499999999999,
2023-01-22 01:30:00,2023-01-22,1,0.3826834323650772,0.923879532511292,22,0.3544571801517707,0.9350722471760432,-0.0024,-0.00202,-0.000882,-0.00091,-0.0021,
2023-01-22 01:45:00,2023-01-22,1,0.4422886902190037,0.896872741532687,22,0.3546247352871747,0.9350087149981552,-0.00257,-0.0022,-0.00116,-0.00111,-0.00235,
2023-01-22 02:00:00,2023-01-22,2,0.4999999999999919,0.8660254037844433,22,0.3547922790352021,0.9349451527961452,-0.00245,-0.002,-0.0009,-0.00086,-0.00204,
2023-01-22 02:15:00,2023-01-22,2,0.5555702330195844,0.8314696123025571,22,0.3549598113904729,0.9348815605720544,-0.00209,-0.00165,-0.000814,-0.000646,-0.00178,
2023-01-22 02:30:00,2023-01-22,2,0.6087614290087167,0.7933533402912383,22,0.3551273323476077,0.9348179383279248,-0.00158,-0.00111,-0.000558,-0.000172,-0.000848,
2023-01-22 02:45:00,2023-01-22,2,0.6593458151000774,0.75183980747897,22,0.3552948419012269,0.9347542860657992,-0.00157,-0.00122,-0.000634,-0.000157,-0.0011899999999999,
2023-01-22 03:00:00,2023-01-22,3,0.707106781186547,0.707106781186548,22,0.3554623400459519,0.9346906037877218,-0.00135,-0.00105,-0.00062,-6.879999999999999e-05,-0.000878,
2023-01-22 03:15:00,2023-01-22,3,0.751839807478969,0.6593458151000785,22,0.3556298267764039,0.9346268914957374,-0.00159,-0.00137,-0.00061,-0.000466,-0.0014199999999999,
2023-01-22 03:30:00,2023-01-22,3,0.7933533402912373,0.6087614290087178,22,0.3557973020872049,0.934563149191892,-0.0016699999999999,-0.0014299999999999,-0.000827,-0.00044,-0.00139,
2023-01-22 03:45:00,2023-01-22,3,0.8314696123025405,0.5555702330196093,22,0.3559647659729769,0.934499376878232,-0.00217,-0.00188,-0.00108,-0.00078,-0.0020299999999999,
2023-01-22 04:00:00,2023-01-22,4,0.8660254037844426,0.4999999999999932,22,0.3561322184283427,0.9344355745568056,-0.00156,-0.00139,-0.000779,-0.000772,-0.00166,
2023-01-22 04:15:00,2023-01-22,4,0.8968727415326865,0.4422886902190051,22,0.356299659447925,0.9343717422296614,-0.00149,-0.0012,-0.000445,-0.000413,-0.00114,
2023-01-22 04:30:00,2023-01-22,4,0.9238795325112804,0.3826834323651048,22,0.3564670890263473,0.9343078798988492,-0.00133,-0.00106,-0.000496,-0.000306,-0.00115,
2023-01-22 04:45:00,2023-01-22,4,0.9469301294951056,0.3214394653031615,22,0.3566345071582331,0.9342439875664196,-0.00165,-0.00134,-0.000507,-0.00039,-0.00148,
2023-01-22 05:00:00,2023-01-22,5,0.9659258262890652,0.2588190451025323,22,0.3568019138382065,0.9341800652344242,-0.00213,-0.00183,-0.000917,-0.000677,-0.0019299999999999,
2023-01-22 05:15:00,2023-01-22,5,0.9807852804032312,0.195090322016124,22,0.3569693090608918,0.9341161129049158,-0.0025499999999999,-0.0023,-0.0011799999999999,-0.0012,-0.00254,
2023-01-22 05:30:00,2023-01-22,5,0.9914448613738094,0.1305261922200592,22,0.3571366928209139,0.934052130579948,-0.00232,-0.0020099999999999,-0.000979,-0.00101,-0.0022,
2023-01-22 05:45:00,2023-01-22,5,0.9978589232386024,0.0654031292301628,22,0.3573040651128978,0.9339881182615752,-0.00222,-0.00179,-0.000807,-0.00078,-0.00176,
2023-01-22 06:00:00,2023-01-22,6,1.0,3.4283920569760004e-15,22,0.3574714259314691,0.9339240759518528,-0.00239,-0.002,-0.000986,-0.00094,-0.00217,
2023-01-22 06:15:00,2023-01-22,6,0.9978589232386028,-0.0654031292301559,22,0.3576387752712537,0.9338600036528376,-0.00174,-0.0014,-0.000627,-0.000554,-0.00159,
2023-01-22 06:30:00,2023-01-22,6,0.9914448613738104,-0.1305261922200524,22,0.3578061131268776,0.9337959013665866,-0.00109,-0.000688,5.17e-05,0.000153,-0.000728,
2023-01-22 06:45:00,2023-01-22,6,0.9807852804032328,-0.1950903220161172,22,0.3579734394929676,0.9337317690951586,0.00215,0.00275,0.0028799999999999,0.00304,0.00257,
2023-01-22 07:00:00,2023-01-22,7,0.9659258262890744,-0.2588190451024982,22,0.3581407543641507,0.9336676068406128,0.0126,0.013,0.0150999999999999,0.0139,0.0141,
2023-01-22 07:15:00,2023-01-22,7,0.946930129495108,-0.321439465303155,22,0.3583080577350542,0.9336034146050094,0.0378,0.0378999999999999,0.0397999999999999,0.036,0.0395,
2023-01-22 07:30:00,2023-01-22,7,0.9238795325112832,-0.3826834323650985,22,0.3584753496003058,0.9335391923904096,0.0747999999999999,0.0745,0.0777,0.0707,0.0780999999999999,
2023-01-22 07:45:00,2023-01-22,7,0.8968727415326895,-0.4422886902189989,22,0.3586426299545335,0.9334749401988762,0.0991,0.0997,0.115,0.107,0.114,
2023-01-22 08:00:00,2023-01-22,8,0.866025403784446,-0.4999999999999873,22,0.3588098987923659,0.933410658032472,0.139,0.172,0.256,0.244,0.244,
2023-01-22 08:15:00,2023-01-22,8,0.8314696123025443,-0.5555702330196036,22,0.3589771561084317,0.9333463458932608,0.173,0.172,0.188,0.173,0.189,
2023-01-22 08:30:00,2023-01-22,8,0.7933533402912415,-0.6087614290087123,22,0.3591444018973601,0.9332820037833084,0.165,0.251,0.459,0.449,0.422,
2023-01-22 08:45:00,2023-01-22,8,0.7518398074789735,-0.6593458151000733,22,0.3593116361537807,0.9332176317046808,0.144,0.194,0.339,0.332,0.319,
2023-01-22 09:00:00,2023-01-22,9,0.7071067811865519,-0.7071067811865432,22,0.3594788588723235,0.9331532296594446,0.135,0.162,0.281,0.277,0.26,
2023-01-22 09:15:00,2023-01-22,9,0.6593458151000825,-0.7518398074789654,22,0.3596460700476186,0.933088797649668,0.168,0.197,0.32,0.313,0.297,
2023-01-22 09:30:00,2023-01-22,9,0.6087614290087221,-0.793353340291234,22,0.3598132696742969,0.9330243356774204,0.118,0.245,0.513,0.514,0.458,
2023-01-22 09:45:00,2023-01-22,9,0.5555702330196138,-0.8314696123025375,22,0.3599804577469893,0.9329598437447711,0.0958,0.37,0.794,0.799,0.734,
2023-01-22 10:00:00,2023-01-22,10,0.4999999999999979,-0.8660254037844398,22,0.3601476342603273,0.9328953218537916,0.0836,0.264,0.548,0.554,0.489,
2023-01-22 10:15:00,2023-01-22,10,0.4422886902190099,-0.896872741532684,22,0.3603147992089426,0.9328307700065536,0.0819,0.478,0.969,0.975,0.883,
2023-01-22 10:30:00,2023-01-22,10,0.3826834323651098,-0.9238795325112784,22,0.3604819525874674,0.9327661882051296,0.153,0.336,0.627,0.625,0.594,
2023-01-22 10:45:00,2023-01-22,10,0.3214394653031666,-0.946930129495104,22,0.3606490943905341,0.9327015764515936,0.105,0.301,0.606,0.619,0.53,
2023-01-22 11:00:00,2023-01-22,11,0.2588190451025101,-0.9659258262890712,22,0.3608162246127759,0.93263693474802,0.0721,0.5,1.02,1.04,0.929,
2023-01-22 11:15:00,2023-01-22,11,0.1950903220161292,-0.9807852804032302,22,0.3609833432488258,0.9325722630964854,0.0780999999999999,0.514,1.03,1.06,0.945,
2023-01-22 11:30:00,2023-01-22,11,0.1305261922200646,-0.9914448613738088,22,0.3611504502933176,0.9325075614990658,0.156,0.596,1.13,1.16,1.04,
2023-01-22 11:45:00,2023-01-22,11,0.0654031292301398,-0.9978589232386036,22,0.3613175457408852,0.9324428299578388,0.21,0.33,0.587,0.594,0.562,
2023-01-22 12:00:00,2023-01-22,12,8.81869491513412e-15,-1.0,22,0.361484629586163,0.9323780684748836,0.141,0.573,1.09,1.12,1.0,
2023-01-22 12:15:00,2023-01-22,12,-0.0654031292301505,-0.997858923238603,22,0.3616517018237859,0.932313277052279,0.0759,0.496,0.997,1.04,0.909,
2023-01-22 12:30:00,2023-01-22,12,-0.1305261922200471,-0.991444861373811,22,0.3618187624483889,0.932248455692106,0.0659,0.483,0.982,1.03,0.891,
2023-01-22 12:45:00,2023-01-22,12,-0.1950903220161119,-0.9807852804032337,22,0.3619858114546075,0.9321836043964458,0.074,0.477,0.96,1.01,0.873,
2023-01-22 13:00:00,2023-01-22,13,-0.2588190451025205,-0.9659258262890684,22,0.3621528488370777,0.9321187231673812,0.122,0.507,0.964,1.01,0.88,
2023-01-22 13:15:00,2023-01-22,13,-0.3214394653031499,-0.9469301294951096,22,0.3623198745904355,0.9320538120069952,0.201,0.562,1.03,1.07,0.944,
2023-01-22 13:30:00,2023-01-22,13,-0.3826834323650935,-0.9238795325112852,22,0.3624868887093179,0.9319888709173724,0.183,0.336,0.597,0.625,0.556,
2023-01-22 13:45:00,2023-01-22,13,-0.4422886902189941,-0.8968727415326918,22,0.3626538911883615,0.931923899900598,0.156,0.173,0.259,0.263,0.241,
2023-01-22 14:00:00,2023-01-22,14,-0.4999999999999826,-0.8660254037844487,22,0.362820882022204,0.9318588989587586,0.135,0.201,0.356,0.377,0.329,
2023-01-22 14:15:00,2023-01-22,14,-0.5555702330195991,-0.8314696123025473,22,0.362987861205483,0.9317938680939412,0.13,0.211,0.387,0.418,0.359,
2023-01-22 14:30:00,2023-01-22,14,-0.6087614290087306,-0.7933533402912275,22,0.3631548287328366,0.931728807308234,0.134,0.341,0.737,0.82,0.667,
2023-01-22 14:45:00,2023-01-22,14,-0.6593458151000693,-0.751839807478977,22,0.3633217845989033,0.9316637166037262,0.122,0.279,0.612,0.687,0.553,
2023-01-22 15:00:00,2023-01-22,15,-0.7071067811865394,-0.7071067811865557,22,0.3634887287983221,0.9315985959825078,0.116,0.236,0.516,0.585,0.463,
2023-01-22 15:15:00,2023-01-22,15,-0.7518398074789618,-0.6593458151000866,22,0.363655661325732,0.9315334454466702,0.0887,0.122,0.23,0.255,0.212,
2023-01-22 15:30:00,2023-01-22,15,-0.7933533402912307,-0.6087614290087263,22,0.3638225821757729,0.9314682649983052,0.0607,0.104,0.263,0.312,0.222,
2023-01-22 15:45:00,2023-01-22,15,-0.8314696123025503,-0.5555702330195946,22,0.3639894913430847,0.931403054639506,0.0376,0.0741,0.234,0.288,0.195,
2023-01-22 16:00:00,2023-01-22,16,-0.8660254037844372,-0.5000000000000026,22,0.3641563888223076,0.9313378143723664,0.0189,0.0276,0.0802,0.0967,0.0684,
2023-01-22 16:15:00,2023-01-22,16,-0.8968727415326817,-0.4422886902190147,22,0.3643232746080825,0.9312725441989812,0.0049,0.0052699999999999,0.00852,0.00828,0.00648,
2023-01-22 16:30:00,2023-01-22,16,-0.9238795325112872,-0.3826834323650885,22,0.3644901486950506,0.9312072441214468,4.55e-05,0.000238,0.00101,0.00122,-0.000261,
2023-01-22 16:45:00,2023-01-22,16,-0.9469301294951022,-0.3214394653031717,22,0.3646570110778532,0.9311419141418598,-0.00268,-0.00231,-0.00128,-0.00113,-0.00244,
2023-01-22 17:00:00,2023-01-22,17,-0.9659258262890698,-0.2588190451025153,22,0.3648238617511323,0.9310765542623176,-0.00265,-0.00226,-0.00134,-0.0011799999999999,-0.00234,
2023-01-22 17:15:00,2023-01-22,17,-0.9807852804032292,-0.1950903220161345,22,0.3649907007095301,0.9310111644849196,-0.00298,-0.00258,-0.00172,-0.0014,-0.00265,
2023-01-22 17:30:00,2023-01-22,17,-0.991444861373808,-0.1305261922200699,22,0.3651575279476892,0.9309457448117654,-0.00196,-0.00163,-0.00139,-0.000952,-0.00206,
2023-01-22 17:45:00,2023-01-22,17,-0.9978589232386034,-0.0654031292301452,22,0.3653243434602526,0.9308802952449554,-0.00221,-0.002,-0.00176,-0.0011,-0.00211,
2023-01-22 18:00:00,2023-01-22,18,-1.0,-1.4208997773292239e-14,22,0.3654911472418637,0.9308148157865916,-0.00172,-0.00151,-0.0016799999999999,-0.0011,-0.0016699999999999,
2023-01-22 18:15:00,2023-01-22,18,-0.9978589232386034,0.0654031292301452,22,0.3656579392871665,0.9307493064387762,-0.00259,-0.00227,-0.000924,-0.00115,-0.00214,
2023-01-22 18:30:00,2023-01-22,18,-0.9914448613738116,0.1305261922200417,22,0.3658247195908047,0.9306837672036132,-0.00228,-0.0019299999999999,-0.000969,-0.00105,-0.00199,
2023-01-22 18:45:00,2023-01-22,18,-0.9807852804032348,0.1950903220161067,22,0.365991488147423,0.9306181980832068,-0.0025099999999999,-0.00228,-0.00145,-0.0012,-0.0021,
2023-01-22 19:00:00,2023-01-22,19,-0.9659258262890698,0.2588190451025153,22,0.3661582449516664,0.9305525990796628,-0.00175,-0.00145,-0.00117,-0.000864,-0.0016899999999999,
2023-01-22 19:15:00,2023-01-22,19,-0.9469301294951022,0.3214394653031717,22,0.36632498999818,0.9304869701950872,-0.0020099999999999,-0.0017,-0.00115,-0.000891,-0.00189,
2023-01-22 19:30:00,2023-01-22,19,-0.9238795325112872,0.3826834323650885,22,0.3664917232816094,0.930421311431588,-0.0025299999999999,-0.00224,-0.00154,-0.00128,-0.00259,
2023-01-22 19:45:00,2023-01-22,19,-0.8968727415326943,0.4422886902189892,22,0.3666584447966007,0.9303556227912734,-0.00275,-0.00235,-0.00152,-0.00111,-0.00228,
2023-01-22 20:00:00,2023-01-22,20,-0.8660254037844372,0.5000000000000026,22,0.3668251545378005,0.9302899042762524,-0.0028,-0.00241,-0.00153,-0.00122,-0.00249,
2023-01-22 20:15:00,2023-01-22,20,-0.8314696123025503,0.5555702330195946,22,0.3669918524998552,0.9302241558886356,-0.00248,-0.0020499999999999,-0.0014,-0.000952,-0.0018,
2023-01-22 20:30:00,2023-01-22,20,-0.7933533402912307,0.6087614290087264,22,0.3671585386774122,0.930158377630534,-0.00291,-0.0025,-0.0016,-0.00131,-0.00272,
2023-01-22 20:45:00,2023-01-22,20,-0.7518398074789806,0.6593458151000652,22,0.3673252130651189,0.9300925695040602,-0.00291,-0.00252,-0.00165,-0.0014,-0.0028799999999999,
2023-01-22 21:00:00,2023-01-22,21,-0.7071067811865595,0.7071067811865356,22,0.3674918756576233,0.930026731511327,-0.00295,-0.0026,-0.00159,-0.00136,-0.00289,
2023-01-22 21:15:00,2023-01-22,21,-0.6593458151000693,0.751839807478977,22,0.3676585264495737,0.9299608636544486,-0.00287,-0.0025,-0.00146,-0.00114,-0.00273,
2023-01-22 21:30:00,2023-01-22,21,-0.6087614290087306,0.7933533402912275,22,0.3678251654356186,0.9298949659355404,-0.00335,-0.00276,-0.0012,-0.00128,-0.00302,
2023-01-22 21:45:00,2023-01-22,21,-0.5555702330195991,0.8314696123025473,22,0.3679917926104073,0.929829038356718,-0.00276,-0.0017,-0.000631,-0.000585,-0.00209,
2023-01-22 22:00:00,2023-01-22,22,-0.5000000000000072,0.8660254037844345,22,0.3681584079685891,0.9297630809200986,-0.00328,-0.00215,-0.000724,-0.00083,-0.00281,
2023-01-22 22:15:00,2023-01-22,22,-0.4422886902190195,0.8968727415326793,22,0.3683250115048136,0.9296970936278004,-0.00391,-0.00287,-0.000517,-0.00107,-0.0031,
2023-01-22 22:30:00,2023-01-22,22,-0.3826834323650935,0.9238795325112852,22,0.3684916032137314,0.9296310764819418,-0.00342,-0.0025299999999999,-0.00213,-0.00177,-0.00375,
2023-01-22 22:45:00,2023-01-22,22,-0.3214394653031499,0.9469301294951096,22,0.3686581830899927,0.929565029484643,-0.00327,-0.00289,-0.0018,-0.00184,-0.00352,
2023-01-22 23:00:00,2023-01-22,23,-0.2588190451025205,0.9659258262890684,22,0.3688247511282487,0.929498952638025,-0.00349,-0.00281,-0.00173,-0.00181,-0.00352,
2023-01-22 23:15:00,2023-01-22,23,-0.1950903220161398,0.980785280403228,22,0.3689913073231505,0.9294328459442092,-0.0033799999999999,-0.0025,-0.00121,-0.00141,-0.00328,
2023-01-22 23:30:00,2023-01-22,23,-0.1305261922200752,0.9914448613738072,22,0.3691578516693499,0.9293667094053188,-0.00299,-0.00248,-0.00106,-0.00105,-0.00275,
2023-01-22 23:45:00,2023-01-22,23,-0.0654031292301505,0.997858923238603,22,0.3693243841614991,0.9293005430234772,-0.00291,-0.0023,-0.001,-0.000887,-0.0027,
2023-01-23 00:00:00,2023-01-23,0,8.822408798953651e-15,1.0,23,0.3694909047942504,0.929234346800809,-0.00261,-0.0020099999999999,-0.000972,-0.000883,-0.00231,
2023-01-23 00:15:00,2023-01-23,0,0.0654031292301398,0.9978589232386036,23,0.3696574135622567,0.92916812073944,-0.00262,-0.00213,-0.00107,-0.00103,-0.00237,
2023-01-23 00:30:00,2023-01-23,0,0.1305261922200364,0.9914448613738124,23,0.3698239104601712,0.9291018648414968,-0.00257,-0.00207,-0.00103,-0.000902,-0.00222,
2023-01-23 00:45:00,2023-01-23,0,0.1950903220161293,0.9807852804032302,23,0.3699903954826477,0.9290355791091072,-0.00274,-0.00207,-0.000831,-0.000707,-0.00228,
2023-01-23 01:00:00,2023-01-23,1,0.2588190451025101,0.9659258262890712,23,0.3701568686243399,0.928969263544399,-0.00283,-0.0021,-0.000989,-0.00103,-0.00263,
2023-01-23 01:15:00,2023-01-23,1,0.3214394653031666,0.946930129495104,23,0.3703233298799023,0.9289029181495024,-0.00264,-0.00179,-0.000548,-0.000562,-0.0023799999999999,
2023-01-23 01:30:00,2023-01-23,1,0.3826834323650835,0.9238795325112892,23,0.3704897792439898,0.9288365429265472,-0.00294,-0.00237,-0.00105,-0.00083,-0.0025099999999999,
2023-01-23 01:45:00,2023-01-23,1,0.4422886902189844,0.8968727415326966,23,0.3706562167112572,0.9287701378776654,-0.00249,-0.00199,-0.000686,-0.000589,-0.00214,
2023-01-23 02:00:00,2023-01-23,2,0.4999999999999979,0.8660254037844398,23,0.3708226422763603,0.9287037030049888,-0.00154,-0.0011899999999999,-8.620000000000001e-05,-3.82e-05,-0.0014,
2023-01-23 02:15:00,2023-01-23,2,0.5555702330195902,0.8314696123025533,23,0.3709890559339548,0.928637238310651,-0.000653,-0.000663,0.000121,0.000111,-0.000775,
2023-01-23 02:30:00,2023-01-23,2,0.6087614290087221,0.793353340291234,23,0.3711554576786972,0.9285707437967864,-0.00176,-0.00176,-0.000341,-0.00018,-0.00153,
2023-01-23 02:45:00,2023-01-23,2,0.6593458151000612,0.7518398074789842,23,0.371321847505244,0.9285042194655296,-0.00292,-0.00258,-0.000693,-0.000573,-0.00252,
2023-01-23 03:00:00,2023-01-23,3,0.7071067811865318,0.7071067811865633,23,0.3714882254082523,0.9284376653190172,-0.00302,-0.00237,-0.000683,-0.000581,-0.00254,
2023-01-23 03:15:00,2023-01-23,3,0.7518398074789735,0.6593458151000733,23,0.3716545913823795,0.9283710813593864,-0.00281,-0.00181,-0.000796,-0.000638,-0.00228,
2023-01-23 03:30:00,2023-01-23,3,0.7933533402912415,0.6087614290087123,23,0.3718209454222835,0.9283044675887752,-0.00232,-0.0020099999999999,-0.00139,-0.00141,-0.00231,
2023-01-23 03:45:00,2023-01-23,3,0.8314696123025443,0.5555702330196036,23,0.3719872875226224,0.9282378240093224,-0.00208,-0.00191,-0.00148,-0.000956,-0.00156,
2023-01-23 04:00:00,2023-01-23,4,0.8660254037844318,0.5000000000000119,23,0.3721536176780547,0.9281711506231684,-0.00276,-0.0025499999999999,-0.00122,-0.0011899999999999,-0.00258,
2023-01-23 04:15:00,2023-01-23,4,0.8968727415326895,0.4422886902189989,23,0.3723199358832397,0.9281044474324536,-0.00249,-0.00216,-0.00101,-0.00101,-0.00231,
2023-01-23 04:30:00,2023-01-23,4,0.9238795325112832,0.3826834323650985,23,0.3724862421328364,0.9280377144393206,-0.00243,-0.00198,-0.000955,-0.000845,-0.00198,
2023-01-23 04:45:00,2023-01-23,4,0.946930129495108,0.321439465303155,23,0.3726525364215046,0.9279709516459118,-0.0025099999999999,-0.00198,-0.00105,-0.000921,-0.0020099999999999,
2023-01-23 05:00:00,2023-01-23,5,0.965925826289067,0.2588190451025257,23,0.3728188187439045,0.9279041590543712,-0.00266,-0.00214,-0.000913,-0.000868,-0.00233,
2023-01-23 05:15:00,2023-01-23,5,0.9807852804032272,0.1950903220161451,23,0.3729850890946965,0.9278373366668434,-0.00244,-0.002,-0.000986,-0.000898,-0.00221,
2023-01-23 05:30:00,2023-01-23,5,0.9914448613738104,0.1305261922200524,23,0.3731513474685416,0.9277704844854744,-0.0023799999999999,-0.00184,-0.000938,-0.00068,-0.00181,
2023-01-23 05:45:00,2023-01-23,5,0.9978589232386028,0.0654031292301559,23,0.373317593860101,0.9277036025124106,-0.00272,-0.0022,-0.001,-0.000795,-0.00219,
2023-01-23 06:00:00,2023-01-23,6,1.0,-3.4321059407955307e-15,23,0.3734838282640364,0.9276366907497998,-0.00243,-0.0021,-0.00107,-0.000795,-0.00218,
2023-01-23 06:15:00,2023-01-23,6,0.997858923238604,-0.0654031292301344,23,0.3736500506750098,0.9275697491997906,-0.0025099999999999,-0.00198,-0.000951,-0.000677,-0.0021,
2023-01-23 06:30:00,2023-01-23,6,0.9914448613738132,-0.130526192220031,23,0.3738162610876835,0.9275027778645328,-0.0017,-0.00117,0.000259,0.000264,-0.00126,
2023-01-23 06:45:00,2023-01-23,6,0.9807852804032312,-0.195090322016124,23,0.3739824594967206,0.9274357767461764,0.00263,0.00326,0.00535,0.00518,0.00398,
2023-01-23 07:00:00,2023-01-23,7,0.9659258262890652,-0.2588190451025323,23,0.374148645896784,0.9273687458468736,0.00996,0.0108,0.0156,0.0152,0.0138,
2023-01-23 07:15:00,2023-01-23,7,0.9469301294951056,-0.3214394653031615,23,0.3743148202825374,0.927301685168776,0.0215,0.0229,0.0288,0.0273,0.027,
2023-01-23 07:30:00,2023-01-23,7,0.9238795325112914,-0.3826834323650785,23,0.3744809826486449,0.9272345947140376,0.044,0.07,0.158,0.152,0.133,
2023-01-23 07:45:00,2023-01-23,7,0.896872741532699,-0.4422886902189796,23,0.3746471329897705,0.9271674744848124,0.057,0.129,0.326,0.316,0.291,
2023-01-23 08:00:00,2023-01-23,8,0.8660254037844426,-0.4999999999999932,23,0.3748132713005793,0.927100324483256,0.0808,0.148,0.318,0.307,0.276,
2023-01-23 08:15:00,2023-01-23,8,0.8314696123025405,-0.5555702330196093,23,0.3749793975757362,0.9270331447115244,0.116,0.25,0.528,0.514,0.479,
2023-01-23 08:30:00,2023-01-23,8,0.7933533402912373,-0.6087614290087178,23,0.3751455118099068,0.9269659351717748,0.14,0.293,0.589,0.575,0.538,
2023-01-23 08:45:00,2023-01-23,8,0.7518398074789877,-0.6593458151000571,23,0.375311613997757,0.9268986958661656,0.124,0.298,0.608,0.599,0.553,
2023-01-23 09:00:00,2023-01-23,9,0.707106781186547,-0.707106781186548,23,0.3754777041339531,0.9268314267968558,0.145,0.315,0.608,0.599,0.554,
2023-01-23 09:15:00,2023-01-23,9,0.6593458151000774,-0.75183980747897,23,0.3756437822131616,0.9267641279660056,0.171,0.367,0.694,0.684,0.634,
2023-01-23 09:30:00,2023-01-23,9,0.6087614290087167,-0.7933533402912383,23,0.3758098482300497,0.926696799375776,0.186,0.4,0.737,0.731,0.677,
2023-01-23 09:45:00,2023-01-23,9,0.5555702330196081,-0.8314696123025413,23,0.375975902179285,0.9266294410283286,0.202,0.398,0.723,0.718,0.668,
2023-01-23 10:00:00,2023-01-23,10,0.5000000000000165,-0.866025403784429,23,0.3761419440555349,0.9265620529258268,0.183,0.372,0.676,0.674,0.625,
2023-01-23 10:15:00,2023-01-23,10,0.4422886902190037,-0.896872741532687,23,0.3763079738534681,0.9264946350704344,0.176,0.427,0.792,0.793,0.744,
2023-01-23 10:30:00,2023-01-23,10,0.3826834323651034,-0.9238795325112812,23,0.3764739915677529,0.9264271874643164,0.132,0.47,0.899,0.908,0.826,
2023-01-23 10:45:00,2023-01-23,10,0.3214394653031601,-0.946930129495106,23,0.3766399971930584,0.9263597101096382,0.139,0.504,0.952,0.965,0.878,
2023-01-23 11:00:00,2023-01-23,11,0.2588190451025309,-0.9659258262890656,23,0.376805990724054,0.9262922030085669,0.168,0.487,0.882,0.895,0.82,
2023-01-23 11:15:00,2023-01-23,11,0.1950903220161504,-0.980785280403226,23,0.3769719721554093,0.92622466616327,0.187,0.51,0.912,0.927,0.846,
2023-01-23 11:30:00,2023-01-23,11,0.1305261922200578,-0.9914448613738096,23,0.3771379414817948,0.9261570995759166,0.199,0.53,0.924,0.939,0.862,
2023-01-23 11:45:00,2023-01-23,11,0.0654031292301329,-0.997858923238604,23,0.3773038986978807,0.926089503248676,0.235,0.581,0.987,0.999,0.92,
2023-01-23 12:00:00,2023-01-23,12,1.9581969173625882e-15,-1.0,23,0.3774698437983381,0.9260218771837188,0.193,0.298,0.467,0.469,0.464,
2023-01-23 12:15:00,2023-01-23,12,-0.065403129230129,-0.9978589232386044,23,0.3776357767778384,0.9259542213832164,0.204,0.47,0.803,0.821,0.745,
2023-01-23 12:30:00,2023-01-23,12,-0.1305261922200539,-0.9914448613738102,23,0.3778016976310531,0.9258865358493416,0.164,0.553,1.03,1.07,0.947,
2023-01-23 12:45:00,2023-01-23,12,-0.1950903220161187,-0.9807852804032324,23,0.3779676063526545,0.925818820584268,0.155,0.531,0.992,1.04,0.908,
2023-01-23 13:00:00,2023-01-23,13,-0.2588190451025272,-0.9659258262890664,23,0.378133502937315,0.9257510755901694,0.141,0.49,0.948,0.997,0.864,
2023-01-23 13:15:00,2023-01-23,13,-0.3214394653031564,-0.9469301294951076,23,0.3782993873797075,0.9256833008692216,0.181,0.505,0.945,0.994,0.864,
2023-01-23 13:30:00,2023-01-23,13,-0.3826834323650736,-0.9238795325112936,23,0.3784652596745053,0.925615496423601,0.198,0.49,0.921,0.976,0.845,
2023-01-23 13:45:00,2023-01-23,13,-0.4422886902190002,-0.8968727415326888,23,0.3786311198163821,0.9255476622554846,0.164,0.391,0.779,0.835,0.705,
2023-01-23 14:00:00,2023-01-23,14,-0.4999999999999885,-0.8660254037844453,23,0.3787969678000118,0.9254797983670509,0.111,0.14,0.23,0.239,0.218,
2023-01-23 14:15:00,2023-01-23,14,-0.5555702330196048,-0.8314696123025435,23,0.378962803620069,0.9254119047604784,0.0915,0.0905,0.093,0.0892,0.0911,
2023-01-23 14:30:00,2023-01-23,14,-0.6087614290087136,-0.7933533402912406,23,0.3791286272712286,0.9253439814379482,0.11,0.109,0.118,0.117,0.116,
2023-01-23 14:45:00,2023-01-23,14,-0.6593458151000531,-0.7518398074789913,23,0.3792944387481655,0.9252760284016408,0.121,0.17,0.295,0.323,0.278,
2023-01-23 15:00:00,2023-01-23,15,-0.7071067811865442,-0.7071067811865508,23,0.3794602380455557,0.9252080456537384,0.111,0.201,0.442,0.506,0.387,
2023-01-23 15:15:00,2023-01-23,15,-0.7518398074789852,-0.6593458151000601,23,0.379626025158075,0.925140033196424,0.0937,0.195,0.472,0.55,0.421,
2023-01-23 15:30:00,2023-01-23,15,-0.7933533402912349,-0.6087614290087209,23,0.3797918000803997,0.9250719910318816,0.0823,0.0868,0.126,0.132,0.117,
2023-01-23 15:45:00,2023-01-23,15,-0.8314696123025384,-0.5555702330196126,23,0.3799575628072069,0.925003919162296,0.0585,0.0589,0.0754,0.0757999999999999,0.0713,
2023-01-23 16:00:00,2023-01-23,16,-0.8660254037844406,-0.4999999999999966,23,0.3801233133331736,0.9249358175898532,0.0286,0.0287,0.0357,0.0354,0.0335,
2023-01-23 16:15:00,2023-01-23,16,-0.8968727415326847,-0.4422886902190086,23,0.3802890516529773,0.9248676863167395,0.00723,0.00734,0.0101,0.00981,0.00869,
2023-01-23 16:30:00,2023-01-23,16,-0.9238795325112898,-0.3826834323650822,23,0.3804547777612961,0.9247995253451436,0.00179,0.00187,0.00314,0.00296,0.00211,
2023-01-23 16:45:00,2023-01-23,16,-0.9469301294951044,-0.3214394653031652,23,0.3806204916528083,0.9247313346772534,-0.00206,-0.00165,-0.000993,-0.001,-0.00199,
2023-01-23 17:00:00,2023-01-23,17,-0.9659258262890642,-0.2588190451025361,23,0.3807861933221927,0.9246631143152588,-0.00247,-0.002,-0.0014,-0.00135,-0.00242,
2023-01-23 17:15:00,2023-01-23,17,-0.9807852804032304,-0.1950903220161278,23,0.3809518827641284,0.9245948642613508,-0.00243,-0.00189,-0.00125,-0.0011899999999999,-0.00243,
2023-01-23 17:30:00,2023-01-23,17,-0.9914448613738088,-0.1305261922200631,23,0.3811175599732949,0.9245265845177206,-0.00259,-0.0020299999999999,-0.00133,-0.00124,-0.00269,
2023-01-23 17:45:00,2023-01-23,17,-0.9978589232386038,-0.0654031292301383,23,0.3812832249443722,0.9244582750865608,-0.00249,-0.00172,-0.000814,-0.000929,-0.00227,
2023-01-23 18:00:00,2023-01-23,18,-1.0,-7.348499775520708e-15,23,0.3814488776720406,0.9243899359700648,-0.00257,-0.0021,-0.00128,-0.000979,-0.00256,
2023-01-23 18:15:00,2023-01-23,18,-0.9978589232386048,0.0654031292301236,23,0.3816145181509808,0.9243215671704272,-0.0027,-0.00235,-0.0013,-0.0011899999999999,-0.00274,
2023-01-23 18:30:00,2023-01-23,18,-0.9914448613738108,0.1305261922200485,23,0.381780146375874,0.9242531686898434,-0.00152,-0.00116,-0.000565,-0.000183,-0.0011899999999999,
2023-01-23 18:45:00,2023-01-23,18,-0.980785280403228,0.1950903220161413,23,0.3819457623414015,0.9241847405305096,-0.00136,-0.00108,-0.000345,-0.000229,-0.000874,
2023-01-23 19:00:00,2023-01-23,19,-0.965925826289068,0.2588190451025219,23,0.3821113660422454,0.9241162826946234,-0.000641,-0.000482,8.96e-05,-6.879999999999999e-05,-0.00015,
2023-01-23 19:15:00,2023-01-23,19,-0.9469301294951092,0.3214394653031513,23,0.3822769574730879,0.9240477951843828,-0.000509,-0.000415,-0.000203,-0.000447,-9e-05,
2023-01-23 19:30:00,2023-01-23,19,-0.9238795325112956,0.3826834323650686,23,0.3824425366286115,0.923979278001987,-0.00017,-4.61e-05,-8.27e-05,-0.000134,-8.570000000000001e-05,
2023-01-23 19:45:00,2023-01-23,19,-0.8968727415326913,0.4422886902189954,23,0.3826081035034997,0.9239107311496362,-0.000695,-0.000535,-0.000407,-0.000424,-0.000823,
2023-01-23 20:00:00,2023-01-23,20,-0.8660254037844337,0.5000000000000084,23,0.3827736580924357,0.9238421546295316,-0.00189,-0.00166,-0.00176,-0.00172,-0.00337,
2023-01-23 20:15:00,2023-01-23,20,-0.8314696123025465,0.5555702330196003,23,0.3829392003901033,0.923773548443875,-0.00174,-0.00158,-0.0019,-0.00189,-0.0021,
2023-01-23 20:30:00,2023-01-23,20,-0.7933533402912439,0.6087614290087092,23,0.383104730391187,0.9237049125948698,-0.000798,-0.000848,-0.0011,-0.00113,-0.00158,
2023-01-23 20:45:00,2023-01-23,20,-0.751839807478976,0.6593458151000704,23,0.3832702480903712,0.9236362470847196,-0.00091,-0.000798,-0.000665,-0.00111,-0.00171,
2023-01-23 21:00:00,2023-01-23,21,-0.7071067811865547,0.7071067811865405,23,0.3834357534823411,0.9235675519156296,-0.00109,-0.000762,-0.000782,-0.000959,-0.00129,
2023-01-23 21:15:00,2023-01-23,21,-0.6593458151000641,0.7518398074789816,23,0.3836012465617822,0.9234988270898056,-0.00107,-0.000677,-0.000782,-0.00109,-0.0014299999999999,
2023-01-23 21:30:00,2023-01-23,21,-0.6087614290087252,0.7933533402912316,23,0.3837667273233803,0.9234300726094544,-0.00086,-0.000567,-0.000634,-0.000715,-0.0011899999999999,
2023-01-23 21:45:00,2023-01-23,21,-0.555570233019617,0.8314696123025354,23,0.3839321957618214,0.9233612884767838,-0.0012,-0.000883,-0.000845,-0.00055,-0.00162,
2023-01-23 22:00:00,2023-01-23,22,-0.5000000000000012,0.8660254037844379,23,0.3840976518717925,0.9232924746940026,-0.0016,-0.00134,-0.000941,-0.000814,-0.00166,
2023-01-23 22:15:00,2023-01-23,22,-0.4422886902190134,0.8968727415326824,23,0.3842630956479804,0.9232236312633202,-0.00161,-0.0014399999999999,-0.000951,-0.000971,-0.00186,
2023-01-23 22:30:00,2023-01-23,22,-0.3826834323650872,0.9238795325112878,23,0.3844285270850726,0.9231547581869476,-0.00146,-0.00134,-0.000876,-0.000971,-0.00181,
2023-01-23 22:45:00,2023-01-23,22,-0.3214394653031703,0.9469301294951028,23,0.3845939461777569,0.923085855467096,-0.00129,-0.00128,-0.000772,-0.00086,-0.00153,
2023-01-23 23:00:00,2023-01-23,23,-0.2588190451025413,0.9659258262890628,23,0.3847593529207214,0.9230169231059784,-0.00132,-0.00127,-0.000896,-0.000852,-0.00141,
2023-01-23 23:15:00,2023-01-23,23,-0.1950903220161331,0.9807852804032294,23,0.384924747308655,0.922947961105808,-0.0014199999999999,-0.00146,-0.00114,-0.00137,-0.00156,
2023-01-23 23:30:00,2023-01-23,23,-0.1305261922200403,0.991444861373812,23,0.3850901293362466,0.9228789694687992,-0.0015,-0.0015,-0.00124,-0.00128,-0.00181,
2023-01-23 23:45:00,2023-01-23,23,-0.0654031292301437,0.9978589232386036,23,0.3852554989981854,0.9228099481971676,-0.00149,-0.00153,-0.00123,-0.00122,-0.00182,
2023-01-24 00:00:00,2023-01-24,0,-1.2738802633678828e-14,1.0,24,0.3854208562891614,0.9227408972931294,-0.00129,-0.00136,-0.00109,-0.00123,-0.0016,
2023-01-24 00:15:00,2023-01-24,0,0.0654031292301466,0.9978589232386031,24,0.3855862012038648,0.922671816758902,-0.0016799999999999,-0.0017,-0.00129,-0.00131,-0.00221,
2023-01-24 00:30:00,2023-01-24,0,0.1305261922200432,0.9914448613738116,24,0.3857515337369862,0.9226027065967034,-0.00177,-0.00165,-0.00124,-0.00154,-0.00172,
2023-01-24 00:45:00,2023-01-24,0,0.195090322016136,0.9807852804032288,24,0.3859168538832165,0.9225335668087532,-0.00204,-0.00173,-0.00128,-0.00123,-0.00219,
2023-01-24 01:00:00,2023-01-24,1,0.2588190451025167,0.9659258262890692,24,0.3860821616372471,0.9224643973972712,-0.00222,-0.0018,-0.00112,-0.00108,-0.00182,
2023-01-24 01:15:00,2023-01-24,1,0.3214394653031462,0.9469301294951108,24,0.3862474569937699,0.9223951983644786,-0.00233,-0.00195,-0.0011899999999999,-0.00108,-0.00182,
2023-01-24 01:30:00,2023-01-24,1,0.3826834323650899,0.9238795325112868,24,0.386412739947477,0.9223259697125976,-0.00256,-0.00227,-0.00138,-0.00133,-0.00204,
2023-01-24 01:45:00,2023-01-24,1,0.4422886902189906,0.8968727415326936,24,0.3865780104930611,0.922256711443851,-0.00285,-0.00254,-0.00161,-0.00161,-0.00282,
2023-01-24 02:00:00,2023-01-24,2,0.5000000000000038,0.8660254037844365,24,0.3867432686252151,0.922187423560463,-0.00271,-0.0023,-0.00134,-0.0013,-0.00183,
2023-01-24 02:15:00,2023-01-24,2,0.5555702330195958,0.8314696123025495,24,0.3869085143386324,0.9221181060646584,-0.00249,-0.00217,-0.00123,-0.00108,-0.00166,
2023-01-24 02:30:00,2023-01-24,2,0.608761429008705,0.7933533402912472,24,0.3870737476280068,0.9220487589586628,-0.00113,-0.00102,-0.000452,-0.000417,-0.000895,
2023-01-24 02:45:00,2023-01-24,2,0.6593458151000663,0.7518398074789796,24,0.3872389684880323,0.9219793822447032,-0.00199,-0.00178,-0.00103,-0.00091,-0.00156,
2023-01-24 03:00:00,2023-01-24,3,0.7071067811865567,0.7071067811865384,24,0.3874041769134039,0.9219099759250076,-0.00266,-0.0024,-0.00153,-0.00138,-0.0025,
2023-01-24 03:15:00,2023-01-24,3,0.751839807478978,0.6593458151000682,24,0.3875693728988161,0.9218405400018044,-0.0023599999999999,-0.00199,-0.00126,-0.000933,-0.0019,
2023-01-24 03:30:00,2023-01-24,3,0.7933533402912284,0.6087614290087295,24,0.3877345564389647,0.9217710744773234,-0.0020299999999999,-0.00172,-0.00115,-0.000887,-0.00184,
2023-01-24 03:45:00,2023-01-24,3,0.8314696123025324,0.5555702330196215,24,0.3878997275285452,0.9217015793537952,-0.00287,-0.0025499999999999,-0.00147,-0.00138,-0.0028399999999999,
2023-01-24 04:00:00,2023-01-24,4,0.8660254037844353,0.5000000000000059,24,0.3880648861622539,0.9216320546334512,-0.00307,-0.00239,-0.00108,-0.00133,-0.00246,
2023-01-24 04:15:00,2023-01-24,4,0.8968727415326925,0.4422886902189927,24,0.3882300323347874,0.9215625003185242,-0.00285,-0.0024,-0.00147,-0.00149,-0.00264,
2023-01-24 04:30:00,2023-01-24,4,0.9238795325112856,0.3826834323650921,24,0.3883951660408425,0.9214929164112476,-0.00275,-0.00239,-0.00132,-0.00131,-0.00246,
2023-01-24 04:45:00,2023-01-24,4,0.9469301294951008,0.3214394653031754,24,0.3885602872751169,0.9214233029138554,-0.00242,-0.00177,-0.000665,-0.000707,-0.00172,
2023-01-24 05:00:00,2023-01-24,5,0.9659258262890688,0.2588190451025191,24,0.3887253960323081,0.9213536598285836,-0.0025099999999999,-0.00188,-0.000855,-0.000722,-0.0023,
2023-01-24 05:15:00,2023-01-24,5,0.9807852804032284,0.1950903220161384,24,0.3888904923071144,0.921283987157668,-0.00272,-0.00234,-0.00132,-0.00113,-0.00239,
2023-01-24 05:30:00,2023-01-24,5,0.9914448613738112,0.1305261922200456,24,0.3890555760942344,0.921214284903346,-0.00221,-0.00149,-0.000807,-0.000451,-0.0025099999999999,
2023-01-24 05:45:00,2023-01-24,5,0.9978589232386031,0.0654031292301491,24,0.389220647388367,0.921144553067856,-0.00268,-0.00202,-0.000627,-0.000562,-0.000917,
2023-01-24 06:00:00,2023-01-24,6,1.0,1.8129105491836944e-14,24,0.3893857061842117,0.9210747916534372,-0.000831,-0.000234,0.000265,0.000378,-0.00159,
2023-01-24 06:15:00,2023-01-24,6,0.9978589232386036,-0.0654031292301413,24,0.3895507524764682,0.9210050006623294,-0.00208,-0.00156,-0.000552,-0.000654,-0.00115,
2023-01-24 06:30:00,2023-01-24,6,0.9914448613738124,-0.1305261922200378,24,0.3897157862598366,0.920935180096774,-0.000856,-0.000539,-5.52e-05,-2.68e-05,-0.00132,
2023-01-24 06:45:00,2023-01-24,6,0.98078528040323,-0.1950903220161307,24,0.3898808075290177,0.9208653299590124,0.00137,0.00165,0.0014299999999999,0.00123,0.000686,
2023-01-24 07:00:00,2023-01-24,7,0.9659258262890708,-0.2588190451025115,24,0.3900458162787125,0.9207954502512884,0.00508,0.00523,0.0037,0.00314,0.0033799999999999,
2023-01-24 07:15:00,2023-01-24,7,0.9469301294951126,-0.3214394653031411,24,0.3902108125036222,0.9207255409758454,0.0085399999999999,0.00876,0.00612,0.00545,0.00599,
2023-01-24 07:30:00,2023-01-24,7,0.9238795325112888,-0.3826834323650849,24,0.3903757961984486,0.9206556021349284,0.0186999999999999,0.0189,0.0134,0.0119,0.0141999999999999,
2023-01-24 07:45:00,2023-01-24,7,0.8968727415326834,-0.4422886902190112,24,0.3905407673578941,0.920585633730783,0.0512,0.051,0.0381,0.0327,0.0409,
2023-01-24 08:00:00,2023-01-24,8,0.8660254037844392,-0.4999999999999991,24,0.3907057259766611,0.9205156357656562,0.0790999999999999,0.0783,0.0675,0.0607,0.0707,
2023-01-24 08:15:00,2023-01-24,8,0.8314696123025525,-0.5555702330195914,24,0.3908706720494528,0.9204456082417956,0.178,0.179,0.171,0.152,0.178,
2023-01-24 08:30:00,2023-01-24,8,0.7933533402912332,-0.6087614290087233,24,0.3910356055709724,0.92037555116145,0.0927,0.0916,0.0823,0.0745,0.0847,
2023-01-24 08:45:00,2023-01-24,8,0.7518398074789832,-0.6593458151000623,24,0.3912005265359239,0.9203054645268688,0.104,0.111,0.122,0.114,0.121,
2023-01-24 09:00:00,2023-01-24,9,0.7071067811865421,-0.7071067811865529,24,0.3913654349390114,0.9202353483403029,0.152,0.254,0.454,0.445,0.42,
2023-01-24 09:15:00,2023-01-24,9,0.6593458151000722,-0.7518398074789745,24,0.3915303307749394,0.9201652026040034,0.182,0.215,0.298,0.287,0.286,
2023-01-24 09:30:00,2023-01-24,9,0.6087614290087338,-0.7933533402912251,24,0.3916952140384132,0.9200950273202227,0.167,0.166,0.175,0.162,0.176,
2023-01-24 09:45:00,2023-01-24,9,0.5555702330196024,-0.8314696123025451,24,0.391860084724138,0.9200248224912148,0.197,0.203,0.211,0.193,0.215,
2023-01-24 10:00:00,2023-01-24,10,0.5000000000000107,-0.8660254037844325,24,0.3920249428268197,0.9199545881192336,0.123,0.122,0.111,0.1,0.115,
2023-01-24 10:15:00,2023-01-24,10,0.4422886902189976,-0.8968727415326901,24,0.3921897883411646,0.9198843242065344,0.0775,0.0765,0.0683,0.0615,0.071,
2023-01-24 10:30:00,2023-01-24,10,0.3826834323650971,-0.9238795325112836,24,0.3923546212618793,0.9198140307553736,0.0445,0.0437,0.0433,0.0406,0.0441,
2023-01-24 10:45:00,2023-01-24,10,0.3214394653031805,-0.9469301294950992,24,0.3925194415836707,0.9197437077680082,0.0433,0.0424,0.0447,0.0405,0.0426,
2023-01-24 11:00:00,2023-01-24,11,0.2588190451025243,-0.9659258262890672,24,0.3926842493012464,0.9196733552466966,0.0675,0.0665999999999999,0.0621,0.0562999999999999,0.0640999999999999,
2023-01-24 11:15:00,2023-01-24,11,0.1950903220161158,-0.9807852804032328,24,0.3928490444093143,0.9196029731936975,0.0491,0.0484,0.0438,0.0397999999999999,0.0448,
2023-01-24 11:30:00,2023-01-24,11,0.130526192220051,-0.9914448613738104,24,0.3930138269025824,0.9195325616112716,0.0471,0.0469,0.0382,0.0345,0.039,
2023-01-24 11:45:00,2023-01-24,11,0.0654031292301545,-0.9978589232386028,24,0.3931785967757596,0.9194621205016792,0.075,0.0737,0.0602,0.0538,0.0638,
2023-01-24 12:00:00,2023-01-24,12,2.3519408349995063e-14,-1.0,24,0.3933433540235549,0.9193916498671828,0.126,0.125,0.121,0.111,0.124,
2023-01-24 12:15:00,2023-01-24,12,-0.0654031292301359,-0.997858923238604,24,0.3935080986406777,0.9193211497100447,0.269,0.266,0.3,0.286,0.302,
2023-01-24 12:30:00,2023-01-24,12,-0.1305261922200607,-0.9914448613738092,24,0.393672830621838,0.9192506200325292,0.287,0.283,0.323,0.311,0.322,
2023-01-24 12:45:00,2023-01-24,12,-0.1950903220161254,-0.980785280403231,24,0.3938375499617459,0.9191800608369012,0.21,0.211,0.256,0.251,0.253,
2023-01-24 13:00:00,2023-01-24,13,-0.2588190451025063,-0.9659258262890722,24,0.3940022566551123,0.9191094721254258,0.13,0.129,0.169,0.17,0.164,
2023-01-24 13:15:00,2023-01-24,13,-0.3214394653031629,-0.9469301294951052,24,0.3941669506966482,0.9190388539003702,0.0506,0.0502,0.0742999999999999,0.0759,0.0696,
2023-01-24 13:30:00,2023-01-24,13,-0.3826834323650799,-0.9238795325112908,24,0.3943316320810651,0.918968206164002,0.124,0.127,0.204,0.21,0.192,
2023-01-24 13:45:00,2023-01-24,13,-0.4422886902190064,-0.8968727415326858,24,0.3944963008030748,0.9188975289185894,0.0783,0.0965,0.167,0.177,0.155,
2023-01-24 14:00:00,2023-01-24,14,-0.4999999999999945,-0.8660254037844418,24,0.3946609568573898,0.9188268221664024,0.0269,0.0266,0.0314,0.0306999999999999,0.029,
2023-01-24 14:15:00,2023-01-24,14,-0.5555702330195869,-0.8314696123025554,24,0.3948256002387227,0.918756085909711,0.0625,0.0626,0.0792,0.0769,0.076,
2023-01-24 14:30:00,2023-01-24,14,-0.608761429008719,-0.7933533402912364,24,0.3949902309417866,0.9186853201507872,0.0964,0.0977,0.133,0.134,0.127,
2023-01-24 14:45:00,2023-01-24,14,-0.6593458151000582,-0.7518398074789867,24,0.3951548489612951,0.9186145248919028,0.121,0.127,0.188,0.196,0.177,
2023-01-24 15:00:00,2023-01-24,15,-0.7071067811865491,-0.707106781186546,24,0.3953194542919622,0.9185437001353312,0.116,0.202,0.394,0.439,0.362,
2023-01-24 15:15:00,2023-01-24,15,-0.751839807478971,-0.6593458151000763,24,0.3954840469285022,0.9184728458833468,0.0994,0.147,0.269,0.301,0.248,
2023-01-24 15:30:00,2023-01-24,15,-0.7933533402912218,-0.6087614290087381,24,0.3956486268656298,0.918401962138225,0.0599,0.0599,0.0747,0.0773,0.0714,
2023-01-24 15:45:00,2023-01-24,15,-0.8314696123025421,-0.5555702330196068,24,0.3958131940980601,0.9183310489022416,0.0357,0.0607,0.157,0.187,0.138,
2023-01-24 16:00:00,2023-01-24,16,-0.866025403784444,-0.4999999999999907,24,0.3959777486205089,0.918260106177674,0.0261999999999999,0.0271,0.0444,0.0476,0.0404,
2023-01-24 16:15:00,2023-01-24,16,-0.8968727415326877,-0.4422886902190024,24,0.3961422904276919,0.9181891339668,0.0147,0.0152,0.0208,0.0218,0.0193,
2023-01-24 16:30:00,2023-01-24,16,-0.9238795325112816,-0.3826834323651021,24,0.3963068195143258,0.9181181322718986,0.000707,0.000844,0.00178,0.0019299999999999,0.000514,
2023-01-24 16:45:00,2023-01-24,16,-0.9469301294951066,-0.3214394653031587,24,0.3964713358751272,0.91804710109525,-0.00172,-0.00148,-0.000572,-0.000505,-0.00135,
2023-01-24 17:00:00,2023-01-24,17,-0.965925826289066,-0.2588190451025295,24,0.3966358395048133,0.9179760404391348,-0.00215,-0.00198,-0.00104,-0.000937,-0.0021,
2023-01-24 17:15:00,2023-01-24,17,-0.980785280403232,-0.1950903220161211,24,0.3968003303981017,0.917904950305835,-0.00221,-0.00199,-0.00124,-0.00102,-0.00207,
2023-01-24 17:30:00,2023-01-24,17,-0.9914448613738098,-0.1305261922200563,24,0.3969648085497105,0.9178338306976332,-0.00211,-0.00181,-0.001,-0.000772,-0.00176,
2023-01-24 17:45:00,2023-01-24,17,-0.9978589232386024,-0.0654031292301598,24,0.3971292739543582,0.9177626816168134,-0.0016,-0.00126,-0.00081,-0.000673,-0.00138,
2023-01-24 18:00:00,2023-01-24,18,-1.0,-4.880017777491762e-16,24,0.3972937266067635,0.91769150306566,-0.00195,-0.00173,-0.000972,-0.000803,-0.00187,
2023-01-24 18:15:00,2023-01-24,18,-0.9978589232386044,0.0654031292301305,24,0.3974581665016456,0.9176202950464588,-0.00226,-0.00198,-0.00121,-0.000956,-0.00209,
2023-01-24 18:30:00,2023-01-24,18,-0.99144486137381,0.1305261922200553,24,0.3976225936337244,0.9175490575614964,-0.00228,-0.00127,-0.000241,-0.000428,-0.00131,
2023-01-24 18:45:00,2023-01-24,18,-0.980785280403232,0.1950903220161201,24,0.3977870079977198,0.91747779061306,-0.00282,-0.00231,-0.0014399999999999,-0.00107,-0.00261,
2023-01-24 19:00:00,2023-01-24,19,-0.9659258262890736,0.2588190451025011,24,0.3979514095883523,0.9174064942034384,-0.00274,-0.00233,-0.00134,-0.00124,-0.0025499999999999,
2023-01-24 19:15:00,2023-01-24,19,-0.9469301294951068,0.3214394653031578,24,0.3981157984003427,0.9173351683349208,-0.00285,-0.00231,-0.00105,-0.00123,-0.00272,
2023-01-24 19:30:00,2023-01-24,19,-0.923879532511282,0.3826834323651012,24,0.3982801744284125,0.9172638130097978,-0.00244,-0.00207,-0.00106,-0.00111,-0.00199,
2023-01-24 19:45:00,2023-01-24,19,-0.8968727415326881,0.4422886902190016,24,0.3984445376672833,0.9171924282303604,-0.0020499999999999,-0.00153,-0.000858,-0.000543,-0.00148,
2023-01-24 20:00:00,2023-01-24,20,-0.8660254037844445,0.4999999999999898,24,0.3986088881116773,0.917121013998901,-0.00208,-0.0016899999999999,-0.000882,-0.000612,-0.00128,
2023-01-24 20:15:00,2023-01-24,20,-0.8314696123025584,0.5555702330195824,24,0.3987732257563168,0.9170495703177128,-0.0025299999999999,-0.00226,-0.00124,-0.00127,-0.0021,
2023-01-24 20:30:00,2023-01-24,20,-0.7933533402912397,0.6087614290087147,24,0.398937550595925,0.9169780971890896,-0.0024,-0.00212,-0.00114,-0.0011,-0.00214,
2023-01-24 20:45:00,2023-01-24,20,-0.7518398074789715,0.6593458151000755,24,0.3991018626252253,0.9169065946153272,-0.00196,-0.00166,-0.00101,-0.00108,-0.0012,
2023-01-24 21:00:00,2023-01-24,21,-0.7071067811865498,0.7071067811865452,24,0.3992661618389411,0.9168350625987208,-0.00209,-0.00178,-0.0009,-0.000745,-0.0016699999999999,
2023-01-24 21:15:00,2023-01-24,21,-0.6593458151000803,0.7518398074789674,24,0.399430448231797,0.916763501141568,-0.00174,-0.00135,-0.000879,-0.000505,-0.000857,
2023-01-24 21:30:00,2023-01-24,21,-0.6087614290087198,0.7933533402912358,24,0.3995947217985173,0.9166919102461664,-0.00199,-0.00173,-0.00107,-0.000837,-0.00174,
2023-01-24 21:45:00,2023-01-24,21,-0.5555702330196114,0.8314696123025391,24,0.3997589825338271,0.9166202899148148,-0.00247,-0.00196,-0.0015,-0.00134,-0.00245,
2023-01-24 22:00:00,2023-01-24,22,-0.4999999999999953,0.8660254037844414,24,0.3999232304324519,0.9165486401498132,-0.00204,-0.00138,-0.000896,-0.000715,-0.00172,
2023-01-24 22:15:00,2023-01-24,22,-0.4422886902190072,0.8968727415326854,24,0.4000874654891174,0.9164769609534624,-0.00237,-0.0017,-0.0012,-0.00103,-0.00235,
2023-01-24 22:30:00,2023-01-24,22,-0.3826834323651071,0.9238795325112796,24,0.4002516876985498,0.916405252328064,-0.003,-0.0025,-0.00153,-0.00131,-0.00287,
2023-01-24 22:45:00,2023-01-24,22,-0.3214394653031638,0.9469301294951048,24,0.4004158970554759,0.9163335142759204,-0.00287,-0.00227,-0.0012,-0.0012,-0.0028,
2023-01-24 23:00:00,2023-01-24,23,-0.2588190451025347,0.9659258262890644,24,0.4005800935546227,0.9162617467993356,-0.00208,-0.00164,-0.000807,-0.000619,-0.00106,
2023-01-24 23:15:00,2023-01-24,23,-0.1950903220161264,0.9807852804032308,24,0.4007442771907177,0.9161899499006138,-0.0013,-0.000684,-0.000641,-0.000459,-0.000793,
2023-01-24 23:30:00,2023-01-24,23,-0.1305261922200616,0.991444861373809,24,0.4009084479584887,0.9161181235820608,-0.00156,-0.00104,-0.000527,-0.000554,-0.0016,
2023-01-24 23:45:00,2023-01-24,23,-0.0654031292301652,0.997858923238602,24,0.401072605852664,0.9160462678459824,-0.00176,-0.00117,-0.000245,-0.000428,-0.0016,
2023-01-25 00:00:00,2023-01-25,0,-5.878304635907295e-15,1.0,25,0.4012367508679725,0.9159743826946868,-0.00222,-0.00176,-0.00123,-0.00115,-0.00204,
2023-01-25 00:15:00,2023-01-25,0,0.0654031292301535,0.9978589232386028,25,0.4014008829991431,0.9159024681304818,-0.00214,-0.0018,-0.00108,-0.000703,-0.00163,
2023-01-25 00:30:00,2023-01-25,0,0.13052619222005,0.9914448613738106,25,0.4015650022409056,0.9158305241556768,-0.00252,-0.0020099999999999,-0.0011799999999999,-0.00104,-0.0021,
2023-01-25 00:45:00,2023-01-25,0,0.1950903220161148,0.9807852804032332,25,0.4017291085879896,0.9157585507725816,-0.00289,-0.0023599999999999,-0.00141,-0.0014,-0.00279,
2023-01-25 01:00:00,2023-01-25,1,0.2588190451025233,0.9659258262890676,25,0.4018932020351259,0.915686547983508,-0.00306,-0.0023,-0.00105,-0.0013,-0.00266,
2023-01-25 01:15:00,2023-01-25,1,0.3214394653031527,0.9469301294951088,25,0.4020572825770449,0.9156145157907678,-0.00271,-0.00195,-0.000882,-0.00106,-0.00232,
2023-01-25 01:30:00,2023-01-25,1,0.3826834323650962,0.923879532511284,25,0.402221350208478,0.915542454196674,-0.003,-0.00263,-0.00166,-0.0014399999999999,-0.00299,
2023-01-25 01:45:00,2023-01-25,1,0.4422886902189967,0.8968727415326906,25,0.4023854049241568,0.9154703632035404,-0.0026,-0.00185,-0.000741,-0.000772,-0.00213,
2023-01-25 02:00:00,2023-01-25,2,0.4999999999999851,0.8660254037844473,25,0.4025494467188133,0.9153982428136824,-0.00273,-0.0020299999999999,-0.00108,-0.0011799999999999,-0.00268,
2023-01-25 02:15:00,2023-01-25,2,0.5555702330196015,0.8314696123025457,25,0.40271347558718,0.9153260930294153,-0.00352,-0.0029,-0.0022,-0.00215,-0.00396,
2023-01-25 02:30:00,2023-01-25,2,0.6087614290087104,0.793353340291243,25,0.4028774915239896,0.9152539138530562,-0.0027,-0.00185,-0.00123,-0.000772,-0.00149,
2023-01-25 02:45:00,2023-01-25,2,0.6593458151000715,0.751839807478975,25,0.4030414945239756,0.9151817052869228,-0.00263,-0.00221,-0.00135,-0.00101,-0.00219,
2023-01-25 03:00:00,2023-01-25,3,0.7071067811865415,0.7071067811865536,25,0.4032054845818715,0.915109467333334,-0.00287,-0.00217,-0.00101,-0.00111,-0.00257,
2023-01-25 03:15:00,2023-01-25,3,0.7518398074789638,0.6593458151000844,25,0.4033694616924115,0.9150371999946092,-0.00312,-0.00233,-0.0012,-0.00133,-0.0027,
2023-01-25 03:30:00,2023-01-25,3,0.7933533402912325,0.608761429008724,25,0.4035334258503301,0.9149649032730688,-0.00283,-0.00186,-0.000745,-0.000948,-0.00233,
2023-01-25 03:45:00,2023-01-25,3,0.8314696123025519,0.5555702330195922,25,0.4036973770503622,0.9148925771710348,-0.00278,-0.00188,-0.00072,-0.000952,-0.00234,
2023-01-25 04:00:00,2023-01-25,4,0.8660254037844386,0.5,25,0.4038613152872432,0.9148202216908292,-0.00261,-0.0019199999999999,-0.000793,-0.00107,-0.00227,
2023-01-25 04:15:00,2023-01-25,4,0.8968727415326829,0.4422886902190121,25,0.4040252405557089,0.9147478368347758,-0.00347,-0.0029,-0.00154,-0.00161,-0.00367,
2023-01-25 04:30:00,2023-01-25,4,0.9238795325112776,0.382683432365112,25,0.4041891528504954,0.9146754226051989,-0.00297,-0.00265,-0.00155,-0.00164,-0.00327,
2023-01-25 04:45:00,2023-01-25,4,0.9469301294951032,0.3214394653031689,25,0.4043530521663394,0.9146029790044232,-0.0022299999999999,-0.0019199999999999,-0.00109,-0.00106,-0.00226,
2023-01-25 05:00:00,2023-01-25,5,0.9659258262890704,0.2588190451025124,25,0.4045169384979778,0.9145305060347758,-0.00246,-0.00213,-0.00135,-0.00116,-0.0024,
2023-01-25 05:15:00,2023-01-25,5,0.9807852804032298,0.1950903220161317,25,0.4046808118401481,0.9144580036985837,-0.0023,-0.0019,-0.000934,-0.00106,-0.00196,
2023-01-25 05:30:00,2023-01-25,5,0.9914448613738084,0.130526192220067,25,0.4048446721875882,0.9143854719981744,-0.00227,-0.00173,-0.000786,-0.000852,-0.0019399999999999,
2023-01-25 05:45:00,2023-01-25,5,0.9978589232386036,0.0654031292301422,25,0.4050085195350363,0.9143129109358776,-0.00177,-0.00124,-0.000617,-0.000271,-0.00106,
2023-01-25 06:00:00,2023-01-25,6,1.0,1.1268607494065414e-14,25,0.4051723538772311,0.9142403205140232,-0.00214,-0.0016799999999999,-0.000869,-0.000845,-0.00207,
2023-01-25 06:15:00,2023-01-25,6,0.9978589232386031,-0.0654031292301481,25,0.4053361752089118,0.914167700734942,-0.00154,-0.00117,-0.000383,-0.000275,-0.000476,
2023-01-25 06:30:00,2023-01-25,6,0.9914448613738112,-0.1305261922200446,25,0.4054999835248178,0.914095051600966,-0.00165,-0.00112,-0.000469,-0.000378,-0.000887,
2023-01-25 06:45:00,2023-01-25,6,0.9807852804032342,-0.1950903220161096,25,0.405663778819689,0.914022373114428,-0.000145,0.000599,0.000841,0.000646,-0.00015,
2023-01-25 07:00:00,2023-01-25,7,0.965925826289069,-0.2588190451025182,25,0.405827561088266,0.9139496652776616,0.00615,0.00684,0.0065499999999999,0.00591,0.00536,
2023-01-25 07:15:00,2023-01-25,7,0.9469301294951104,-0.3214394653031476,25,0.4059913303252893,0.913876928093002,0.0149,0.0153,0.014,0.0124,0.0128,
2023-01-25 07:30:00,2023-01-25,7,0.9238795325112862,-0.3826834323650912,25,0.4061550865255002,0.9138041615627844,0.0411,0.0412999999999999,0.0347,0.0308,0.036,
2023-01-25 07:45:00,2023-01-25,7,0.8968727415326929,-0.4422886902189918,25,0.4063188296836404,0.9137313656893458,0.0453999999999999,0.0452,0.038,0.034,0.0394,
2023-01-25 08:00:00,2023-01-25,8,0.8660254037844499,-0.4999999999999804,25,0.4064825597944518,0.9136585404750234,0.0622999999999999,0.0616,0.0515,0.0458999999999999,0.0532,
2023-01-25 08:15:00,2023-01-25,8,0.8314696123025487,-0.5555702330195971,25,0.4066462768526769,0.9135856859221558,0.0692,0.0685,0.0594,0.0536,0.0616,
2023-01-25 08:30:00,2023-01-25,8,0.793353340291229,-0.6087614290087288,25,0.4068099808530587,0.9135128020330826,0.089,0.0879,0.0679,0.0603,0.0729,
2023-01-25 08:45:00,2023-01-25,8,0.7518398074789786,-0.6593458151000674,25,0.4069736717903403,0.913439888810144,0.0852,0.0837,0.068,0.0607,0.0715,
2023-01-25 09:00:00,2023-01-25,9,0.7071067811865575,-0.7071067811865377,25,0.4071373496592655,0.9133669462556816,0.102,0.101,0.0802,0.0701,0.0857,
2023-01-25 09:15:00,2023-01-25,9,0.6593458151000671,-0.7518398074789789,25,0.4073010144545785,0.9132939743720372,0.103,0.102,0.0792,0.0707,0.0849,
2023-01-25 09:30:00,2023-01-25,9,0.6087614290087283,-0.7933533402912293,25,0.4074646661710236,0.9132209731615544,0.108,0.107,0.0897,0.0812,0.0943,
2023-01-25 09:45:00,2023-01-25,9,0.5555702330195966,-0.8314696123025489,25,0.4076283048033461,0.913147942626577,0.118,0.116,0.0958,0.086,0.102,
2023-01-25 10:00:00,2023-01-25,10,0.5000000000000047,-0.8660254037844359,25,0.4077919303462911,0.9130748827694504,0.113,0.111,0.0935,0.0857,0.0979,
2023-01-25 10:15:00,2023-01-25,10,0.4422886902190169,-0.8968727415326806,25,0.4079555427946046,0.9130017935925204,0.112,0.11,0.0923,0.0843,0.0969,
2023-01-25 10:30:00,2023-01-25,10,0.3826834323650908,-0.9238795325112864,25,0.4081191421430328,0.9129286750981344,0.124,0.122,0.0998,0.0902999999999999,0.105,
2023-01-25 10:45:00,2023-01-25,10,0.3214394653031741,-0.9469301294951016,25,0.4082827283863223,0.9128555272886398,0.133,0.132,0.112,0.102,0.118,
2023-01-25 11:00:00,2023-01-25,11,0.2588190451025177,-0.9659258262890692,25,0.4084463015192202,0.9127823501663856,0.125,0.123,0.105,0.0960999999999999,0.109,
2023-01-25 11:15:00,2023-01-25,11,0.1950903220161369,-0.9807852804032288,25,0.4086098615364739,0.9127091437337218,0.137,0.135,0.113,0.103,0.119,
2023-01-25 11:30:00,2023-01-25,11,0.1305261922200723,-0.9914448613738076,25,0.4087734084328315,0.9126359079929988,0.151,0.148,0.126,0.116,0.132,
2023-01-25 11:45:00,2023-01-25,11,0.0654031292301476,-0.9978589232386031,25,0.4089369422030412,0.9125626429465686,0.161,0.159,0.139,0.128,0.145,
2023-01-25 12:00:00,2023-01-25,12,-1.1762799078180474e-14,-1.0,25,0.4091004628418518,0.9124893485967835,0.176,0.174,0.172,0.16,0.176,
2023-01-25 12:15:00,2023-01-25,12,-0.0654031292301427,-0.9978589232386036,25,0.4092639703440124,0.9124160249459976,0.198,0.196,0.215,0.202,0.216,
2023-01-25 12:30:00,2023-01-25,12,-0.1305261922200393,-0.991444861373812,25,0.4094274647042727,0.9123426719965648,0.218,0.282,0.386,0.385,0.378,
2023-01-25 12:45:00,2023-01-25,12,-0.1950903220161043,-0.9807852804032352,25,0.4095909459173828,0.9122692897508408,0.194,0.197,0.221,0.213,0.222,
2023-01-25 13:00:00,2023-01-25,13,-0.2588190451025129,-0.9659258262890704,25,0.409754413978093,0.912195878211182,0.185,0.219,0.258,0.251,0.264,
2023-01-25 13:15:00,2023-01-25,13,-0.3214394653031694,-0.946930129495103,25,0.4099178688811541,0.9121224373799456,0.21,0.209,0.215,0.202,0.218,
2023-01-25 13:30:00,2023-01-25,13,-0.3826834323650863,-0.9238795325112882,25,0.4100813106213176,0.91204896725949,0.248,0.321,0.434,0.437,0.414,
2023-01-25 13:45:00,2023-01-25,13,-0.442288690218987,-0.8968727415326954,25,0.4102447391933351,0.9119754678521744,0.216,0.343,0.542,0.564,0.526,
2023-01-25 14:00:00,2023-01-25,14,-0.5000000000000004,-0.8660254037844384,25,0.4104081545919588,0.9119019391603588,0.181,0.317,0.547,0.583,0.509,
2023-01-25 14:15:00,2023-01-25,14,-0.5555702330195926,-0.8314696123025517,25,0.410571556811941,0.9118283811864044,0.146,0.149,0.2,0.203,0.192,
2023-01-25 14:30:00,2023-01-25,14,-0.6087614290087244,-0.7933533402912323,25,0.410734945848035,0.9117547939326732,0.144,0.168,0.247,0.257,0.235,
2023-01-25 14:45:00,2023-01-25,14,-0.6593458151000634,-0.7518398074789822,25,0.4108983216949942,0.9116811774015284,0.143,0.196,0.315,0.338,0.294,
2023-01-25 15:00:00,2023-01-25,15,-0.7071067811865338,-0.7071067811865612,25,0.4110616843475722,0.9116075315953336,0.129,0.223,0.426,0.476,0.393,
2023-01-25 15:15:00,2023-01-25,15,-0.7518398074789754,-0.6593458151000712,25,0.4112250338005234,0.9115338565164536,0.114,0.116,0.15,0.154,0.145,
2023-01-25 15:30:00,2023-01-25,15,-0.793353340291226,-0.6087614290087326,25,0.4113883700486023,0.9114601521672542,0.083,0.0837,0.105,0.108,0.101,
2023-01-25 15:45:00,2023-01-25,15,-0.8314696123025459,-0.5555702330196012,25,0.4115516930865643,0.9113864185501024,0.0511,0.052,0.0673,0.07,0.0643,
2023-01-25 16:00:00,2023-01-25,16,-0.8660254037844333,-0.5000000000000093,25,0.4117150029091647,0.9113126556673656,0.0301,0.0495,0.166,0.211,0.13,
2023-01-25 16:15:00,2023-01-25,16,-0.8968727415326782,-0.4422886902190218,25,0.4118782995111596,0.9112388635214126,0.00968,0.0104,0.0155,0.0167,0.0141999999999999,
2023-01-25 16:30:00,2023-01-25,16,-0.9238795325112844,-0.3826834323650958,25,0.4120415828873053,0.9111650421146128,0.000405,0.000617,0.00157,0.00159,0.000398,
2023-01-25 16:45:00,2023-01-25,16,-0.9469301294951088,-0.3214394653031522,25,0.4122048530323585,0.9110911914493366,-0.00222,-0.002,-0.00102,-0.000887,-0.0019399999999999,
2023-01-25 17:00:00,2023-01-25,17,-0.9659258262890678,-0.2588190451025229,25,0.4123681099410765,0.9110173115279556,-0.00278,-0.00233,-0.0011899999999999,-0.0014399999999999,-0.00248,
2023-01-25 17:15:00,2023-01-25,17,-0.9807852804032277,-0.1950903220161422,25,0.4125313536082169,0.9109434023528422,-0.00275,-0.00232,-0.00148,-0.00122,-0.00187,
2023-01-25 17:30:00,2023-01-25,17,-0.9914448613738108,-0.1305261922200495,25,0.412694584028538,0.9108694639263696,-0.00307,-0.00279,-0.0014299999999999,-0.00163,-0.00314,
2023-01-25 17:45:00,2023-01-25,17,-0.9978589232386028,-0.065403129230153,25,0.412857801196798,0.910795496250912,-0.00282,-0.00241,-0.0014399999999999,-0.00149,-0.00231,
2023-01-25 18:00:00,2023-01-25,18,-1.0,6.372496220022355e-15,25,0.4130210051077561,0.9107214993288448,-0.00248,-0.00133,-0.000231,-0.000432,-0.00165,
2023-01-25 18:15:00,2023-01-25,18,-0.997858923238604,0.0654031292301373,25,0.4131841957561713,0.9106474731625438,-0.00328,-0.00274,-0.00152,-0.00145,-0.00369,
2023-01-25 18:30:00,2023-01-25,18,-0.9914448613738128,0.1305261922200339,25,0.4133473731368037,0.9105734177543864,-0.00274,-0.0023,-0.00136,-0.00122,-0.0023799999999999,
2023-01-25 18:45:00,2023-01-25,18,-0.9807852804032308,0.1950903220161269,25,0.4135105372444134,0.91049933310675,-0.00228,-0.00105,-3.45e-06,-0.000187,-0.00146,
2023-01-25 19:00:00,2023-01-25,19,-0.9659258262890718,0.2588190451025077,25,0.4136736880737608,0.9104252192220142,-0.0024,-0.0014,-0.000452,-0.000677,-0.00204,
2023-01-25 19:15:00,2023-01-25,19,-0.9469301294951048,0.3214394653031643,25,0.4138368256196074,0.9103510761025588,-0.00213,-0.0012,-0.000221,-0.000524,-0.00191,
2023-01-25 19:30:00,2023-01-25,19,-0.9238795325112904,0.3826834323650813,25,0.4139999498767144,0.9102769037507642,-0.00256,-0.00176,-0.000831,-0.000879,-0.00218,
2023-01-25 19:45:00,2023-01-25,19,-0.8968727415326977,0.4422886902189822,25,0.4141630608398436,0.9102027021690124,-0.00211,-0.00183,-0.00132,-0.00106,-0.00228,
2023-01-25 20:00:00,2023-01-25,20,-0.8660254037844412,0.4999999999999958,25,0.4143261585037576,0.9101284713596862,-0.00217,-0.00191,-0.00105,-0.00117,-0.0023,
2023-01-25 20:15:00,2023-01-25,20,-0.8314696123025389,0.5555702330196117,25,0.414489242863219,0.9100542113251692,-0.00227,-0.00191,-0.000976,-0.00109,-0.0021,
2023-01-25 20:30:00,2023-01-25,20,-0.7933533402912355,0.6087614290087201,25,0.414652313912991,0.9099799220678456,-0.00244,-0.0014399999999999,-0.000665,-0.000742,-0.00225,
2023-01-25 20:45:00,2023-01-25,20,-0.7518398074789857,0.6593458151000593,25,0.4148153716478372,0.9099056035901012,-0.0019,-0.000691,0.000148,7.65e-06,-0.00139,
2023-01-25 21:00:00,2023-01-25,21,-0.707106781186565,0.70710678118653,25,0.4149784160625218,0.9098312558943228,-0.00191,-0.000606,0.000245,6.5e-05,-0.00131,
2023-01-25 21:15:00,2023-01-25,21,-0.6593458151000752,0.7518398074789718,25,0.4151414471518092,0.909756878982897,-0.00257,-0.00166,-0.000789,-0.000849,-0.00266,
2023-01-25 21:30:00,2023-01-25,21,-0.6087614290087143,0.79335334029124,25,0.4153044649104641,0.9096824728582128,-0.0027,-0.00199,-0.00114,-0.0014,-0.0033,
2023-01-25 21:45:00,2023-01-25,21,-0.5555702330196056,0.8314696123025429,25,0.415467469333252,0.9096080375226592,-0.00311,-0.00258,-0.00174,-0.0016899999999999,-0.00299,
2023-01-25 22:00:00,2023-01-25,22,-0.500000000000014,0.8660254037844306,25,0.4156304604149387,0.9095335729786262,-0.00202,-0.000926,1.7199999999999998e-05,-0.000241,-0.00174,
2023-01-25 22:15:00,2023-01-25,22,-0.4422886902190011,0.8968727415326884,25,0.4157934381502904,0.9094590792285052,-0.00258,-0.00174,-0.00137,-0.00109,-0.00281,
2023-01-25 22:30:00,2023-01-25,22,-0.3826834323651008,0.9238795325112822,25,0.4159564025340735,0.9093845562746884,-0.00294,-0.00242,-0.00183,-0.00162,-0.00321,
2023-01-25 22:45:00,2023-01-25,22,-0.3214394653031573,0.9469301294951072,25,0.4161193535610552,0.9093100041195684,-0.0025499999999999,-0.0022299999999999,-0.0012,-0.00126,-0.00281,
2023-01-25 23:00:00,2023-01-25,23,-0.2588190451025281,0.9659258262890664,25,0.416282291226003,0.9092354227655394,-0.00235,-0.00208,-0.00112,-0.00114,-0.0022299999999999,
2023-01-25 23:15:00,2023-01-25,23,-0.1950903220161475,0.9807852804032268,25,0.4164452155236847,0.9091608122149964,-0.0024,-0.00163,-0.000648,-0.000787,-0.00226,
2023-01-25 23:30:00,2023-01-25,23,-0.1305261922200548,0.99144486137381,25,0.4166081264488687,0.9090861724703349,-0.00217,-0.00174,-0.000786,-0.000745,-0.0020099999999999,
2023-01-25 23:45:00,2023-01-25,23,-0.0654031292301584,0.9978589232386024,25,0.4167710239963236,0.909011503533952,-0.00213,-0.0016699999999999,-0.000603,-0.000554,-0.00162,
