Time,date,hour,hour_sin,hour_cos,day_of_year,doy_sin,doy_cos,Diffus_kW,Global0_kW,Global45_kW,Global60_kW,Global30_kW,ClearSky0_kW
2023-07-06 00:00:00,2023-07-06,0,-1.4503284393469558e-13,1.0,187,-0.0580911610992868,-0.99831128261787,-0.0023,-0.00141,-0.00041,5.73e-05,-0.00135,
2023-07-06 00:15:00,2023-07-06,0,0.065403129230043,0.99785892323861,187,-0.0582700531494997,-0.998300856909356,-0.00283,-0.00221,-0.0013,-0.00112,-0.00281,
2023-07-06 00:30:00,2023-07-06,0,0.1305261922199966,0.9914448613738176,187,-0.0584489433285998,-0.9982903991443424,-0.00321,-0.00274,-0.0016699999999999,-0.00155,-0.00293,
2023-07-06 00:45:00,2023-07-06,0,0.1950903220161177,0.9807852804032324,187,-0.0586278316308414,-0.9982799093231646,-0.00247,-0.00217,-0.00112,-0.00117,-0.00215,
2023-07-06 01:00:00,2023-07-06,1,0.2588190451025536,0.9659258262890594,187,-0.058806718050482,-0.9982693874461598,-0.0030299999999999,-0.0025,-0.00123,-0.00128,-0.0025,
2023-07-06 01:15:00,2023-07-06,1,0.3214394653032362,0.9469301294950804,187,-0.0589856025817765,-0.9982588335136658,-0.00241,-0.0019299999999999,-0.000651,-0.000772,-0.0016899999999999,
2023-07-06 01:30:00,2023-07-06,1,0.3826834323649939,0.9238795325113264,187,-0.0591644852189798,-0.9982482475260216,-0.0019199999999999,-0.00139,-0.00091,-0.000692,-0.00177,
2023-07-06 01:45:00,2023-07-06,1,0.4422886902189484,0.8968727415327143,187,-0.0593433659563496,-0.9982376294835668,-0.00246,-0.00173,-0.00071,-0.0006,-0.00185,
2023-07-06 02:00:00,2023-07-06,2,0.4999999999999877,0.8660254037844457,187,-0.0595222447881405,-0.9982269793866426,-0.0023,-0.00138,-0.000569,-0.00042,-0.00187,
2023-07-06 02:15:00,2023-07-06,2,0.5555702330194386,0.8314696123026546,187,-0.059701121708609,-0.998216297235591,-0.0016699999999999,-0.000773,-5.52e-05,0.000115,-0.00099,
2023-07-06 02:30:00,2023-07-06,2,0.6087614290086001,0.7933533402913278,187,-0.0598799967120111,-0.998205583030755,-0.00212,-0.00134,-0.000321,-8.790000000000001e-05,-0.0014399999999999,
2023-07-06 02:45:00,2023-07-06,2,0.6593458150999882,0.7518398074790481,187,-0.0600588697926035,-0.9981948367724786,-0.0015,-0.00134,-0.000521,-0.000268,-0.000878,
2023-07-06 03:00:00,2023-07-06,3,0.7071067811865034,0.7071067811865916,187,-0.0602377409446418,-0.9981840584611068,-0.00274,-0.00247,-0.000982,-0.000998,-0.00191,
2023-07-06 03:15:00,2023-07-06,3,0.7518398074789657,0.6593458151000822,187,-0.0604166101623814,-0.9981732480969858,-0.000893,-0.000702,-0.000796,-0.00068,-0.00177,
2023-07-06 03:30:00,2023-07-06,3,0.7933533402912517,0.6087614290086991,187,-0.0605954774400805,-0.9981624056804628,-0.00138,-0.000904,-0.000562,-0.00039,-0.0016,
2023-07-06 03:45:00,2023-07-06,3,0.8314696123025852,0.5555702330195424,187,-0.060774342771994,-0.9981515312118858,-0.00216,-0.0015,0.000745,0.000627,-0.000454,
2023-07-06 04:00:00,2023-07-06,4,0.8660254037843833,0.5000000000000959,187,-0.060953206152379,-0.998140624691604,0.00448,0.00481,0.00468,0.00462,0.0036,
2023-07-06 04:15:00,2023-07-06,4,0.8968727415326592,0.4422886902190604,187,-0.0611320675754918,-0.998129686119968,0.0183,0.0182,0.0134,0.0123,0.0130999999999999,
2023-07-06 04:30:00,2023-07-06,4,0.9238795325112786,0.3826834323651093,187,-0.0613109270355895,-0.9981187154973284,0.018,0.0179,0.0177,0.0162,0.0173,
2023-07-06 04:45:00,2023-07-06,4,0.9469301294951132,0.3214394653031392,187,-0.0614897845269282,-0.9981077128240378,0.0506,0.0502,0.0453,0.0402,0.0467,
2023-07-06 05:00:00,2023-07-06,5,0.9659258262890272,0.2588190451026743,187,-0.0616686400437639,-0.9980966781004496,0.052,0.0523999999999999,0.0405,0.0358,0.0421,
2023-07-06 05:15:00,2023-07-06,5,0.980785280403208,0.1950903220162403,187,-0.061847493580355,-0.9980856113269182,0.0472999999999999,0.0472999999999999,0.0405,0.0368,0.0407999999999999,
2023-07-06 05:30:00,2023-07-06,5,0.9914448613738014,0.1305261922201204,187,-0.062026345130957,-0.9980745125037986,0.103,0.155,0.0804,0.0663,0.0792,
2023-07-06 05:45:00,2023-07-06,5,0.997858923238602,0.0654031292301676,187,-0.0622051946898272,-0.9980633816314476,0.115,0.26,0.138,0.0948,0.156,
2023-07-06 06:00:00,2023-07-06,6,1.0,-2.010710978957036e-14,187,-0.0623840422512227,-0.9980522187102224,0.161,0.274,0.169,0.106,0.19,
2023-07-06 06:15:00,2023-07-06,6,0.9978589232385991,-0.0654031292302078,187,-0.0625628878094008,-0.9980410237404816,0.173,0.363,0.233,0.134,0.262,
2023-07-06 06:30:00,2023-07-06,6,0.9914448613738258,-0.1305261922199349,187,-0.0627417313586177,-0.9980297967225844,0.206,0.461,0.317,0.198,0.353,
2023-07-06 06:45:00,2023-07-06,6,0.9807852804032446,-0.1950903220160567,187,-0.0629205728931311,-0.9980185376568916,0.156,0.469,0.333,0.21,0.367,
2023-07-06 07:00:00,2023-07-06,7,0.9659258262890756,-0.2588190451024935,187,-0.0630994124071986,-0.9980072465437644,0.146,0.514,0.394,0.265,0.429,
2023-07-06 07:15:00,2023-07-06,7,0.9469301294951004,-0.3214394653031773,187,-0.0632782498950765,-0.9979959233835658,0.108,0.523,0.41,0.282,0.444,
2023-07-06 07:30:00,2023-07-06,7,0.9238795325113502,-0.3826834323649364,187,-0.0634570853510227,-0.9979845681766591,0.193,0.633,0.492,0.353,0.537,
2023-07-06 07:45:00,2023-07-06,7,0.8968727415327419,-0.4422886902188925,187,-0.0636359187692946,-0.9979731809234093,0.208,0.251,0.233,0.19,0.242,
2023-07-06 08:00:00,2023-07-06,8,0.8660254037844769,-0.4999999999999338,187,-0.06381475014415,-0.9979617616241816,0.114,0.654,0.572,0.436,0.607,
2023-07-06 08:15:00,2023-07-06,8,0.8314696123025628,-0.5555702330195759,187,-0.0639935794698457,-0.9979503102793428,0.122,0.692,0.619,0.48,0.654,
2023-07-06 08:30:00,2023-07-06,8,0.7933533402912272,-0.6087614290087311,187,-0.0641724067406396,-0.9979388268892608,0.125,0.71,0.645,0.508,0.679,
2023-07-06 08:45:00,2023-07-06,8,0.7518398074789392,-0.6593458151001124,187,-0.0643512319507899,-0.997927311454304,0.173,0.801,0.739,0.595,0.773,
2023-07-06 09:00:00,2023-07-06,9,0.707106781186475,-0.7071067811866202,187,-0.0645300550945534,-0.9979157639748428,0.193,0.821,0.779,0.638,0.809,
2023-07-06 09:15:00,2023-07-06,9,0.6593458151001289,-0.7518398074789246,187,-0.0647088761661884,-0.9979041844512472,0.158,0.847,0.82,0.677,0.85,
2023-07-06 09:30:00,2023-07-06,9,0.6087614290087485,-0.7933533402912137,187,-0.0648876951599527,-0.9978925728838896,0.224,0.837,0.835,0.704,0.868,
2023-07-06 09:45:00,2023-07-06,9,0.5555702330195942,-0.8314696123025506,187,-0.0650665120701047,-0.9978809292731428,0.132,0.874,0.85,0.712,0.881,
2023-07-06 10:00:00,2023-07-06,10,0.5000000000001498,-0.8660254037843521,187,-0.0652453268909015,-0.9978692536193804,0.129,0.893,0.854,0.738,0.907,
2023-07-06 10:15:00,2023-07-06,10,0.4422886902191162,-0.8968727415326316,187,-0.0654241396166017,-0.9978575459229776,0.132,0.912,0.848,0.762,0.93,
2023-07-06 10:30:00,2023-07-06,10,0.3826834323651668,-0.9238795325112548,187,-0.0656029502414637,-0.9978458061843104,0.132,0.926,0.847,0.783,0.948,
2023-07-06 10:45:00,2023-07-06,10,0.3214394653031981,-0.9469301294950933,187,-0.0657817587597446,-0.9978340344037552,0.13,0.94,0.857,0.803,0.967,
2023-07-06 11:00:00,2023-07-06,11,0.2588190451025148,-0.96592582628907,187,-0.0659605651657042,-0.9978222305816908,0.131,0.948,0.87,0.815,0.977,
2023-07-06 11:15:00,2023-07-06,11,0.1950903220160783,-0.9807852804032404,187,-0.0661393694535997,-0.9978103947184958,0.129,0.949,0.886,0.822,0.981,
2023-07-06 11:30:00,2023-07-06,11,0.1305261922199567,-0.9914448613738228,187,-0.0663181716176903,-0.9977985268145502,0.133,0.951,0.91,0.827,0.98,
2023-07-06 11:45:00,2023-07-06,11,0.0654031292302297,-0.9978589232385978,187,-0.0664969716522335,-0.9977866268702352,0.132,0.95,0.929,0.829,0.979,
2023-07-06 12:00:00,2023-07-06,12,4.212661192939577e-14,-1.0,187,-0.0666757695514885,-0.9977746948859332,0.135,0.946,0.931,0.823,0.971,
2023-07-06 12:15:00,2023-07-06,12,-0.0654031292301457,-0.9978589232386034,187,-0.0668545653097142,-0.9977627308620268,0.143,0.947,0.924,0.818,0.964,
2023-07-06 12:30:00,2023-07-06,12,-0.1305261922198732,-0.991444861373834,187,-0.067033358921168,-0.9977507347989004,0.143,0.929,0.914,0.813,0.955,
2023-07-06 12:45:00,2023-07-06,12,-0.1950903220159957,-0.9807852804032569,187,-0.0672121503801104,-0.9977387066969394,0.172,0.858,0.841,0.751,0.875,
2023-07-06 13:00:00,2023-07-06,13,-0.2588190451024335,-0.9659258262890916,187,-0.0673909396807989,-0.99772664655653,0.234,0.923,0.89,0.797,0.935,
2023-07-06 13:15:00,2023-07-06,13,-0.3214394653031184,-0.9469301294951205,187,-0.0675697268174928,-0.9977145543780592,0.318,0.831,0.825,0.746,0.863,
2023-07-06 13:30:00,2023-07-06,13,-0.382683432365089,-0.9238795325112872,187,-0.0677485117844516,-0.9977024301619156,0.14,0.862,0.821,0.737,0.864,
2023-07-06 13:45:00,2023-07-06,13,-0.4422886902190406,-0.8968727415326688,187,-0.0679272945759333,-0.9976902739084884,0.122,0.822,0.763,0.686,0.808,
2023-07-06 14:00:00,2023-07-06,14,-0.5000000000000768,-0.8660254037843943,187,-0.0681060751861979,-0.9976780856181676,0.124,0.79,0.72,0.65,0.766,
2023-07-06 14:15:00,2023-07-06,14,-0.5555702330195241,-0.8314696123025974,187,-0.0682848536095034,-0.9976658652913452,0.118,0.757,0.679,0.614,0.726,
2023-07-06 14:30:00,2023-07-06,14,-0.6087614290086817,-0.793353340291265,187,-0.0684636298401106,-0.9976536129284131,0.12,0.721,0.631,0.572,0.679,
2023-07-06 14:45:00,2023-07-06,14,-0.6593458151000656,-0.7518398074789803,187,-0.0686424038722775,-0.9976413285297652,0.119,0.683,0.582,0.528,0.633,
2023-07-06 15:00:00,2023-07-06,15,-0.7071067811864153,-0.7071067811866797,187,-0.0688211757002641,-0.9976290120957958,0.116,0.644,0.531,0.482,0.584,
2023-07-06 15:15:00,2023-07-06,15,-0.7518398074788837,-0.6593458151001758,187,-0.0689999453183301,-0.9976166636269,0.114,0.603,0.48,0.434,0.534,
2023-07-06 15:30:00,2023-07-06,15,-0.7933533402911759,-0.6087614290087979,187,-0.0691787127207342,-0.9976042831234748,0.111,0.56,0.426,0.385,0.481,
2023-07-06 15:45:00,2023-07-06,15,-0.831469612302516,-0.5555702330196459,187,-0.0693574779017369,-0.9975918705859176,0.111,0.512,0.368,0.333,0.423,
2023-07-06 16:00:00,2023-07-06,16,-0.8660254037844347,-0.5000000000000068,187,-0.0695362408555965,-0.9975794260146268,0.113,0.428,0.29,0.262,0.339,
2023-07-06 16:15:00,2023-07-06,16,-0.8968727415327047,-0.4422886902189681,187,-0.0697150015765745,-0.9975669494100023,0.151,0.407,0.246,0.217,0.296,
2023-07-06 16:30:00,2023-07-06,16,-0.923879532511318,-0.3826834323650143,187,-0.0698937600589294,-0.9975544407724448,0.0949,0.376,0.213,0.189,0.265,
2023-07-06 16:45:00,2023-07-06,16,-0.9469301294950732,-0.3214394653032571,187,-0.0700725162969215,-0.9975419001023554,0.0872,0.326,0.164,0.145,0.212,
2023-07-06 17:00:00,2023-07-06,17,-0.9659258262890538,-0.2588190451025749,187,-0.0702512702848112,-0.9975293274001372,0.0912999999999999,0.224,0.11,0.0949,0.139,
2023-07-06 17:15:00,2023-07-06,17,-0.9807852804032282,-0.1950903220161393,187,-0.0704300220168577,-0.9975167226661942,0.0992,0.194,0.08,0.0684,0.108,
2023-07-06 17:30:00,2023-07-06,17,-0.9914448613737852,-0.1305261922202438,187,-0.0706087714873214,-0.9975040859009306,0.0783,0.194,0.0709,0.0621,0.0852,
2023-07-06 17:45:00,2023-07-06,17,-0.9978589232385936,-0.0654031292302918,187,-0.0707875186904625,-0.9974914171047524,0.057,0.141,0.0538999999999999,0.0495,0.0567999999999999,
2023-07-06 18:00:00,2023-07-06,18,-1.0,-1.043603336483619e-13,187,-0.0709662636205417,-0.9974787162780666,0.0431,0.0937,0.04,0.0385,0.0424,
2023-07-06 18:15:00,2023-07-06,18,-0.9978589232386074,0.0654031292300836,187,-0.0711450062718185,-0.9974659834212808,0.0315,0.0319,0.0271,0.0266999999999999,0.0273999999999999,
2023-07-06 18:30:00,2023-07-06,18,-0.9914448613738124,0.1305261922200369,187,-0.0713237466385536,-0.997453218534804,0.0132,0.0136,0.0135,0.013,0.0126,
2023-07-06 18:45:00,2023-07-06,18,-0.9807852804032248,0.1950903220161576,187,-0.071502484715008,-0.997440421619046,0.003,0.00331,0.00437,0.00383,0.00292,
2023-07-06 19:00:00,2023-07-06,19,-0.965925826289049,0.2588190451025929,187,-0.0716812204954413,-0.9974275926744176,-0.00106,-0.000819,0.000369,0.000241,-0.000831,
2023-07-06 19:15:00,2023-07-06,19,-0.9469301294951404,0.3214394653030594,187,-0.0718599539741146,-0.997414731701331,-0.00293,-0.0026,-0.00133,-0.00147,-0.00257,
2023-07-06 19:30:00,2023-07-06,19,-0.9238795325113108,0.3826834323650315,187,-0.0720386851452885,-0.997401838700199,-0.00342,-0.00308,-0.00163,-0.0015,-0.00264,
2023-07-06 19:45:00,2023-07-06,19,-0.8968727415326964,0.4422886902189848,187,-0.0722174140032242,-0.997388913671436,-0.00346,-0.00312,-0.00155,-0.00161,-0.00257,
2023-07-06 20:00:00,2023-07-06,20,-0.8660254037844254,0.500000000000023,187,-0.0723961405421817,-0.9973759566154564,-0.00315,-0.00283,-0.0012,-0.0013,-0.00241,
2023-07-06 20:15:00,2023-07-06,20,-0.8314696123026319,0.5555702330194724,187,-0.0725748647564223,-0.9973629675326766,-0.0028799999999999,-0.00249,-0.00111,-0.000998,-0.00221,
2023-07-06 20:30:00,2023-07-06,20,-0.793353340291303,0.6087614290086323,187,-0.0727535866402074,-0.9973499464235138,-0.00263,-0.00202,-0.000724,-0.000768,-0.00198,
2023-07-06 20:45:00,2023-07-06,20,-0.7518398074790212,0.6593458151000188,187,-0.0729323061877973,-0.997336893288386,-0.00268,-0.00215,-0.000751,-0.000745,-0.00206,
2023-07-06 21:00:00,2023-07-06,21,-0.7071067811865629,0.7071067811865321,187,-0.0731110233934534,-0.9973238081277124,-0.0022,-0.00153,-0.000321,-0.000176,-0.00164,
2023-07-06 21:15:00,2023-07-06,21,-0.6593458151000516,0.7518398074789926,187,-0.0732897382514369,-0.9973106909419128,-0.00246,-0.00198,-0.000776,-0.000761,-0.00196,
2023-07-06 21:30:00,2023-07-06,21,-0.6087614290086669,0.7933533402912765,187,-0.0734684507560097,-0.9972975417314092,-0.00246,-0.0019299999999999,-0.000614,-0.000573,-0.00176,
2023-07-06 21:45:00,2023-07-06,21,-0.5555702330196977,0.8314696123024814,187,-0.0736471609014321,-0.9972843604966232,-0.00182,-0.00146,-0.000307,0.000191,-0.00072,
2023-07-06 22:00:00,2023-07-06,22,-0.5000000000000606,0.8660254037844036,187,-0.073825868681966,-0.9972711472379782,-0.00325,-0.00287,-0.000641,-0.000378,-0.00147,
2023-07-06 22:15:00,2023-07-06,22,-0.4422886902190239,0.8968727415326772,187,-0.0740045740918734,-0.9972579019558984,-0.0019299999999999,-0.00166,-0.000576,-0.000707,-9.85e-05,
2023-07-06 22:30:00,2023-07-06,22,-0.3826834323650717,0.9238795325112942,187,-0.0741832771254149,-0.9972446246508094,-0.00326,-0.00295,-0.00121,-0.00159,-0.0016,
2023-07-06 22:45:00,2023-07-06,22,-0.321439465303316,0.9469301294950532,187,-0.0743619777768527,-0.9972313153231376,-0.0028599999999999,-0.00227,-0.00163,-0.00145,-0.00268,
2023-07-06 23:00:00,2023-07-06,23,-0.258819045102635,0.9659258262890376,187,-0.0745406760404485,-0.99721797397331,-0.00158,-0.00103,-0.00107,-0.000505,-0.00159,
2023-07-06 23:15:00,2023-07-06,23,-0.1950903220162004,0.980785280403216,187,-0.0747193719104646,-0.997204600601755,-0.00196,-0.00128,-0.00092,-0.000688,-0.00221,
2023-07-06 23:30:00,2023-07-06,23,-0.1305261922200801,0.9914448613738066,187,-0.0748980653811619,-0.9971911952089024,-0.00275,-0.00207,-0.000879,-0.000852,-0.0023599999999999,
2023-07-06 23:45:00,2023-07-06,23,-0.0654031292301271,0.9978589232386046,187,-0.0750767564468028,-0.9971777577951824,-0.00254,-0.00154,-0.000631,-0.000367,-0.0022,
2023-07-07 00:00:00,2023-07-07,0,6.077962007590402e-14,1.0,188,-0.0752554451016499,-0.9971642883610266,-0.00242,-0.00145,-0.000448,-0.00039,-0.00199,
2023-07-07 00:15:00,2023-07-07,0,0.0654031292302484,0.9978589232385966,188,-0.0754341313399643,-0.9971507869068674,-0.00261,-0.00171,-0.00039,-0.000336,-0.00178,
2023-07-07 00:30:00,2023-07-07,0,0.1305261922199752,0.9914448613738204,188,-0.0756128151560088,-0.9971372534331384,-0.0019299999999999,-0.00136,-0.000434,-0.000348,-0.00178,
2023-07-07 00:45:00,2023-07-07,0,0.1950903220160966,0.9807852804032368,188,-0.0757914965440455,-0.9971236879402744,-0.00195,-0.00111,0.000248,0.000268,-0.000797,
2023-07-07 01:00:00,2023-07-07,1,0.2588190451025328,0.9659258262890652,188,-0.0759701754983373,-0.9971100904287108,-0.00227,-0.00154,-0.000172,9.94e-05,-0.0016699999999999,
2023-07-07 01:15:00,2023-07-07,1,0.3214394653030005,0.9469301294951604,188,-0.0761488520131457,-0.9970964608988842,-0.00272,-0.00215,-0.000817,-0.000547,-0.00177,
2023-07-07 01:30:00,2023-07-07,1,0.382683432364974,0.9238795325113348,188,-0.0763275260827337,-0.9970827993512322,-0.00151,-0.0012,-0.000417,-0.000149,-0.00129,
2023-07-07 01:45:00,2023-07-07,1,0.4422886902189291,0.8968727415327239,188,-0.0765061977013643,-0.9970691057861936,-0.00232,-0.00199,-0.000731,-0.000505,-0.00157,
2023-07-07 02:00:00,2023-07-07,2,0.499999999999969,0.8660254037844565,188,-0.0766848668632988,-0.997055380204208,-0.00269,-0.00226,-0.00104,-0.000925,-0.00211,
2023-07-07 02:15:00,2023-07-07,2,0.5555702330196097,0.8314696123025402,188,-0.0768635335628018,-0.9970416226057164,-0.00215,-0.00157,-0.000655,-0.000596,-0.00183,
2023-07-07 02:30:00,2023-07-07,2,0.6087614290087633,0.7933533402912024,188,-0.0770421977941347,-0.9970278329911604,-0.00257,-0.002,-0.000838,-0.000852,-0.0021,
2023-07-07 02:45:00,2023-07-07,2,0.659345815100143,0.7518398074789124,188,-0.0772208595515613,-0.9970140113609828,-0.00235,-0.0017,-0.000638,-0.000547,-0.0019399999999999,
2023-07-07 03:00:00,2023-07-07,3,0.7071067811864881,0.707106781186607,188,-0.0773995188293437,-0.9970001577156274,-0.00191,-0.00122,2.4100000000000003e-05,-8.03e-05,-0.00112,
2023-07-07 03:15:00,2023-07-07,3,0.7518398074789515,0.6593458151000984,188,-0.0775781756217455,-0.9969862720555392,-0.00147,-0.000865,0.000186,0.000856,-0.000458,
2023-07-07 03:30:00,2023-07-07,3,0.7933533402912385,0.6087614290087162,188,-0.0777568299230302,-0.9969723543811638,-0.00237,-0.00155,3.1e-05,0.000122,-0.00134,
2023-07-07 03:45:00,2023-07-07,3,0.8314696123024469,0.5555702330197495,188,-0.0779354817274597,-0.9969584046929484,-0.0012,-0.000613,0.000841,0.000799,-0.000587,
2023-07-07 04:00:00,2023-07-07,4,0.8660254037843725,0.5000000000001146,188,-0.0781141310292991,-0.9969444229913408,0.00316,0.00346,0.00445,0.00425,0.00306,
2023-07-07 04:15:00,2023-07-07,4,0.8968727415326496,0.4422886902190798,188,-0.0782927778228104,-0.99693040927679,0.0129,0.0130999999999999,0.0124,0.0118,0.0115,
2023-07-07 04:30:00,2023-07-07,4,0.9238795325112704,0.3826834323651292,188,-0.0784714221022575,-0.996916363549746,0.0237,0.0237,0.0219,0.0206,0.021,
2023-07-07 04:45:00,2023-07-07,4,0.9469301294951064,0.3214394653031596,188,-0.0786500638619044,-0.9969022858106598,0.0345,0.0347,0.0311,0.0288,0.0301999999999999,
2023-07-07 05:00:00,2023-07-07,5,0.9659258262890804,0.2588190451024755,188,-0.0788287030960139,-0.9968881760599834,0.0458,0.0557,0.041,0.0382999999999999,0.0409,
2023-07-07 05:15:00,2023-07-07,5,0.9807852804032484,0.1950903220160384,188,-0.0790073397988506,-0.99687403429817,0.0525,0.152,0.0557,0.0516,0.0498,
2023-07-07 05:30:00,2023-07-07,5,0.9914448613737984,0.1305261922201418,188,-0.0791859739646768,-0.9968598605256735,0.0589,0.196,0.0705,0.0573,0.0557,
2023-07-07 05:45:00,2023-07-07,5,0.9978589232386004,0.0654031292301891,188,-0.0793646055877583,-0.9968456547429494,0.0644,0.242,0.108,0.063,0.13,
2023-07-07 06:00:00,2023-07-07,6,1.0,1.4541016430621149e-15,188,-0.0795432346623577,-0.9968314169504536,0.0712,0.293,0.152,0.0692,0.18,
2023-07-07 06:15:00,2023-07-07,6,0.9978589232386156,-0.0654031292299594,188,-0.0797218611827394,-0.9968171471486432,0.077,0.34,0.2,0.0917999999999999,0.231,
2023-07-07 06:30:00,2023-07-07,6,0.9914448613738286,-0.1305261922199135,188,-0.079900485143168,-0.9968028453379768,0.0819,0.388,0.252,0.139,0.285,
2023-07-07 06:45:00,2023-07-07,6,0.9807852804032487,-0.1950903220160355,188,-0.0800791065379068,-0.9967885115189132,0.0889,0.438,0.31,0.189,0.342,
2023-07-07 07:00:00,2023-07-07,7,0.9659258262890812,-0.2588190451024727,188,-0.0802577253612209,-0.9967741456919128,0.0985,0.49,0.376,0.25,0.409,
2023-07-07 07:15:00,2023-07-07,7,0.9469301294951072,-0.3214394653031569,188,-0.0804363416073735,-0.9967597478574372,0.125,0.503,0.402,0.283,0.438,
2023-07-07 07:30:00,2023-07-07,7,0.9238795325112716,-0.3826834323651266,188,-0.0806149552706307,-0.9967453180159483,0.145,0.559,0.472,0.351,0.507,
2023-07-07 07:45:00,2023-07-07,7,0.8968727415326508,-0.4422886902190772,188,-0.0807935663452556,-0.99673085616791,0.156,0.624,0.545,0.414,0.578,
2023-07-07 08:00:00,2023-07-07,8,0.8660254037844877,-0.4999999999999151,188,-0.0809721748255135,-0.996716362313786,0.212,0.547,0.48,0.373,0.514,
2023-07-07 08:15:00,2023-07-07,8,0.8314696123025748,-0.555570233019558,188,-0.0811507807056693,-0.9967018364540422,0.25,0.696,0.613,0.484,0.648,
2023-07-07 08:30:00,2023-07-07,8,0.7933533402912403,-0.608761429008714,188,-0.081329383979987,-0.996687278589145,0.189,0.707,0.641,0.51,0.672,
2023-07-07 08:45:00,2023-07-07,8,0.7518398074791034,-0.6593458150999253,188,-0.0815079846427319,-0.9966726887195616,0.209,0.771,0.69,0.553,0.723,
2023-07-07 09:00:00,2023-07-07,9,0.7071067811866509,-0.7071067811864441,188,-0.081686582688169,-0.9966580668457607,0.164,0.824,0.766,0.623,0.799,
2023-07-07 09:15:00,2023-07-07,9,0.6593458151001451,-0.7518398074789104,188,-0.0818651781105636,-0.996643412968212,0.185,0.808,0.774,0.642,0.802,
2023-07-07 09:30:00,2023-07-07,9,0.6087614290087656,-0.7933533402912006,188,-0.0820437709041801,-0.9966287270873856,0.154,0.86,0.836,0.698,0.867,
2023-07-07 09:45:00,2023-07-07,9,0.5555702330196122,-0.8314696123025386,188,-0.082222361063284,-0.9966140092037532,0.241,0.862,0.845,0.718,0.88,
2023-07-07 10:00:00,2023-07-07,10,0.4999999999999716,-0.866025403784455,188,-0.0824009485821411,-0.9965992593177878,0.183,0.905,0.892,0.78,0.94,
2023-07-07 10:15:00,2023-07-07,10,0.4422886902189317,-0.8968727415327227,188,-0.0825795334550159,-0.9965844774299628,0.164,0.923,0.876,0.793,0.956,
2023-07-07 10:30:00,2023-07-07,10,0.3826834323651867,-0.9238795325112464,188,-0.0827581156761742,-0.9965696635407526,0.286,0.934,0.903,0.841,0.998,
2023-07-07 10:45:00,2023-07-07,10,0.3214394653032186,-0.9469301294950864,188,-0.0829366952398817,-0.9965548176506333,0.298,0.968,0.917,0.858,1.02,
2023-07-07 11:00:00,2023-07-07,11,0.2588190451025356,-0.9659258262890644,188,-0.0831152721404043,-0.9965399397600814,0.17,0.965,0.902,0.85,1.01,
2023-07-07 11:15:00,2023-07-07,11,0.1950903220160994,-0.9807852804032362,188,-0.0832938463720069,-0.9965250298695746,0.222,0.939,0.906,0.848,0.993,
2023-07-07 11:30:00,2023-07-07,11,0.1305261922202035,-0.9914448613737904,188,-0.0834724179289557,-0.9965100879795916,0.377,0.437,0.429,0.386,0.443,
2023-07-07 11:45:00,2023-07-07,11,0.0654031292302513,-0.9978589232385964,188,-0.083650986805517,-0.9964951140906126,0.419,0.584,0.556,0.495,0.58,
2023-07-07 12:00:00,2023-07-07,12,6.368782336202826e-14,-1.0,188,-0.083829552995956,-0.9964801082031184,0.204,0.941,0.947,0.847,0.984,
2023-07-07 12:15:00,2023-07-07,12,-0.0654031292301242,-0.9978589232386048,188,-0.0840081164945391,-0.99646507031759,0.248,0.98,0.982,0.879,1.02,
2023-07-07 12:30:00,2023-07-07,12,-0.1305261922200772,-0.991444861373807,188,-0.0841866772955324,-0.9964500004345116,0.37,0.789,0.789,0.709,0.819,
2023-07-07 12:45:00,2023-07-07,12,-0.1950903220161975,-0.9807852804032168,188,-0.0843652353932026,-0.996434898554366,0.352,0.824,0.833,0.75,0.864,
2023-07-07 13:00:00,2023-07-07,13,-0.2588190451024126,-0.9659258262890972,188,-0.0845437907818147,-0.9964197646776386,0.41,0.697,0.674,0.608,0.705,
2023-07-07 13:15:00,2023-07-07,13,-0.3214394653030979,-0.9469301294951272,188,-0.0847223434556369,-0.9964045988048154,0.434,0.703,0.663,0.595,0.695,
2023-07-07 13:30:00,2023-07-07,13,-0.3826834323650691,-0.9238795325112952,188,-0.0849008934089347,-0.9963894009363832,0.337,0.564,0.525,0.471,0.552,
2023-07-07 13:45:00,2023-07-07,13,-0.4422886902190213,-0.8968727415326784,188,-0.0850794406359743,-0.9963741710728304,0.359,0.443,0.416,0.376,0.434,
2023-07-07 14:00:00,2023-07-07,14,-0.4999999999998612,-0.8660254037845188,188,-0.0852579851310228,-0.9963589092146456,0.363,0.389,0.339,0.301,0.356,
2023-07-07 14:15:00,2023-07-07,14,-0.5555702330195063,-0.8314696123026094,188,-0.085436526888347,-0.9963436153623192,0.375,0.586,0.521,0.467,0.553,
2023-07-07 14:30:00,2023-07-07,14,-0.6087614290086646,-0.7933533402912782,188,-0.085615065902214,-0.996328289516342,0.192,0.191,0.182,0.164,0.187,
2023-07-07 14:45:00,2023-07-07,14,-0.6593458151000494,-0.7518398074789945,188,-0.0857936021668896,-0.9963129316772062,0.348,0.657,0.539,0.482,0.588,
2023-07-07 15:00:00,2023-07-07,15,-0.7071067811865609,-0.7071067811865341,188,-0.0859721356766424,-0.9962975418454052,0.277,0.396,0.343,0.308,0.368,
2023-07-07 15:15:00,2023-07-07,15,-0.7518398074790194,-0.659345815100021,188,-0.0861506664257388,-0.996282120021433,0.276,0.36,0.31,0.28,0.333,
2023-07-07 15:30:00,2023-07-07,15,-0.7933533402911628,-0.608761429008815,188,-0.086329194408445,-0.996266666205785,0.252,0.306,0.26,0.232,0.279,
2023-07-07 15:45:00,2023-07-07,15,-0.831469612302504,-0.5555702330196639,188,-0.08650771961903,-0.9962511803989572,0.0866,0.0858,0.0768,0.0655,0.0782,
2023-07-07 16:00:00,2023-07-07,16,-0.8660254037844239,-0.5000000000000254,188,-0.0866862420517599,-0.9962356626014468,0.0397,0.0394,0.0373,0.0343,0.0361,
2023-07-07 16:15:00,2023-07-07,16,-0.8968727415326951,-0.4422886902189875,188,-0.0868647617009031,-0.9962201128137522,0.138,0.137,0.0886,0.0737999999999999,0.0991,
2023-07-07 16:30:00,2023-07-07,16,-0.9238795325112228,-0.3826834323652442,188,-0.0870432785607257,-0.9962045310363732,0.147,0.145,0.108,0.0922,0.118,
2023-07-07 16:45:00,2023-07-07,16,-0.9469301294950664,-0.3214394653032775,188,-0.0872217926254971,-0.9961889172698092,0.0345,0.0343,0.0364,0.0342,0.0351,
2023-07-07 17:00:00,2023-07-07,17,-0.9659258262890482,-0.2588190451025958,188,-0.0874003038894843,-0.9961732715145624,0.0586,0.0582,0.0574,0.0557999999999999,0.0569,
2023-07-07 17:15:00,2023-07-07,17,-0.980785280403224,-0.1950903220161605,188,-0.0875788123469541,-0.9961575937711348,0.153,0.259,0.128,0.112,0.163,
2023-07-07 17:30:00,2023-07-07,17,-0.991444861373812,-0.1305261922200398,188,-0.0877573179921761,-0.9961418840400298,0.098,0.0974,0.0768,0.071,0.0785,
2023-07-07 17:45:00,2023-07-07,17,-0.9978589232386073,-0.0654031292300865,188,-0.0879358208194172,-0.996126142321752,0.0867,0.13,0.0663,0.0607,0.0714,
2023-07-07 18:00:00,2023-07-07,18,-1.0,1.0145213036223769e-13,188,-0.0881143208229461,-0.9961103686168068,0.0780999999999999,0.103,0.0658,0.0624,0.0687,
2023-07-07 18:15:00,2023-07-07,18,-0.9978589232386088,0.0654031292300621,188,-0.0882928179970299,-0.996094562925701,0.0456,0.0457,0.0335,0.0321,0.0343,
2023-07-07 18:30:00,2023-07-07,18,-0.9914448613738152,0.1305261922200155,188,-0.0884713123359384,-0.9960787252489418,0.0253,0.0255,0.0195,0.0184,0.0191,
2023-07-07 18:45:00,2023-07-07,18,-0.9807852804032288,0.1950903220161365,188,-0.0886498038339393,-0.9960628555870378,0.00911,0.00922,0.00758,0.00675,0.00639,
2023-07-07 19:00:00,2023-07-07,19,-0.9659258262891134,0.2588190451023525,188,-0.0888282924853,-0.9960469539404988,-0.00145,-0.00112,0.000545,6.879999999999999e-05,-0.000656,
2023-07-07 19:15:00,2023-07-07,19,-0.9469301294951472,0.321439465303039,188,-0.0890067782842909,-0.996031020309835,-0.00225,-0.0019299999999999,-0.000848,-0.00101,-0.0020499999999999,
2023-07-07 19:30:00,2023-07-07,19,-0.9238795325113192,0.3826834323650115,188,-0.0891852612251792,-0.9960150546955586,-0.00285,-0.00245,-0.000993,-0.00112,-0.00206,
2023-07-07 19:45:00,2023-07-07,19,-0.8968727415327059,0.4422886902189655,188,-0.0893637413022342,-0.9959990570981818,-0.00209,-0.00159,-0.000448,-4.97e-05,-0.000814,
2023-07-07 20:00:00,2023-07-07,20,-0.8660254037844362,0.5000000000000042,188,-0.0895422185097246,-0.9959830275182188,-0.00347,-0.00298,-0.00137,-0.0013,-0.00248,
2023-07-07 20:15:00,2023-07-07,20,-0.8314696123025176,0.5555702330196436,188,-0.0897206928419199,-0.9959669659561836,-0.00328,-0.00259,-0.00114,-0.00128,-0.00245,
2023-07-07 20:30:00,2023-07-07,20,-0.7933533402911777,0.6087614290087956,188,-0.0898991642930884,-0.9959508724125926,-0.00262,-0.00202,-0.000541,-0.000547,-0.00166,
2023-07-07 20:45:00,2023-07-07,20,-0.7518398074790354,0.6593458151000026,188,-0.0900776328574986,-0.9959347468879624,-0.00248,-0.00187,-0.000662,-0.000325,-0.00178,
2023-07-07 21:00:00,2023-07-07,21,-0.7071067811865782,0.7071067811865168,188,-0.0902560985294213,-0.9959185893828106,-0.0025,-0.00195,-0.00091,-0.000413,-0.0021,
2023-07-07 21:15:00,2023-07-07,21,-0.6593458151000678,0.7518398074789784,188,-0.0904345613031244,-0.9959023998976564,-0.00242,-0.00174,-0.000576,-0.000596,-0.00197,
2023-07-07 21:30:00,2023-07-07,21,-0.6087614290088643,0.7933533402911249,188,-0.0906130211728778,-0.9958861784330192,-0.000554,0.000457,0.00105,0.00121,0.000758,
2023-07-07 21:45:00,2023-07-07,21,-0.5555702330197156,0.8314696123024694,188,-0.090791478132951,-0.9958699249894204,-0.00164,-0.00107,-0.000376,1.15e-05,-0.000913,
2023-07-07 22:00:00,2023-07-07,22,-0.5000000000000794,0.8660254037843929,188,-0.0909699321776139,-0.9958536395673816,-0.0011899999999999,-0.000908,-0.000417,-0.000226,-0.000844,
2023-07-07 22:15:00,2023-07-07,22,-0.4422886902190432,0.8968727415326676,188,-0.0911483833011358,-0.9958373221674256,-0.00121,-0.000979,-0.000676,-0.000776,-0.000716,
2023-07-07 22:30:00,2023-07-07,22,-0.3826834323650916,0.923879532511286,188,-0.0913268314977855,-0.9958209727900768,-0.00578,-0.00494,-0.00319,-0.00306,-0.0056799999999999,
2023-07-07 22:45:00,2023-07-07,22,-0.3214394653031211,0.9469301294951192,188,-0.0915052767618346,-0.99580459143586,-0.00174,-0.00147,0.000134,0.000233,-0.000381,
2023-07-07 23:00:00,2023-07-07,23,-0.2588190451024362,0.965925826289091,188,-0.0916837190875517,-0.9957881781053012,-0.000145,0.000791,0.00147,0.00146,0.0003,
2023-07-07 23:15:00,2023-07-07,23,-0.1950903220162215,0.980785280403212,188,-0.0918621584692074,-0.9957717327989272,-0.00102,-8.51e-05,0.000417,0.000489,8.14e-05,
2023-07-07 23:30:00,2023-07-07,23,-0.1305261922201015,0.9914448613738038,188,-0.0920405949010716,-0.9957552555172664,-0.00182,-0.00158,-0.000479,-0.000344,-0.00164,
2023-07-07 23:45:00,2023-07-07,23,-0.0654031292301486,0.9978589232386031,188,-0.0922190283774152,-0.995738746260848,-0.0014299999999999,-0.000823,-0.000186,-2.68e-05,-0.000668,
2023-07-08 00:00:00,2023-07-08,0,-1.8815526679996053e-13,1.0,189,-0.0923974588925074,-0.995722205030202,-0.00112,-0.00126,-0.000479,-0.00078,-0.00219,
2023-07-08 00:15:00,2023-07-08,0,0.06540312923,0.9978589232386128,189,-0.0925758864406193,-0.9957056318258592,-0.00234,-0.00165,-0.000617,-0.000791,-0.000356,
2023-07-08 00:30:00,2023-07-08,0,0.1305261922199538,0.9914448613738231,189,-0.0927543110160216,-0.9956890266483522,-0.0014299999999999,-0.00117,-0.00113,-0.00083,-0.00232,
2023-07-08 00:45:00,2023-07-08,0,0.1950903220160754,0.980785280403241,189,-0.0929327326129841,-0.9956723894982142,-0.0011,-0.000667,-0.00177,-0.00117,-0.00276,
2023-07-08 01:00:00,2023-07-08,1,0.258819045102512,0.9659258262890706,189,-0.093111151225778,-0.9956557203759792,-0.000459,-0.000301,-0.000683,-0.000547,-0.00139,
2023-07-08 01:15:00,2023-07-08,1,0.3214394653031954,0.946930129495094,189,-0.093289566848674,-0.9956390192821828,-0.00416,-0.00383,-0.00145,-0.00208,-0.00267,
2023-07-08 01:30:00,2023-07-08,1,0.3826834323651641,0.923879532511256,189,-0.0934679794759435,-0.9956222862173608,-0.0045,-0.00397,-0.00152,-0.00198,-0.00239,
2023-07-08 01:45:00,2023-07-08,1,0.4422886902189097,0.8968727415327334,189,-0.0936463891018566,-0.9956055211820511,-0.000558,0.000784,0.000327,0.00106,-0.00054,
2023-07-08 02:00:00,2023-07-08,2,0.4999999999999504,0.8660254037844674,189,-0.0938247957206847,-0.9955887241767916,-0.00204,-0.00084,2.76e-05,0.000329,-0.00093,
2023-07-08 02:15:00,2023-07-08,2,0.5555702330195919,0.8314696123025522,189,-0.0940031993266996,-0.995571895202122,-0.00256,-0.0017,-0.000827,-0.000474,-0.00186,
2023-07-08 02:30:00,2023-07-08,2,0.6087614290085658,0.793353340291354,189,-0.0941815999141711,-0.9955550342585824,-0.00328,-0.00267,-0.00159,-0.00124,-0.0033599999999999,
2023-07-08 02:45:00,2023-07-08,2,0.6593458150999558,0.7518398074790765,189,-0.0943599974773724,-0.995538141346714,-0.00465,-0.00417,-0.00259,-0.00266,-0.00431,
2023-07-08 03:00:00,2023-07-08,3,0.7071067811864729,0.7071067811866222,189,-0.0945383920105736,-0.99552121646706,-0.0028,-0.0025099999999999,-0.0014399999999999,-0.0014299999999999,-0.00269,
2023-07-08 03:15:00,2023-07-08,3,0.7518398074789373,0.6593458151001146,189,-0.0947167835080471,-0.9955042596201634,-0.00161,-0.00101,-0.000234,0.000229,-0.000446,
2023-07-08 03:30:00,2023-07-08,3,0.7933533402912254,0.6087614290087333,189,-0.0948951719640638,-0.9954872708065688,-0.00195,-0.0014199999999999,-0.000617,-0.000199,-0.00113,
2023-07-08 03:45:00,2023-07-08,3,0.8314696123025612,0.5555702330195783,189,-0.0950735573728959,-0.9954702500268215,-0.00104,-0.000752,0.000193,0.000516,-0.000497,
2023-07-08 04:00:00,2023-07-08,4,0.8660254037844755,0.4999999999999363,189,-0.0952519397288156,-0.9954531972814684,0.0029,0.00317,0.00333,0.00314,0.00269,
2023-07-08 04:15:00,2023-07-08,4,0.8968727415326401,0.4422886902190991,189,-0.0954303190260935,-0.995436112571057,0.0146,0.0146,0.0113,0.00975,0.0108,
2023-07-08 04:30:00,2023-07-08,4,0.9238795325112622,0.3826834323651492,189,-0.0956086952590035,-0.9954189958961356,0.0265,0.0264,0.0213,0.0189,0.0213,
2023-07-08 04:45:00,2023-07-08,4,0.9469301294950994,0.32143946530318,189,-0.0957870684218165,-0.9954018472572544,0.0471,0.0467999999999999,0.0372,0.0325,0.0382999999999999,
2023-07-08 05:00:00,2023-07-08,5,0.9659258262890748,0.2588190451024963,189,-0.0959654385088055,-0.9953846666549634,0.085,0.0843,0.0639,0.0541,0.0677,
2023-07-08 05:15:00,2023-07-08,5,0.9807852804031998,0.1950903220162826,189,-0.096143805514242,-0.9953674540898148,0.0783,0.0789,0.0546,0.0467999999999999,0.0581,
2023-07-08 05:30:00,2023-07-08,5,0.9914448613737956,0.1305261922201632,189,-0.0963221694323989,-0.9953502095623612,0.0785,0.079,0.0629,0.0552,0.0652,
2023-07-08 05:45:00,2023-07-08,5,0.997858923238599,0.0654031292302107,189,-0.0965005302575491,-0.995332933073156,0.136,0.152,0.106,0.0853,0.113,
2023-07-08 06:00:00,2023-07-08,6,1.0,2.3015313075694594e-14,189,-0.0966788879839641,-0.9953156246227546,0.16,0.193,0.139,0.104,0.151,
2023-07-08 06:15:00,2023-07-08,6,0.997858923238602,-0.0654031292301647,189,-0.0968572426059183,-0.9952982842117122,0.195,0.25,0.179,0.128,0.196,
2023-07-08 06:30:00,2023-07-08,6,0.9914448613738016,-0.1305261922201175,189,-0.0970355941176832,-0.995280911840586,0.215,0.293,0.216,0.155,0.235,
2023-07-08 06:45:00,2023-07-08,6,0.9807852804032532,-0.1950903220160144,189,-0.0972139425135322,-0.9952635075099336,0.228,0.345,0.264,0.189,0.282,
2023-07-08 07:00:00,2023-07-08,7,0.9659258262890869,-0.2588190451024519,189,-0.0973922877877389,-0.995246071220314,0.248,0.389,0.312,0.227,0.329,
2023-07-08 07:15:00,2023-07-08,7,0.9469301294951142,-0.3214394653031365,189,-0.0975706299345754,-0.995228602972287,0.267,0.425,0.355,0.264,0.373,
2023-07-08 07:30:00,2023-07-08,7,0.9238795325112796,-0.3826834323651066,189,-0.0977489689483158,-0.9952111027664136,0.279,0.468,0.403,0.306,0.422,
2023-07-08 07:45:00,2023-07-08,7,0.896872741532761,-0.4422886902188539,189,-0.0979273048232323,-0.995193570603256,0.294,0.506,0.448,0.347,0.47,
2023-07-08 08:00:00,2023-07-08,8,0.8660254037844984,-0.4999999999998964,189,-0.0981056375536,-0.9951760064833766,0.309,0.545,0.492,0.389,0.516,
2023-07-08 08:15:00,2023-07-08,8,0.8314696123025868,-0.55557023301954,189,-0.0982839671336912,-0.99515841040734,0.315,0.588,0.54,0.435,0.564,
2023-07-08 08:30:00,2023-07-08,8,0.7933533402912534,-0.6087614290086968,189,-0.0984622935577799,-0.9951407823757108,0.325,0.629,0.583,0.474,0.607,
2023-07-08 08:45:00,2023-07-08,8,0.7518398074789676,-0.65934581510008,189,-0.0986406168201403,-0.9951231223890552,0.331,0.668,0.625,0.514,0.652,
2023-07-08 09:00:00,2023-07-08,9,0.7071067811865054,-0.7071067811865897,189,-0.0988189369150454,-0.9951054304479402,0.337,0.702,0.663,0.553,0.696,
2023-07-08 09:15:00,2023-07-08,9,0.6593458150999905,-0.7518398074790462,189,-0.09899725383677,-0.995087706552934,0.34,0.732,0.701,0.592,0.737,
2023-07-08 09:30:00,2023-07-08,9,0.6087614290087827,-0.7933533402911875,189,-0.0991755675795869,-0.995069950704606,0.353,0.75,0.729,0.62,0.764,
2023-07-08 09:45:00,2023-07-08,9,0.55557023301963,-0.8314696123025266,189,-0.099353878137772,-0.9950521629035256,0.366,0.778,0.758,0.65,0.797,
2023-07-08 10:00:00,2023-07-08,10,0.4999999999999902,-0.8660254037844443,189,-0.0995321855055982,-0.995034343150265,0.374,0.799,0.778,0.677,0.823,
2023-07-08 10:15:00,2023-07-08,10,0.4422886902191549,-0.8968727415326125,189,-0.0997104896773403,-0.9950164914453956,0.382,0.807,0.781,0.696,0.84,
2023-07-08 10:30:00,2023-07-08,10,0.3826834323652067,-0.9238795325112384,189,-0.0998887906472732,-0.9949986077894908,0.404,0.812,0.776,0.704,0.844,
2023-07-08 10:45:00,2023-07-08,10,0.321439465303239,-0.9469301294950794,189,-0.1000670884096706,-0.9949806921831252,0.418,0.821,0.78,0.714,0.851,
2023-07-08 11:00:00,2023-07-08,11,0.2588190451025565,-0.9659258262890588,189,-0.1002453829588077,-0.994962744626874,0.413,0.824,0.787,0.721,0.855,
2023-07-08 11:15:00,2023-07-08,11,0.1950903220161206,-0.980785280403232,189,-0.1004236742889591,-0.9949447651213132,0.404,0.838,0.804,0.734,0.867,
2023-07-08 11:30:00,2023-07-08,11,0.1305261922199994,-0.9914448613738172,189,-0.1006019623944002,-0.9949267536670204,0.393,0.848,0.822,0.744,0.877,
2023-07-08 11:45:00,2023-07-08,11,0.0654031292300459,-0.99785892323861,189,-0.1007802472694052,-0.9949087102645736,0.381,0.845,0.828,0.742,0.873,
2023-07-08 12:00:00,2023-07-08,12,8.524903479466072e-14,-1.0,189,-0.1009585289082495,-0.9948906349145528,0.375,0.846,0.834,0.746,0.875,
2023-07-08 12:15:00,2023-07-08,12,-0.0654031292301026,-0.997858923238606,189,-0.1011368073052087,-0.994872527617538,0.357,0.845,0.833,0.747,0.877,
2023-07-08 12:30:00,2023-07-08,12,-0.1305261922200558,-0.9914448613738098,189,-0.1013150824545573,-0.9948543883741108,0.341,0.839,0.824,0.739,0.87,
2023-07-08 12:45:00,2023-07-08,12,-0.1950903220159534,-0.9807852804032652,189,-0.1014933543505711,-0.9948362171848536,0.319,0.832,0.815,0.729,0.862,
2023-07-08 13:00:00,2023-07-08,13,-0.2588190451023918,-0.9659258262891028,189,-0.1016716229875256,-0.99481801405035,0.299,0.821,0.801,0.712,0.847,
2023-07-08 13:15:00,2023-07-08,13,-0.3214394653030775,-0.9469301294951342,189,-0.1018498883596969,-0.9947997789711844,0.284,0.807,0.783,0.692,0.827,
2023-07-08 13:30:00,2023-07-08,13,-0.3826834323650491,-0.9238795325113036,189,-0.1020281504613597,-0.9947815119479424,0.269,0.785,0.757,0.668,0.798,
2023-07-08 13:45:00,2023-07-08,13,-0.442288690219002,-0.8968727415326879,189,-0.1022064092867904,-0.9947632129812104,0.252,0.767,0.732,0.647,0.77,
2023-07-08 14:00:00,2023-07-08,14,-0.5000000000000395,-0.8660254037844158,189,-0.1023846648302653,-0.9947448820715764,0.241,0.744,0.698,0.622,0.735,
2023-07-08 14:15:00,2023-07-08,14,-0.5555702330196773,-0.831469612302495,189,-0.1025629170860595,-0.9947265192196284,0.232,0.714,0.657,0.592,0.695,
2023-07-08 14:30:00,2023-07-08,14,-0.6087614290086475,-0.7933533402912913,189,-0.1027411660484496,-0.9947081244259568,0.226,0.677,0.609,0.557,0.652,
2023-07-08 14:45:00,2023-07-08,14,-0.6593458151000332,-0.7518398074790087,189,-0.1029194117117119,-0.994689697691152,0.221,0.639,0.558,0.516,0.608,
2023-07-08 15:00:00,2023-07-08,15,-0.7071067811865457,-0.7071067811865495,189,-0.1030976540701231,-0.9946712390158052,0.219,0.597,0.508,0.47,0.56,
2023-07-08 15:15:00,2023-07-08,15,-0.7518398074788553,-0.6593458151002082,189,-0.1032758931179588,-0.99465274840051,0.219,0.551,0.457,0.421,0.507,
2023-07-08 15:30:00,2023-07-08,15,-0.7933533402911497,-0.6087614290088321,189,-0.103454128849496,-0.9946342258458594,0.215,0.507,0.406,0.372,0.452,
2023-07-08 15:45:00,2023-07-08,15,-0.8314696123024921,-0.5555702330196818,189,-0.1036323612590117,-0.9946156713524484,0.205,0.469,0.359,0.326,0.4,
2023-07-08 16:00:00,2023-07-08,16,-0.8660254037844132,-0.5000000000000441,189,-0.103810590340782,-0.9945970849208732,0.191,0.428,0.31,0.279,0.347,
2023-07-08 16:15:00,2023-07-08,16,-0.8968727415326856,-0.4422886902190068,189,-0.1039888160890841,-0.99457846655173,0.177,0.386,0.261,0.234,0.3,
2023-07-08 16:30:00,2023-07-08,16,-0.9238795325113016,-0.3826834323650541,189,-0.1041670384981949,-0.9945598162456172,0.164,0.341,0.214,0.191,0.253,
2023-07-08 16:45:00,2023-07-08,16,-0.9469301294951324,-0.3214394653030826,189,-0.1043452575623921,-0.9945411340031332,0.152,0.291,0.17,0.154,0.206,
2023-07-08 17:00:00,2023-07-08,17,-0.9659258262890426,-0.2588190451026166,189,-0.1045234732759518,-0.9945224198248782,0.14,0.244,0.13,0.118,0.162,
2023-07-08 17:15:00,2023-07-08,17,-0.98078528040322,-0.1950903220161816,189,-0.104701685633152,-0.9945036737114532,0.125,0.2,0.0995,0.0897,0.125,
2023-07-08 17:30:00,2023-07-08,17,-0.9914448613738092,-0.1305261922200611,189,-0.1048798946282704,-0.99448489566346,0.107,0.155,0.0802,0.074,0.0902999999999999,
2023-07-08 17:45:00,2023-07-08,17,-0.9978589232385908,-0.0654031292303349,189,-0.1050581002555832,-0.9944660856815016,0.0866,0.113,0.0631,0.059,0.0668,
2023-07-08 18:00:00,2023-07-08,18,-1.0,-1.4748275651362688e-13,189,-0.1052363025093698,-0.994447243766182,0.0640999999999999,0.0762999999999999,0.0462999999999999,0.0437,0.0479,
2023-07-08 18:15:00,2023-07-08,18,-0.9978589232386104,0.0654031292300405,189,-0.1054145013839066,-0.9944283699181063,0.0443,0.0444,0.0327999999999999,0.0308999999999999,0.0335,
2023-07-08 18:30:00,2023-07-08,18,-0.991444861373818,0.1305261922199941,189,-0.1055926968734724,-0.9944094641378808,0.026,0.0261999999999999,0.0198,0.0184,0.0196,
2023-07-08 18:45:00,2023-07-08,18,-0.980785280403233,0.1950903220161153,189,-0.1057708889723442,-0.994390526426112,0.0089,0.00921,0.00794,0.00717,0.00709,
2023-07-08 19:00:00,2023-07-08,19,-0.96592582628906,0.2588190451025513,189,-0.1059490776748006,-0.9943715567834084,9.1e-05,0.000344,0.00152,0.00108,0.00042,
2023-07-08 19:15:00,2023-07-08,19,-0.9469301294950812,0.3214394653032339,189,-0.1061272629751201,-0.9943525552103788,-0.00243,-0.00207,-0.0011799999999999,-0.00114,-0.00216,
2023-07-08 19:30:00,2023-07-08,19,-0.9238795325113274,0.3826834323649916,189,-0.1063054448675796,-0.994333521707634,-0.00267,-0.00227,-0.0014,-0.00123,-0.00235,
2023-07-08 19:45:00,2023-07-08,19,-0.8968727415327155,0.4422886902189462,189,-0.1064836233464595,-0.9943144562757849,-0.00295,-0.0025,-0.00112,-0.000917,-0.00219,
2023-07-08 20:00:00,2023-07-08,20,-0.8660254037844469,0.4999999999999855,189,-0.1066617984060367,-0.9942953589154432,-0.00325,-0.0028599999999999,-0.00138,-0.00123,-0.00258,
2023-07-08 20:15:00,2023-07-08,20,-0.8314696123025296,0.5555702330196256,189,-0.1068399700405909,-0.9942762296272226,-0.00332,-0.00289,-0.00091,-0.00101,-0.0019399999999999,
2023-07-08 20:30:00,2023-07-08,20,-0.7933533402913292,0.6087614290085981,189,-0.1070181382443999,-0.9942570684117376,-0.0031,-0.00261,-0.00102,-0.000937,-0.00212,
2023-07-08 20:45:00,2023-07-08,20,-0.7518398074790498,0.6593458150999864,189,-0.1071963030117429,-0.9942378752696028,-0.00341,-0.00285,-0.00104,-0.00113,-0.00232,
2023-07-08 21:00:00,2023-07-08,21,-0.7071067811865934,0.7071067811865016,189,-0.1073744643368993,-0.9942186502014352,-0.00285,-0.00228,-0.000986,-0.000994,-0.00232,
2023-07-08 21:15:00,2023-07-08,21,-0.659345815100084,0.7518398074789642,189,-0.1075526222141468,-0.994199393207852,-0.00308,-0.00244,-0.000903,-0.00102,-0.00229,
2023-07-08 21:30:00,2023-07-08,21,-0.6087614290087011,0.7933533402912502,189,-0.1077307766377664,-0.9941801042894712,-0.0025299999999999,-0.0019399999999999,-0.000693,-0.000654,-0.00198,
2023-07-08 21:45:00,2023-07-08,21,-0.5555702330195446,0.8314696123025838,189,-0.1079089276020361,-0.9941607834469124,-0.00199,-0.00134,-0.000483,-0.000344,-0.00171,
2023-07-08 22:00:00,2023-07-08,22,-0.500000000000098,0.8660254037843821,189,-0.1080870751012355,-0.994141430680796,-0.00226,-0.00177,-0.000683,-0.000615,-0.00181,
2023-07-08 22:15:00,2023-07-08,22,-0.4422886902190626,0.8968727415326581,189,-0.1082652191296448,-0.9941220459917434,-0.00227,-0.00172,-0.000503,-0.000348,-0.00153,
2023-07-08 22:30:00,2023-07-08,22,-0.3826834323651116,0.9238795325112776,189,-0.1084433596815425,-0.9941026293803772,-0.00254,-0.00204,-0.000717,-0.000589,-0.00182,
2023-07-08 22:45:00,2023-07-08,22,-0.3214394653031415,0.9469301294951123,189,-0.1086214967512094,-0.9940831808473208,-0.0011,-0.000649,-0.001,-0.000141,-0.00209,
2023-07-08 23:00:00,2023-07-08,23,-0.2588190451026767,0.9659258262890263,189,-0.1087996303329238,-0.9940637003931988,-0.0028,-0.00225,-0.000665,-0.000726,-0.00184,
2023-07-08 23:15:00,2023-07-08,23,-0.1950903220162427,0.9807852804032076,189,-0.1089777604209676,-0.9940441880186364,-0.00239,-0.00186,-0.000469,-0.000447,-0.00162,
2023-07-08 23:30:00,2023-07-08,23,-0.1305261922201228,0.9914448613738012,189,-0.1091558870096194,-0.9940246437242606,-0.00242,-0.00179,-0.000517,-0.000363,-0.00163,
2023-07-08 23:45:00,2023-07-08,23,-0.0654031292301701,0.9978589232386016,189,-0.1093340100931598,-0.9940050675106988,-0.00271,-0.00208,-0.000986,-0.000719,-0.00228,
2023-07-09 00:00:00,2023-07-09,0,1.7657197210639068e-14,1.0,190,-0.1095121296658696,-0.9939854593785796,-0.00258,-0.00204,-0.000707,-0.000703,-0.0018,
2023-07-09 00:15:00,2023-07-09,0,0.0654031292302053,0.9978589232385994,190,-0.1096902457220284,-0.9939658193285326,-0.00211,-0.00154,-0.000503,-0.000317,-0.00159,
2023-07-09 00:30:00,2023-07-09,0,0.1305261922199324,0.991444861373826,190,-0.1098683582559169,-0.9939461473611884,-0.0019,-0.00136,-0.00103,-0.000417,-0.00195,
2023-07-09 00:45:00,2023-07-09,0,0.1950903220160543,0.9807852804032452,190,-0.1100464672618159,-0.9939264434771792,-0.0025299999999999,-0.00202,-0.000886,-0.000528,-0.0019199999999999,
2023-07-09 01:00:00,2023-07-09,1,0.2588190451024912,0.9659258262890762,190,-0.1102245727340065,-0.993906707677137,-0.00235,-0.00186,-0.000641,-0.000443,-0.00173,
2023-07-09 01:15:00,2023-07-09,1,0.321439465303175,0.9469301294951012,190,-0.1104026746667686,-0.993886939961696,-0.0020299999999999,-0.00158,-0.00104,-0.000528,-0.0019199999999999,
2023-07-09 01:30:00,2023-07-09,1,0.3826834323649342,0.9238795325113512,190,-0.1105807730543838,-0.9938671403314906,-0.0019399999999999,-0.00165,-0.000707,-0.000298,-0.00133,
2023-07-09 01:45:00,2023-07-09,1,0.4422886902188904,0.896872741532743,190,-0.1107588678911334,-0.9938473087871568,-0.00339,-0.0030499999999999,-0.000648,-0.000906,-0.00164,
2023-07-09 02:00:00,2023-07-09,2,0.4999999999999316,0.8660254037844781,190,-0.1109369591712978,-0.9938274453293316,-0.00231,-0.00179,-0.000738,-0.000508,-0.00181,
2023-07-09 02:15:00,2023-07-09,2,0.5555702330195739,0.8314696123025642,190,-0.1111150468891588,-0.9938075499586528,-0.0023,-0.00171,-0.000569,-0.000489,-0.00176,
2023-07-09 02:30:00,2023-07-09,2,0.6087614290087291,0.7933533402912286,190,-0.1112931310389977,-0.9937876226757588,-0.00176,-0.0013,-0.000772,-0.000749,-0.000608,
2023-07-09 02:45:00,2023-07-09,2,0.6593458151001106,0.7518398074789409,190,-0.1114712116150965,-0.99376766348129,-0.00191,-0.00153,-0.000665,-0.000696,-0.000823,
2023-07-09 03:00:00,2023-07-09,3,0.7071067811866184,0.7071067811864766,190,-0.111649288611736,-0.993747672375887,-0.00252,-0.00229,-0.0014299999999999,-0.00123,-0.00216,
2023-07-09 03:15:00,2023-07-09,3,0.7518398074789231,0.6593458151001308,190,-0.1118273620231984,-0.993727649360192,-0.000385,-0.000277,-0.000841,-0.000275,-0.00132,
2023-07-09 03:30:00,2023-07-09,3,0.7933533402912123,0.6087614290087504,190,-0.112005431843766,-0.9937075944348476,-9.1e-05,-2.48e-05,-0.000572,0.000164,-0.000904,
2023-07-09 03:45:00,2023-07-09,3,0.8314696123025492,0.5555702330195963,190,-0.1121834980677199,-0.993687507600498,-0.00237,-0.0017,0.000386,0.000428,-5.14e-05,
2023-07-09 04:00:00,2023-07-09,4,0.8660254037843509,0.5000000000001519,190,-0.1123615606893426,-0.9936673888577884,0.00429,0.00454,0.00451,0.00439,0.0040599999999999,
2023-07-09 04:15:00,2023-07-09,4,0.8968727415326305,0.4422886902191184,190,-0.1125396197029164,-0.9936472382073644,0.0153,0.0153,0.0128,0.0121,0.0129,
2023-07-09 04:30:00,2023-07-09,4,0.923879532511254,0.3826834323651691,190,-0.112717675102724,-0.9936270556498734,0.0306,0.0305,0.0245,0.0225,0.0248,
2023-07-09 04:45:00,2023-07-09,4,0.9469301294950924,0.3214394653032005,190,-0.1128957268830467,-0.9936068411859637,0.0475,0.0472999999999999,0.037,0.0334,0.0375,
2023-07-09 05:00:00,2023-07-09,5,0.9659258262890692,0.2588190451025172,190,-0.1130737750381686,-0.9935865948162836,0.0652,0.0664,0.0495,0.0438,0.0502,
2023-07-09 05:15:00,2023-07-09,5,0.98078528040324,0.1950903220160807,190,-0.1132518195623716,-0.993566316541484,0.0817,0.129,0.0662,0.0583,0.0642,
2023-07-09 05:30:00,2023-07-09,5,0.9914448613738226,0.1305261922199591,190,-0.1134298604499381,-0.9935460063622156,0.0994,0.172,0.0858,0.0705,0.0794,
2023-07-09 05:45:00,2023-07-09,5,0.9978589232385976,0.0654031292302322,190,-0.1136078976951514,-0.9935256642791308,0.115,0.209,0.115,0.08,0.13,
2023-07-09 06:00:00,2023-07-09,6,1.0,4.4576524508327066e-14,190,-0.1137859312922946,-0.9935052902928828,0.129,0.253,0.153,0.0911,0.174,
2023-07-09 06:15:00,2023-07-09,6,0.9978589232386036,-0.0654031292301432,190,-0.1139639612356513,-0.9934848844041256,0.143,0.295,0.193,0.112,0.219,
2023-07-09 06:30:00,2023-07-09,6,0.9914448613738344,-0.1305261922198707,190,-0.1141419875195033,-0.993464446613515,0.154,0.342,0.238,0.148,0.266,
2023-07-09 06:45:00,2023-07-09,6,0.9807852804032572,-0.1950903220159933,190,-0.1143200101381359,-0.9934439769217068,0.164,0.391,0.288,0.19,0.312,
2023-07-09 07:00:00,2023-07-09,7,0.9659258262890924,-0.2588190451024311,190,-0.1144980290858317,-0.9934234753293584,0.173,0.436,0.34,0.233,0.359,
2023-07-09 07:15:00,2023-07-09,7,0.9469301294951212,-0.321439465303116,190,-0.1146760443568739,-0.993402941837128,0.182,0.476,0.392,0.277,0.411,
2023-07-09 07:30:00,2023-07-09,7,0.923879532511288,-0.3826834323650867,190,-0.1148540559455465,-0.9933823764456752,0.191,0.519,0.443,0.323,0.467,
2023-07-09 07:45:00,2023-07-09,7,0.8968727415326699,-0.4422886902190385,190,-0.1150320638461336,-0.9933617791556604,0.201,0.557,0.49,0.37,0.517,
2023-07-09 08:00:00,2023-07-09,8,0.8660254037843955,-0.5000000000000747,190,-0.1152100680529195,-0.9933411499677448,0.215,0.598,0.54,0.419,0.567,
2023-07-09 08:15:00,2023-07-09,8,0.8314696123025987,-0.5555702330195221,190,-0.115388068560187,-0.993320488882591,0.233,0.633,0.582,0.463,0.608,
2023-07-09 08:30:00,2023-07-09,8,0.7933533402912666,-0.6087614290086797,190,-0.1155660653622221,-0.9932997959008624,0.249,0.663,0.618,0.502,0.646,
2023-07-09 08:45:00,2023-07-09,8,0.7518398074789818,-0.6593458151000637,190,-0.1157440584533082,-0.9932790710232232,0.267,0.692,0.65,0.536,0.682,
2023-07-09 09:00:00,2023-07-09,9,0.7071067811866815,-0.7071067811864136,190,-0.1159220478277289,-0.9932583142503392,0.28,0.717,0.679,0.568,0.716,
2023-07-09 09:15:00,2023-07-09,9,0.6593458151001775,-0.751839807478882,190,-0.1161000334797705,-0.9932375255828768,0.294,0.739,0.706,0.598,0.746,
2023-07-09 09:30:00,2023-07-09,9,0.6087614290087998,-0.7933533402911744,190,-0.1162780154037164,-0.993216705021504,0.306,0.76,0.735,0.625,0.775,
2023-07-09 09:45:00,2023-07-09,9,0.555570233019648,-0.8314696123025147,190,-0.1164559935938523,-0.9931958525668886,0.311,0.785,0.765,0.654,0.806,
2023-07-09 10:00:00,2023-07-09,10,0.5000000000000089,-0.8660254037844335,190,-0.1166339680444618,-0.9931749682197006,0.312,0.804,0.781,0.679,0.832,
2023-07-09 10:15:00,2023-07-09,10,0.4422886902189703,-0.8968727415327036,190,-0.1168119387498317,-0.9931540519806108,0.315,0.824,0.789,0.705,0.856,
2023-07-09 10:30:00,2023-07-09,10,0.3826834323650165,-0.923879532511317,190,-0.1169899057042464,-0.9931331038502904,0.325,0.842,0.798,0.725,0.875,
2023-07-09 10:45:00,2023-07-09,10,0.3214394653032594,-0.9469301294950724,190,-0.1171678689019901,-0.9931121238294124,0.332,0.855,0.807,0.74,0.888,
2023-07-09 11:00:00,2023-07-09,11,0.2588190451025773,-0.9659258262890532,190,-0.1173458283373501,-0.9930911119186504,0.333,0.862,0.818,0.753,0.898,
2023-07-09 11:15:00,2023-07-09,11,0.1950903220161417,-0.9807852804032278,190,-0.1175237840046107,-0.9930700681186788,0.327,0.87,0.833,0.763,0.905,
2023-07-09 11:30:00,2023-07-09,11,0.1305261922202462,-0.9914448613737848,190,-0.1177017358980578,-0.993048992430174,0.325,0.873,0.849,0.769,0.908,
2023-07-09 11:45:00,2023-07-09,11,0.0654031292302943,-0.9978589232385936,190,-0.1178796840119773,-0.9930278848538124,0.313,0.877,0.865,0.776,0.913,
2023-07-09 12:00:00,2023-07-09,12,1.068102462272932e-13,-1.0,190,-0.1180576283406556,-0.9930067453902716,0.317,0.868,0.862,0.77,0.904,
2023-07-09 12:15:00,2023-07-09,12,-0.0654031292300811,-0.9978589232386076,190,-0.1182355688783781,-0.9929855740402306,0.319,0.859,0.851,0.763,0.893,
2023-07-09 12:30:00,2023-07-09,12,-0.1305261922200344,-0.9914448613738128,190,-0.1184135056194302,-0.9929643708043694,0.322,0.846,0.832,0.747,0.879,
2023-07-09 12:45:00,2023-07-09,12,-0.1950903220161552,-0.9807852804032252,190,-0.1185914385580998,-0.9929431356833686,0.318,0.83,0.813,0.729,0.862,
2023-07-09 13:00:00,2023-07-09,13,-0.2588190451025906,-0.9659258262890495,190,-0.1187693676886721,-0.99292186867791,0.318,0.806,0.788,0.702,0.835,
2023-07-09 13:15:00,2023-07-09,13,-0.3214394653030571,-0.9469301294951412,190,-0.118947293005434,-0.992900569788677,0.314,0.786,0.766,0.679,0.81,
2023-07-09 13:30:00,2023-07-09,13,-0.3826834323650292,-0.9238795325113118,190,-0.1191252145026721,-0.9928792390163532,0.306,0.766,0.74,0.656,0.78,
2023-07-09 13:45:00,2023-07-09,13,-0.4422886902189826,-0.8968727415326975,190,-0.1193031321746736,-0.9928578763616231,0.3,0.741,0.71,0.631,0.747,
2023-07-09 14:00:00,2023-07-09,14,-0.5000000000000208,-0.8660254037844266,190,-0.1194810460157249,-0.9928364818251736,0.293,0.712,0.673,0.603,0.709,
2023-07-09 14:15:00,2023-07-09,14,-0.5555702330194704,-0.8314696123026334,190,-0.1196589560201122,-0.9928150554076912,0.282,0.686,0.636,0.576,0.672,
2023-07-09 14:30:00,2023-07-09,14,-0.6087614290086304,-0.7933533402913044,190,-0.1198368621821243,-0.9927935971098638,0.275,0.648,0.59,0.54,0.628,
2023-07-09 14:45:00,2023-07-09,14,-0.659345815100017,-0.7518398074790229,190,-0.1200147644960472,-0.9927721069323808,0.263,0.61,0.542,0.501,0.585,
2023-07-09 15:00:00,2023-07-09,15,-0.7071067811865304,-0.7071067811865647,190,-0.1201926629561687,-0.992750584875932,0.249,0.575,0.497,0.46,0.542,
2023-07-09 15:15:00,2023-07-09,15,-0.7518398074789909,-0.6593458151000534,190,-0.1203705575567763,-0.9927290309412083,0.237,0.536,0.451,0.418,0.499,
2023-07-09 15:30:00,2023-07-09,15,-0.7933533402912749,-0.6087614290086688,190,-0.1205484482921579,-0.9927074451289024,0.222,0.502,0.407,0.376,0.454,
2023-07-09 15:45:00,2023-07-09,15,-0.8314696123024801,-0.5555702330196998,190,-0.1207263351566006,-0.9926858274397072,0.208,0.462,0.358,0.329,0.399,
2023-07-09 16:00:00,2023-07-09,16,-0.8660254037844024,-0.5000000000000628,190,-0.1209042181443925,-0.9926641778743168,0.193,0.423,0.311,0.282,0.348,
2023-07-09 16:15:00,2023-07-09,16,-0.896872741532676,-0.4422886902190261,190,-0.1210820972498221,-0.9926424964334264,0.179,0.38,0.261,0.235,0.3,
2023-07-09 16:30:00,2023-07-09,16,-0.9238795325112932,-0.382683432365074,190,-0.1212599724671767,-0.992620783117732,0.166,0.334,0.213,0.192,0.253,
2023-07-09 16:45:00,2023-07-09,16,-0.9469301294950524,-0.3214394653033183,190,-0.1214378437907449,-0.9925990379279312,0.151,0.286,0.169,0.154,0.206,
2023-07-09 17:00:00,2023-07-09,17,-0.965925826289037,-0.2588190451026374,190,-0.1216157112148151,-0.9925772608647222,0.136,0.24,0.13,0.118,0.162,
2023-07-09 17:15:00,2023-07-09,17,-0.9807852804032156,-0.1950903220162028,190,-0.1217935747336762,-0.992555451928804,0.121,0.197,0.0988,0.0886,0.123,
2023-07-09 17:30:00,2023-07-09,17,-0.9914448613738064,-0.1305261922200825,190,-0.121971434341616,-0.9925336111208772,0.104,0.157,0.0805999999999999,0.0741,0.0907999999999999,
2023-07-09 17:45:00,2023-07-09,17,-0.9978589232386044,-0.0654031292301295,190,-0.1221492900329236,-0.9925117384416432,0.0838,0.118,0.0636,0.0597,0.0674,
2023-07-09 18:00:00,2023-07-09,18,-1.0,5.832970749697274e-14,190,-0.1223271418018883,-0.992489833891804,0.0632,0.0800999999999999,0.0475,0.045,0.0497,
2023-07-09 18:15:00,2023-07-09,18,-0.9978589232385968,0.0654031292302459,190,-0.1225049896427983,-0.9924678974720632,0.0446,0.0446,0.0326,0.0311,0.0332,
2023-07-09 18:30:00,2023-07-09,18,-0.9914448613738208,0.1305261922199727,190,-0.122682833549943,-0.9924459291831254,0.0254,0.0255,0.0196,0.0183,0.0193999999999999,
2023-07-09 18:45:00,2023-07-09,18,-0.9807852804032372,0.1950903220160942,190,-0.1228606735176118,-0.9924239290256957,0.0105,0.0107,0.00871,0.0077199999999999,0.00785,
2023-07-09 19:00:00,2023-07-09,19,-0.9659258262890656,0.2588190451025304,190,-0.1230385095400945,-0.9924018970004804,-0.000141,0.000149,0.00117,0.000891,5.5700000000000005e-05,
2023-07-09 19:15:00,2023-07-09,19,-0.9469301294951612,0.3214394653029982,190,-0.1232163416116796,-0.9923798331081872,-0.00329,-0.00296,-0.00131,-0.00121,-0.00239,
2023-07-09 19:30:00,2023-07-09,19,-0.9238795325113356,0.3826834323649717,190,-0.1233941697266573,-0.992357737349525,-0.00318,-0.00261,-0.00137,-0.00136,-0.0025099999999999,
2023-07-09 19:45:00,2023-07-09,19,-0.896872741532725,0.4422886902189268,190,-0.1235719938793177,-0.9923356097252028,-0.0033799999999999,-0.00278,-0.00128,-0.00122,-0.00261,
2023-07-09 20:00:00,2023-07-09,20,-0.8660254037844578,0.4999999999999669,190,-0.1237498140639494,-0.9923134502359312,-0.003,-0.00241,-0.0014,-0.00131,-0.00264,
2023-07-09 20:15:00,2023-07-09,20,-0.8314696123025416,0.5555702330196077,190,-0.1239276302748441,-0.992291258882422,-0.00323,-0.00261,-0.00134,-0.0011899999999999,-0.00257,
2023-07-09 20:30:00,2023-07-09,20,-0.7933533402912039,0.6087614290087614,190,-0.1241054425062907,-0.9922690356653874,-0.0028599999999999,-0.00233,-0.00108,-0.000921,-0.00226,
2023-07-09 20:45:00,2023-07-09,20,-0.751839807478914,0.6593458151001411,190,-0.1242832507525803,-0.9922467805855412,-0.00277,-0.00227,-0.00102,-0.000677,-0.00214,
2023-07-09 21:00:00,2023-07-09,21,-0.7071067811866086,0.7071067811864864,190,-0.1244610550080024,-0.9922244936435984,-0.00248,-0.0019199999999999,-0.000583,-0.000386,-0.00174,
2023-07-09 21:15:00,2023-07-09,21,-0.6593458151001003,0.7518398074789499,190,-0.124638855266848,-0.992202174840274,-0.00221,-0.0016699999999999,-0.000558,-0.000279,-0.00161,
2023-07-09 21:30:00,2023-07-09,21,-0.6087614290087182,0.793353340291237,190,-0.1248166515234081,-0.9921798241762853,-0.00206,-0.0015,-0.000407,-0.000191,-0.00155,
2023-07-09 21:45:00,2023-07-09,21,-0.5555702330197515,0.8314696123024455,190,-0.1249944437719722,-0.9921574416523494,-0.00214,-0.00151,-0.000383,-0.000168,-0.00155,
2023-07-09 22:00:00,2023-07-09,22,-0.5000000000001167,0.8660254037843713,190,-0.125172232006833,-0.9921350272691856,-0.00215,-0.0015,-0.00041,-0.000126,-0.00136,
2023-07-09 22:15:00,2023-07-09,22,-0.4422886902190819,0.8968727415326485,190,-0.1253500162222802,-0.9921125810275132,-0.00264,-0.00179,-0.000331,0.000195,-0.00104,
2023-07-09 22:30:00,2023-07-09,22,-0.3826834323651315,0.9238795325112694,190,-0.1255277964126054,-0.9920901029280532,-0.00361,-0.00308,-0.000431,4.59e-05,-0.00111,
2023-07-09 22:45:00,2023-07-09,22,-0.321439465303162,0.9469301294951056,190,-0.1257055725721002,-0.9920675929715276,-0.0017,-0.00109,-0.000638,-1.91e-05,-0.00156,
2023-07-09 23:00:00,2023-07-09,23,-0.2588190451024779,0.9659258262890796,190,-0.1258833446950553,-0.9920450511586588,-0.00313,-0.00287,-0.00092,-0.000956,-0.00188,
2023-07-09 23:15:00,2023-07-09,23,-0.1950903220160408,0.980785280403248,190,-0.1260611127757631,-0.9920224774901708,-0.0025499999999999,-0.00206,-0.000814,-0.000742,-0.0018,
2023-07-09 23:30:00,2023-07-09,23,-0.1305261922201442,0.9914448613737982,190,-0.1262388768085139,-0.9919998719667884,-0.0029,-0.00241,-0.000896,-0.000765,-0.002,
2023-07-09 23:45:00,2023-07-09,23,-0.0654031292301916,0.9978589232386004,190,-0.1264166367876014,-0.9919772345892378,-0.00257,-0.0020099999999999,-0.000658,-0.000615,-0.0018,
2023-07-10 00:00:00,2023-07-10,0,-3.904014221993411e-15,1.0,191,-0.126594392707316,-0.9919545653582456,-0.00256,-0.00197,-0.000655,-0.000528,-0.00181,
2023-07-10 00:15:00,2023-07-10,0,0.0654031292299569,0.9978589232386156,191,-0.1267721445619504,-0.9919318642745396,-0.00247,-0.0019,-0.000545,-0.000497,-0.0018,
2023-07-10 00:30:00,2023-07-10,0,0.130526192219911,0.9914448613738288,191,-0.1269498923457971,-0.9919091313388492,-0.00226,-0.00161,-0.000638,-0.000512,-0.00185,
2023-07-10 00:45:00,2023-07-10,0,0.1950903220160331,0.9807852804032494,191,-0.1271276360531477,-0.9918863665519042,-0.00232,-0.0016699999999999,-0.000331,-0.000401,-0.00155,
2023-07-10 01:00:00,2023-07-10,1,0.2588190451024704,0.9659258262890816,191,-0.1273053756782954,-0.9918635699144354,-0.00181,-0.00133,-0.000324,-0.000141,-0.0013,
2023-07-10 01:15:00,2023-07-10,1,0.3214394653031546,0.946930129495108,191,-0.1274831112155316,-0.991840741427175,-0.00182,-0.00138,-0.000586,-9.94e-05,-0.00128,
2023-07-10 01:30:00,2023-07-10,1,0.3826834323651243,0.9238795325112724,191,-0.1276608426591507,-0.991817881090856,-0.00229,-0.00163,-0.000738,-0.000535,-0.00186,
2023-07-10 01:45:00,2023-07-10,1,0.4422886902190749,0.896872741532652,191,-0.1278385700034442,-0.9917949889062126,-0.00244,-0.0019299999999999,-0.000779,-0.000451,-0.0018,
2023-07-10 02:00:00,2023-07-10,2,0.499999999999913,0.8660254037844889,191,-0.1280162932427056,-0.9917720648739798,-0.00215,-0.0016,-0.000614,-0.00021,-0.00159,
2023-07-10 02:15:00,2023-07-10,2,0.555570233019556,0.8314696123025762,191,-0.1281940123712284,-0.9917491089948935,-0.00204,-0.00163,-0.000762,-0.000432,-0.00129,
2023-07-10 02:30:00,2023-07-10,2,0.608761429008712,0.7933533402912418,191,-0.1283717273833051,-0.9917261212696912,-0.00237,-0.00199,-0.000565,-0.000283,-0.0013,
2023-07-10 02:45:00,2023-07-10,2,0.6593458150999234,0.751839807479105,191,-0.1285494382732293,-0.9917031016991108,-0.00249,-0.0019399999999999,-0.000903,-0.000638,-0.00199,
2023-07-10 03:00:00,2023-07-10,3,0.7071067811864423,0.7071067811866527,191,-0.1287271450352947,-0.9916800502838918,-0.00227,-0.00166,-0.000796,-0.000661,-0.002,
2023-07-10 03:15:00,2023-07-10,3,0.7518398074789089,0.659345815100147,191,-0.1289048476637954,-0.991656967024774,-0.0023,-0.00162,-0.0003,-6.5e-05,-0.00129,
2023-07-10 03:30:00,2023-07-10,3,0.7933533402911992,0.6087614290087676,191,-0.1290825461530242,-0.9916338519224988,-0.00175,-0.00109,7.58e-05,0.000138,-0.0011,
2023-07-10 03:45:00,2023-07-10,3,0.8314696123025372,0.5555702330196142,191,-0.1292602404972754,-0.9916107049778086,-0.00108,-0.000571,0.000489,0.000539,-0.000681,
2023-07-10 04:00:00,2023-07-10,4,0.8660254037844538,0.4999999999999737,191,-0.1294379306908436,-0.9915875261914464,0.00343,0.0037,0.00395,0.00394,0.0032,
2023-07-10 04:15:00,2023-07-10,4,0.8968727415327216,0.4422886902189338,191,-0.1296156167280221,-0.9915643155641568,0.0149,0.015,0.0126,0.0116999999999999,0.0121,
2023-07-10 04:30:00,2023-07-10,4,0.9238795325112455,0.382683432365189,191,-0.1297932986031056,-0.9915410730966848,0.0299,0.0298,0.0238,0.0218,0.0238999999999999,
2023-07-10 04:45:00,2023-07-10,4,0.9469301294950856,0.3214394653032209,191,-0.1299709763103886,-0.9915177987897767,0.0477999999999999,0.0475,0.0368999999999999,0.0332,0.0373999999999999,
2023-07-10 05:00:00,2023-07-10,5,0.9659258262890636,0.258819045102538,191,-0.1301486498441661,-0.9914944926441804,0.0655999999999999,0.0660999999999999,0.0494,0.0438,0.0502,
2023-07-10 05:15:00,2023-07-10,5,0.9807852804032356,0.1950903220161018,191,-0.1303263191987319,-0.9914711546606438,0.084,0.123,0.0662,0.058,0.0650999999999999,
2023-07-10 05:30:00,2023-07-10,5,0.99144486137379,0.1305261922202059,191,-0.1305039843683813,-0.9914477848399164,0.1,0.159,0.084,0.0689,0.0790999999999999,
2023-07-10 05:45:00,2023-07-10,5,0.9978589232385964,0.0654031292302537,191,-0.1306816453474097,-0.9914243831827488,0.117,0.2,0.113,0.08,0.127,
2023-07-10 06:00:00,2023-07-10,6,1.0,6.613773594095954e-14,191,-0.1308593021301114,-0.9914009496898922,0.134,0.246,0.151,0.0924,0.17,
2023-07-10 06:15:00,2023-07-10,6,0.9978589232386048,-0.0654031292301217,191,-0.1310369547107821,-0.9913774843620992,0.147,0.291,0.191,0.114,0.214,
2023-07-10 06:30:00,2023-07-10,6,0.9914448613738074,-0.1305261922200748,191,-0.1312146030837171,-0.9913539872001236,0.158,0.341,0.237,0.151,0.265,
2023-07-10 06:45:00,2023-07-10,6,0.9807852804032172,-0.1950903220161951,191,-0.1313922472432125,-0.9913304582047192,0.166,0.385,0.284,0.19,0.307,
2023-07-10 07:00:00,2023-07-10,7,0.9659258262890978,-0.2588190451024103,191,-0.1315698871835629,-0.991306897376642,0.174,0.426,0.333,0.231,0.351,
2023-07-10 07:15:00,2023-07-10,7,0.946930129495128,-0.3214394653030956,191,-0.1317475228990646,-0.9912833047166488,0.18,0.47,0.386,0.276,0.405,
2023-07-10 07:30:00,2023-07-10,7,0.9238795325112964,-0.3826834323650668,191,-0.1319251543840141,-0.9912596802254968,0.181,0.516,0.44,0.323,0.463,
2023-07-10 07:45:00,2023-07-10,7,0.8968727415326795,-0.4422886902190192,191,-0.1321027816327064,-0.9912360239039446,0.185,0.559,0.49,0.37,0.517,
2023-07-10 08:00:00,2023-07-10,8,0.86602540378452,-0.4999999999998591,191,-0.1322804046394382,-0.991212335752752,0.191,0.602,0.542,0.419,0.568,
2023-07-10 08:15:00,2023-07-10,8,0.8314696123026107,-0.5555702330195041,191,-0.1324580233985059,-0.9911886157726796,0.196,0.643,0.589,0.467,0.616,
2023-07-10 08:30:00,2023-07-10,8,0.7933533402912797,-0.6087614290086626,191,-0.1326356379042063,-0.9911648639644892,0.2,0.684,0.631,0.51,0.662,
2023-07-10 08:45:00,2023-07-10,8,0.751839807478996,-0.6593458151000475,191,-0.1328132481508353,-0.9911410803289432,0.204,0.716,0.666,0.546,0.702,
2023-07-10 09:00:00,2023-07-10,9,0.7071067811865359,-0.7071067811865591,191,-0.1329908541326899,-0.9911172648668056,0.21,0.747,0.701,0.583,0.742,
2023-07-10 09:15:00,2023-07-10,9,0.6593458151000229,-0.7518398074790178,191,-0.1331684558440676,-0.9910934175788408,0.212,0.773,0.735,0.619,0.779,
2023-07-10 09:30:00,2023-07-10,9,0.6087614290088169,-0.7933533402911612,191,-0.1333460532792639,-0.991069538465815,0.212,0.801,0.774,0.654,0.817,
2023-07-10 09:45:00,2023-07-10,9,0.5555702330196659,-0.8314696123025027,191,-0.1335236464325779,-0.9910456275284948,0.21,0.823,0.803,0.682,0.847,
2023-07-10 10:00:00,2023-07-10,10,0.5000000000000275,-0.8660254037844227,191,-0.1337012352983055,-0.9910216847676478,0.212,0.846,0.82,0.71,0.875,
2023-07-10 10:15:00,2023-07-10,10,0.4422886902189897,-0.896872741532694,191,-0.133878819870745,-0.990997710184043,0.217,0.865,0.822,0.734,0.898,
2023-07-10 10:30:00,2023-07-10,10,0.3826834323652465,-0.9238795325112218,191,-0.134056400144193,-0.9909737037784504,0.215,0.883,0.827,0.756,0.92,
2023-07-10 10:45:00,2023-07-10,10,0.3214394653032798,-0.9469301294950656,191,-0.1342339761129479,-0.9909496655516408,0.214,0.897,0.837,0.773,0.934,
2023-07-10 11:00:00,2023-07-10,11,0.2588190451025981,-0.9659258262890476,191,-0.1344115477713078,-0.9909255955043856,0.215,0.909,0.852,0.786,0.944,
2023-07-10 11:15:00,2023-07-10,11,0.1950903220161629,-0.9807852804032235,191,-0.1345891151135694,-0.9909014936374586,0.209,0.918,0.868,0.797,0.952,
2023-07-10 11:30:00,2023-07-10,11,0.1305261922200422,-0.9914448613738116,191,-0.1347666781340326,-0.990877359951633,0.209,0.919,0.885,0.801,0.952,
2023-07-10 11:45:00,2023-07-10,11,0.0654031292300889,-0.997858923238607,191,-0.1349442368269943,-0.990853194447684,0.209,0.917,0.899,0.803,0.951,
2023-07-10 12:00:00,2023-07-10,12,-9.900221778330638e-14,-1.0,191,-0.1351217911867538,-0.9908289971263876,0.208,0.911,0.899,0.8,0.946,
2023-07-10 12:15:00,2023-07-10,12,-0.0654031292300596,-0.9978589232386088,191,-0.1352993412076088,-0.990804767988521,0.2,0.904,0.889,0.794,0.941,
2023-07-10 12:30:00,2023-07-10,12,-0.1305261922200131,-0.9914448613738156,191,-0.1354768868838584,-0.990780507034862,0.192,0.892,0.873,0.78,0.928,
2023-07-10 12:45:00,2023-07-10,12,-0.1950903220161341,-0.9807852804032292,191,-0.1356544282098019,-0.9907562142661896,0.185,0.875,0.853,0.76,0.91,
2023-07-10 13:00:00,2023-07-10,13,-0.2588190451023501,-0.965925826289114,191,-0.1358319651797369,-0.990731889683284,0.181,0.86,0.836,0.739,0.89,
2023-07-10 13:15:00,2023-07-10,13,-0.3214394653030367,-0.946930129495148,191,-0.1360094977879642,-0.990707533286926,0.176,0.837,0.81,0.711,0.862,
2023-07-10 13:30:00,2023-07-10,13,-0.3826834323650093,-0.92387953251132,191,-0.1361870260287818,-0.9906831450778982,0.171,0.811,0.781,0.684,0.826,
2023-07-10 13:45:00,2023-07-10,13,-0.4422886902189633,-0.896872741532707,191,-0.1363645498964895,-0.9906587250569834,0.167,0.786,0.747,0.658,0.787,
2023-07-10 14:00:00,2023-07-10,14,-0.5000000000000021,-0.8660254037844374,191,-0.1365420693853872,-0.9906342732249658,0.165,0.759,0.71,0.631,0.749,
2023-07-10 14:15:00,2023-07-10,14,-0.5555702330196415,-0.831469612302519,191,-0.1367195844897738,-0.9906097895826306,0.162,0.724,0.664,0.598,0.705,
2023-07-10 14:30:00,2023-07-10,14,-0.6087614290087936,-0.7933533402911791,191,-0.1368970952039499,-0.990585274130764,0.16,0.689,0.618,0.563,0.662,
2023-07-10 14:45:00,2023-07-10,14,-0.6593458151000008,-0.7518398074790371,191,-0.1370746015222141,-0.9905607268701532,0.157,0.652,0.569,0.524,0.62,
2023-07-10 15:00:00,2023-07-10,15,-0.7071067811865152,-0.7071067811865799,191,-0.1372521034388684,-0.9905361478015864,0.158,0.607,0.516,0.476,0.57,
2023-07-10 15:15:00,2023-07-10,15,-0.7518398074789767,-0.6593458151000696,191,-0.1374296009482115,-0.9905115369258528,0.156,0.564,0.467,0.43,0.521,
2023-07-10 15:30:00,2023-07-10,15,-0.7933533402911234,-0.6087614290088663,191,-0.1376070940445443,-0.9904868942437433,0.153,0.52,0.416,0.382,0.467,
2023-07-10 15:45:00,2023-07-10,15,-0.8314696123024681,-0.5555702330197176,191,-0.1377845827221678,-0.990462219756048,0.149,0.477,0.364,0.332,0.408,
2023-07-10 16:00:00,2023-07-10,16,-0.8660254037843916,-0.5000000000000815,191,-0.1379620669753817,-0.9904375134635603,0.147,0.439,0.316,0.284,0.354,
2023-07-10 16:15:00,2023-07-10,16,-0.8968727415326665,-0.4422886902190455,191,-0.1381395467984876,-0.9904127753670732,0.141,0.392,0.264,0.235,0.305,
2023-07-10 16:30:00,2023-07-10,16,-0.9238795325112852,-0.3826834323650939,191,-0.1383170221857853,-0.9903880054673808,0.135,0.344,0.214,0.19,0.255,
2023-07-10 16:45:00,2023-07-10,16,-0.9469301294951186,-0.3214394653031234,191,-0.1384944931315775,-0.990363203765279,0.127,0.296,0.168,0.152,0.207,
2023-07-10 17:00:00,2023-07-10,17,-0.9659258262890904,-0.2588190451024386,191,-0.1386719596301642,-0.9903383702615636,0.117,0.246,0.127,0.113,0.16,
2023-07-10 17:15:00,2023-07-10,17,-0.9807852804032114,-0.1950903220162239,191,-0.1388494216758471,-0.9903135049570326,0.105,0.203,0.0932,0.082,0.121,
2023-07-10 17:30:00,2023-07-10,17,-0.9914448613738036,-0.1305261922201039,191,-0.1390268792629281,-0.9902886078524842,0.0911,0.161,0.0762,0.0694,0.0861,
2023-07-10 17:45:00,2023-07-10,17,-0.997858923238603,-0.065403129230151,191,-0.1392043323857082,-0.9902636789487178,0.0777,0.122,0.0608999999999999,0.0567999999999999,0.0629,
2023-07-10 18:00:00,2023-07-10,18,-1.0,-1.906051793788918e-13,191,-0.1393817810384894,-0.990238718246534,0.0593,0.0822,0.0461,0.0432,0.0472999999999999,
2023-07-10 18:15:00,2023-07-10,18,-0.997858923238613,0.0654031292299975,191,-0.1395592252155737,-0.9902137257467344,0.0419,0.042,0.0315,0.0296,0.0314,
2023-07-10 18:30:00,2023-07-10,18,-0.9914448613738236,0.1305261922199514,191,-0.1397366649112637,-0.9901887014501212,0.0251,0.0253,0.0196,0.0182,0.0192,
2023-07-10 18:45:00,2023-07-10,18,-0.9807852804032414,0.195090322016073,191,-0.1399141001198607,-0.9901636453574982,0.0103,0.0106,0.0089199999999999,0.00805,0.00809,
2023-07-10 19:00:00,2023-07-10,19,-0.9659258262890712,0.2588190451025096,191,-0.1400915308356675,-0.9901385574696702,-0.000538,-0.000117,0.000855,0.000615,-0.000347,
2023-07-10 19:15:00,2023-07-10,19,-0.9469301294950948,0.3214394653031931,191,-0.140268957052987,-0.9901134377874422,-0.00359,-0.00306,-0.0015,-0.00156,-0.00275,
2023-07-10 19:30:00,2023-07-10,19,-0.9238795325112568,0.3826834323651619,191,-0.140446378766121,-0.9900882863116216,-0.004,-0.00358,-0.00189,-0.00179,-0.00319,
2023-07-10 19:45:00,2023-07-10,19,-0.8968727415327346,0.4422886902189075,191,-0.1406237959693728,-0.9900631030430151,-0.00325,-0.0028599999999999,-0.00123,-0.00126,-0.0023599999999999,
2023-07-10 20:00:00,2023-07-10,20,-0.8660254037844686,0.4999999999999482,191,-0.1408012086570453,-0.9900378879824324,-0.00323,-0.0028799999999999,-0.00139,-0.00145,-0.00259,
2023-07-10 20:15:00,2023-07-10,20,-0.8314696123025536,0.5555702330195897,191,-0.140978616823442,-0.9900126411306824,-0.00342,-0.00292,-0.00145,-0.00139,-0.00264,
2023-07-10 20:30:00,2023-07-10,20,-0.7933533402913554,0.6087614290085639,191,-0.1411560204628649,-0.989987362488576,-0.00267,-0.00209,-0.000869,-0.000833,-0.002,
2023-07-10 20:45:00,2023-07-10,20,-0.7518398074790782,0.6593458150999539,191,-0.1413334195696191,-0.9899620520569252,-0.00276,-0.00226,-0.00107,-0.000787,-0.00199,
2023-07-10 21:00:00,2023-07-10,21,-0.707106781186624,0.7071067811864711,191,-0.1415108141380072,-0.9899367098365424,-0.0028599999999999,-0.00237,-0.000931,-0.000765,-0.0021,
2023-07-10 21:15:00,2023-07-10,21,-0.6593458151001165,0.7518398074789356,191,-0.1416882041623325,-0.9899113358282412,-0.00282,-0.00222,-0.000869,-0.000879,-0.00219,
2023-07-10 21:30:00,2023-07-10,21,-0.6087614290087353,0.793353340291224,191,-0.1418655896368992,-0.9898859300328372,-0.00292,-0.00233,-0.000793,-0.000852,-0.00211,
2023-07-10 21:45:00,2023-07-10,21,-0.5555702330195804,0.8314696123025599,191,-0.1420429705560113,-0.9898604924511454,-0.00323,-0.0025299999999999,-0.00109,-0.00107,-0.0025099999999999,
2023-07-10 22:00:00,2023-07-10,22,-0.4999999999999384,0.8660254037844742,191,-0.1422203469139733,-0.989835023083983,-0.00248,-0.00195,-0.000793,-0.000696,-0.0019199999999999,
2023-07-10 22:15:00,2023-07-10,22,-0.4422886902191013,0.896872741532639,191,-0.1423977187050882,-0.9898095219321678,-0.00263,-0.0021,-0.000507,-0.000547,-0.0016,
2023-07-10 22:30:00,2023-07-10,22,-0.3826834323651514,0.9238795325112612,191,-0.1425750859236622,-0.9897839889965184,-0.0021,-0.00149,-0.000393,-0.000191,-0.00155,
2023-07-10 22:45:00,2023-07-10,22,-0.3214394653031824,0.9469301294950986,191,-0.1427524485639989,-0.9897584242778552,-0.00239,-0.00185,-0.000645,-0.000489,-0.0018,
2023-07-10 23:00:00,2023-07-10,23,-0.2588190451024987,0.9659258262890742,191,-0.1429298066204026,-0.9897328277769988,-0.00264,-0.0021,-0.000714,-0.000612,-0.00184,
2023-07-10 23:15:00,2023-07-10,23,-0.1950903220162849,0.9807852804031992,191,-0.1431071600871785,-0.9897071994947712,-0.00408,-0.0035099999999999,-0.000982,-0.0011799999999999,-0.00204,
2023-07-10 23:30:00,2023-07-10,23,-0.1305261922201656,0.9914448613737954,191,-0.1432845089586317,-0.9896815394319952,-0.0023,-0.00171,-0.000672,-0.000478,-0.0017,
2023-07-10 23:45:00,2023-07-10,23,-0.0654031292302131,0.9978589232385988,191,-0.1434618532290676,-0.9896558475894948,-0.00215,-0.00153,-0.000641,-0.000463,-0.00177,
2023-07-11 00:00:00,2023-07-11,0,-2.5465225654625887e-14,1.0,192,-0.1436391928927904,-0.9896301239680954,-0.00048,0.00022,-0.000462,0.000482,-0.00127,
2023-07-11 00:15:00,2023-07-11,0,0.0654031292301623,0.9978589232386024,192,-0.1438165279441072,-0.9896043685686224,-0.00129,-0.000652,-0.000341,0.000195,-0.00136,
2023-07-11 00:30:00,2023-07-11,0,0.1305261922201151,0.991444861373802,192,-0.1439938583773227,-0.9895785813919032,-0.00163,-0.000858,-0.000607,-0.000176,-0.0018,
2023-07-11 00:45:00,2023-07-11,0,0.195090322016012,0.9807852804032536,192,-0.1441711841867417,-0.989552762438766,-0.00179,-0.00121,-0.000427,-0.000138,-0.0018,
2023-07-11 01:00:00,2023-07-11,1,0.2588190451024495,0.9659258262890874,192,-0.144348505366672,-0.9895269117100391,-0.000385,0.000223,-0.000317,0.000398,-0.0016,
2023-07-11 01:15:00,2023-07-11,1,0.3214394653031341,0.946930129495115,192,-0.1445258219114181,-0.9895010292065536,-0.000459,0.000121,-0.000548,0.000187,-0.0016799999999999,
2023-07-11 01:30:00,2023-07-11,1,0.3826834323651044,0.9238795325112809,192,-0.1447031338152871,-0.9894751149291402,-0.00158,-0.00084,-0.000641,-0.000218,-0.00163,
2023-07-11 01:45:00,2023-07-11,1,0.4422886902188517,0.8968727415327621,192,-0.1448804410725841,-0.9894491688786308,-0.00229,-0.00171,-0.000648,-0.000329,-0.0016899999999999,
2023-07-11 02:00:00,2023-07-11,2,0.4999999999998943,0.8660254037844997,192,-0.1450577436776174,-0.9894231910558589,-0.0023599999999999,-0.00173,-0.000372,-0.000256,-0.00151,
2023-07-11 02:15:00,2023-07-11,2,0.555570233019538,0.8314696123025881,192,-0.1452350416246925,-0.9893971814616584,-0.0019399999999999,-0.0014199999999999,-0.000714,-0.000302,-0.00183,
2023-07-11 02:30:00,2023-07-11,2,0.6087614290086949,0.7933533402912549,192,-0.1454123349081155,-0.9893711400968648,-0.00187,-0.00133,-0.000514,-0.000187,-0.00148,
2023-07-11 02:45:00,2023-07-11,2,0.6593458151000782,0.7518398074789693,192,-0.145589623522195,-0.989345066962314,-0.00263,-0.00204,-0.001,-0.00068,-0.00214,
2023-07-11 03:00:00,2023-07-11,3,0.7071067811865879,0.7071067811865072,192,-0.1457669074612368,-0.9893189620588434,-0.00153,-0.000929,-0.000303,3.82e-05,-0.00136,
2023-07-11 03:15:00,2023-07-11,3,0.7518398074790446,0.6593458150999922,192,-0.1459441867195489,-0.9892928253872912,-0.00231,-0.00191,-0.000727,-0.000317,-0.0017,
2023-07-11 03:30:00,2023-07-11,3,0.793353340291186,0.6087614290087847,192,-0.1461214612914375,-0.9892666569484968,-0.00242,-0.00199,-0.0011,-0.000822,-0.0019199999999999,
2023-07-11 03:45:00,2023-07-11,3,0.8314696123025253,0.5555702330196322,192,-0.1462987311712119,-0.9892404567433004,-0.00116,-0.000791,0.000379,0.000593,-0.000313,
2023-07-11 04:00:00,2023-07-11,4,0.866025403784443,0.4999999999999923,192,-0.1464759963531787,-0.9892142247725432,0.00307,0.0033799999999999,0.0029,0.00294,0.00198,
2023-07-11 04:15:00,2023-07-11,4,0.8968727415326114,0.4422886902191571,192,-0.146653256831645,-0.989187961037068,0.013,0.0130999999999999,0.0116,0.0107,0.0111,
2023-07-11 04:30:00,2023-07-11,4,0.9238795325112374,0.3826834323652089,192,-0.1468305126009204,-0.9891616655377172,0.0276,0.0275,0.0233,0.0216,0.0232,
2023-07-11 04:45:00,2023-07-11,4,0.9469301294950786,0.3214394653032413,192,-0.1470077636553119,-0.9891353382753364,0.0424,0.0423,0.0351,0.0322999999999999,0.0354,
2023-07-11 05:00:00,2023-07-11,5,0.965925826289058,0.2588190451025589,192,-0.1471850099891282,-0.98910897925077,0.058,0.0583,0.0466,0.0427,0.047,
2023-07-11 05:15:00,2023-07-11,5,0.9807852804032317,0.195090322016123,192,-0.1473622515966776,-0.989082588464865,0.0725,0.13,0.0625,0.0569,0.0596,
2023-07-11 05:30:00,2023-07-11,5,0.9914448613738168,0.1305261922200019,192,-0.1475394884722692,-0.9890561659184686,0.086,0.172,0.0805999999999999,0.067,0.0715,
2023-07-11 05:45:00,2023-07-11,5,0.9978589232386096,0.0654031292300483,192,-0.1477167206102112,-0.9890297116124293,0.0965,0.212,0.112,0.075,0.128,
2023-07-11 06:00:00,2023-07-11,6,1.0,8.769894737359203e-14,192,-0.1478939480048118,-0.9890032255475965,0.107,0.256,0.151,0.0837,0.174,
2023-07-11 06:15:00,2023-07-11,6,0.9978589232386064,-0.0654031292301002,192,-0.1480711706503816,-0.9889767077248208,0.115,0.305,0.193,0.105,0.222,
2023-07-11 06:30:00,2023-07-11,6,0.9914448613738102,-0.1305261922200534,192,-0.1482483885412286,-0.9889501581449536,0.123,0.354,0.241,0.144,0.273,
2023-07-11 06:45:00,2023-07-11,6,0.9807852804032656,-0.195090322015951,192,-0.1484256016716625,-0.9889235768088476,0.132,0.401,0.293,0.189,0.317,
2023-07-11 07:00:00,2023-07-11,7,0.9659258262891036,-0.2588190451023894,192,-0.148602810035993,-0.9888969637173564,0.141,0.444,0.343,0.232,0.362,
2023-07-11 07:15:00,2023-07-11,7,0.946930129495135,-0.3214394653030752,192,-0.1487800136285299,-0.9888703188713344,0.147,0.486,0.397,0.278,0.418,
2023-07-11 07:30:00,2023-07-11,7,0.9238795325113044,-0.3826834323650468,192,-0.1489572124435823,-0.9888436422716372,0.152,0.527,0.449,0.325,0.473,
2023-07-11 07:45:00,2023-07-11,7,0.896872741532689,-0.4422886902189998,192,-0.1491344064754605,-0.9888169339191214,0.157,0.571,0.5,0.373,0.528,
2023-07-11 08:00:00,2023-07-11,8,0.8660254037844171,-0.5000000000000374,192,-0.1493115957184752,-0.9887901938146448,0.161,0.614,0.551,0.422,0.578,
2023-07-11 08:15:00,2023-07-11,8,0.8314696123024964,-0.5555702330196753,192,-0.1494887801669357,-0.9887634219590656,0.163,0.651,0.595,0.467,0.623,
2023-07-11 08:30:00,2023-07-11,8,0.7933533402912928,-0.6087614290086455,192,-0.1496659598151528,-0.9887366183532444,0.168,0.691,0.637,0.511,0.668,
2023-07-11 08:45:00,2023-07-11,8,0.7518398074790102,-0.6593458151000313,192,-0.1498431346574371,-0.9887097829980408,0.176,0.725,0.672,0.548,0.709,
2023-07-11 09:00:00,2023-07-11,9,0.7071067811865511,-0.7071067811865439,192,-0.1500203046880999,-0.9886829158943172,0.181,0.757,0.707,0.586,0.748,
2023-07-11 09:15:00,2023-07-11,9,0.65934581510021,-0.7518398074788536,192,-0.1501974699014511,-0.9886560170429364,0.184,0.784,0.744,0.625,0.787,
2023-07-11 09:30:00,2023-07-11,9,0.608761429008834,-0.7933533402911481,192,-0.1503746302918021,-0.9886290864447616,0.188,0.808,0.779,0.657,0.823,
2023-07-11 09:45:00,2023-07-11,9,0.5555702330196839,-0.8314696123024907,192,-0.1505517858534646,-0.9886021241006578,0.191,0.831,0.81,0.687,0.854,
2023-07-11 10:00:00,2023-07-11,10,0.5000000000000463,-0.866025403784412,192,-0.1507289365807492,-0.9885751300114912,0.193,0.855,0.825,0.715,0.883,
2023-07-11 10:15:00,2023-07-11,10,0.442288690219009,-0.8968727415326845,192,-0.1509060824679676,-0.988548104178128,0.193,0.873,0.828,0.74,0.906,
2023-07-11 10:30:00,2023-07-11,10,0.3826834323650563,-0.9238795325113006,192,-0.1510832235094316,-0.9885210466014364,0.196,0.886,0.83,0.76,0.924,
2023-07-11 10:45:00,2023-07-11,10,0.3214394653030849,-0.9469301294951316,192,-0.1512603596994534,-0.9884939572822852,0.199,0.899,0.84,0.777,0.939,
2023-07-11 11:00:00,2023-07-11,11,0.2588190451026189,-0.965925826289042,192,-0.1514374910323442,-0.988466836221544,0.203,0.904,0.848,0.786,0.942,
2023-07-11 11:15:00,2023-07-11,11,0.195090322016184,-0.9807852804032192,192,-0.1516146175024165,-0.988439683420084,0.209,0.907,0.861,0.794,0.943,
2023-07-11 11:30:00,2023-07-11,11,0.1305261922200636,-0.9914448613738088,192,-0.1517917391039829,-0.988412498878777,0.214,0.909,0.878,0.798,0.947,
2023-07-11 11:45:00,2023-07-11,11,0.0654031292303373,-0.9978589232385908,192,-0.1519688558313547,-0.988385282598496,0.219,0.905,0.89,0.798,0.942,
2023-07-11 12:00:00,2023-07-11,12,1.4993266909255816e-13,-1.0,192,-0.1521459676788461,-0.9883580345801148,0.221,0.901,0.893,0.796,0.938,
2023-07-11 12:15:00,2023-07-11,12,-0.0654031292300381,-0.9978589232386104,192,-0.1523230746407687,-0.9883307548245084,0.224,0.889,0.879,0.785,0.926,
2023-07-11 12:30:00,2023-07-11,12,-0.1305261922199917,-0.9914448613738184,192,-0.1525001767114361,-0.9883034433325528,0.228,0.876,0.861,0.771,0.915,
2023-07-11 12:45:00,2023-07-11,12,-0.1950903220161129,-0.9807852804032337,192,-0.1526772738851607,-0.9882761001051252,0.23,0.86,0.842,0.753,0.898,
2023-07-11 13:00:00,2023-07-11,13,-0.2588190451025489,-0.9659258262890608,192,-0.1528543661562559,-0.9882487251431036,0.231,0.842,0.823,0.733,0.874,
2023-07-11 13:15:00,2023-07-11,13,-0.3214394653032316,-0.946930129495082,192,-0.1530314535190358,-0.9882213184473664,0.233,0.818,0.796,0.704,0.843,
2023-07-11 13:30:00,2023-07-11,13,-0.3826834323649894,-0.9238795325113284,192,-0.1532085359678124,-0.9881938800187944,0.226,0.795,0.769,0.68,0.812,
2023-07-11 13:45:00,2023-07-11,13,-0.442288690218944,-0.8968727415327166,192,-0.1533856134969012,-0.9881664098582684,0.226,0.769,0.736,0.651,0.775,
2023-07-11 14:00:00,2023-07-11,14,-0.4999999999999834,-0.8660254037844481,192,-0.1535626861006148,-0.9881389079666704,0.229,0.741,0.699,0.624,0.738,
2023-07-11 14:15:00,2023-07-11,14,-0.5555702330196236,-0.8314696123025309,192,-0.1537397537732681,-0.9881113743448836,0.229,0.712,0.661,0.599,0.698,
2023-07-11 14:30:00,2023-07-11,14,-0.6087614290085962,-0.7933533402913306,192,-0.1539168165091743,-0.9880838089937924,0.247,0.681,0.619,0.569,0.662,
2023-07-11 14:45:00,2023-07-11,14,-0.6593458150999846,-0.7518398074790513,192,-0.1540938743026482,-0.9880562119142816,0.25,0.373,0.348,0.324,0.368,
2023-07-11 15:00:00,2023-07-11,15,-0.7071067811864999,-0.7071067811865952,192,-0.1542709271480047,-0.9880285831072372,0.272,0.628,0.561,0.523,0.61,
2023-07-11 15:15:00,2023-07-11,15,-0.7518398074789625,-0.6593458151000858,192,-0.1544479750395573,-0.9880009225735472,0.221,0.573,0.489,0.454,0.54,
2023-07-11 15:30:00,2023-07-11,15,-0.7933533402912487,-0.608761429008703,192,-0.1546250179716223,-0.9879732303140988,0.182,0.293,0.25,0.232,0.27,
2023-07-11 15:45:00,2023-07-11,15,-0.8314696123025824,-0.5555702330195466,192,-0.1548020559385135,-0.987945506329782,0.235,0.509,0.403,0.371,0.446,
2023-07-11 16:00:00,2023-07-11,16,-0.8660254037843809,-0.5000000000001001,192,-0.1549790889345465,-0.9879177506214868,0.186,0.423,0.315,0.286,0.35,
2023-07-11 16:15:00,2023-07-11,16,-0.896872741532657,-0.4422886902190648,192,-0.1551561169540369,-0.987889963190104,0.121,0.171,0.135,0.123,0.146,
2023-07-11 16:30:00,2023-07-11,16,-0.9238795325112767,-0.3826834323651139,192,-0.1553331399912993,-0.9878621440365268,0.127,0.126,0.123,0.115,0.125,
2023-07-11 16:45:00,2023-07-11,16,-0.9469301294951116,-0.3214394653031439,192,-0.1555101580406502,-0.9878342931616476,0.158,0.187,0.136,0.122,0.151,
2023-07-11 17:00:00,2023-07-11,17,-0.965925826289026,-0.258819045102679,192,-0.1556871710964041,-0.9878064105663614,0.133,0.132,0.112,0.102,0.118,
2023-07-11 17:15:00,2023-07-11,17,-0.9807852804032072,-0.1950903220162451,192,-0.1558641791528786,-0.9877784962515632,0.0887,0.0957,0.0765999999999999,0.0719,0.0800999999999999,
2023-07-11 17:30:00,2023-07-11,17,-0.9914448613738008,-0.1305261922201253,192,-0.1560411822043885,-0.9877505502181494,0.15,0.196,0.116,0.107,0.13,
2023-07-11 17:45:00,2023-07-11,17,-0.9978589232386016,-0.0654031292301725,192,-0.1562181802452505,-0.9877225724670172,0.111,0.137,0.0886,0.0823,0.0939,
2023-07-11 18:00:00,2023-07-11,18,-1.0,1.520728463170777e-14,192,-0.1563951732697814,-0.9876945629990656,0.0647,0.0780999999999999,0.0491,0.0467,0.0514,
2023-07-11 18:15:00,2023-07-11,18,-0.9978589232385996,0.0654031292302029,192,-0.1565721612722969,-0.9876665218151932,0.0381,0.038,0.0287,0.0268,0.0281,
2023-07-11 18:30:00,2023-07-11,18,-0.9914448613738264,0.13052619221993,192,-0.1567491442471141,-0.9876384489163011,0.0169,0.0172,0.0139,0.0128,0.0134,
2023-07-11 18:45:00,2023-07-11,18,-0.9807852804032456,0.1950903220160519,192,-0.1569261221885501,-0.9876103443032906,0.00613,0.00646,0.00565,0.00498,0.00512,
2023-07-11 19:00:00,2023-07-11,19,-0.9659258262890767,0.2588190451024888,192,-0.1571030950909222,-0.987582207977064,-0.00197,-0.0016,0.000341,-0.000313,-0.000703,
2023-07-11 19:15:00,2023-07-11,19,-0.946930129495102,0.3214394653031727,192,-0.1572800629485467,-0.9875540399385246,-0.00247,-0.00209,-0.000814,-0.000765,-0.00195,
2023-07-11 19:30:00,2023-07-11,19,-0.923879532511352,0.3826834323649319,192,-0.1574570257557416,-0.9875258401885774,-0.00327,-0.00276,-0.00174,-0.00145,-0.00278,
2023-07-11 19:45:00,2023-07-11,19,-0.8968727415327441,0.4422886902188881,192,-0.1576339835068248,-0.9874976087281276,-0.00282,-0.00256,-0.000869,-0.000849,-0.00132,
2023-07-11 20:00:00,2023-07-11,20,-0.8660254037844793,0.4999999999999295,192,-0.157810936196113,-0.9874693455580816,-0.00229,-0.0020499999999999,-0.000572,-0.000623,-0.000716,
2023-07-11 20:15:00,2023-07-11,20,-0.8314696123025656,0.5555702330195719,192,-0.1579878838179247,-0.9874410506793476,-0.00373,-0.0034,-0.00082,-0.000975,-0.00147,
2023-07-11 20:30:00,2023-07-11,20,-0.7933533402912302,0.6087614290087272,192,-0.1581648263665777,-0.9874127240928336,-0.00439,-0.00346,-0.000262,-0.000646,-0.0009,
2023-07-11 20:45:00,2023-07-11,20,-0.7518398074789424,0.6593458151001087,192,-0.1583417638363908,-0.9873843657994492,-0.000108,0.000663,-4.83e-05,0.00148,-0.000386,
2023-07-11 21:00:00,2023-07-11,21,-0.7071067811864784,0.7071067811866166,192,-0.1585186962216815,-0.9873559758001054,-0.00101,-0.000436,-0.000586,0.000512,-0.0014199999999999,
2023-07-11 21:15:00,2023-07-11,21,-0.6593458151001327,0.7518398074789214,192,-0.1586956235167685,-0.9873275540957136,-0.00141,-0.00109,-0.000996,-6.879999999999999e-05,-0.00213,
2023-07-11 21:30:00,2023-07-11,21,-0.6087614290087524,0.7933533402912107,192,-0.1588725457159713,-0.9872991006871862,-0.00478,-0.00421,-0.0027,-0.0028599999999999,-0.00464,
2023-07-11 21:45:00,2023-07-11,21,-0.5555702330195983,0.8314696123025479,192,-0.1590494628136075,-0.9872706155754372,-0.00397,-0.00344,-0.00189,-0.0021,-0.00341,
2023-07-11 22:00:00,2023-07-11,22,-0.500000000000154,0.8660254037843497,192,-0.1592263748039967,-0.9872420987613814,-0.00279,-0.00219,-0.000996,-0.00107,-0.00206,
2023-07-11 22:15:00,2023-07-11,22,-0.4422886902191206,0.8968727415326294,192,-0.1594032816814581,-0.9872135502459344,-0.00166,-0.000876,0.000417,0.00065,-0.000103,
2023-07-11 22:30:00,2023-07-11,22,-0.3826834323651714,0.923879532511253,192,-0.1595801834403114,-0.9871849700300124,-0.00178,-0.00134,-0.000207,0.000329,-0.000895,
2023-07-11 22:45:00,2023-07-11,22,-0.3214394653032028,0.9469301294950916,192,-0.1597570800748753,-0.9871563581145338,-0.00276,-0.0024,-0.000393,-0.000168,-0.00157,
2023-07-11 23:00:00,2023-07-11,23,-0.2588190451025196,0.9659258262890686,192,-0.1599339715794699,-0.9871277145004173,-0.00313,-0.00267,-0.00138,-0.00121,-0.0024,
2023-07-11 23:15:00,2023-07-11,23,-0.1950903220160831,0.9807852804032394,192,-0.1601108579484153,-0.9870990391885824,-0.00229,-0.00172,-0.000765,-0.000409,-0.00179,
2023-07-11 23:30:00,2023-07-11,23,-0.1305261922199615,0.9914448613738224,192,-0.1602877391760308,-0.98707033217995,-0.00132,-0.000649,0.000345,0.00086,0.000638,
2023-07-11 23:45:00,2023-07-11,23,-0.0654031292302346,0.9978589232385976,192,-0.1604646152566369,-0.9870415934754418,-0.0016699999999999,-0.00146,-0.000162,9.17e-05,-9.43e-05,
2023-07-12 00:00:00,2023-07-12,0,-4.7026437087258366e-14,1.0,193,-0.1606414861845539,-0.987012823075981,-0.0028599999999999,-0.00267,-0.00131,-0.0012,-0.0019199999999999,
2023-07-12 00:15:00,2023-07-12,0,0.0654031292301408,0.9978589232386036,193,-0.1608183519541028,-0.986984020982491,-0.00239,-0.0020099999999999,-0.000838,-0.00078,-0.000437,
2023-07-12 00:30:00,2023-07-12,0,0.1305261922198683,0.9914448613738346,193,-0.1609952125596034,-0.986955187195897,-0.00247,-0.00216,-0.00111,-0.0013,-0.000707,
2023-07-12 00:45:00,2023-07-12,0,0.1950903220159908,0.9807852804032576,193,-0.1611720679953769,-0.9869263217171248,-0.00291,-0.00257,-0.0014399999999999,-0.00152,-0.00157,
2023-07-12 01:00:00,2023-07-12,1,0.2588190451024287,0.965925826289093,193,-0.1613489182557447,-0.986897424547101,-0.00248,-0.00213,-0.00127,-0.0014,-0.0011899999999999,
2023-07-12 01:15:00,2023-07-12,1,0.3214394653031137,0.946930129495122,193,-0.1615257633350271,-0.986868495686754,-0.00292,-0.00267,-0.00148,-0.00162,-0.0018,
2023-07-12 01:30:00,2023-07-12,1,0.3826834323650844,0.923879532511289,193,-0.1617026032275459,-0.9868395351370124,-0.00363,-0.00326,-0.00183,-0.00199,-0.00231,
2023-07-12 01:45:00,2023-07-12,1,0.4422886902190363,0.896872741532671,193,-0.1618794379276225,-0.9868105428988064,-0.00289,-0.00259,-0.0014299999999999,-0.00155,-0.00173,
2023-07-12 02:00:00,2023-07-12,2,0.5000000000000726,0.8660254037843967,193,-0.162056267429579,-0.9867815189730668,-0.00322,-0.00282,-0.00166,-0.00182,-0.0019299999999999,
2023-07-12 02:15:00,2023-07-12,2,0.5555702330195201,0.8314696123026001,193,-0.1622330917277364,-0.9867524633607254,-0.00265,-0.0023,-0.00132,-0.00141,-0.00138,
2023-07-12 02:30:00,2023-07-12,2,0.6087614290086778,0.793353340291268,193,-0.1624099108164171,-0.9867233760627157,-0.00302,-0.00266,-0.00161,-0.00146,-0.0020499999999999,
2023-07-12 02:45:00,2023-07-12,2,0.659345815100062,0.7518398074789835,193,-0.1625867246899436,-0.9866942570799712,-0.0038,-0.0036,-0.00182,-0.00195,-0.0028799999999999,
2023-07-12 03:00:00,2023-07-12,3,0.7071067811864119,0.7071067811866831,193,-0.1627635333426371,-0.9866651064134276,-0.00346,-0.00307,-0.00187,-0.00186,-0.00298,
2023-07-12 03:15:00,2023-07-12,3,0.7518398074788805,0.6593458151001794,193,-0.1629403367688217,-0.98663592406402,-0.00455,-0.00426,-0.00285,-0.0033,-0.00551,
2023-07-12 03:30:00,2023-07-12,3,0.7933533402911729,0.6087614290088018,193,-0.1631171349628187,-0.9866067100326864,-0.00419,-0.00395,-0.00294,-0.00326,-0.00461,
2023-07-12 03:45:00,2023-07-12,3,0.8314696123025133,0.55557023301965,193,-0.1632939279189519,-0.9865774643203644,-0.00226,-0.00195,-0.00103,-0.0012,-0.00198,
2023-07-12 04:00:00,2023-07-12,4,0.8660254037844323,0.500000000000011,193,-0.1634707156315434,-0.9865481869279934,0.00263,0.00287,0.00221,0.00213,0.00189,
2023-07-12 04:15:00,2023-07-12,4,0.8968727415327025,0.4422886902189725,193,-0.1636474980949167,-0.9865188778565132,0.012,0.0121,0.00982,0.0088,0.00973,
2023-07-12 04:30:00,2023-07-12,4,0.9238795325113162,0.3826834323650188,193,-0.1638242753033957,-0.9864895371068652,0.0273,0.0272,0.0216,0.0193999999999999,0.0222,
2023-07-12 04:45:00,2023-07-12,4,0.9469301294950716,0.3214394653032617,193,-0.1640010472513025,-0.9864601646799916,0.0467,0.0465,0.0354,0.0312,0.0368,
2023-07-12 05:00:00,2023-07-12,5,0.9659258262890524,0.2588190451025797,193,-0.1641778139329626,-0.9864307605768352,0.069,0.0689,0.0513,0.0448999999999999,0.0528999999999999,
2023-07-12 05:15:00,2023-07-12,5,0.9807852804032272,0.1950903220161441,193,-0.1643545753426984,-0.9864013247983404,0.09,0.117,0.0688,0.0602,0.0689,
2023-07-12 05:30:00,2023-07-12,5,0.9914448613738142,0.1305261922200232,193,-0.1645313314748349,-0.9863718573454526,0.113,0.156,0.0886,0.0737,0.0857,
2023-07-12 05:45:00,2023-07-12,5,0.9978589232385936,0.0654031292302967,193,-0.1647080823236953,-0.986342358219118,0.135,0.198,0.117,0.0852,0.129,
2023-07-12 06:00:00,2023-07-12,6,1.0,1.0926015880622451e-13,193,-0.1648848278836044,-0.9863128274202836,0.172,0.25,0.158,0.106,0.176,
2023-07-12 06:15:00,2023-07-12,6,0.9978589232386076,-0.0654031292300787,193,-0.1650615681488871,-0.9862832649498978,0.191,0.287,0.205,0.139,0.226,
2023-07-12 06:30:00,2023-07-12,6,0.9914448613738128,-0.130526192220032,193,-0.1652383031138669,-0.98625367080891,0.222,0.277,0.198,0.147,0.217,
2023-07-12 06:45:00,2023-07-12,6,0.9807852804032255,-0.1950903220161528,193,-0.1654150327728704,-0.9862240449982702,0.262,0.284,0.223,0.177,0.238,
2023-07-12 07:00:00,2023-07-12,7,0.9659258262890502,-0.2588190451025882,193,-0.1655917571202212,-0.98619438751893,0.198,0.202,0.165,0.136,0.176,
2023-07-12 07:15:00,2023-07-12,7,0.946930129495142,-0.3214394653030548,193,-0.165768476150245,-0.9861646983718416,0.203,0.224,0.211,0.176,0.218,
2023-07-12 07:30:00,2023-07-12,7,0.9238795325113128,-0.382683432365027,193,-0.1659451898572675,-0.9861349775579584,0.293,0.533,0.465,0.352,0.488,
2023-07-12 07:45:00,2023-07-12,7,0.8968727415326986,-0.4422886902189805,193,-0.1661218982356135,-0.986105225078235,0.292,0.525,0.467,0.362,0.49,
2023-07-12 08:00:00,2023-07-12,8,0.8660254037844278,-0.5000000000000187,193,-0.1662986012796096,-0.9860754409336262,0.272,0.365,0.344,0.28,0.356,
2023-07-12 08:15:00,2023-07-12,8,0.8314696123026347,-0.5555702330194684,193,-0.1664752989835802,-0.986045625125089,0.262,0.622,0.575,0.46,0.6,
2023-07-12 08:30:00,2023-07-12,8,0.7933533402913059,-0.6087614290086284,193,-0.1666519913418532,-0.9860157776535804,0.263,0.661,0.615,0.499,0.642,
2023-07-12 08:45:00,2023-07-12,8,0.7518398074790246,-0.6593458151000151,193,-0.1668286783487535,-0.985985898520059,0.274,0.707,0.658,0.541,0.689,
2023-07-12 09:00:00,2023-07-12,9,0.7071067811865664,-0.7071067811865287,193,-0.167005359998608,-0.9859559877254844,0.276,0.736,0.693,0.579,0.73,
2023-07-12 09:15:00,2023-07-12,9,0.6593458151000553,-0.7518398074789894,193,-0.1671820362857435,-0.9859260452708166,0.317,0.787,0.759,0.641,0.797,
2023-07-12 09:30:00,2023-07-12,9,0.6087614290086708,-0.7933533402912735,193,-0.1673587072044861,-0.9858960711570176,0.32,0.751,0.742,0.632,0.779,
2023-07-12 09:45:00,2023-07-12,9,0.5555702330197018,-0.8314696123024787,193,-0.167535372749163,-0.9858660653850496,0.304,0.778,0.763,0.652,0.797,
2023-07-12 10:00:00,2023-07-12,10,0.500000000000065,-0.8660254037844012,193,-0.1677120329141013,-0.9858360279558764,0.331,0.669,0.65,0.564,0.69,
2023-07-12 10:15:00,2023-07-12,10,0.4422886902190283,-0.8968727415326749,193,-0.1678886876936288,-0.985805958870462,0.341,0.81,0.782,0.696,0.842,
2023-07-12 10:30:00,2023-07-12,10,0.3826834323650763,-0.9238795325112924,193,-0.1680653370820719,-0.9857758581297726,0.301,0.801,0.765,0.698,0.841,
2023-07-12 10:45:00,2023-07-12,10,0.3214394653033207,-0.9469301294950516,193,-0.1682419810737587,-0.9857457257347744,0.269,0.896,0.846,0.783,0.939,
2023-07-12 11:00:00,2023-07-12,11,0.2588190451026398,-0.9659258262890364,193,-0.1684186196630174,-0.9857155616864348,0.26,0.908,0.857,0.795,0.948,
2023-07-12 11:15:00,2023-07-12,11,0.1950903220162052,-0.9807852804032152,193,-0.1685952528441751,-0.985685365985723,0.249,0.912,0.872,0.805,0.953,
2023-07-12 11:30:00,2023-07-12,11,0.1305261922200849,-0.991444861373806,193,-0.1687718806115604,-0.985655138633608,0.243,0.914,0.889,0.809,0.954,
2023-07-12 11:45:00,2023-07-12,11,0.0654031292301319,-0.9978589232386044,193,-0.1689485029595015,-0.9856248796310608,0.235,0.92,0.907,0.815,0.958,
2023-07-12 12:00:00,2023-07-12,12,-5.587979491804143e-14,-1.0,193,-0.1691251198823273,-0.9855945889790528,0.233,0.918,0.911,0.815,0.956,
2023-07-12 12:15:00,2023-07-12,12,-0.0654031292302435,-0.9978589232385968,193,-0.1693017313743657,-0.9855642666785572,0.239,0.904,0.895,0.803,0.942,
2023-07-12 12:30:00,2023-07-12,12,-0.1305261922199703,-0.9914448613738212,193,-0.1694783374299458,-0.985533912730547,0.242,0.891,0.877,0.788,0.929,
2023-07-12 12:45:00,2023-07-12,12,-0.1950903220160918,-0.9807852804032376,193,-0.1696549380433972,-0.9855035271359972,0.239,0.875,0.858,0.769,0.91,
2023-07-12 13:00:00,2023-07-12,13,-0.2588190451025281,-0.9659258262890664,193,-0.169831533209048,-0.9854731098958834,0.24,0.855,0.837,0.746,0.886,
2023-07-12 13:15:00,2023-07-12,13,-0.3214394653029959,-0.946930129495162,193,-0.1700081229212281,-0.9854426610111826,0.245,0.829,0.808,0.716,0.852,
2023-07-12 13:30:00,2023-07-12,13,-0.3826834323649695,-0.9238795325113366,193,-0.170184707174267,-0.9854121804828724,0.248,0.8,0.777,0.688,0.816,
2023-07-12 13:45:00,2023-07-12,13,-0.4422886902189246,-0.8968727415327261,193,-0.1703612859624948,-0.9853816683119312,0.253,0.771,0.742,0.658,0.776,
2023-07-12 14:00:00,2023-07-12,14,-0.4999999999999648,-0.866025403784459,193,-0.1705378592802401,-0.9853511244993396,0.253,0.739,0.7,0.626,0.735,
2023-07-12 14:15:00,2023-07-12,14,-0.5555702330196056,-0.8314696123025429,193,-0.1707144271218346,-0.9853205490460776,0.252,0.704,0.655,0.593,0.69,
2023-07-12 14:30:00,2023-07-12,14,-0.6087614290087594,-0.7933533402912054,193,-0.1708909894816078,-0.9852899419531274,0.254,0.666,0.608,0.557,0.646,
2023-07-12 14:45:00,2023-07-12,14,-0.6593458151001393,-0.7518398074789157,193,-0.1710675463538896,-0.9852593032214716,0.254,0.621,0.553,0.512,0.596,
2023-07-12 15:00:00,2023-07-12,15,-0.7071067811864846,-0.7071067811866104,193,-0.1712440977330109,-0.9852286328520944,0.249,0.579,0.503,0.467,0.548,
2023-07-12 15:15:00,2023-07-12,15,-0.7518398074789483,-0.659345815100102,193,-0.1714206436133026,-0.9851979308459804,0.241,0.541,0.458,0.425,0.503,
2023-07-12 15:30:00,2023-07-12,15,-0.7933533402912355,-0.6087614290087201,193,-0.1715971839890959,-0.9851671972041154,0.23,0.503,0.412,0.382,0.455,
2023-07-12 15:45:00,2023-07-12,15,-0.8314696123024441,-0.5555702330197535,193,-0.1717737188547207,-0.9851364319274866,0.221,0.46,0.362,0.334,0.399,
2023-07-12 16:00:00,2023-07-12,16,-0.8660254037843701,-0.5000000000001188,193,-0.17195024820451,-0.9851056350170816,0.211,0.417,0.312,0.287,0.346,
2023-07-12 16:15:00,2023-07-12,16,-0.8968727415326474,-0.4422886902190842,193,-0.1721267720327944,-0.9850748064738892,0.199,0.37,0.263,0.24,0.297,
2023-07-12 16:30:00,2023-07-12,16,-0.9238795325112684,-0.3826834323651338,193,-0.1723032903339051,-0.9850439462989,0.187,0.324,0.217,0.198,0.251,
2023-07-12 16:45:00,2023-07-12,16,-0.9469301294951048,-0.3214394653031643,193,-0.1724798031021743,-0.9850130544931044,0.173,0.275,0.174,0.161,0.204,
2023-07-12 17:00:00,2023-07-12,17,-0.9659258262890792,-0.2588190451024802,193,-0.1726563103319341,-0.9849821310574944,0.156,0.23,0.136,0.127,0.163,
2023-07-12 17:15:00,2023-07-12,17,-0.9807852804032474,-0.1950903220160432,193,-0.1728328120175169,-0.9849511759930628,0.134,0.184,0.104,0.0965999999999999,0.124,
2023-07-12 17:30:00,2023-07-12,17,-0.991444861373798,-0.1305261922201466,193,-0.1730093081532539,-0.9849201893008044,0.104,0.134,0.0795999999999999,0.0749,0.0873,
2023-07-12 17:45:00,2023-07-12,17,-0.9978589232386,-0.065403129230194,193,-0.1731857987334793,-0.9848891709817136,0.0673,0.0736,0.0504,0.0474,0.0523,
2023-07-12 18:00:00,2023-07-12,18,-1.0,-6.3539268009247044e-15,193,-0.173362283752525,-0.9848581210367862,0.0527,0.0584,0.0365,0.0343,0.0378999999999999,
2023-07-12 18:15:00,2023-07-12,18,-0.997858923238616,0.0654031292299545,193,-0.1735387632047229,-0.98482703946702,0.0273,0.0273999999999999,0.022,0.0203999999999999,0.022,
2023-07-12 18:30:00,2023-07-12,18,-0.9914448613738291,0.1305261922199086,193,-0.1737152370844079,-0.9847959262734122,0.0130999999999999,0.0134,0.0101999999999999,0.00884,0.00939,
2023-07-12 18:45:00,2023-07-12,18,-0.98078528040325,0.1950903220160307,193,-0.1738917053859119,-0.9847647814569626,0.00452,0.00471,0.0038399999999999,0.0030099999999999,0.00287,
2023-07-12 19:00:00,2023-07-12,19,-0.9659258262890824,0.258819045102468,193,-0.1740681681035691,-0.9847336050186708,-0.0015,-0.00128,-0.000121,-0.000413,-0.00153,
2023-07-12 19:15:00,2023-07-12,19,-0.9469301294951088,0.3214394653031522,193,-0.1742446252317119,-0.9847023969595384,-0.00333,-0.00274,-0.00132,-0.00115,-0.00263,
2023-07-12 19:30:00,2023-07-12,19,-0.9238795325112734,0.382683432365122,193,-0.1744210767646758,-0.984671157280567,-0.00378,-0.0033,-0.0016,-0.0016699999999999,-0.0030299999999999,
2023-07-12 19:45:00,2023-07-12,19,-0.8968727415326531,0.4422886902190727,193,-0.1745975226967938,-0.98463988598276,-0.00356,-0.00299,-0.00138,-0.00132,-0.00269,
2023-07-12 20:00:00,2023-07-12,20,-0.8660254037844901,0.4999999999999109,193,-0.1747739630223993,-0.9846085830671216,-0.00337,-0.00257,-0.00129,-0.00115,-0.00275,
2023-07-12 20:15:00,2023-07-12,20,-0.8314696123025775,0.5555702330195539,193,-0.1749503977358282,-0.9845772485346568,-0.00273,-0.0019,-0.0012,-0.000879,-0.0025099999999999,
2023-07-12 20:30:00,2023-07-12,20,-0.7933533402912433,0.6087614290087101,193,-0.1751268268314138,-0.984545882386372,-0.0028799999999999,-0.00239,-0.0011799999999999,-0.00104,-0.00237,
2023-07-12 20:45:00,2023-07-12,20,-0.7518398074791066,0.6593458150999215,193,-0.1753032503034912,-0.9845144846232744,-0.00241,-0.00172,-0.000686,-0.000485,-0.0018,
2023-07-12 21:00:00,2023-07-12,21,-0.7071067811866544,0.7071067811864407,193,-0.1754796681463952,-0.984483055246372,-0.0033599999999999,-0.0028599999999999,-0.0014199999999999,-0.00125,-0.00243,
2023-07-12 21:15:00,2023-07-12,21,-0.6593458151001489,0.7518398074789072,193,-0.1756560803544613,-0.984451594256674,-0.00321,-0.0028399999999999,-0.00153,-0.0014299999999999,-0.0023,
2023-07-12 21:30:00,2023-07-12,21,-0.6087614290087695,0.7933533402911976,193,-0.1758324869220243,-0.9844201016551908,-0.00296,-0.00268,-0.00113,-0.00128,-0.00159,
2023-07-12 21:45:00,2023-07-12,21,-0.5555702330196162,0.8314696123025359,193,-0.1760088878434187,-0.9843885774429336,-0.00316,-0.00285,-0.0013,-0.00141,-0.00181,
2023-07-12 22:00:00,2023-07-12,22,-0.4999999999999758,0.8660254037844526,193,-0.1761852831129819,-0.984357021620915,-0.00227,-0.0019399999999999,-0.00124,-0.00113,-0.00166,
2023-07-12 22:15:00,2023-07-12,22,-0.4422886902189361,0.8968727415327205,193,-0.1763616727250482,-0.9843254341901478,-0.00148,-0.0014,-0.00109,-0.00121,-0.00104,
2023-07-12 22:30:00,2023-07-12,22,-0.3826834323651912,0.9238795325112448,193,-0.1765380566739541,-0.9842938151516466,-0.00383,-0.00343,-0.001,-0.00128,-0.00126,
2023-07-12 22:45:00,2023-07-12,22,-0.3214394653032232,0.9469301294950848,193,-0.1767144349540357,-0.9842621645064266,-0.00363,-0.00328,-0.001,-0.00129,-0.00113,
2023-07-12 23:00:00,2023-07-12,23,-0.2588190451025404,0.965925826289063,193,-0.1768908075596297,-0.984230482255504,-0.00258,-0.00226,-0.00113,-0.00116,-0.00137,
2023-07-12 23:15:00,2023-07-12,23,-0.1950903220161042,0.9807852804032352,193,-0.1770671744850722,-0.9841987683998964,-0.00264,-0.00258,-0.00133,-0.00149,-0.00173,
2023-07-12 23:30:00,2023-07-12,23,-0.1305261922202084,0.9914448613737896,193,-0.1772435357246989,-0.9841670229406224,-0.00309,-0.00283,-0.00121,-0.00137,-0.0016,
2023-07-12 23:45:00,2023-07-12,23,-0.0654031292302562,0.997858923238596,193,-0.1774198912728486,-0.9841352458787006,-0.000964,-0.000635,-0.0007,-0.00052,-0.000908,
2023-07-13 00:00:00,2023-07-13,0,-6.858764851989085e-14,1.0,194,-0.1775962411238568,-0.984103437215152,0.000281,0.000262,0.000379,0.000417,0.000398,
2023-07-13 00:15:00,2023-07-13,0,0.0654031292301193,0.997858923238605,194,-0.1777725852720614,-0.984071596950998,-2.07e-05,-1.42e-05,0.000228,0.000245,0.000244,
2023-07-13 00:30:00,2023-07-13,0,0.1305261922200724,0.9914448613738076,194,-0.1779489237117996,-0.984039725087261,-0.00103,-0.000862,-0.000479,-0.000367,-0.00075,
2023-07-13 00:45:00,2023-07-13,0,0.1950903220161927,0.9807852804032176,194,-0.1781252564374094,-0.984007821624964,-0.000269,-0.000174,0.000272,0.000371,0.000257,
2023-07-13 01:00:00,2023-07-13,1,0.2588190451024079,0.9659258262890984,194,-0.1783015834432279,-0.983975886565132,-0.000422,-0.00034,-8.27e-05,-1.91e-05,-0.0003,
2023-07-13 01:15:00,2023-07-13,1,0.3214394653030933,0.9469301294951288,194,-0.1784779047235933,-0.9839439199087904,-0.00275,-0.00245,-0.00127,-0.00128,-0.00204,
2023-07-13 01:30:00,2023-07-13,1,0.3826834323650645,0.9238795325112972,194,-0.1786542202728443,-0.9839119216569652,-0.00254,-0.0022299999999999,-0.0011,-0.0012,-0.00175,
2023-07-13 01:45:00,2023-07-13,1,0.4422886902190169,0.8968727415326806,194,-0.1788305300853183,-0.9838798918106844,-0.0019399999999999,-0.0016799999999999,-0.000803,-0.000868,-0.0011899999999999,
2023-07-13 02:00:00,2023-07-13,2,0.499999999999857,0.8660254037845212,194,-0.1790068341553542,-0.9838478303709765,-0.00199,-0.00174,-0.00103,-0.00102,-0.00156,
2023-07-13 02:15:00,2023-07-13,2,0.5555702330195021,0.8314696123026121,194,-0.1791831324772907,-0.9838157373388706,-0.00152,-0.0013,-0.000641,-0.000371,-0.00117,
2023-07-13 02:30:00,2023-07-13,2,0.6087614290086607,0.7933533402912811,194,-0.1793594250454672,-0.9837836127153976,-0.0020499999999999,-0.00171,-0.00106,-0.000814,-0.00179,
2023-07-13 02:45:00,2023-07-13,2,0.6593458151000458,0.7518398074789977,194,-0.1795357118542218,-0.983751456501589,-0.000947,-0.00073,-0.000386,4.2e-05,-0.0006,
2023-07-13 03:00:00,2023-07-13,3,0.7071067811865575,0.7071067811865377,194,-0.1797119928978942,-0.9837192686984774,-0.00133,-0.00106,-0.000383,2.68e-05,-0.000831,
2023-07-13 03:15:00,2023-07-13,3,0.7518398074790161,0.6593458151000247,194,-0.1798882681708242,-0.9836870493070964,-0.00156,-0.00135,-0.000579,-0.000107,-0.00102,
2023-07-13 03:30:00,2023-07-13,3,0.7933533402912982,0.6087614290086385,194,-0.1800645376673507,-0.9836547983284802,-0.00228,-0.0020299999999999,-0.000872,-0.000765,-0.00133,
2023-07-13 03:45:00,2023-07-13,3,0.8314696123025013,0.555570233019668,194,-0.1802408013818138,-0.9836225157636652,-0.00105,-0.000837,-7.58e-05,0.000172,-0.000463,
2023-07-13 04:00:00,2023-07-13,4,0.8660254037844215,0.5000000000000296,194,-0.1804170593085535,-0.9835902016136872,0.00106,0.00126,0.0014299999999999,0.00148,0.0011899999999999,
2023-07-13 04:15:00,2023-07-13,4,0.8968727415326929,0.4422886902189918,194,-0.1805933114419105,-0.9835578558795844,0.00711,0.00712,0.0060599999999999,0.00543,0.00595,
2023-07-13 04:30:00,2023-07-13,4,0.9238795325112208,0.3826834323652487,194,-0.1807695577762242,-0.9835254785623953,0.0186,0.0184,0.0147,0.0129,0.0155,
2023-07-13 04:45:00,2023-07-13,4,0.9469301294950648,0.3214394653032821,194,-0.1809457983058355,-0.9834930696631592,0.0219,0.0218,0.0195,0.0177,0.0205,
2023-07-13 05:00:00,2023-07-13,5,0.9659258262890468,0.2588190451026005,194,-0.1811220330250858,-0.9834606291829174,0.0673,0.066,0.0584,0.052,0.0616,
2023-07-13 05:15:00,2023-07-13,5,0.9807852804032232,0.1950903220161653,194,-0.1812982619283145,-0.9834281571227114,0.0724,0.0712,0.0603,0.0535,0.0640999999999999,
2023-07-13 05:30:00,2023-07-13,5,0.9914448613738112,0.1305261922200446,194,-0.1814744850098645,-0.9833956534835836,0.0770999999999999,0.0757,0.064,0.0562,0.0681,
2023-07-13 05:45:00,2023-07-13,5,0.9978589232386068,0.0654031292300914,194,-0.1816507022640759,-0.983363118266578,0.0911,0.0897,0.0755,0.0665999999999999,0.0798,
2023-07-13 06:00:00,2023-07-13,6,1.0,-9.655230520437509e-14,194,-0.1818269136852909,-0.9833305514727394,0.154,0.151,0.12,0.101,0.128,
2023-07-13 06:15:00,2023-07-13,6,0.9978589232386093,-0.0654031292300572,194,-0.1820031192678503,-0.9832979531031134,0.229,0.318,0.217,0.147,0.244,
2023-07-13 06:30:00,2023-07-13,6,0.9914448613738158,-0.1305261922200107,194,-0.1821793190060964,-0.9832653231587468,0.129,0.128,0.0987,0.0829,0.106,
2023-07-13 06:45:00,2023-07-13,6,0.9807852804032298,-0.1950903220161317,194,-0.1823555128943718,-0.9832326616406876,0.105,0.103,0.0861,0.0746,0.0911,
2023-07-13 07:00:00,2023-07-13,7,0.9659258262891146,-0.2588190451023477,194,-0.1825317009270173,-0.983199968549984,0.195,0.191,0.167,0.145,0.176,
2023-07-13 07:15:00,2023-07-13,7,0.9469301294951488,-0.3214394653030344,194,-0.1827078830983771,-0.9831672438876866,0.221,0.219,0.197,0.172,0.207,
2023-07-13 07:30:00,2023-07-13,7,0.923879532511321,-0.382683432365007,194,-0.1828840594027924,-0.9831344876548456,0.224,0.22,0.189,0.167,0.2,
2023-07-13 07:45:00,2023-07-13,7,0.8968727415327081,-0.4422886902189611,194,-0.1830602298346066,-0.9831016998525132,0.26,0.257,0.248,0.223,0.256,
2023-07-13 08:00:00,2023-07-13,8,0.8660254037844386,-0.5,194,-0.183236394388163,-0.983068880481742,0.463,0.55,0.479,0.398,0.502,
2023-07-13 08:15:00,2023-07-13,8,0.8314696123025204,-0.5555702330196395,194,-0.1834125530578039,-0.983036029543586,0.507,0.62,0.545,0.452,0.577,
2023-07-13 08:30:00,2023-07-13,8,0.7933533402911807,-0.6087614290087917,194,-0.1835887058378735,-0.9830031470391002,0.48,0.543,0.479,0.403,0.504,
2023-07-13 08:45:00,2023-07-13,8,0.7518398074790388,-0.6593458150999989,194,-0.1837648527227142,-0.9829702329693404,0.505,0.559,0.51,0.435,0.534,
2023-07-13 09:00:00,2023-07-13,9,0.7071067811865817,-0.7071067811865134,194,-0.1839409937066713,-0.9829372873353632,0.464,0.608,0.562,0.478,0.585,
2023-07-13 09:15:00,2023-07-13,9,0.6593458151000715,-0.751839807478975,194,-0.1841171287840875,-0.9829043101382268,0.589,0.758,0.68,0.576,0.716,
2023-07-13 09:30:00,2023-07-13,9,0.6087614290088683,-0.7933533402911219,194,-0.1842932579493073,-0.9828713013789904,0.518,0.531,0.487,0.424,0.51,
2023-07-13 09:45:00,2023-07-13,9,0.5555702330197198,-0.8314696123024667,194,-0.1844693811966756,-0.9828382610587132,0.457,0.458,0.419,0.369,0.439,
2023-07-13 10:00:00,2023-07-13,10,0.5000000000000836,-0.8660254037843904,194,-0.1846454985205358,-0.982805189178457,0.446,0.443,0.408,0.358,0.426,
2023-07-13 10:15:00,2023-07-13,10,0.4422886902190477,-0.8968727415326654,194,-0.1848216099152336,-0.9827720857392832,0.419,0.428,0.431,0.384,0.446,
2023-07-13 10:30:00,2023-07-13,10,0.3826834323650962,-0.923879532511284,194,-0.1849977153751126,-0.9827389507422551,0.449,0.579,0.61,0.554,0.639,
2023-07-13 10:45:00,2023-07-13,10,0.3214394653031258,-0.9469301294951178,194,-0.1851738148945194,-0.9827057841884368,0.333,0.926,0.899,0.832,0.989,
2023-07-13 11:00:00,2023-07-13,11,0.2588190451024409,-0.9659258262890896,194,-0.1853499084677982,-0.9826725860788929,0.268,0.881,0.847,0.788,0.931,
2023-07-13 11:15:00,2023-07-13,11,0.1950903220162263,-0.9807852804032108,194,-0.1855259960892948,-0.9826393564146894,0.27,0.996,0.931,0.856,1.02,
2023-07-13 11:30:00,2023-07-13,11,0.1305261922201063,-0.9914448613738032,194,-0.1857020777533552,-0.9826060951968936,0.232,0.99,0.967,0.88,1.04,
2023-07-13 11:45:00,2023-07-13,11,0.0654031292301535,-0.9978589232386028,194,-0.1858781534543244,-0.9825728024265736,0.177,0.938,0.925,0.829,0.977,
2023-07-13 12:00:00,2023-07-13,12,1.9305509195782314e-13,-1.0,194,-0.1860542231865489,-0.9825394781047984,0.189,0.95,0.93,0.829,0.979,
2023-07-13 12:15:00,2023-07-13,12,-0.0654031292299951,-0.9978589232386132,194,-0.1862302869443748,-0.9825061222326382,0.191,0.923,0.905,0.809,0.962,
2023-07-13 12:30:00,2023-07-13,12,-0.1305261922199489,-0.991444861373824,194,-0.1864063447221491,-0.9824727348111636,0.188,0.846,0.845,0.759,0.889,
2023-07-13 12:45:00,2023-07-13,12,-0.1950903220160706,-0.980785280403242,194,-0.1865823965142175,-0.9824393158414474,0.152,0.878,0.864,0.771,0.919,
2023-07-13 13:00:00,2023-07-13,13,-0.2588190451025073,-0.965925826289072,194,-0.1867584423149271,-0.9824058653245624,0.146,0.857,0.835,0.739,0.89,
2023-07-13 13:15:00,2023-07-13,13,-0.3214394653031908,-0.9469301294950958,194,-0.1869344821186254,-0.9823723832615824,0.143,0.834,0.81,0.711,0.861,
2023-07-13 13:30:00,2023-07-13,13,-0.3826834323651596,-0.923879532511258,194,-0.1871105159196588,-0.982338869653583,0.135,0.814,0.784,0.686,0.83,
2023-07-13 13:45:00,2023-07-13,13,-0.4422886902189053,-0.8968727415327357,194,-0.1872865437123749,-0.9823053245016402,0.128,0.795,0.756,0.662,0.796,
2023-07-13 14:00:00,2023-07-13,14,-0.4999999999999461,-0.8660254037844698,194,-0.1874625654911214,-0.9822717478068312,0.12,0.771,0.721,0.637,0.76,
2023-07-13 14:15:00,2023-07-13,14,-0.5555702330195877,-0.8314696123025549,194,-0.1876385812502465,-0.982238139570234,0.116,0.737,0.675,0.605,0.715,
2023-07-13 14:30:00,2023-07-13,14,-0.6087614290087423,-0.7933533402912185,194,-0.1878145909840971,-0.9822044997929282,0.113,0.7,0.626,0.57,0.671,
2023-07-13 14:45:00,2023-07-13,14,-0.6593458150999522,-0.7518398074790797,194,-0.187990594687022,-0.9821708284759936,0.104,0.669,0.582,0.536,0.634,
2023-07-13 15:00:00,2023-07-13,15,-0.7071067811864694,-0.7071067811866256,194,-0.1881665923533699,-0.9821371256205116,0.103,0.632,0.532,0.491,0.592,
2023-07-13 15:15:00,2023-07-13,15,-0.7518398074789341,-0.6593458151001182,194,-0.1883425839774884,-0.9821033912275644,0.103,0.595,0.488,0.45,0.55,
2023-07-13 15:30:00,2023-07-13,15,-0.7933533402912224,-0.6087614290087372,194,-0.1885185695537267,-0.9820696252982356,0.114,0.52,0.408,0.374,0.463,
2023-07-13 15:45:00,2023-07-13,15,-0.8314696123025584,-0.5555702330195824,194,-0.1886945490764337,-0.9820358278336088,0.109,0.505,0.378,0.343,0.426,
2023-07-13 16:00:00,2023-07-13,16,-0.8660254037844729,-0.4999999999999405,194,-0.1888705225399589,-0.9820019988347696,0.1,0.462,0.323,0.288,0.367,
2023-07-13 16:15:00,2023-07-13,16,-0.8968727415326379,-0.4422886902191035,194,-0.1890464899386509,-0.9819681383028044,0.095,0.43,0.276,0.244,0.325,
2023-07-13 16:30:00,2023-07-13,16,-0.9238795325112604,-0.3826834323651537,194,-0.1892224512668595,-0.9819342462388004,0.0787,0.385,0.224,0.196,0.278,
2023-07-13 16:45:00,2023-07-13,16,-0.9469301294950978,-0.3214394653031847,194,-0.1893984065189348,-0.9819003226438456,0.069,0.329,0.168,0.15,0.221,
2023-07-13 17:00:00,2023-07-13,17,-0.9659258262890736,-0.2588190451025011,194,-0.1895743556892259,-0.98186636751903,0.0679,0.285,0.123,0.108,0.171,
2023-07-13 17:15:00,2023-07-13,17,-0.9807852804031988,-0.1950903220162874,194,-0.1897502987720833,-0.9818323808654434,0.0591,0.236,0.0810999999999999,0.0653,0.124,
2023-07-13 17:30:00,2023-07-13,17,-0.9914448613737952,-0.130526192220168,194,-0.1899262357618573,-0.9817983626841772,0.0519,0.195,0.0643,0.0559,0.0803,
2023-07-13 17:45:00,2023-07-13,17,-0.9978589232385988,-0.0654031292302156,194,-0.1901021666528987,-0.981764312976324,0.0439,0.148,0.0515,0.046,0.0531,
2023-07-13 18:00:00,2023-07-13,18,-1.0,-2.791513823355718e-14,194,-0.1902780914395575,-0.981730231742977,0.0362,0.101,0.0387,0.0356,0.0401,
2023-07-13 18:15:00,2023-07-13,18,-0.9978589232386024,0.0654031292301599,194,-0.1904540101161848,-0.9816961189852308,0.0265,0.0264,0.0249,0.0238,0.0237,
2023-07-13 18:30:00,2023-07-13,18,-0.9914448613738024,0.1305261922201127,194,-0.1906299226771323,-0.9816619747041804,0.017,0.0171,0.0162,0.0156,0.0154,
2023-07-13 18:45:00,2023-07-13,18,-0.980785280403254,0.1950903220160096,194,-0.1908058291167498,-0.9816277989009224,0.00783,0.00801,0.00836,0.00794,0.00773,
2023-07-13 19:00:00,2023-07-13,19,-0.965925826289088,0.2588190451024472,194,-0.1909817294293905,-0.9815935915765542,-9.1e-05,0.000206,0.00149,0.00145,0.000458,
2023-07-13 19:15:00,2023-07-13,19,-0.9469301294951158,0.3214394653031318,194,-0.1911576236094048,-0.9815593527321744,-0.00265,-0.00212,-0.000669,-0.000424,-0.00187,
2023-07-13 19:30:00,2023-07-13,19,-0.9238795325112816,0.3826834323651021,194,-0.1913335116511454,-0.981525082368882,-0.0035099999999999,-0.00285,-0.00145,-0.00125,-0.00275,
2023-07-13 19:45:00,2023-07-13,19,-0.8968727415327632,0.4422886902188495,194,-0.1915093935489636,-0.9814907804877784,-0.0033399999999999,-0.00256,-0.00107,-0.000894,-0.00249,
2023-07-13 20:00:00,2023-07-13,20,-0.8660254037845009,0.4999999999998922,194,-0.1916852692972119,-0.981456447089964,-0.00308,-0.0025099999999999,-0.00105,-0.00081,-0.00228,
2023-07-13 20:15:00,2023-07-13,20,-0.8314696123025895,0.555570233019536,194,-0.1918611388902433,-0.9814220821765418,-0.0028799999999999,-0.00234,-0.00108,-0.000749,-0.00219,
2023-07-13 20:30:00,2023-07-13,20,-0.7933533402912564,0.6087614290086929,194,-0.192037002322409,-0.9813876857486152,-0.00306,-0.0025,-0.000945,-0.000761,-0.00213,
2023-07-13 20:45:00,2023-07-13,20,-0.7518398074789708,0.6593458151000763,194,-0.1922128595880638,-0.9813532578072888,-0.00278,-0.0022,-0.000917,-0.000826,-0.0021,
2023-07-13 21:00:00,2023-07-13,21,-0.7071067811865088,0.7071067811865862,194,-0.1923887106815592,-0.9813187983536682,-0.0030299999999999,-0.00208,-0.000955,-0.000776,-0.00235,
2023-07-13 21:15:00,2023-07-13,21,-0.6593458150999941,0.751839807479043,194,-0.1925645555972494,-0.9812843073888596,-0.00275,-0.00206,-0.000834,-0.000673,-0.00221,
2023-07-13 21:30:00,2023-07-13,21,-0.6087614290087866,0.7933533402911845,194,-0.192740394329487,-0.9812497849139707,-0.0027,-0.00211,-0.000907,-0.000726,-0.0020099999999999,
2023-07-13 21:45:00,2023-07-13,21,-0.5555702330196342,0.8314696123025239,194,-0.1929162268726261,-0.9812152309301102,-0.00274,-0.00204,-0.000658,-0.000501,-0.00198,
2023-07-13 22:00:00,2023-07-13,22,-0.4999999999999944,0.8660254037844418,194,-0.1930920532210208,-0.9811806454383872,-0.00232,-0.0016899999999999,-0.00082,-0.000443,-0.00207,
2023-07-13 22:15:00,2023-07-13,22,-0.4422886902191593,0.8968727415326103,194,-0.193267873369024,-0.9811460284399132,-0.0024,-0.00188,-0.000896,-0.000401,-0.00187,
2023-07-13 22:30:00,2023-07-13,22,-0.3826834323652112,0.9238795325112364,194,-0.1934436873109916,-0.9811113799357988,-0.00294,-0.0023,-0.000793,-0.000558,-0.0019,
2023-07-13 22:45:00,2023-07-13,22,-0.3214394653032436,0.9469301294950778,194,-0.1936194950412766,-0.9810766999271572,-0.00275,-0.00213,-0.000665,-0.000501,-0.00184,
2023-07-13 23:00:00,2023-07-13,23,-0.2588190451025612,0.9659258262890574,194,-0.1937952965542343,-0.9810419884151016,-0.00299,-0.00227,-0.000707,-0.000612,-0.0019199999999999,
2023-07-13 23:15:00,2023-07-13,23,-0.1950903220161254,0.980785280403231,194,-0.1939710918442198,-0.9810072454007468,-0.00233,-0.00176,-0.000803,-0.00034,-0.00177,
2023-07-13 23:30:00,2023-07-13,23,-0.1305261922200043,0.9914448613738166,194,-0.1941468809055873,-0.9809724708852088,-0.00226,-0.00179,-0.000951,-0.000294,-0.00179,
2023-07-13 23:45:00,2023-07-13,23,-0.0654031292300508,0.9978589232386096,194,-0.1943226637326929,-0.9809376648696037,-0.00175,-0.00158,-0.000869,-0.000696,-0.00191,
2023-07-14 00:00:00,2023-07-14,0,-9.014885995252332e-14,1.0,195,-0.1944984403198907,-0.9809028273550494,-0.00159,-0.00132,-0.000817,-0.000615,-0.00178,
2023-07-14 00:15:00,2023-07-14,0,0.0654031292300977,0.9978589232386064,195,-0.1946742106615381,-0.9808679583426644,-0.00335,-0.00228,-0.000641,-0.000378,-0.00195,
2023-07-14 00:30:00,2023-07-14,0,0.130526192220051,0.9914448613738104,195,-0.1948499747519896,-0.9808330578335688,-0.0014199999999999,-0.000872,-0.000603,-0.000199,-0.00145,
2023-07-14 00:45:00,2023-07-14,0,0.1950903220159486,0.9807852804032662,195,-0.1950257325856016,-0.980798125828883,-0.00175,-0.0012,-0.000776,-0.000229,-0.00177,
2023-07-14 01:00:00,2023-07-14,1,0.258819045102387,0.965925826289104,195,-0.1952014841567309,-0.9807631623297286,-0.00079,-0.000241,-0.000755,-3.82e-06,-0.00157,
2023-07-14 01:15:00,2023-07-14,1,0.3214394653030729,0.9469301294951358,195,-0.195377229459733,-0.9807281673372285,-0.00102,-0.000823,-0.00109,-0.000837,-0.0022,
2023-07-14 01:30:00,2023-07-14,1,0.3826834323650446,0.9238795325113056,195,-0.1955529684889654,-0.9806931408525064,-0.00103,-0.000855,-0.00103,-0.000921,-0.00198,
2023-07-14 01:45:00,2023-07-14,1,0.4422886902189976,0.8968727415326901,195,-0.1957287012387836,-0.980658082876687,-0.0012,-0.000975,-0.000934,-0.000677,-0.0019199999999999,
2023-07-14 02:00:00,2023-07-14,2,0.5000000000000352,0.8660254037844183,195,-0.1959044277035464,-0.980622993410896,-0.0025,-0.00189,-0.000751,-0.000593,-0.00189,
2023-07-14 02:15:00,2023-07-14,2,0.5555702330196732,0.8314696123024977,195,-0.1960801478776098,-0.98058787245626,-0.00225,-0.00162,-0.000614,-0.000482,-0.00178,
2023-07-14 02:30:00,2023-07-14,2,0.6087614290086436,0.7933533402912943,195,-0.1962558617553315,-0.9805527200139074,-0.00215,-0.00148,-0.000658,-0.000489,-0.00172,
2023-07-14 02:45:00,2023-07-14,2,0.6593458151000295,0.7518398074790119,195,-0.1964315693310697,-0.9805175360849664,-0.00218,-0.00159,-0.000724,-0.000531,-0.00189,
2023-07-14 03:00:00,2023-07-14,3,0.7071067811865421,0.7071067811865529,195,-0.1966072705991814,-0.9804823206705668,-0.00275,-0.0019299999999999,-0.000503,-0.000329,-0.00159,
2023-07-14 03:15:00,2023-07-14,3,0.751839807478852,0.6593458151002118,195,-0.196782965554025,-0.9804470737718396,-0.00276,-0.00199,-0.000545,-0.000436,-0.00187,
2023-07-14 03:30:00,2023-07-14,3,0.7933533402911467,0.608761429008836,195,-0.1969586541899588,-0.9804117953899169,-0.0026,-0.00177,-0.000472,-0.000229,-0.00171,
2023-07-14 03:45:00,2023-07-14,3,0.8314696123024893,0.5555702330196859,195,-0.1971343365013417,-0.9803764855259308,-0.00157,-0.00077,3.45e-05,0.000367,-0.00113,
2023-07-14 04:00:00,2023-07-14,4,0.8660254037844107,0.5000000000000484,195,-0.1973100124825314,-0.9803411441810158,0.00188,0.00237,0.00304,0.0033,0.00233,
2023-07-14 04:15:00,2023-07-14,4,0.8968727415326834,0.4422886902190112,195,-0.1974856821278873,-0.9803057713563064,0.00926,0.0093499999999999,0.0099499999999999,0.0094,0.00886,
2023-07-14 04:30:00,2023-07-14,4,0.9238795325112996,0.3826834323650586,195,-0.1976613454317689,-0.9802703670529386,0.0176,0.0176,0.0182,0.0175,0.0172,
2023-07-14 04:45:00,2023-07-14,4,0.9469301294951308,0.3214394653030872,195,-0.1978370023885344,-0.9802349312720492,0.0254,0.0253,0.0257,0.0246,0.0248,
2023-07-14 05:00:00,2023-07-14,5,0.9659258262890412,0.2588190451026213,195,-0.1980126529925439,-0.980199464014776,0.0339,0.0338,0.033,0.0312,0.0322,
2023-07-14 05:15:00,2023-07-14,5,0.9807852804032188,0.1950903220161864,195,-0.198188297238157,-0.9801639652822582,0.0407999999999999,0.15,0.0482999999999999,0.0472,0.0424,
2023-07-14 05:30:00,2023-07-14,5,0.9914448613738084,0.130526192220066,195,-0.1983639351197341,-0.9801284350756352,0.0452,0.193,0.0657,0.0538999999999999,0.0481,
2023-07-14 05:45:00,2023-07-14,5,0.9978589232385906,0.0654031292303398,195,-0.1985395666316338,-0.9800928733960488,0.0493,0.231,0.102,0.0582,0.123,
2023-07-14 06:00:00,2023-07-14,6,1.0,1.5238258167148945e-13,195,-0.1987151917682183,-0.9800572802446396,0.0537,0.275,0.146,0.0627,0.176,
2023-07-14 06:15:00,2023-07-14,6,0.9978589232386106,-0.0654031292300356,195,-0.1988908105238471,-0.9800216556225516,0.0578,0.326,0.193,0.0869,0.228,
2023-07-14 06:30:00,2023-07-14,6,0.9914448613738186,-0.1305261922199893,195,-0.1990664228928806,-0.9799859995309284,0.0603999999999999,0.38,0.243,0.133,0.283,
2023-07-14 06:45:00,2023-07-14,6,0.980785280403234,-0.1950903220161105,195,-0.1992420288696799,-0.979950311970915,0.0633,0.429,0.301,0.182,0.329,
2023-07-14 07:00:00,2023-07-14,7,0.9659258262890612,-0.2588190451025465,195,-0.1994176284486064,-0.9799145929436572,0.0655,0.473,0.356,0.23,0.376,
2023-07-14 07:15:00,2023-07-14,7,0.9469301294950828,-0.3214394653032293,195,-0.1995932216240216,-0.9798788424503022,0.069,0.512,0.411,0.279,0.431,
2023-07-14 07:30:00,2023-07-14,7,0.9238795325113291,-0.3826834323649871,195,-0.1997688083902859,-0.979843060491998,0.0711,0.553,0.463,0.327,0.491,
2023-07-14 07:45:00,2023-07-14,7,0.8968727415327177,-0.4422886902189418,195,-0.1999443887417626,-0.9798072470698932,0.0721,0.596,0.515,0.378,0.547,
2023-07-14 08:00:00,2023-07-14,8,0.8660254037844494,-0.4999999999999813,195,-0.2001199626728128,-0.9797714021851384,0.075,0.641,0.569,0.43,0.599,
2023-07-14 08:15:00,2023-07-14,8,0.8314696123025324,-0.5555702330196215,195,-0.2002955301777983,-0.979735525838884,0.0799,0.687,0.621,0.483,0.651,
2023-07-14 08:30:00,2023-07-14,8,0.7933533402913322,-0.6087614290085942,195,-0.2004710912510818,-0.9796996180322826,0.0794,0.722,0.659,0.524,0.693,
2023-07-14 08:45:00,2023-07-14,8,0.751839807479053,-0.6593458150999827,195,-0.2006466458870258,-0.9796636787664867,0.0802,0.753,0.691,0.559,0.731,
2023-07-14 09:00:00,2023-07-14,9,0.7071067811865969,-0.7071067811864982,195,-0.2008221940799936,-0.979627708042651,0.0805999999999999,0.786,0.728,0.599,0.773,
2023-07-14 09:15:00,2023-07-14,9,0.6593458151000877,-0.7518398074789608,195,-0.2009977358243468,-0.97959170586193,0.0837,0.811,0.764,0.637,0.811,
2023-07-14 09:30:00,2023-07-14,9,0.608761429008705,-0.7933533402912472,195,-0.2011732711144503,-0.97955567222548,0.0841,0.834,0.801,0.671,0.847,
2023-07-14 09:45:00,2023-07-14,9,0.5555702330195486,-0.8314696123025811,195,-0.2013487999446666,-0.9795196071344578,0.0873,0.856,0.829,0.699,0.878,
2023-07-14 10:00:00,2023-07-14,10,0.5000000000001023,-0.8660254037843796,195,-0.2015243223093585,-0.979483510590022,0.0877,0.878,0.842,0.727,0.906,
2023-07-14 10:15:00,2023-07-14,10,0.442288690219067,-0.8968727415326558,195,-0.2016998382028913,-0.9794473825933312,0.0864,0.901,0.843,0.754,0.933,
2023-07-14 10:30:00,2023-07-14,10,0.3826834323651161,-0.923879532511276,195,-0.201875347619628,-0.979411223145546,0.086,0.917,0.844,0.774,0.951,
2023-07-14 10:45:00,2023-07-14,10,0.3214394653031462,-0.9469301294951108,195,-0.2020508505539335,-0.979375032247827,0.0842,0.931,0.853,0.793,0.966,
2023-07-14 11:00:00,2023-07-14,11,0.2588190451026814,-0.9659258262890252,195,-0.2022263470001709,-0.9793388099013368,0.085,0.941,0.867,0.806,0.975,
2023-07-14 11:15:00,2023-07-14,11,0.1950903220162475,-0.9807852804032068,195,-0.2024018369527066,-0.979302556107238,0.088,0.946,0.883,0.815,0.979,
2023-07-14 11:30:00,2023-07-14,11,0.1305261922201277,-0.9914448613738004,195,-0.2025773204059045,-0.9792662708666952,0.0907,0.947,0.905,0.82,0.98,
2023-07-14 11:45:00,2023-07-14,11,0.065403129230175,-0.9978589232386014,195,-0.2027527973541289,-0.9792299541808734,0.0874,0.946,0.924,0.824,0.981,
2023-07-14 12:00:00,2023-07-14,12,-1.2757372052776475e-14,-1.0,195,-0.2029282677917468,-0.9791936060509387,0.0864,0.941,0.927,0.822,0.976,
2023-07-14 12:15:00,2023-07-14,12,-0.0654031292302004,-0.9978589232385996,195,-0.2031037317131221,-0.9791572264780586,0.0855,0.934,0.917,0.815,0.969,
2023-07-14 12:30:00,2023-07-14,12,-0.130526192220153,-0.9914448613737972,195,-0.2032791891126217,-0.9791208154634008,0.0848,0.921,0.899,0.801,0.958,
2023-07-14 12:45:00,2023-07-14,12,-0.1950903220160495,-0.980785280403246,195,-0.2034546399846099,-0.979084373008135,0.0852,0.903,0.878,0.78,0.937,
2023-07-14 13:00:00,2023-07-14,13,-0.2588190451024865,-0.9659258262890776,195,-0.2036300843234545,-0.9790478991134308,0.0866,0.882,0.855,0.755,0.912,
2023-07-14 13:15:00,2023-07-14,13,-0.3214394653031703,-0.9469301294951028,195,-0.2038055221235212,-0.97901139378046,0.0882,0.86,0.831,0.727,0.883,
2023-07-14 13:30:00,2023-07-14,13,-0.3826834323649296,-0.9238795325113532,195,-0.2039809533791754,-0.9789748570103948,0.088,0.837,0.802,0.7,0.849,
2023-07-14 13:45:00,2023-07-14,13,-0.442288690218886,-0.8968727415327452,195,-0.2041563780847856,-0.9789382888044078,0.0875,0.812,0.769,0.673,0.812,
2023-07-14 14:00:00,2023-07-14,14,-0.4999999999999274,-0.8660254037844806,195,-0.2043317962347175,-0.9789016891636738,0.0866,0.786,0.732,0.645,0.773,
2023-07-14 14:15:00,2023-07-14,14,-0.5555702330195698,-0.8314696123025669,195,-0.2045072078233386,-0.978865058089368,0.0856,0.753,0.686,0.614,0.73,
2023-07-14 14:30:00,2023-07-14,14,-0.6087614290087252,-0.7933533402912316,195,-0.2046826128450163,-0.9788283955826664,0.0841,0.718,0.639,0.581,0.687,
2023-07-14 14:45:00,2023-07-14,14,-0.6593458151001069,-0.7518398074789441,195,-0.2048580112941185,-0.9787917016447468,0.0827,0.679,0.588,0.54,0.643,
2023-07-14 15:00:00,2023-07-14,15,-0.707106781186615,-0.7071067811864801,195,-0.2050334031650127,-0.9787549762767868,0.0813,0.638,0.536,0.494,0.598,
2023-07-14 15:15:00,2023-07-14,15,-0.7518398074789199,-0.6593458151001345,195,-0.2052087884520658,-0.9787182194799662,0.0794,0.594,0.485,0.445,0.547,
2023-07-14 15:30:00,2023-07-14,15,-0.7933533402912093,-0.6087614290087544,195,-0.2053841671496479,-0.978681431255465,0.0775999999999999,0.551,0.432,0.395,0.49,
2023-07-14 15:45:00,2023-07-14,15,-0.8314696123025465,-0.5555702330196003,195,-0.205559539252126,-0.9786446116044648,0.0747,0.511,0.38,0.346,0.429,
2023-07-14 16:00:00,2023-07-14,16,-0.8660254037843484,-0.5000000000001562,195,-0.2057349047538692,-0.9786077605281476,0.0729,0.47,0.328,0.293,0.371,
2023-07-14 16:15:00,2023-07-14,16,-0.8968727415326283,-0.4422886902191228,195,-0.2059102636492464,-0.978570878027697,0.0696,0.424,0.273,0.241,0.321,
2023-07-14 16:30:00,2023-07-14,16,-0.923879532511252,-0.3826834323651736,195,-0.2060856159326269,-0.978533964104297,0.0648,0.373,0.216,0.19,0.269,
2023-07-14 16:45:00,2023-07-14,16,-0.9469301294950908,-0.3214394653032051,195,-0.2062609615983792,-0.9784970187591334,0.0606,0.321,0.165,0.147,0.215,
2023-07-14 17:00:00,2023-07-14,17,-0.965925826289068,-0.2588190451025219,195,-0.2064363006408731,-0.9784600419933924,0.056,0.273,0.119,0.105,0.166,
2023-07-14 17:15:00,2023-07-14,17,-0.980785280403239,-0.1950903220160855,195,-0.2066116330544789,-0.9784230338082608,0.051,0.23,0.0780999999999999,0.0626,0.121,
2023-07-14 17:30:00,2023-07-14,17,-0.991444861373822,-0.130526192219964,195,-0.2067869588335655,-0.978385994204928,0.0458,0.19,0.0632,0.0544,0.0780999999999999,
2023-07-14 17:45:00,2023-07-14,17,-0.9978589232385974,-0.0654031292302371,195,-0.2069622779725034,-0.9783489231845826,0.04,0.147,0.0508,0.0453999999999999,0.0523999999999999,
2023-07-14 18:00:00,2023-07-14,18,-1.0,-4.947634966618965e-14,195,-0.207137590465663,-0.9783118207484152,0.0327,0.105,0.0389,0.0359,0.041,
2023-07-14 18:15:00,2023-07-14,18,-0.9978589232386038,0.0654031292301383,195,-0.2073128963074151,-0.9782746868976172,0.0252,0.0251,0.0246,0.0238999999999999,0.0232,
2023-07-14 18:30:00,2023-07-14,18,-0.9914448613738348,0.1305261922198659,195,-0.2074881954921298,-0.9782375216333812,0.0157,0.0159,0.0161,0.0155,0.0154,
2023-07-14 18:45:00,2023-07-14,18,-0.9807852804032584,0.1950903220159885,195,-0.2076634880141784,-0.9782003249569002,0.00738,0.0075499999999999,0.00808,0.00778,0.00709,
2023-07-14 19:00:00,2023-07-14,19,-0.9659258262890936,0.2588190451024263,195,-0.2078387738679325,-0.9781630968693688,-0.00159,-0.00131,0.0008,0.000428,-0.000428,
2023-07-14 19:15:00,2023-07-14,19,-0.9469301294951228,0.3214394653031114,195,-0.2080140530477626,-0.9781258373719828,-0.00221,-0.00172,-0.00106,-0.000768,-0.00225,
2023-07-14 19:30:00,2023-07-14,19,-0.9238795325112898,0.3826834323650822,195,-0.2081893255480408,-0.9780885464659382,-0.0023799999999999,-0.00178,-0.00117,-0.000814,-0.00233,
2023-07-14 19:45:00,2023-07-14,19,-0.8968727415326722,0.4422886902190341,195,-0.2083645913631388,-0.9780512241524328,-0.00276,-0.00215,-0.000913,-0.000761,-0.00208,
2023-07-14 20:00:00,2023-07-14,20,-0.866025403784398,0.5000000000000705,195,-0.2085398504874291,-0.9780138704326644,-0.00347,-0.00285,-0.0011899999999999,-0.00125,-0.00231,
2023-07-14 20:15:00,2023-07-14,20,-0.8314696123026015,0.555570233019518,195,-0.2087151029152832,-0.9779764853078332,-0.0044599999999999,-0.00396,-0.00107,-0.00154,-0.00216,
2023-07-14 20:30:00,2023-07-14,20,-0.7933533402912696,0.6087614290086758,195,-0.2088903486410738,-0.9779390687791396,-0.000753,-0.000149,-0.0009,4.2e-05,-0.0020099999999999,
2023-07-14 20:45:00,2023-07-14,20,-0.751839807478985,0.6593458151000601,195,-0.2090655876591741,-0.9779016208477844,-0.0025099999999999,-0.0019399999999999,-0.00105,-0.000925,-0.00214,
2023-07-14 21:00:00,2023-07-14,21,-0.7071067811866849,0.7071067811864101,195,-0.2092408199639558,-0.9778641415149713,-0.00257,-0.0020099999999999,-0.000762,-0.000742,-0.00187,
2023-07-14 21:15:00,2023-07-14,21,-0.6593458151001813,0.7518398074788788,195,-0.2094160455497935,-0.9778266307819024,-0.00299,-0.00235,-0.000689,-0.000474,-0.00171,
2023-07-14 21:30:00,2023-07-14,21,-0.6087614290088037,0.7933533402911714,195,-0.2095912644110594,-0.9777890886497832,-0.00264,-0.00188,-0.000565,-0.00021,-0.0016,
2023-07-14 21:45:00,2023-07-14,21,-0.555570233019652,0.8314696123025119,195,-0.2097664765421278,-0.9777515151198186,-0.00204,-0.00141,-0.000296,8.03e-05,-0.00103,
2023-07-14 22:00:00,2023-07-14,22,-0.5000000000000131,0.866025403784431,195,-0.2099416819373717,-0.9777139101932156,-0.00287,-0.0023799999999999,-0.00108,-0.000711,-0.00189,
2023-07-14 22:15:00,2023-07-14,22,-0.4422886902189747,0.8968727415327014,195,-0.2101168805911654,-0.9776762738711816,-0.00269,-0.00213,-0.00081,-0.000573,-0.00198,
2023-07-14 22:30:00,2023-07-14,22,-0.382683432365021,0.9238795325113152,195,-0.2102920724978836,-0.9776386061549251,-0.0033,-0.00261,-0.00133,-0.00114,-0.0025299999999999,
2023-07-14 22:45:00,2023-07-14,22,-0.321439465303264,0.9469301294950708,195,-0.2104672576518994,-0.9776009070456558,-0.00298,-0.00222,-0.000913,-0.000837,-0.0022299999999999,
2023-07-14 23:00:00,2023-07-14,23,-0.258819045102582,0.965925826289052,195,-0.210642436047589,-0.977563176544584,-0.00273,-0.00208,-0.000655,-0.000608,-0.0019,
2023-07-14 23:15:00,2023-07-14,23,-0.1950903220161465,0.9807852804032268,195,-0.2108176076793266,-0.9775254146529212,-0.00256,-0.00184,-0.000782,-0.0007,-0.00195,
2023-07-14 23:30:00,2023-07-14,23,-0.1305261922200257,0.9914448613738138,195,-0.2109927725414866,-0.9774876213718804,-0.0026,-0.0020299999999999,-0.000572,-0.000589,-0.00156,
2023-07-14 23:45:00,2023-07-14,23,-0.0654031292302992,0.9978589232385932,195,-0.2111679306284448,-0.9774497967026748,-0.00232,-0.0016899999999999,-0.000483,-0.000367,-0.00145,
2023-07-15 00:00:00,2023-07-15,0,-1.1171007138515581e-13,1.0,196,-0.2113430819345768,-0.9774119406465192,-0.00195,-0.00131,-0.000483,-0.000252,-0.00141,
2023-07-15 00:15:00,2023-07-15,0,0.0654031292300762,0.997858923238608,196,-0.2115182264542585,-0.977374053204629,-0.00122,-0.000567,-0.000579,-9.94e-05,-0.00125,
2023-07-15 00:30:00,2023-07-15,0,0.1305261922200296,0.9914448613738132,196,-0.2116933641818648,-0.9773361343782212,-0.00239,-0.0018,-0.000548,-0.00021,-0.0014399999999999,
2023-07-15 00:45:00,2023-07-15,0,0.1950903220161504,0.980785280403226,196,-0.2118684951117733,-0.9772981841685128,-0.0023799999999999,-0.0018,-0.000617,-0.00026,-0.00154,
2023-07-15 01:00:00,2023-07-15,1,0.2588190451025858,0.9659258262890508,196,-0.2120436192383597,-0.977260202576723,-0.00241,-0.00182,-0.000521,-0.000256,-0.0015,
2023-07-15 01:15:00,2023-07-15,1,0.3214394653030525,0.9469301294951428,196,-0.2122187365559996,-0.9772221896040711,-0.00258,-0.00207,-0.0007,-0.000463,-0.0018,
2023-07-15 01:30:00,2023-07-15,1,0.3826834323650247,0.9238795325113136,196,-0.2123938470590716,-0.977184145251778,-0.00283,-0.00221,-0.000696,-0.000531,-0.00186,
2023-07-15 01:45:00,2023-07-15,1,0.4422886902189782,0.8968727415326997,196,-0.2125689507419513,-0.977146069521065,-0.00266,-0.002,-0.000776,-0.00068,-0.0021,
2023-07-15 02:00:00,2023-07-15,2,0.5000000000000165,0.866025403784429,196,-0.212744047599017,-0.9771079624131548,-0.0022,-0.00151,-0.000617,-0.000386,-0.00147,
2023-07-15 02:15:00,2023-07-15,2,0.5555702330194663,0.831469612302636,196,-0.2129191376246446,-0.9770698239292716,-0.0025499999999999,-0.00173,-0.000338,-0.000195,-0.0014299999999999,
2023-07-15 02:30:00,2023-07-15,2,0.6087614290086265,0.7933533402913074,196,-0.2130942208132138,-0.9770316540706392,-0.0023599999999999,-0.00158,-0.000348,0.000107,-0.00101,
2023-07-15 02:45:00,2023-07-15,2,0.6593458151000133,0.7518398074790261,196,-0.2132692971591014,-0.976993452838484,-0.00237,-0.0019399999999999,-0.000876,-0.000233,-0.00196,
2023-07-15 03:00:00,2023-07-15,3,0.7071067811865269,0.7071067811865681,196,-0.2134443666566847,-0.9769552202340324,-0.00344,-0.00304,-0.00135,-0.0012,-0.00248,
2023-07-15 03:15:00,2023-07-15,3,0.7518398074789877,0.6593458151000571,196,-0.2136194293003437,-0.976916956258512,-0.00268,-0.00213,-0.000896,-0.000845,-0.00202,
2023-07-15 03:30:00,2023-07-15,3,0.7933533402912719,0.6087614290086727,196,-0.2137944850844559,-0.9768786609131516,-0.00218,-0.00151,-0.000383,-0.000371,-0.0014299999999999,
2023-07-15 03:45:00,2023-07-15,3,0.8314696123024774,0.5555702330197038,196,-0.2139695340034003,-0.976840334199181,-0.00098,-0.000284,0.000327,0.000749,-0.000527,
2023-07-15 04:00:00,2023-07-15,4,0.8660254037844,0.5000000000000671,196,-0.2141445760515559,-0.9768019761178308,0.000409,0.000624,0.00368,0.00304,0.00276,
2023-07-15 04:15:00,2023-07-15,4,0.8968727415326738,0.4422886902190305,196,-0.2143196112233023,-0.9767635866703328,0.00767,0.0077199999999999,0.0106,0.00988,0.00976,
2023-07-15 04:30:00,2023-07-15,4,0.9238795325112914,0.3826834323650785,196,-0.2144946395130187,-0.9767251658579194,0.0163999999999999,0.0166,0.0183,0.0176,0.0173,
2023-07-15 04:45:00,2023-07-15,4,0.9469301294950508,0.321439465303323,196,-0.2146696609150838,-0.9766867136818248,0.0232,0.023,0.0259,0.0241,0.0249,
2023-07-15 05:00:00,2023-07-15,5,0.9659258262890358,0.2588190451026421,196,-0.2148446754238791,-0.9766482301432836,0.0322999999999999,0.0322999999999999,0.0322999999999999,0.0306999999999999,0.0311,
2023-07-15 05:15:00,2023-07-15,5,0.9807852804032148,0.1950903220162076,196,-0.2150196830337835,-0.9766097152435312,0.0385,0.15,0.0479,0.0474,0.0419,
2023-07-15 05:30:00,2023-07-15,5,0.9914448613738056,0.1305261922200874,196,-0.2151946837391778,-0.9765711689838048,0.044,0.193,0.0657,0.0544,0.0477999999999999,
2023-07-15 05:45:00,2023-07-15,5,0.997858923238604,0.0654031292301344,196,-0.2153696775344424,-0.976532591365342,0.048,0.232,0.103,0.059,0.123,
2023-07-15 06:00:00,2023-07-15,6,1.0,-5.3429882339110144e-14,196,-0.2155446644139586,-0.9764939823893816,0.0522,0.275,0.148,0.0635,0.177,
2023-07-15 06:15:00,2023-07-15,6,0.997858923238597,-0.065403129230241,196,-0.2157196443721069,-0.9764553420571632,0.0547,0.323,0.192,0.0857,0.227,
2023-07-15 06:30:00,2023-07-15,6,0.9914448613738214,-0.1305261922199679,196,-0.2158946174032677,-0.976416670369928,0.0567,0.374,0.243,0.131,0.281,
2023-07-15 06:45:00,2023-07-15,6,0.9807852804032382,-0.1950903220160894,196,-0.2160695835018242,-0.9763779673289172,0.0605,0.422,0.299,0.18,0.327,
2023-07-15 07:00:00,2023-07-15,7,0.965925826289067,-0.2588190451025257,196,-0.2162445426621566,-0.9763392329353742,0.0640999999999999,0.465,0.353,0.228,0.374,
2023-07-15 07:15:00,2023-07-15,7,0.9469301294951628,-0.3214394653029935,196,-0.2164194948786473,-0.9763004671905424,0.0667,0.507,0.409,0.277,0.43,
2023-07-15 07:30:00,2023-07-15,7,0.9238795325113376,-0.3826834323649672,196,-0.2165944401456784,-0.9762616700956666,0.0692,0.548,0.461,0.326,0.487,
2023-07-15 07:45:00,2023-07-15,7,0.8968727415327272,-0.4422886902189225,196,-0.2167693784576326,-0.9762228416519928,0.0702,0.594,0.515,0.378,0.545,
2023-07-15 08:00:00,2023-07-15,8,0.8660254037844602,-0.4999999999999627,196,-0.2169443098088917,-0.9761839818607676,0.0725,0.638,0.57,0.432,0.597,
2023-07-15 08:15:00,2023-07-15,8,0.8314696123025443,-0.5555702330196036,196,-0.2171192341938388,-0.9761450907232392,0.0768,0.675,0.615,0.48,0.643,
2023-07-15 08:30:00,2023-07-15,8,0.7933533402912069,-0.6087614290087575,196,-0.2172941516068574,-0.976106168240656,0.0779,0.715,0.658,0.524,0.691,
2023-07-15 08:45:00,2023-07-15,8,0.7518398074789172,-0.6593458151001375,196,-0.2174690620423297,-0.9760672144142684,0.0775999999999999,0.753,0.696,0.564,0.735,
2023-07-15 09:00:00,2023-07-15,9,0.7071067811866122,-0.707106781186483,196,-0.2176439654946398,-0.9760282292453268,0.0761,0.787,0.733,0.603,0.779,
2023-07-15 09:15:00,2023-07-15,9,0.6593458151001039,-0.7518398074789466,196,-0.2178188619581711,-0.975989212735083,0.0742999999999999,0.814,0.771,0.642,0.818,
2023-07-15 09:30:00,2023-07-15,9,0.6087614290087221,-0.793353340291234,196,-0.2179937514273082,-0.97595016488479,0.0746,0.836,0.805,0.674,0.85,
2023-07-15 09:45:00,2023-07-15,9,0.5555702330197556,-0.8314696123024428,196,-0.2181686338964341,-0.975911085695702,0.0767,0.862,0.837,0.706,0.885,
2023-07-15 10:00:00,2023-07-15,10,0.5000000000001209,-0.8660254037843689,196,-0.2183435093599338,-0.9758719751690732,0.0783,0.884,0.85,0.734,0.912,
2023-07-15 10:15:00,2023-07-15,10,0.4422886902190863,-0.8968727415326464,196,-0.2185183778121921,-0.97583283330616,0.0815,0.904,0.848,0.758,0.935,
2023-07-15 10:30:00,2023-07-15,10,0.382683432365136,-0.9238795325112676,196,-0.218693239247593,-0.9757936601082192,0.0852,0.92,0.849,0.778,0.952,
2023-07-15 10:45:00,2023-07-15,10,0.3214394653031666,-0.946930129495104,196,-0.218868093660522,-0.9757544555765088,0.0863,0.932,0.856,0.796,0.968,
2023-07-15 11:00:00,2023-07-15,11,0.2588190451024826,-0.9659258262890784,196,-0.2190429410453642,-0.9757152197122873,0.087,0.942,0.87,0.809,0.977,
2023-07-15 11:15:00,2023-07-15,11,0.1950903220160456,-0.9807852804032468,196,-0.2192177813965057,-0.9756759525168148,0.0855,0.947,0.886,0.818,0.983,
2023-07-15 11:30:00,2023-07-15,11,0.1305261922201491,-0.9914448613737976,196,-0.2193926147083311,-0.9756366539913524,0.0866,0.95,0.909,0.825,0.985,
2023-07-15 11:45:00,2023-07-15,11,0.0654031292301965,-0.9978589232386,196,-0.2195674409752269,-0.9755973241371616,0.0853,0.949,0.928,0.828,0.985,
2023-07-15 12:00:00,2023-07-15,12,8.803839379855999e-15,-1.0,196,-0.2197422601915797,-0.9755579629555058,0.0864,0.941,0.929,0.825,0.979,
2023-07-15 12:15:00,2023-07-15,12,-0.065403129229952,-0.997858923238616,196,-0.2199170723517744,-0.9755185704476488,0.085,0.929,0.916,0.815,0.969,
2023-07-15 12:30:00,2023-07-15,12,-0.1305261922199062,-0.9914448613738296,196,-0.2200918774501995,-0.9754791466148552,0.0820999999999999,0.918,0.898,0.8,0.957,
2023-07-15 12:45:00,2023-07-15,12,-0.1950903220160283,-0.9807852804032504,196,-0.2202666754812405,-0.9754396914583916,0.0770999999999999,0.9,0.878,0.78,0.938,
2023-07-15 13:00:00,2023-07-15,13,-0.2588190451024656,-0.9659258262890832,196,-0.2204414664392852,-0.975400204979524,0.0764,0.883,0.858,0.758,0.914,
2023-07-15 13:15:00,2023-07-15,13,-0.3214394653031499,-0.9469301294951096,196,-0.2206162503187201,-0.9753606871795212,0.075,0.863,0.836,0.732,0.888,
2023-07-15 13:30:00,2023-07-15,13,-0.3826834323651197,-0.9238795325112744,196,-0.2207910271139331,-0.9753211380596518,0.073,0.841,0.807,0.705,0.855,
2023-07-15 13:45:00,2023-07-15,13,-0.4422886902190706,-0.8968727415326542,196,-0.2209657968193124,-0.9752815576211856,0.071,0.817,0.775,0.679,0.818,
2023-07-15 14:00:00,2023-07-15,14,-0.4999999999999088,-0.8660254037844913,196,-0.2211405594292447,-0.9752419458653944,0.0727,0.792,0.738,0.652,0.779,
2023-07-15 14:15:00,2023-07-15,14,-0.5555702330195519,-0.8314696123025789,196,-0.2213153149381198,-0.975202302793549,0.0731,0.759,0.694,0.622,0.736,
2023-07-15 14:30:00,2023-07-15,14,-0.6087614290087081,-0.7933533402912448,196,-0.2214900633403249,-0.9751626284069232,0.071,0.721,0.647,0.589,0.693,
2023-07-15 14:45:00,2023-07-15,14,-0.6593458150999197,-0.7518398074791082,196,-0.2216648046302491,-0.9751229227067906,0.0715,0.684,0.595,0.549,0.649,
2023-07-15 15:00:00,2023-07-15,15,-0.7071067811864389,-0.7071067811866562,196,-0.2218395388022816,-0.9750831856944264,0.0694,0.644,0.544,0.504,0.606,
2023-07-15 15:15:00,2023-07-15,15,-0.7518398074789057,-0.6593458151001507,196,-0.2220142658508107,-0.9750434173711064,0.0793,0.594,0.489,0.453,0.55,
2023-07-15 15:30:00,2023-07-15,15,-0.7933533402911962,-0.6087614290087715,196,-0.2221889857702267,-0.9750036177381076,0.0888,0.546,0.434,0.399,0.49,
2023-07-15 15:45:00,2023-07-15,15,-0.8314696123025346,-0.5555702330196183,196,-0.2223636985549177,-0.9749637867967084,0.0891,0.504,0.38,0.348,0.43,
2023-07-15 16:00:00,2023-07-15,16,-0.8660254037844514,-0.4999999999999779,196,-0.2225384041992752,-0.9749239245481875,0.0914,0.46,0.327,0.295,0.37,
2023-07-15 16:15:00,2023-07-15,16,-0.8968727415327193,-0.4422886902189382,196,-0.222713102697688,-0.9748840309938248,0.0945999999999999,0.408,0.27,0.241,0.316,
2023-07-15 16:30:00,2023-07-15,16,-0.9238795325112438,-0.3826834323651935,196,-0.2228877940445468,-0.9748441061349018,0.0963,0.355,0.216,0.193,0.263,
2023-07-15 16:45:00,2023-07-15,16,-0.946930129495084,-0.3214394653032255,196,-0.2230624782342425,-0.9748041499727,0.0964,0.302,0.168,0.152,0.21,
2023-07-15 17:00:00,2023-07-15,17,-0.9659258262890624,-0.2588190451025428,196,-0.2232371552611649,-0.9747641625085026,0.0939,0.253,0.124,0.112,0.161,
2023-07-15 17:15:00,2023-07-15,17,-0.9807852804032348,-0.1950903220161066,196,-0.2234118251197058,-0.9747241437435936,0.0902,0.216,0.0912999999999999,0.079,0.125,
2023-07-15 17:30:00,2023-07-15,17,-0.9914448613737894,-0.1305261922202108,196,-0.2235864878042551,-0.9746840936792586,0.0795,0.168,0.0736,0.0672,0.0858,
2023-07-15 17:45:00,2023-07-15,17,-0.997858923238596,-0.0654031292302586,196,-0.2237611433092059,-0.9746440123167828,0.0679,0.129,0.0595,0.0557,0.0622999999999999,
2023-07-15 18:00:00,2023-07-15,18,-1.0,-7.103756109882214e-14,196,-0.2239357916289486,-0.9746038996574538,0.0525,0.0886,0.0441,0.0419,0.0455,
2023-07-15 18:15:00,2023-07-15,18,-0.9978589232386053,0.0654031292301168,196,-0.2241104327578754,-0.9745637557025594,0.0375,0.0373999999999999,0.0297,0.0288,0.0292,
2023-07-15 18:30:00,2023-07-15,18,-0.991444861373808,0.1305261922200699,196,-0.2242850666903788,-0.9745235804533888,0.0219,0.022,0.0177,0.0167,0.0166,
2023-07-15 18:45:00,2023-07-15,18,-0.980785280403218,0.1950903220161903,196,-0.2244596934208503,-0.974483373911232,0.00682,0.0070999999999999,0.00626,0.00567,0.00496,
2023-07-15 19:00:00,2023-07-15,19,-0.9659258262890992,0.2588190451024055,196,-0.2246343129436829,-0.97444313607738,-0.00121,-0.000911,0.000352,1.15e-05,-0.000985,
2023-07-15 19:15:00,2023-07-15,19,-0.9469301294951296,0.321439465303091,196,-0.2248089252532694,-0.9744028669531252,-0.00294,-0.00257,-0.00122,-0.00138,-0.00246,
2023-07-15 19:30:00,2023-07-15,19,-0.9238795325112982,0.3826834323650623,196,-0.2249835303440032,-0.9743625665397604,-0.00327,-0.00283,-0.0012,-0.00132,-0.00237,
2023-07-15 19:45:00,2023-07-15,19,-0.8968727415326817,0.4422886902190147,196,-0.2251581282102767,-0.9743222348385796,-0.00315,-0.00263,-0.00101,-0.00111,-0.00212,
2023-07-15 20:00:00,2023-07-15,20,-0.8660254037845224,0.4999999999998549,196,-0.2253327188464838,-0.9742818718508784,-0.00239,-0.00145,-0.0004,1.91e-05,-0.0011,
2023-07-15 20:15:00,2023-07-15,20,-0.8314696123026135,0.5555702330195001,196,-0.2255073022470186,-0.9742414775779524,-0.0025299999999999,-0.00166,-0.000734,-0.000149,-0.00108,
2023-07-15 20:30:00,2023-07-15,20,-0.7933533402912827,0.6087614290086587,196,-0.2256818784062743,-0.9742010520210987,-0.00237,-0.00139,-0.000474,0.000146,-0.000957,
2023-07-15 20:45:00,2023-07-15,20,-0.7518398074789994,0.6593458151000439,196,-0.2258564473186454,-0.9741605951816158,-0.0049,-0.00428,-0.00281,-0.0023799999999999,-0.00435,
2023-07-15 21:00:00,2023-07-15,21,-0.7071067811865394,0.7071067811865557,196,-0.2260310089785263,-0.9741201070608024,-0.00463,-0.00401,-0.00245,-0.0023799999999999,-0.00372,
2023-07-15 21:15:00,2023-07-15,21,-0.6593458151000265,0.7518398074790146,196,-0.2262055633803122,-0.974079587659959,-0.00341,-0.00296,-0.0019399999999999,-0.00159,-0.00308,
2023-07-15 21:30:00,2023-07-15,21,-0.6087614290086405,0.7933533402912967,196,-0.2263801105183969,-0.9740390369803864,-0.00326,-0.00281,-0.00137,-0.00128,-0.00243,
2023-07-15 21:45:00,2023-07-15,21,-0.55557023301967,0.8314696123024999,196,-0.2265546503871761,-0.9739984550233868,-0.00323,-0.00237,-0.000772,-0.000711,-0.00185,
2023-07-15 22:00:00,2023-07-15,22,-0.5000000000000319,0.8660254037844203,196,-0.2267291829810456,-0.9739578417902632,-0.00294,-0.00226,-0.00107,-0.00091,-0.00231,
2023-07-15 22:15:00,2023-07-15,22,-0.4422886902189941,0.8968727415326918,196,-0.2269037082944,-0.9739171972823202,-0.00289,-0.00233,-0.000876,-0.000841,-0.00212,
2023-07-15 22:30:00,2023-07-15,22,-0.382683432365251,0.92387953251122,196,-0.2270782263216355,-0.9738765215008626,-0.00101,-0.000167,-0.00081,-3.44e-05,-0.0020099999999999,
2023-07-15 22:45:00,2023-07-15,22,-0.3214394653032845,0.946930129495064,196,-0.2272527370571483,-0.9738358144471966,-0.0016799999999999,-0.000897,-0.000672,-0.000268,-0.00182,
2023-07-15 23:00:00,2023-07-15,23,-0.2588190451026029,0.9659258262890464,196,-0.227427240495335,-0.9737950761226292,-0.00125,-0.000379,-0.000217,0.000317,-0.0013,
2023-07-15 23:15:00,2023-07-15,23,-0.1950903220161677,0.9807852804032224,196,-0.2276017366305908,-0.9737543065284688,-0.00256,-0.00204,-0.000114,-0.000126,-0.00126,
2023-07-15 23:30:00,2023-07-15,23,-0.130526192220047,0.991444861373811,196,-0.2277762254573143,-0.9737135056660244,-0.00243,-0.00186,-0.000303,-8.790000000000001e-05,-0.00152,
2023-07-15 23:45:00,2023-07-15,23,-0.0654031292300938,0.9978589232386068,196,-0.2279507069699014,-0.973672673536606,-0.0028,-0.00224,-0.000231,-0.000153,-0.00145,
2023-07-16 00:00:00,2023-07-16,0,9.410239262544381e-14,1.0,197,-0.2281251811627491,-0.9736318101415252,-0.00249,-0.0019,-0.00123,-0.000489,-0.0023,
2023-07-16 00:15:00,2023-07-16,0,0.0654031292300547,0.9978589232386093,197,-0.2282996480302551,-0.973590915482094,-0.00299,-0.0025299999999999,-0.00111,-0.000856,-0.00226,
2023-07-16 00:30:00,2023-07-16,0,0.1305261922200082,0.9914448613738162,197,-0.2284741075668173,-0.9735499895596252,-0.00226,-0.00182,-0.00109,-0.000787,-0.00219,
2023-07-16 00:45:00,2023-07-16,0,0.1950903220161293,0.9807852804032302,197,-0.2286485597668338,-0.9735090323754334,-0.00266,-0.002,-0.000751,-0.000677,-0.0018,
2023-07-16 01:00:00,2023-07-16,1,0.2588190451023454,0.9659258262891152,197,-0.2288230046247016,-0.9734680439308336,-0.00214,-0.0014199999999999,-0.000517,-0.000371,-0.00162,
2023-07-16 01:15:00,2023-07-16,1,0.3214394653030321,0.9469301294951497,197,-0.2289974421348208,-0.9734270242271422,-0.0023,-0.00161,-0.000296,-0.000157,-0.00145,
2023-07-16 01:30:00,2023-07-16,1,0.3826834323650048,0.923879532511322,197,-0.2291718722915892,-0.973385973265676,-0.00278,-0.0021,-0.00107,-0.000615,-0.00226,
2023-07-16 01:45:00,2023-07-16,1,0.4422886902189589,0.8968727415327092,197,-0.2293462950894048,-0.9733448910477538,-0.0028399999999999,-0.0023599999999999,-0.00115,-0.00104,-0.00228,
2023-07-16 02:00:00,2023-07-16,2,0.4999999999999979,0.8660254037844398,197,-0.2295207105226683,-0.973303777574694,-0.00246,-0.00187,-0.000738,-0.000554,-0.00177,
2023-07-16 02:15:00,2023-07-16,2,0.5555702330196375,0.8314696123025217,197,-0.2296951185857779,-0.9732626328478174,-0.00229,-0.00185,-0.000903,-0.000566,-0.0018,
2023-07-16 02:30:00,2023-07-16,2,0.6087614290087897,0.7933533402911821,197,-0.2298695192731339,-0.9732214568684447,-0.00173,-0.0013,-0.000576,-3.06e-05,-0.00102,
2023-07-16 02:45:00,2023-07-16,2,0.6593458150999971,0.7518398074790403,197,-0.2300439125791349,-0.973180249637899,-0.00239,-0.00184,-0.000745,-0.000505,-0.0016899999999999,
2023-07-16 03:00:00,2023-07-16,3,0.7071067811865117,0.7071067811865833,197,-0.2302182984981826,-0.9731390111575025,-0.00225,-0.0016799999999999,-0.000496,-0.000241,-0.00126,
2023-07-16 03:15:00,2023-07-16,3,0.7518398074789735,0.6593458151000733,197,-0.2303926770246765,-0.9730977414285796,-0.0019399999999999,-0.00149,-0.00051,-0.000111,-0.00137,
2023-07-16 03:30:00,2023-07-16,3,0.7933533402911204,0.6087614290088702,197,-0.2305670481530162,-0.9730564404524564,-0.00217,-0.00129,-0.0002,-8.790000000000001e-05,-0.00131,
2023-07-16 03:45:00,2023-07-16,3,0.8314696123024654,0.5555702330197217,197,-0.2307414118776043,-0.973015108230458,-0.00163,-0.00105,0.000321,0.000252,-0.000793,
2023-07-16 04:00:00,2023-07-16,4,0.8660254037843892,0.5000000000000857,197,-0.2309157681928403,-0.972973744763912,0.00124,0.00154,0.00226,0.00224,0.00149,
2023-07-16 04:15:00,2023-07-16,4,0.8968727415326644,0.4422886902190499,197,-0.2310901170931265,-0.9729323500541468,0.0106,0.0107,0.00922,0.0085,0.0086,
2023-07-16 04:30:00,2023-07-16,4,0.9238795325112832,0.3826834323650985,197,-0.2312644585728629,-0.972890924102492,0.0256,0.0255,0.0209,0.019,0.0208,
2023-07-16 04:45:00,2023-07-16,4,0.946930129495117,0.3214394653031281,197,-0.2314387926264531,-0.9728494669102768,0.0423,0.0421,0.0337,0.0301999999999999,0.0338,
2023-07-16 05:00:00,2023-07-16,5,0.9659258262890892,0.2588190451024433,197,-0.231613119248298,-0.972807978478833,0.0592,0.059,0.0464,0.0412999999999999,0.0467999999999999,
2023-07-16 05:15:00,2023-07-16,5,0.9807852804032104,0.1950903220162287,197,-0.2317874384327991,-0.9727664588094932,0.0767,0.113,0.062,0.0555,0.0611,
2023-07-16 05:30:00,2023-07-16,5,0.9914448613738028,0.1305261922201087,197,-0.2319617501743605,-0.97272490790359,0.0924,0.152,0.0800999999999999,0.066,0.074,
2023-07-16 05:45:00,2023-07-16,5,0.9978589232386028,0.0654031292301559,197,-0.2321360544673835,-0.972683325762458,0.107,0.193,0.109,0.0767,0.12,
2023-07-16 06:00:00,2023-07-16,6,1.0,1.955050045367544e-13,197,-0.2323103513062716,-0.9726417123874324,0.119,0.237,0.146,0.0869,0.165,
2023-07-16 06:15:00,2023-07-16,6,0.9978589232386134,-0.0654031292299926,197,-0.2324846406854281,-0.9726000677798492,0.126,0.284,0.187,0.108,0.211,
2023-07-16 06:30:00,2023-07-16,6,0.9914448613738244,-0.1305261922199465,197,-0.2326589225992558,-0.972558391941046,0.134,0.337,0.236,0.147,0.264,
2023-07-16 06:45:00,2023-07-16,6,0.9807852804032424,-0.1950903220160682,197,-0.232833197042159,-0.972516684872361,0.137,0.386,0.287,0.188,0.309,
2023-07-16 07:00:00,2023-07-16,7,0.9659258262890724,-0.2588190451025049,197,-0.2330074640085404,-0.9724749465751334,0.141,0.432,0.339,0.232,0.358,
2023-07-16 07:15:00,2023-07-16,7,0.9469301294950966,-0.3214394653031884,197,-0.2331817234928057,-0.9724331770507034,0.144,0.475,0.393,0.278,0.412,
2023-07-16 07:30:00,2023-07-16,7,0.9238795325112588,-0.3826834323651573,197,-0.2333559754893581,-0.9723913763004124,0.149,0.516,0.445,0.324,0.467,
2023-07-16 07:45:00,2023-07-16,7,0.8968727415327367,-0.4422886902189031,197,-0.2335302199926025,-0.9723495443256024,0.152,0.561,0.497,0.373,0.522,
2023-07-16 08:00:00,2023-07-16,8,0.866025403784471,-0.499999999999944,197,-0.2337044569969441,-0.9723076811276168,0.154,0.604,0.55,0.423,0.574,
2023-07-16 08:15:00,2023-07-16,8,0.8314696123025563,-0.5555702330195856,197,-0.2338786864967873,-0.9722657867078,0.171,0.665,0.609,0.48,0.636,
2023-07-16 08:30:00,2023-07-16,8,0.7933533402912201,-0.6087614290087404,197,-0.2340529084865381,-0.9722238610674973,0.169,0.693,0.643,0.516,0.671,
2023-07-16 08:45:00,2023-07-16,8,0.7518398074790814,-0.6593458150999503,197,-0.2342271229606009,-0.9721819042080548,0.168,0.728,0.679,0.555,0.713,
2023-07-16 09:00:00,2023-07-16,9,0.7071067811866274,-0.7071067811864676,197,-0.234401329913383,-0.9721399161308198,0.178,0.764,0.721,0.597,0.759,
2023-07-16 09:15:00,2023-07-16,9,0.6593458151001201,-0.7518398074789324,197,-0.2345755293392893,-0.9720978968371408,0.188,0.788,0.759,0.636,0.798,
2023-07-16 09:30:00,2023-07-16,9,0.6087614290087392,-0.793353340291221,197,-0.2347497212327265,-0.9720558463283668,0.18,0.809,0.79,0.665,0.83,
2023-07-16 09:45:00,2023-07-16,9,0.5555702330195844,-0.8314696123025571,197,-0.2349239055881014,-0.972013764605848,0.18,0.833,0.821,0.695,0.862,
2023-07-16 10:00:00,2023-07-16,10,0.4999999999999427,-0.8660254037844717,197,-0.2350980823998201,-0.971971651670936,0.173,0.858,0.837,0.724,0.893,
2023-07-16 10:15:00,2023-07-16,10,0.4422886902191057,-0.8968727415326369,197,-0.2352722516622899,-0.9719295075249832,0.184,0.891,0.845,0.757,0.925,
2023-07-16 10:30:00,2023-07-16,10,0.3826834323651559,-0.9238795325112592,197,-0.2354464133699181,-0.9718873321693424,0.173,0.904,0.85,0.781,0.946,
2023-07-16 10:45:00,2023-07-16,10,0.321439465303187,-0.946930129495097,197,-0.2356205675171125,-0.9718451256053682,0.151,0.913,0.854,0.795,0.958,
2023-07-16 11:00:00,2023-07-16,11,0.2588190451025035,-0.965925826289073,197,-0.2357947140982801,-0.971802887834416,0.147,0.92,0.863,0.806,0.964,
2023-07-16 11:15:00,2023-07-16,11,0.1950903220162897,-0.9807852804031983,197,-0.2359688531078293,-0.9717606188578418,0.147,0.928,0.881,0.816,0.971,
2023-07-16 11:30:00,2023-07-16,11,0.1305261922201704,-0.9914448613737948,197,-0.2361429845401686,-0.9717183186770032,0.15,0.929,0.901,0.821,0.971,
2023-07-16 11:45:00,2023-07-16,11,0.065403129230218,-0.9978589232385986,197,-0.2363171083897057,-0.9716759872932582,0.152,0.925,0.916,0.822,0.969,
2023-07-16 12:00:00,2023-07-16,12,3.0365050812488484e-14,-1.0,197,-0.2364912246508497,-0.9716336247079664,0.148,0.918,0.917,0.817,0.963,
2023-07-16 12:15:00,2023-07-16,12,-0.0654031292301574,-0.9978589232386026,197,-0.2366653333180096,-0.971591230922488,0.15,0.91,0.906,0.811,0.955,
2023-07-16 12:30:00,2023-07-16,12,-0.1305261922201102,-0.9914448613738028,197,-0.236839434385595,-0.9715488059381842,0.147,0.898,0.888,0.796,0.941,
2023-07-16 12:45:00,2023-07-16,12,-0.1950903220160072,-0.9807852804032544,197,-0.2370135278480139,-0.9715063497564176,0.146,0.881,0.868,0.777,0.922,
2023-07-16 13:00:00,2023-07-16,13,-0.2588190451024448,-0.9659258262890886,197,-0.2371876136996779,-0.9714638623785512,0.148,0.864,0.849,0.754,0.9,
2023-07-16 13:15:00,2023-07-16,13,-0.3214394653031295,-0.9469301294951166,197,-0.2373616919349959,-0.9714213438059492,0.153,0.839,0.822,0.726,0.868,
2023-07-16 13:30:00,2023-07-16,13,-0.3826834323650999,-0.9238795325112826,197,-0.2375357625483777,-0.9713787940399772,0.16,0.812,0.789,0.695,0.831,
2023-07-16 13:45:00,2023-07-16,13,-0.4422886902188473,-0.8968727415327642,197,-0.2377098255342341,-0.9713362130820018,0.168,0.785,0.753,0.665,0.791,
2023-07-16 14:00:00,2023-07-16,14,-0.4999999999998901,-0.8660254037845021,197,-0.2378838808869759,-0.9712936009333898,0.16,0.758,0.716,0.637,0.752,
2023-07-16 14:15:00,2023-07-16,14,-0.5555702330195339,-0.8314696123025909,197,-0.2380579286010142,-0.9712509575955096,0.157,0.725,0.671,0.606,0.71,
2023-07-16 14:30:00,2023-07-16,14,-0.608761429008691,-0.7933533402912579,197,-0.238231968670759,-0.9712082830697308,0.15,0.691,0.628,0.574,0.669,
2023-07-16 14:45:00,2023-07-16,14,-0.6593458151000745,-0.7518398074789725,197,-0.2384060010906234,-0.9711655773574236,0.149,0.648,0.574,0.53,0.621,
2023-07-16 15:00:00,2023-07-16,15,-0.7071067811865844,-0.7071067811865106,197,-0.2385800258550182,-0.9711228404599588,0.149,0.608,0.525,0.488,0.576,
2023-07-16 15:15:00,2023-07-16,15,-0.7518398074790413,-0.6593458150999959,197,-0.2387540429583547,-0.9710800723787096,0.149,0.566,0.476,0.44,0.527,
2023-07-16 15:30:00,2023-07-16,15,-0.7933533402911831,-0.6087614290087886,197,-0.2389280523950456,-0.9710372731150492,0.151,0.521,0.422,0.389,0.471,
2023-07-16 15:45:00,2023-07-16,15,-0.8314696123025226,-0.5555702330196362,197,-0.2391020541595032,-0.9709944426703512,0.148,0.477,0.37,0.339,0.412,
2023-07-16 16:00:00,2023-07-16,16,-0.8660254037844406,-0.4999999999999966,197,-0.2392760482461406,-0.9709515810459914,0.146,0.433,0.318,0.289,0.356,
2023-07-16 16:15:00,2023-07-16,16,-0.8968727415326093,-0.4422886902191615,197,-0.2394500346493694,-0.9709086882433464,0.133,0.389,0.267,0.241,0.307,
2023-07-16 16:30:00,2023-07-16,16,-0.9238795325112356,-0.3826834323652134,197,-0.2396240133636043,-0.9708657642637932,0.127,0.337,0.214,0.194,0.255,
2023-07-16 16:45:00,2023-07-16,16,-0.946930129495077,-0.3214394653032459,197,-0.2397979843832579,-0.97082280910871,0.124,0.288,0.168,0.155,0.206,
2023-07-16 17:00:00,2023-07-16,17,-0.9659258262890568,-0.2588190451025636,197,-0.239971947702743,-0.9707798227794766,0.113,0.238,0.128,0.117,0.16,
2023-07-16 17:15:00,2023-07-16,17,-0.9807852804032304,-0.1950903220161278,197,-0.240145903316475,-0.9707368052774727,0.102,0.197,0.0938,0.0839,0.121,
2023-07-16 17:30:00,2023-07-16,17,-0.9914448613738164,-0.1305261922200067,197,-0.2403198512188669,-0.9706937566040804,0.0868,0.153,0.0752999999999999,0.069,0.0852,
2023-07-16 17:45:00,2023-07-16,17,-0.9978589232386094,-0.0654031292300532,197,-0.2404937914043337,-0.9706506767606814,0.0729,0.113,0.0595,0.0557999999999999,0.0621,
2023-07-16 18:00:00,2023-07-16,18,-1.0,-9.25987725314546e-14,197,-0.240667723867289,-0.9706075657486596,0.0559,0.0757999999999999,0.044,0.042,0.0453999999999999,
2023-07-16 18:15:00,2023-07-16,18,-0.9978589232386066,0.0654031292300953,197,-0.2408416486021491,-0.9705644235693984,0.0373999999999999,0.0371,0.0287,0.0275,0.0285,
2023-07-16 18:30:00,2023-07-16,18,-0.9914448613738108,0.1305261922200485,197,-0.2410155656033283,-0.9705212502242844,0.0193,0.0193999999999999,0.0162,0.0150999999999999,0.0153,
2023-07-16 18:45:00,2023-07-16,18,-0.9807852804032666,0.1950903220159462,197,-0.2411894748652411,-0.970478045714703,0.00553,0.0057,0.00535,0.00479,0.00416,
2023-07-16 19:00:00,2023-07-16,19,-0.9659258262891048,0.2588190451023847,197,-0.2413633763823049,-0.9704348100420418,-0.000864,-0.000688,0.000141,3.44e-05,-0.000878,
2023-07-16 19:15:00,2023-07-16,19,-0.9469301294951366,0.3214394653030706,197,-0.2415372701489341,-0.9703915432076894,-0.00274,-0.00233,-0.00127,-0.00112,-0.00228,
2023-07-16 19:30:00,2023-07-16,19,-0.9238795325113064,0.3826834323650424,197,-0.2417111561595457,-0.9703482452130346,-0.00273,-0.00222,-0.0012,-0.000768,-0.00184,
2023-07-16 19:45:00,2023-07-16,19,-0.8968727415326911,0.4422886902189954,197,-0.2418850344085548,-0.9703049160594686,-0.00268,-0.00219,-0.00122,-0.00116,-0.00105,
2023-07-16 20:00:00,2023-07-16,20,-0.8660254037844195,0.5000000000000331,197,-0.2420589048903796,-0.9702615557483818,-0.00313,-0.00277,-0.00152,-0.00154,-0.00176,
2023-07-16 20:15:00,2023-07-16,20,-0.8314696123024992,0.5555702330196712,197,-0.2422327675994361,-0.970218164281167,-0.00453,-0.00409,-0.00235,-0.0024,-0.00341,
2023-07-16 20:30:00,2023-07-16,20,-0.7933533402912958,0.6087614290086416,197,-0.2424066225301407,-0.9701747416592176,-0.00432,-0.00364,-0.00216,-0.00216,-0.0036,
2023-07-16 20:45:00,2023-07-16,20,-0.7518398074790136,0.6593458151000277,197,-0.2425804696769122,-0.970131287883928,-0.00378,-0.00324,-0.00164,-0.0018,-0.00308,
2023-07-16 21:00:00,2023-07-16,21,-0.7071067811865546,0.7071067811865405,197,-0.242754309034167,-0.9700878029566932,-0.00328,-0.00295,-0.000782,-0.000994,-0.00202,
2023-07-16 21:15:00,2023-07-16,21,-0.6593458151002137,0.7518398074788504,197,-0.2429281405963234,-0.97004428687891,-0.00279,-0.00222,-0.000958,-0.000635,-0.0019199999999999,
2023-07-16 21:30:00,2023-07-16,21,-0.6087614290088379,0.7933533402911451,197,-0.2431019643577995,-0.9700007396519752,-0.0032,-0.00252,-0.000855,-0.000558,-0.0022299999999999,
2023-07-16 21:45:00,2023-07-16,21,-0.5555702330196879,0.831469612302488,197,-0.2432757803130139,-0.9699571612772876,-0.0032,-0.00245,-0.000993,-0.000696,-0.00229,
2023-07-16 22:00:00,2023-07-16,22,-0.5000000000000505,0.8660254037844095,197,-0.243449588456385,-0.9699135517562464,-0.0028,-0.00199,-0.00104,-0.000822,-0.00229,
2023-07-16 22:15:00,2023-07-16,22,-0.4422886902190134,0.8968727415326824,197,-0.2436233887823305,-0.969869911090252,-0.00339,-0.0028399999999999,-0.000965,-0.000879,-0.00227,
2023-07-16 22:30:00,2023-07-16,22,-0.3826834323650609,0.9238795325112988,197,-0.2437971812852715,-0.9698262392807055,-0.00249,-0.00173,-0.000538,-0.000409,-0.00166,
2023-07-16 22:45:00,2023-07-16,22,-0.3214394653030896,0.94693012949513,197,-0.2439709659596258,-0.9697825363290096,-0.0025499999999999,-0.00165,-0.000545,-0.000317,-0.00188,
2023-07-16 23:00:00,2023-07-16,23,-0.2588190451026237,0.9659258262890408,197,-0.2441447427998136,-0.9697388022365676,-0.0026,-0.00187,-0.000179,2.29e-05,-0.00127,
2023-07-16 23:15:00,2023-07-16,23,-0.1950903220161888,0.9807852804032184,197,-0.2443185118002546,-0.9696950370047837,-0.00249,-0.00165,-0.000624,-0.000405,-0.00189,
2023-07-16 23:30:00,2023-07-16,23,-0.1305261922200684,0.9914448613738082,197,-0.2444922729553695,-0.9696512406350632,-0.00242,-0.00149,-0.000276,2.29e-05,-0.00132,
2023-07-16 23:45:00,2023-07-16,23,-0.0654031292303422,0.9978589232385904,197,-0.2446660262595776,-0.9696074131288124,-0.00249,-0.00172,-0.000648,-0.000356,-0.00157,
2023-07-17 00:00:00,2023-07-17,0,-1.5483249425042078e-13,1.0,198,-0.2448397717072999,-0.969563554487439,-0.002,-0.00125,-0.000658,-0.000218,-0.000964,
2023-07-17 00:15:00,2023-07-17,0,0.0654031292300332,0.9978589232386108,198,-0.2450135092929579,-0.9695196647123512,-0.00241,-0.00177,-0.001,-0.000459,-0.00163,
2023-07-17 00:30:00,2023-07-17,0,0.1305261922199868,0.9914448613738188,198,-0.2451872390109717,-0.969475743804958,-0.00185,-0.0016799999999999,-0.0014199999999999,-0.00123,-0.00228,
2023-07-17 00:45:00,2023-07-17,0,0.1950903220161081,0.9807852804032344,198,-0.2453609608557631,-0.9694317917666704,-0.00385,-0.00323,-0.00188,-0.0017,-0.0028599999999999,
2023-07-17 01:00:00,2023-07-17,1,0.2588190451025442,0.965925826289062,198,-0.2455346748217537,-0.969387808598899,-0.0030099999999999,-0.00248,-0.00156,-0.0012,-0.00261,
2023-07-17 01:15:00,2023-07-17,1,0.321439465303227,0.9469301294950836,198,-0.2457083809033658,-0.9693437943030566,-0.00172,-0.000954,-0.00163,-0.00122,-0.00265,
2023-07-17 01:30:00,2023-07-17,1,0.3826834323649848,0.9238795325113304,198,-0.2458820790950207,-0.9692997488805566,-0.00349,-0.00306,-0.00112,-0.00103,-0.00214,
2023-07-17 01:45:00,2023-07-17,1,0.4422886902189396,0.8968727415327187,198,-0.2460557693911411,-0.9692556723328132,-0.00289,-0.00214,-0.00105,-0.000845,-0.00233,
2023-07-17 02:00:00,2023-07-17,2,0.4999999999999792,0.8660254037844507,198,-0.2462294517861501,-0.9692115646612416,-0.0027,-0.0019299999999999,-0.000686,-0.000501,-0.00204,
2023-07-17 02:15:00,2023-07-17,2,0.5555702330196195,0.8314696123025337,198,-0.2464031262744698,-0.9691674258672583,-0.0022299999999999,-0.00159,-0.000541,-0.000405,-0.0014299999999999,
2023-07-17 02:30:00,2023-07-17,2,0.6087614290085923,0.7933533402913336,198,-0.2465767928505236,-0.9691232559522808,-0.00224,-0.00126,8.620000000000001e-05,0.000375,-0.000943,
2023-07-17 02:45:00,2023-07-17,2,0.6593458150999809,0.7518398074790545,198,-0.2467504515087349,-0.9690790549177272,-0.0025499999999999,-0.00166,-0.000496,-6.12e-05,-0.00158,
2023-07-17 03:00:00,2023-07-17,3,0.7071067811864964,0.7071067811865986,198,-0.2469241022435279,-0.969034822765017,-0.00209,-0.00128,-0.000638,-6.5e-05,-0.00117,
2023-07-17 03:15:00,2023-07-17,3,0.7518398074789593,0.6593458151000895,198,-0.2470977450493256,-0.9689905594955704,-0.00247,-0.00175,-0.000824,-0.000275,-0.00127,
2023-07-17 03:30:00,2023-07-17,3,0.7933533402912457,0.6087614290087069,198,-0.2472713799205525,-0.9689462651108088,-0.00275,-0.0022299999999999,-0.000951,-0.000524,-0.0014299999999999,
2023-07-17 03:45:00,2023-07-17,3,0.8314696123025798,0.5555702330195507,198,-0.2474450068516334,-0.9689019396121544,-0.0025299999999999,-0.00198,-0.00117,-0.000868,-0.00161,
2023-07-17 04:00:00,2023-07-17,4,0.8660254037843784,0.5000000000001044,198,-0.2476186258369918,-0.9688575830010312,-9.51e-05,0.000131,0.000507,0.000493,-0.000398,
2023-07-17 04:15:00,2023-07-17,4,0.8968727415326548,0.4422886902190692,198,-0.2477922368710542,-0.9688131952788624,0.00852,0.00868,0.00746,0.00671,0.00684,
2023-07-17 04:30:00,2023-07-17,4,0.9238795325112747,0.3826834323651183,198,-0.2479658399482445,-0.9687687764470744,0.0235,0.0236,0.0188,0.0169,0.0186999999999999,
2023-07-17 04:45:00,2023-07-17,4,0.94693012949511,0.3214394653031485,198,-0.2481394350629891,-0.9687243265070928,0.0412999999999999,0.0416,0.0327999999999999,0.0294,0.0332,
2023-07-17 05:00:00,2023-07-17,5,0.9659258262890246,0.2588190451026838,198,-0.2483130222097127,-0.9686798454603456,0.0601,0.0599,0.0467,0.0416,0.0474,
2023-07-17 05:15:00,2023-07-17,5,0.9807852804032062,0.1950903220162499,198,-0.2484866013828416,-0.9686353333082603,0.0767,0.116,0.0621,0.0559,0.0616,
2023-07-17 05:30:00,2023-07-17,5,0.9914448613738,0.1305261922201301,198,-0.2486601725768026,-0.968590790052267,0.0917999999999999,0.157,0.0813,0.0674,0.0747999999999999,
2023-07-17 05:45:00,2023-07-17,5,0.9978589232386011,0.0654031292301774,198,-0.2488337357860208,-0.9685462156937958,0.106,0.197,0.111,0.0774,0.12,
2023-07-17 06:00:00,2023-07-17,6,1.0,-1.0307459473845183e-14,198,-0.2490072910049245,-0.9685016102342776,0.118,0.241,0.149,0.0874,0.168,
2023-07-17 06:15:00,2023-07-17,6,0.9978589232386,-0.065403129230198,198,-0.2491808382279395,-0.9684569736751456,0.132,0.288,0.189,0.111,0.214,
2023-07-17 06:30:00,2023-07-17,6,0.9914448613737974,-0.1305261922201506,198,-0.2493543774494938,-0.968412306017832,0.18,0.374,0.251,0.159,0.284,
2023-07-17 06:45:00,2023-07-17,6,0.9807852804032466,-0.1950903220160471,198,-0.249527908664014,-0.9683676072637722,0.165,0.391,0.286,0.191,0.309,
2023-07-17 07:00:00,2023-07-17,7,0.965925826289078,-0.2588190451024841,198,-0.2497014318659284,-0.968322877414401,0.16,0.429,0.338,0.233,0.356,
2023-07-17 07:15:00,2023-07-17,7,0.9469301294951036,-0.321439465303168,198,-0.2498749470496652,-0.9682781164711548,0.17,0.471,0.391,0.28,0.409,
2023-07-17 07:30:00,2023-07-17,7,0.923879532511354,-0.3826834323649273,198,-0.2500484542096515,-0.9682333244354708,0.18,0.509,0.44,0.324,0.461,
2023-07-17 07:45:00,2023-07-17,7,0.8968727415327462,-0.4422886902188838,198,-0.2502219533403176,-0.9681885013087874,0.181,0.554,0.492,0.372,0.517,
2023-07-17 08:00:00,2023-07-17,8,0.8660254037844818,-0.4999999999999253,198,-0.2503954444360907,-0.968143647092544,0.189,0.596,0.541,0.42,0.566,
2023-07-17 08:15:00,2023-07-17,8,0.8314696123025682,-0.5555702330195678,198,-0.2505689274914005,-0.968098761788181,0.192,0.637,0.59,0.468,0.615,
2023-07-17 08:30:00,2023-07-17,8,0.7933533402912332,-0.6087614290087233,198,-0.2507424025006766,-0.9680538453971396,0.199,0.674,0.631,0.508,0.657,
2023-07-17 08:45:00,2023-07-17,8,0.7518398074789456,-0.659345815100105,198,-0.2509158694583476,-0.9680088979208618,0.21,0.714,0.672,0.548,0.702,
2023-07-17 09:00:00,2023-07-17,9,0.7071067811864818,-0.7071067811866132,198,-0.2510893283588443,-0.9679639193607912,0.216,0.745,0.707,0.585,0.739,
2023-07-17 09:15:00,2023-07-17,9,0.6593458151001363,-0.7518398074789182,198,-0.2512627791965954,-0.9679189097183724,0.216,0.773,0.744,0.623,0.78,
2023-07-17 09:30:00,2023-07-17,9,0.6087614290087563,-0.7933533402912079,198,-0.2514362219660329,-0.9678738689950503,0.219,0.796,0.777,0.657,0.816,
2023-07-17 09:45:00,2023-07-17,9,0.5555702330196024,-0.8314696123025451,198,-0.2516096566615861,-0.9678287971922712,0.223,0.817,0.806,0.685,0.846,
2023-07-17 10:00:00,2023-07-17,10,0.5000000000001583,-0.8660254037843472,198,-0.2517830832776863,-0.9677836943114828,0.226,0.838,0.819,0.712,0.872,
2023-07-17 10:15:00,2023-07-17,10,0.442288690219125,-0.8968727415326273,198,-0.2519565018087649,-0.967738560354133,0.223,0.856,0.822,0.736,0.897,
2023-07-17 10:30:00,2023-07-17,10,0.3826834323651759,-0.9238795325112512,198,-0.2521299122492526,-0.9676933953216712,0.228,0.873,0.825,0.757,0.913,
2023-07-17 10:45:00,2023-07-17,10,0.3214394653032074,-0.94693012949509,198,-0.2523033145935816,-0.9676481992155476,0.229,0.878,0.83,0.771,0.923,
2023-07-17 11:00:00,2023-07-17,11,0.2588190451025243,-0.9659258262890672,198,-0.2524767088361826,-0.967602972037214,0.23,0.889,0.845,0.786,0.933,
2023-07-17 11:15:00,2023-07-17,11,0.1950903220160879,-0.9807852804032384,198,-0.2526500949714895,-0.967557713788122,0.229,0.898,0.863,0.799,0.944,
2023-07-17 11:30:00,2023-07-17,11,0.1305261922199664,-0.9914448613738216,198,-0.2528234729939334,-0.9675124244697252,0.23,0.898,0.88,0.805,0.943,
2023-07-17 11:45:00,2023-07-17,11,0.0654031292302395,-0.9978589232385972,198,-0.2529968428979472,-0.967467104083478,0.23,0.895,0.893,0.806,0.94,
2023-07-17 12:00:00,2023-07-17,12,5.192626224512096e-14,-1.0,198,-0.2531702046779645,-0.9674217526308356,0.229,0.892,0.896,0.804,0.939,
2023-07-17 12:15:00,2023-07-17,12,-0.0654031292301359,-0.997858923238604,198,-0.2533435583284175,-0.9673763701132542,0.229,0.879,0.881,0.794,0.928,
2023-07-17 12:30:00,2023-07-17,12,-0.1305261922198634,-0.9914448613738353,198,-0.2535169038437399,-0.9673309565321913,0.228,0.869,0.865,0.781,0.914,
2023-07-17 12:45:00,2023-07-17,12,-0.195090322015986,-0.9807852804032589,198,-0.2536902412183656,-0.9672855118891048,0.227,0.851,0.844,0.761,0.893,
2023-07-17 13:00:00,2023-07-17,13,-0.258819045102424,-0.9659258262890942,198,-0.2538635704467289,-0.9672400361854542,0.226,0.835,0.825,0.741,0.873,
2023-07-17 13:15:00,2023-07-17,13,-0.3214394653031091,-0.9469301294951236,198,-0.2540368915232632,-0.9671945294227,0.222,0.818,0.804,0.718,0.848,
2023-07-17 13:30:00,2023-07-17,13,-0.3826834323650799,-0.9238795325112908,198,-0.2542102044424033,-0.9671489916023028,0.217,0.797,0.778,0.693,0.818,
2023-07-17 13:45:00,2023-07-17,13,-0.4422886902190319,-0.8968727415326732,198,-0.2543835091985845,-0.9671034227257256,0.214,0.77,0.745,0.666,0.78,
2023-07-17 14:00:00,2023-07-17,14,-0.5000000000000684,-0.8660254037843992,198,-0.2545568057862409,-0.9670578227944314,0.208,0.744,0.708,0.637,0.744,
2023-07-17 14:15:00,2023-07-17,14,-0.555570233019516,-0.8314696123026029,198,-0.2547300941998081,-0.9670121918098844,0.204,0.711,0.664,0.603,0.701,
2023-07-17 14:30:00,2023-07-17,14,-0.6087614290086739,-0.793353340291271,198,-0.2549033744337218,-0.96696652977355,0.199,0.674,0.617,0.568,0.655,
2023-07-17 14:45:00,2023-07-17,14,-0.6593458151000583,-0.7518398074789867,198,-0.255076646482418,-0.9669208366868942,0.198,0.636,0.568,0.528,0.613,
2023-07-17 15:00:00,2023-07-17,15,-0.7071067811864085,-0.7071067811866867,198,-0.2552499103403321,-0.9668751125513844,0.194,0.593,0.515,0.48,0.565,
2023-07-17 15:15:00,2023-07-17,15,-0.7518398074788772,-0.6593458151001831,198,-0.2554231660019007,-0.9668293573684892,0.187,0.549,0.465,0.432,0.516,
2023-07-17 15:30:00,2023-07-17,15,-0.7933533402911699,-0.6087614290088057,198,-0.2555964134615609,-0.966783571139677,0.182,0.503,0.41,0.38,0.457,
2023-07-17 15:45:00,2023-07-17,15,-0.8314696123025106,-0.5555702330196541,198,-0.2557696527137486,-0.9667377538664188,0.177,0.468,0.364,0.334,0.404,
2023-07-17 16:00:00,2023-07-17,16,-0.8660254037844298,-0.5000000000000152,198,-0.2559428837529014,-0.9666919055501856,0.166,0.433,0.318,0.289,0.355,
2023-07-17 16:15:00,2023-07-17,16,-0.8968727415327004,-0.4422886902189769,198,-0.2561161065734567,-0.9666460261924495,0.151,0.388,0.268,0.242,0.308,
2023-07-17 16:30:00,2023-07-17,16,-0.9238795325113144,-0.3826834323650233,198,-0.2562893211698524,-0.966600115794684,0.14,0.336,0.215,0.194,0.255,
2023-07-17 16:45:00,2023-07-17,16,-0.94693012949507,-0.3214394653032664,198,-0.2564625275365257,-0.966554174358363,0.128,0.283,0.168,0.154,0.204,
2023-07-17 17:00:00,2023-07-17,17,-0.9659258262890512,-0.2588190451025844,198,-0.2566357256679151,-0.966508201884962,0.116,0.237,0.128,0.117,0.159,
2023-07-17 17:15:00,2023-07-17,17,-0.9807852804032264,-0.1950903220161489,198,-0.2568089155584594,-0.9664621983759571,0.103,0.195,0.0937,0.0837,0.12,
2023-07-17 17:30:00,2023-07-17,17,-0.9914448613738136,-0.1305261922200281,198,-0.2569820972025966,-0.9664161638328258,0.0883,0.154,0.075,0.0693,0.0846,
2023-07-17 17:45:00,2023-07-17,17,-0.9978589232385932,-0.0654031292303016,198,-0.257155270594766,-0.966370098257046,0.0714,0.111,0.0578,0.0544,0.0602,
2023-07-17 18:00:00,2023-07-17,18,-1.0,-1.1415998396408708e-13,198,-0.2573284357294068,-0.9663240016500968,0.0527,0.0711,0.0416,0.0397999999999999,0.0429,
2023-07-17 18:15:00,2023-07-17,18,-0.997858923238608,0.0654031292300738,198,-0.2575015926009589,-0.9662778740134588,0.0337,0.0334,0.0266,0.0253,0.0259,
2023-07-17 18:30:00,2023-07-17,18,-0.9914448613738136,0.1305261922200272,198,-0.2576747412038613,-0.966231715348613,0.0163,0.0162,0.0143,0.0129,0.013,
2023-07-17 18:45:00,2023-07-17,18,-0.9807852804032264,0.195090322016148,198,-0.2578478815325543,-0.9661855256570416,0.00364,0.0039,0.0043,0.00397,0.00299,
2023-07-17 19:00:00,2023-07-17,19,-0.9659258262890514,0.2588190451025834,198,-0.2580210135814786,-0.9661393049402278,-0.0019,-0.00172,-0.000231,-0.000512,-0.00166,
2023-07-17 19:15:00,2023-07-17,19,-0.9469301294951434,0.3214394653030502,198,-0.2581941373450736,-0.966093053199656,-0.00362,-0.00314,-0.00126,-0.00154,-0.00265,
2023-07-17 19:30:00,2023-07-17,19,-0.9238795325113146,0.3826834323650224,198,-0.2583672528177818,-0.9660467704368108,-0.00182,-0.00115,-0.000945,-0.000417,-0.0022,
2023-07-17 19:45:00,2023-07-17,19,-0.8968727415327007,0.4422886902189761,198,-0.2585403599940429,-0.9660004566531792,-0.00359,-0.0028599999999999,-0.000731,-0.000703,-0.0019,
2023-07-17 20:00:00,2023-07-17,20,-0.8660254037844303,0.5000000000000144,198,-0.2587134588682991,-0.9659541118502476,-0.00347,-0.00278,-0.00102,-0.000906,-0.00246,
2023-07-17 20:15:00,2023-07-17,20,-0.8314696123026374,0.5555702330194643,198,-0.2588865494349913,-0.965907736029505,-0.0028,-0.00212,-0.000996,-0.000684,-0.00264,
2023-07-17 20:30:00,2023-07-17,20,-0.7933533402913089,0.6087614290086245,198,-0.2590596316885616,-0.96586132919244,-0.00317,-0.00224,-0.00106,-0.000761,-0.0023,
2023-07-17 20:45:00,2023-07-17,20,-0.7518398074790278,0.6593458151000114,198,-0.2592327056234528,-0.9658148913405428,-0.00375,-0.0031,-0.000483,-0.0006,-0.00195,
2023-07-17 21:00:00,2023-07-17,21,-0.7071067811865699,0.7071067811865251,198,-0.2594057712341059,-0.9657684224753048,-0.0033599999999999,-0.00267,-0.000934,-0.000516,-0.00246,
2023-07-17 21:15:00,2023-07-17,21,-0.659345815100059,0.751839807478986,198,-0.2595788285149653,-0.965721922598218,-0.00304,-0.0020099999999999,-0.000414,-6.879999999999999e-05,-0.00186,
2023-07-17 21:30:00,2023-07-17,21,-0.6087614290086747,0.7933533402912705,198,-0.2597518774604726,-0.9656753917107754,-0.00404,-0.00295,-0.00129,-0.00107,-0.00332,
2023-07-17 21:45:00,2023-07-17,21,-0.5555702330195168,0.8314696123026023,198,-0.259924918065072,-0.9656288298144716,-0.00323,-0.00227,-0.000631,-0.000275,-0.00218,
2023-07-17 22:00:00,2023-07-17,22,-0.5000000000000692,0.8660254037843987,198,-0.260097950323206,-0.9655822369108016,-0.00356,-0.00283,-0.0011899999999999,-0.000849,-0.00283,
2023-07-17 22:15:00,2023-07-17,22,-0.4422886902190327,0.8968727415326728,198,-0.2602709742293189,-0.9655356130012612,-0.00304,-0.00266,-0.0016,-0.0014199999999999,-0.00261,
2023-07-17 22:30:00,2023-07-17,22,-0.3826834323650808,0.9238795325112904,198,-0.2604439897778551,-0.9654889580873478,-0.00341,-0.00298,-0.00158,-0.00101,-0.00242,
2023-07-17 22:45:00,2023-07-17,22,-0.3214394653033253,0.94693012949505,198,-0.2606169969632576,-0.96544227217056,-0.00309,-0.0026,-0.000751,-0.000558,-0.0019199999999999,
2023-07-17 23:00:00,2023-07-17,23,-0.2588190451026445,0.9659258262890352,198,-0.2607899957799726,-0.965395555252396,-0.00289,-0.0022299999999999,-0.000758,-0.00042,-0.0018,
2023-07-17 23:15:00,2023-07-17,23,-0.19509032201621,0.9807852804032142,198,-0.2609629862224437,-0.9653488073343566,-0.00294,-0.00216,-0.000727,-0.000428,-0.0021,
2023-07-17 23:30:00,2023-07-17,23,-0.1305261922200898,0.9914448613738054,198,-0.2611359682851165,-0.9653020284179428,-0.00322,-0.0025,-0.000955,-0.000772,-0.00216,
2023-07-17 23:45:00,2023-07-17,23,-0.0654031292301368,0.997858923238604,198,-0.2613089419624367,-0.9652552185046565,-0.00306,-0.0023,-0.0009,-0.000589,-0.00216,
2023-07-18 00:00:00,2023-07-18,0,5.0979969760178844e-14,1.0,199,-0.261481907248849,-0.965208377596001,-0.00315,-0.0024,-0.000869,-0.000776,-0.0023,
2023-07-18 00:15:00,2023-07-18,0,0.0654031292302386,0.9978589232385972,199,-0.2616548641388003,-0.9651615056934802,-0.0031,-0.00234,-0.000986,-0.000826,-0.00249,
2023-07-18 00:30:00,2023-07-18,0,0.1305261922199655,0.9914448613738216,199,-0.2618278126267355,-0.9651146027985998,-0.0035,-0.0028399999999999,-0.00131,-0.00127,-0.00289,
2023-07-18 00:45:00,2023-07-18,0,0.195090322016087,0.9807852804032386,199,-0.2620007527071026,-0.9650676689128652,-0.00307,-0.00241,-0.00102,-0.00109,-0.00256,
2023-07-18 01:00:00,2023-07-18,1,0.2588190451025234,0.9659258262890676,199,-0.2621736843743472,-0.965020704037784,-0.00304,-0.00227,-0.000727,-0.000692,-0.0019,
2023-07-18 01:15:00,2023-07-18,1,0.3214394653029912,0.9469301294951636,199,-0.2623466076229165,-0.964973708174864,-0.00345,-0.00272,-0.00117,-0.000944,-0.00267,
2023-07-18 01:30:00,2023-07-18,1,0.3826834323649649,0.9238795325113384,199,-0.2625195224472584,-0.9649266813256142,-0.00309,-0.0020299999999999,-0.000651,-0.000528,-0.00213,
2023-07-18 01:45:00,2023-07-18,1,0.4422886902189202,0.8968727415327282,199,-0.2626924288418195,-0.964879623491545,-0.00321,-0.00224,-0.000982,-0.000799,-0.00257,
2023-07-18 02:00:00,2023-07-18,2,0.4999999999999605,0.8660254037844615,199,-0.2628653268010478,-0.9648325346741672,-0.0029,-0.0020099999999999,-0.000345,-0.000302,-0.0016,
2023-07-18 02:15:00,2023-07-18,2,0.5555702330196016,0.8314696123025457,199,-0.2630382163193917,-0.9647854148749933,-0.00254,-0.00154,-0.000107,0.000203,-0.00133,
2023-07-18 02:30:00,2023-07-18,2,0.6087614290087555,0.7933533402912084,199,-0.2632110973912998,-0.9647382640955358,-0.0031,-0.00215,-0.000548,-0.000291,-0.0022,
2023-07-18 02:45:00,2023-07-18,2,0.6593458151001356,0.7518398074789189,199,-0.2633839700112198,-0.964691082337309,-0.00359,-0.0025,-0.00116,-0.000914,-0.00298,
2023-07-18 03:00:00,2023-07-18,3,0.7071067811864812,0.7071067811866139,199,-0.2635568341736011,-0.9646438696018282,-0.00269,-0.00166,-0.000779,-0.000409,-0.00245,
2023-07-18 03:15:00,2023-07-18,3,0.7518398074789451,0.6593458151001057,199,-0.2637296898728933,-0.964596625890609,-0.00289,-0.00228,-0.00154,-0.000982,-0.00279,
2023-07-18 03:30:00,2023-07-18,3,0.7933533402912326,0.608761429008724,199,-0.2639025371035448,-0.9645493512051688,-0.00258,-0.00208,-0.00145,-0.000841,-0.0023799999999999,
2023-07-18 03:45:00,2023-07-18,3,0.8314696123024414,0.5555702330197576,199,-0.2640753758600059,-0.9645020455470256,-0.00246,-0.00186,-6.55e-05,-3.82e-06,-0.0011799999999999,
2023-07-18 04:00:00,2023-07-18,4,0.8660254037843677,0.500000000000123,199,-0.2642482061367265,-0.9644547089176982,0.00031,0.000688,0.00159,0.0019199999999999,0.000656,
2023-07-18 04:15:00,2023-07-18,4,0.8968727415326453,0.4422886902190885,199,-0.2644210279281572,-0.9644073413187068,0.0075899999999999,0.00769,0.00713,0.0068099999999999,0.0062,
2023-07-18 04:30:00,2023-07-18,4,0.9238795325112666,0.3826834323651383,199,-0.2645938412287477,-0.9643599427515726,0.0221,0.0222,0.0183,0.0165,0.0177,
2023-07-18 04:45:00,2023-07-18,4,0.9469301294951032,0.3214394653031689,199,-0.2647666460329493,-0.9643125132178172,0.0401,0.0399,0.0317,0.0285,0.0315,
2023-07-18 05:00:00,2023-07-18,5,0.965925826289078,0.258819045102485,199,-0.2649394423352133,-0.964265052718964,0.057,0.0569,0.0448,0.0397999999999999,0.0448999999999999,
2023-07-18 05:15:00,2023-07-18,5,0.9807852804032464,0.195090322016048,199,-0.2651122301299903,-0.9642175612565368,0.0742999999999999,0.115,0.061,0.0547999999999999,0.0599,
2023-07-18 05:30:00,2023-07-18,5,0.9914448613737972,0.1305261922201515,199,-0.2652850094117324,-0.9641700388320604,0.0892,0.152,0.0795999999999999,0.0658,0.0727,
2023-07-18 05:45:00,2023-07-18,5,0.9978589232385998,0.0654031292301989,199,-0.2654577801748912,-0.9641224854470614,0.103,0.194,0.11,0.0762999999999999,0.117,
2023-07-18 06:00:00,2023-07-18,6,1.0,1.1253751958787294e-14,199,-0.2656305424139196,-0.9640749011030662,0.116,0.238,0.147,0.0862,0.166,
2023-07-18 06:15:00,2023-07-18,6,0.997858923238616,-0.0654031292299496,199,-0.2658032961232685,-0.9640272858016032,0.126,0.284,0.187,0.109,0.211,
2023-07-18 06:30:00,2023-07-18,6,0.99144486137383,-0.1305261922199038,199,-0.2659760412973924,-0.9639796395442012,0.134,0.334,0.233,0.146,0.262,
2023-07-18 06:45:00,2023-07-18,6,0.9807852804032507,-0.1950903220160259,199,-0.2661487779307434,-0.96393196233239,0.143,0.384,0.287,0.19,0.309,
2023-07-18 07:00:00,2023-07-18,7,0.9659258262890836,-0.2588190451024633,199,-0.2663215060177744,-0.9638842541677006,0.153,0.428,0.339,0.234,0.356,
2023-07-18 07:15:00,2023-07-18,7,0.9469301294951104,-0.3214394653031476,199,-0.2664942255529391,-0.9638365150516652,0.162,0.472,0.394,0.281,0.412,
2023-07-18 07:30:00,2023-07-18,7,0.9238795325112752,-0.3826834323651175,199,-0.2666669365306917,-0.9637887449858168,0.169,0.513,0.444,0.326,0.466,
2023-07-18 07:45:00,2023-07-18,7,0.8968727415326552,-0.4422886902190683,199,-0.2668396389454863,-0.9637409439716892,0.174,0.557,0.495,0.374,0.52,
2023-07-18 08:00:00,2023-07-18,8,0.8660254037844926,-0.4999999999999066,199,-0.2670123327917761,-0.9636931120108174,0.18,0.599,0.546,0.422,0.569,
2023-07-18 08:15:00,2023-07-18,8,0.8314696123025802,-0.5555702330195499,199,-0.2671850180640175,-0.963645249104737,0.186,0.641,0.593,0.469,0.617,
2023-07-18 08:30:00,2023-07-18,8,0.7933533402912463,-0.6087614290087062,199,-0.2673576947566645,-0.9635973552549852,0.19,0.681,0.637,0.513,0.663,
2023-07-18 08:45:00,2023-07-18,8,0.7518398074789598,-0.6593458151000888,199,-0.2675303628641717,-0.9635494304631002,0.19,0.719,0.677,0.553,0.708,
2023-07-18 09:00:00,2023-07-18,9,0.7071067811866578,-0.7071067811864372,199,-0.2677030223809952,-0.9635014747306204,0.189,0.755,0.715,0.594,0.753,
2023-07-18 09:15:00,2023-07-18,9,0.6593458151001526,-0.751839807478904,199,-0.2678756733015905,-0.963453488059086,0.188,0.78,0.75,0.63,0.791,
2023-07-18 09:30:00,2023-07-18,9,0.6087614290087734,-0.7933533402911946,199,-0.2680483156204143,-0.963405470450038,0.189,0.808,0.791,0.667,0.832,
2023-07-18 09:45:00,2023-07-18,9,0.5555702330196203,-0.8314696123025331,199,-0.2682209493319213,-0.963357421905018,0.189,0.832,0.822,0.697,0.864,
2023-07-18 10:00:00,2023-07-18,10,0.49999999999998,-0.8660254037844501,199,-0.26839357443057,-0.963309342425569,0.188,0.857,0.84,0.73,0.893,
2023-07-18 10:15:00,2023-07-18,10,0.4422886902189404,-0.8968727415327183,199,-0.2685661909108161,-0.9632612320132348,0.189,0.873,0.84,0.756,0.914,
2023-07-18 10:30:00,2023-07-18,10,0.3826834323651958,-0.9238795325112428,199,-0.2687387987671161,-0.9632130906695608,0.188,0.889,0.843,0.778,0.935,
2023-07-18 10:45:00,2023-07-18,10,0.3214394653032278,-0.9469301294950832,199,-0.268911397993929,-0.963164918396092,0.19,0.904,0.855,0.8,0.953,
2023-07-18 11:00:00,2023-07-18,11,0.2588190451025451,-0.9659258262890618,199,-0.2690839885857111,-0.963116715194376,0.205,0.92,0.884,0.831,0.976,
2023-07-18 11:15:00,2023-07-18,11,0.1950903220161091,-0.9807852804032344,199,-0.2692565705369212,-0.9630684810659604,0.298,0.967,0.95,0.886,1.03,
2023-07-18 11:30:00,2023-07-18,11,0.1305261922202132,-0.9914448613737892,199,-0.2694291438420164,-0.963020216012394,0.367,1.03,0.987,0.896,1.06,
2023-07-18 11:45:00,2023-07-18,11,0.065403129230261,-0.9978589232385958,199,-0.2696017084954567,-0.9629719200352266,0.266,0.91,0.915,0.828,0.958,
2023-07-18 12:00:00,2023-07-18,12,7.348747367775342e-14,-1.0,199,-0.2697742644917001,-0.9629235931360092,0.213,0.927,0.929,0.835,0.974,
2023-07-18 12:15:00,2023-07-18,12,-0.0654031292301144,-0.9978589232386054,199,-0.2699468118252048,-0.9628752353162936,0.183,0.909,0.91,0.821,0.958,
2023-07-18 12:30:00,2023-07-18,12,-0.1305261922200675,-0.9914448613738084,199,-0.2701193504904318,-0.9628268465776322,0.182,0.895,0.893,0.808,0.945,
2023-07-18 12:45:00,2023-07-18,12,-0.1950903220161879,-0.9807852804032186,199,-0.2702918804818394,-0.9627784269215794,0.183,0.876,0.875,0.79,0.928,
2023-07-18 13:00:00,2023-07-18,13,-0.2588190451024031,-0.9659258262890998,199,-0.270464401793888,-0.9627299763496898,0.189,0.859,0.855,0.769,0.903,
2023-07-18 13:15:00,2023-07-18,13,-0.3214394653030887,-0.9469301294951304,199,-0.2706369144210376,-0.9626814948635192,0.211,0.829,0.82,0.733,0.865,
2023-07-18 13:30:00,2023-07-18,13,-0.38268343236506,-0.9238795325112992,199,-0.2708094183577492,-0.9626329824646244,0.202,0.823,0.807,0.72,0.848,
2023-07-18 13:45:00,2023-07-18,13,-0.4422886902190125,-0.8968727415326827,199,-0.270981913598483,-0.9625844391545628,0.188,0.789,0.767,0.686,0.803,
2023-07-18 14:00:00,2023-07-18,14,-0.4999999999998527,-0.8660254037845236,199,-0.2711544001376992,-0.962535864934894,0.187,0.757,0.724,0.651,0.758,
2023-07-18 14:15:00,2023-07-18,14,-0.555570233019498,-0.8314696123026148,199,-0.2713268779698607,-0.962487259807177,0.233,0.656,0.613,0.559,0.645,
2023-07-18 14:30:00,2023-07-18,14,-0.6087614290086568,-0.7933533402912841,199,-0.2714993470894279,-0.9624386237729732,0.207,0.703,0.64,0.588,0.682,
2023-07-18 14:45:00,2023-07-18,14,-0.6593458151000421,-0.7518398074790009,199,-0.271671807490863,-0.9623899568338437,0.186,0.651,0.582,0.54,0.628,
2023-07-18 15:00:00,2023-07-18,15,-0.7071067811865539,-0.7071067811865411,199,-0.2718442591686281,-0.9623412589913516,0.177,0.604,0.527,0.491,0.577,
2023-07-18 15:15:00,2023-07-18,15,-0.7518398074790129,-0.6593458151000283,199,-0.2720167021171861,-0.9622925302470606,0.174,0.561,0.477,0.443,0.527,
2023-07-18 15:30:00,2023-07-18,15,-0.7933533402912952,-0.6087614290086424,199,-0.2721891363309991,-0.9622437706025354,0.169,0.516,0.424,0.392,0.472,
2023-07-18 15:45:00,2023-07-18,15,-0.8314696123024986,-0.555570233019672,199,-0.2723615618045293,-0.962194980059342,0.165,0.471,0.37,0.341,0.411,
2023-07-18 16:00:00,2023-07-18,16,-0.8660254037844191,-0.500000000000034,199,-0.2725339785322416,-0.9621461586190466,0.159,0.43,0.32,0.292,0.356,
2023-07-18 16:15:00,2023-07-18,16,-0.8968727415326908,-0.4422886902189962,199,-0.2727063865085983,-0.9620973062832172,0.151,0.382,0.268,0.243,0.305,
2023-07-18 16:30:00,2023-07-18,16,-0.923879532511219,-0.3826834323652533,199,-0.2728787857280635,-0.9620484230534228,0.143,0.329,0.215,0.195,0.252,
2023-07-18 16:45:00,2023-07-18,16,-0.9469301294950632,-0.3214394653032868,199,-0.2730511761851015,-0.9619995089312326,0.133,0.279,0.17,0.156,0.204,
2023-07-18 17:00:00,2023-07-18,17,-0.9659258262890456,-0.2588190451026052,199,-0.2732235578741768,-0.9619505639182172,0.123,0.232,0.131,0.121,0.159,
2023-07-18 17:15:00,2023-07-18,17,-0.980785280403222,-0.1950903220161701,199,-0.2733959307897534,-0.9619015880159488,0.109,0.188,0.097,0.0877,0.12,
2023-07-18 17:30:00,2023-07-18,17,-0.9914448613738108,-0.1305261922200495,199,-0.2735682949262966,-0.961852581226,0.0935999999999999,0.149,0.0782,0.0725,0.087,
2023-07-18 17:45:00,2023-07-18,17,-0.9978589232386066,-0.0654031292300963,199,-0.273740650278272,-0.961803543549944,0.0751,0.11,0.0611,0.0578,0.0637,
2023-07-18 18:00:00,2023-07-18,18,-1.0,9.16524800465125e-14,199,-0.2739129968401442,-0.9617544749893556,0.056,0.073,0.0441,0.0422,0.0448999999999999,
2023-07-18 18:15:00,2023-07-18,18,-0.9978589232386096,0.0654031292300523,199,-0.2740853346063794,-0.9617053755458108,0.0368,0.037,0.0286,0.0278,0.0283999999999999,
2023-07-18 18:30:00,2023-07-18,18,-0.9914448613738164,0.1305261922200058,199,-0.2742576635714439,-0.961656245220886,0.018,0.018,0.0146,0.013,0.0127,
2023-07-18 18:45:00,2023-07-18,18,-0.9807852804032308,0.1950903220161269,199,-0.2744299837298041,-0.9616070840161586,0.00377,0.00413,0.00451,0.0038,0.00283,
2023-07-18 19:00:00,2023-07-18,19,-0.965925826289116,0.258819045102343,199,-0.2746022950759259,-0.9615578919332076,-0.00313,-0.00268,-0.00103,-0.00137,-0.00275,
2023-07-18 19:15:00,2023-07-18,19,-0.9469301294951504,0.3214394653030297,199,-0.2747745976042767,-0.9615086689736124,-0.00421,-0.0035099999999999,-0.0014399999999999,-0.00156,-0.00316,
2023-07-18 19:30:00,2023-07-18,19,-0.9238795325113228,0.3826834323650025,199,-0.274946891309324,-0.9614594151389536,-0.00449,-0.00365,-0.00208,-0.00218,-0.00381,
2023-07-18 19:45:00,2023-07-18,19,-0.8968727415327102,0.4422886902189567,199,-0.2751191761855345,-0.9614101304308128,-0.00352,-0.00254,-0.00109,-0.000722,-0.00228,
2023-07-18 20:00:00,2023-07-18,20,-0.866025403784441,0.4999999999999958,199,-0.2752914522273764,-0.961360814850773,-0.00291,-0.00208,-0.00148,-0.000745,-0.00233,
2023-07-18 20:15:00,2023-07-18,20,-0.831469612302523,0.5555702330196354,199,-0.2754637194293176,-0.9613114684004171,-0.00304,-0.00176,-0.000217,0.000271,-0.0014399999999999,
2023-07-18 20:30:00,2023-07-18,20,-0.7933533402911837,0.6087614290087878,199,-0.2756359777858269,-0.96126209108133,-0.00359,-0.00212,-0.00062,-0.00021,-0.0024,
2023-07-18 20:45:00,2023-07-18,20,-0.751839807479042,0.6593458150999952,199,-0.2758082272913721,-0.9612126828950972,-0.00366,-0.00232,-0.000517,-9.17e-05,-0.00254,
2023-07-18 21:00:00,2023-07-18,21,-0.7071067811865851,0.7071067811865099,199,-0.2759804679404226,-0.9611632438433054,-0.00423,-0.0030299999999999,-0.00184,-0.00125,-0.0037,
2023-07-18 21:15:00,2023-07-18,21,-0.6593458151000752,0.7518398074789718,199,-0.2761526997274477,-0.9611137739275418,-0.00454,-0.00357,-0.00224,-0.00178,-0.00392,
2023-07-18 21:30:00,2023-07-18,21,-0.6087614290088722,0.7933533402911189,199,-0.2763249226469159,-0.9610642731493956,-0.00349,-0.00235,-0.000572,-0.000149,-0.00181,
2023-07-18 21:45:00,2023-07-18,21,-0.5555702330197237,0.831469612302464,199,-0.2764971366932984,-0.9610147415104554,-0.0028399999999999,-0.00178,-5.86e-05,0.000635,-0.0011899999999999,
2023-07-18 22:00:00,2023-07-18,22,-0.5000000000000878,0.866025403784388,199,-0.276669341861064,-0.9609651790123124,-0.00339,-0.00212,-0.000676,-0.000226,-0.00214,
2023-07-18 22:15:00,2023-07-18,22,-0.4422886902190521,0.8968727415326633,199,-0.276841538144684,-0.9609155856565578,-0.00273,-0.00206,-0.000676,-0.000248,-0.00215,
2023-07-18 22:30:00,2023-07-18,22,-0.3826834323651007,0.9238795325112822,199,-0.2770137255386281,-0.9608659614447844,-0.00483,-0.00401,-0.000903,-0.00103,-0.0019299999999999,
2023-07-18 22:45:00,2023-07-18,22,-0.3214394653031304,0.9469301294951162,199,-0.2771859040373675,-0.9608163063785852,-0.0029,-0.0022,-0.00161,-0.000803,-0.00345,
2023-07-18 23:00:00,2023-07-18,23,-0.2588190451024457,0.9659258262890884,199,-0.2773580736353738,-0.960766620459555,-0.00285,-0.00222,-0.000882,-0.000692,-0.0024,
2023-07-18 23:15:00,2023-07-18,23,-0.1950903220162311,0.98078528040321,199,-0.2775302343271172,-0.9607169036892894,-0.00323,-0.0025299999999999,-0.000834,-0.000803,-0.00224,
2023-07-18 23:30:00,2023-07-18,23,-0.1305261922201112,0.9914448613738026,199,-0.2777023861070712,-0.9606671560693844,-0.003,-0.00221,-0.000924,-0.000615,-0.00239,
2023-07-18 23:45:00,2023-07-18,23,-0.0654031292301584,0.9978589232386024,199,-0.2778745289697065,-0.960617377601438,-0.00259,-0.00179,-0.0011,-0.0007,-0.00234,
2023-07-19 00:00:00,2023-07-19,0,-1.979549171156857e-13,1.0,200,-0.2780466629094958,-0.9605675682870484,-0.0049,-0.00426,-0.0014199999999999,-0.0016799999999999,-0.00235,
2023-07-19 00:15:00,2023-07-19,0,0.0654031292299902,0.9978589232386136,200,-0.2782187879209123,-0.9605177281278148,-0.00331,-0.00268,-0.00164,-0.00106,-0.0025299999999999,
2023-07-19 00:30:00,2023-07-19,0,0.1305261922199441,0.9914448613738246,200,-0.2783909039984278,-0.9604678571253376,-0.00296,-0.00233,-0.00111,-0.000738,-0.00231,
2023-07-19 00:45:00,2023-07-19,0,0.1950903220160658,0.9807852804032428,200,-0.2785630111365164,-0.9604179552812188,-0.0047599999999999,-0.00411,-0.00256,-0.00232,-0.00429,
2023-07-19 01:00:00,2023-07-19,1,0.2588190451025025,0.9659258262890732,200,-0.2787351093296504,-0.9603680225970604,-0.00392,-0.0031,-0.00135,-0.00138,-0.00272,
2023-07-19 01:15:00,2023-07-19,1,0.3214394653031861,0.9469301294950974,200,-0.278907198572305,-0.9603180590744655,-0.0029,-0.00209,-0.00071,-0.000413,-0.0019,
2023-07-19 01:30:00,2023-07-19,1,0.3826834323651551,0.9238795325112596,200,-0.2790792788589532,-0.9602680647150392,-0.0029,-0.00191,-0.000472,-0.000264,-0.0019,
2023-07-19 01:45:00,2023-07-19,1,0.4422886902189009,0.8968727415327378,200,-0.2792513501840696,-0.9602180395203864,-0.0030499999999999,-0.00211,-0.000648,-0.000119,-0.00133,
2023-07-19 02:00:00,2023-07-19,2,0.4999999999999419,0.8660254037844722,200,-0.2794234125421293,-0.9601679834921132,-0.0028399999999999,-0.00218,-0.00154,-0.000558,-0.00283,
2023-07-19 02:15:00,2023-07-19,2,0.5555702330195836,0.8314696123025577,200,-0.2795954659276063,-0.9601178966318276,-0.00342,-0.00273,-0.00121,-0.00109,-0.00254,
2023-07-19 02:30:00,2023-07-19,2,0.6087614290087384,0.7933533402912215,200,-0.2797675103349767,-0.9600677789411374,-0.00382,-0.00304,-0.00172,-0.0012,-0.00299,
2023-07-19 02:45:00,2023-07-19,2,0.6593458150999485,0.751839807479083,200,-0.2799395457587146,-0.9600176304216524,-0.00299,-0.00216,-0.000476,-0.00047,-0.00198,
2023-07-19 03:00:00,2023-07-19,3,0.707106781186466,0.7071067811866291,200,-0.2801115721932976,-0.9599674510749826,-0.00298,-0.00218,-0.000738,-0.000206,-0.00189,
2023-07-19 03:15:00,2023-07-19,3,0.7518398074789309,0.6593458151001219,200,-0.2802835896332003,-0.9599172409027392,-0.00282,-0.00207,-0.00082,3.82e-06,-0.00135,
2023-07-19 03:30:00,2023-07-19,3,0.7933533402912194,0.6087614290087411,200,-0.2804555980728996,-0.9598669999065352,-0.00318,-0.00266,-0.00105,-0.000929,-0.00231,
2023-07-19 03:45:00,2023-07-19,3,0.8314696123025558,0.5555702330195865,200,-0.2806275975068725,-0.9598167280879828,-0.00275,-0.00219,-0.000945,-0.000554,-0.00165,
2023-07-19 04:00:00,2023-07-19,4,0.8660254037844705,0.4999999999999448,200,-0.280799587929595,-0.9597664254486972,-0.000823,-0.000426,0.000648,0.00101,-0.000334,
2023-07-19 04:15:00,2023-07-19,4,0.8968727415326357,0.4422886902191079,200,-0.2809715693355448,-0.9597160919902932,0.00731,0.00763,0.0073,0.00726,0.00695,
2023-07-19 04:30:00,2023-07-19,4,0.9238795325112584,0.3826834323651582,200,-0.2811435417191995,-0.9596657277143874,0.0222,0.0223,0.0189,0.0175,0.0197,
2023-07-19 04:45:00,2023-07-19,4,0.9469301294950964,0.3214394653031893,200,-0.2813155050750371,-0.9596153326225968,0.039,0.0389,0.0317,0.0288,0.0324,
2023-07-19 05:00:00,2023-07-19,5,0.9659258262890724,0.2588190451025058,200,-0.2814874593975349,-0.9595649067165396,0.0549,0.0549,0.0433,0.0385,0.0429,
2023-07-19 05:15:00,2023-07-19,5,0.9807852804031978,0.1950903220162922,200,-0.2816594046811718,-0.9595144499978352,0.0716,0.115,0.0593,0.0532,0.0573,
2023-07-19 05:30:00,2023-07-19,5,0.9914448613737944,0.1305261922201729,200,-0.2818313409204267,-0.9594639624681034,0.0861,0.155,0.0780999999999999,0.0637,0.0696,
2023-07-19 05:45:00,2023-07-19,5,0.9978589232385984,0.0654031292302204,200,-0.2820032681097779,-0.959413444128966,0.0989,0.197,0.109,0.0742,0.113,
2023-07-19 06:00:00,2023-07-19,6,1.0,3.281496339141977e-14,200,-0.2821751862437048,-0.9593628949820452,0.111,0.243,0.148,0.0832,0.166,
2023-07-19 06:15:00,2023-07-19,6,0.9978589232386028,-0.065403129230155,200,-0.2823470953166872,-0.9593123150289636,0.124,0.296,0.194,0.11,0.218,
2023-07-19 06:30:00,2023-07-19,6,0.991444861373803,-0.1305261922201078,200,-0.2825189953232052,-0.9592617042713456,0.138,0.351,0.243,0.149,0.272,
2023-07-19 06:45:00,2023-07-19,6,0.9807852804032108,-0.1950903220162278,200,-0.2826908862577381,-0.9592110627108168,0.139,0.341,0.258,0.172,0.274,
2023-07-19 07:00:00,2023-07-19,7,0.9659258262890892,-0.2588190451024424,200,-0.2828627681147666,-0.959160390349003,0.144,0.445,0.352,0.242,0.367,
2023-07-19 07:15:00,2023-07-19,7,0.9469301294951172,-0.3214394653031272,200,-0.283034640888772,-0.9591096871875312,0.159,0.496,0.411,0.293,0.429,
2023-07-19 07:30:00,2023-07-19,7,0.9238795325112836,-0.3826834323650976,200,-0.2832065045742343,-0.9590589532280298,0.155,0.525,0.457,0.336,0.477,
2023-07-19 07:45:00,2023-07-19,7,0.8968727415327653,-0.4422886902188451,200,-0.2833783591656352,-0.9590081884721278,0.152,0.569,0.512,0.386,0.535,
2023-07-19 08:00:00,2023-07-19,8,0.8660254037845033,-0.499999999999888,200,-0.2835502046574564,-0.9589573929214554,0.154,0.615,0.565,0.436,0.587,
2023-07-19 08:15:00,2023-07-19,8,0.8314696123025922,-0.5555702330195319,200,-0.2837220410441801,-0.9589065665776436,0.159,0.655,0.61,0.482,0.632,
2023-07-19 08:30:00,2023-07-19,8,0.7933533402912594,-0.608761429008689,200,-0.2838938683202875,-0.9588557094423245,0.165,0.69,0.648,0.521,0.673,
2023-07-19 08:45:00,2023-07-19,8,0.7518398074789742,-0.6593458151000726,200,-0.2840656864802617,-0.9588048215171312,0.17,0.725,0.684,0.558,0.715,
2023-07-19 09:00:00,2023-07-19,9,0.7071067811865124,-0.7071067811865827,200,-0.2842374955185857,-0.9587539028036977,0.177,0.756,0.718,0.596,0.755,
2023-07-19 09:15:00,2023-07-19,9,0.6593458150999978,-0.7518398074790398,200,-0.2844092954297417,-0.9587029533036592,0.182,0.778,0.749,0.63,0.789,
2023-07-19 09:30:00,2023-07-19,9,0.6087614290087905,-0.7933533402911815,200,-0.2845810862082134,-0.9586519730186516,0.18,0.805,0.789,0.667,0.83,
2023-07-19 09:45:00,2023-07-19,9,0.5555702330196383,-0.8314696123025211,200,-0.2847528678484846,-0.958600961950312,0.184,0.83,0.821,0.698,0.862,
2023-07-19 10:00:00,2023-07-19,10,0.4999999999999987,-0.8660254037844394,200,-0.2849246403450394,-0.9585499201002784,0.193,0.851,0.833,0.725,0.888,
2023-07-19 10:15:00,2023-07-19,10,0.4422886902191637,-0.8968727415326082,200,-0.2850964036923613,-0.9584988474701898,0.222,0.856,0.824,0.742,0.897,
2023-07-19 10:30:00,2023-07-19,10,0.3826834323652157,-0.9238795325112346,200,-0.2852681578849351,-0.9584477440616864,0.242,0.866,0.827,0.762,0.913,
2023-07-19 10:45:00,2023-07-19,10,0.3214394653032483,-0.9469301294950764,200,-0.2854399029172462,-0.9583966098764086,0.238,0.878,0.834,0.779,0.926,
2023-07-19 11:00:00,2023-07-19,11,0.2588190451025659,-0.9659258262890562,200,-0.2856116387837783,-0.9583454449159992,0.235,0.888,0.848,0.794,0.936,
2023-07-19 11:15:00,2023-07-19,11,0.1950903220161302,-0.98078528040323,200,-0.2857833654790184,-0.9582942491821004,0.228,0.894,0.862,0.802,0.941,
2023-07-19 11:30:00,2023-07-19,11,0.1305261922200092,-0.991444861373816,200,-0.2859550829974511,-0.9582430226763567,0.227,0.892,0.876,0.802,0.94,
2023-07-19 11:45:00,2023-07-19,11,0.0654031292300557,-0.9978589232386093,200,-0.286126791333563,-0.9581917654004128,0.233,0.889,0.888,0.804,0.938,
2023-07-19 12:00:00,2023-07-19,12,9.50486851103859e-14,-1.0,200,-0.2862984904818397,-0.9581404773559146,0.236,0.882,0.888,0.802,0.932,
2023-07-19 12:15:00,2023-07-19,12,-0.0654031292300929,-0.9978589232386068,200,-0.2864701804367681,-0.9580891585445092,0.23,0.878,0.88,0.798,0.928,
2023-07-19 12:30:00,2023-07-19,12,-0.1305261922200461,-0.9914448613738112,200,-0.2866418611928354,-0.958037808967844,0.224,0.869,0.866,0.788,0.919,
2023-07-19 12:45:00,2023-07-19,12,-0.1950903220159437,-0.9807852804032672,200,-0.2868135327445276,-0.9579864286275688,0.211,0.855,0.848,0.769,0.902,
2023-07-19 13:00:00,2023-07-19,13,-0.2588190451023823,-0.9659258262891054,200,-0.2869851950863338,-0.9579350175253324,0.208,0.838,0.827,0.746,0.877,
2023-07-19 13:15:00,2023-07-19,13,-0.3214394653030683,-0.9469301294951372,200,-0.2871568482127405,-0.9578835756627864,0.2,0.814,0.802,0.717,0.847,
2023-07-19 13:30:00,2023-07-19,13,-0.3826834323650401,-0.9238795325113072,200,-0.2873284921182365,-0.9578321030415824,0.198,0.787,0.77,0.688,0.811,
2023-07-19 13:45:00,2023-07-19,13,-0.4422886902189932,-0.8968727415326923,200,-0.2875001267973093,-0.9577805996633734,0.196,0.763,0.738,0.66,0.774,
2023-07-19 14:00:00,2023-07-19,14,-0.500000000000031,-0.8660254037844207,200,-0.2876717522444481,-0.9577290655298132,0.196,0.737,0.703,0.633,0.737,
2023-07-19 14:15:00,2023-07-19,14,-0.5555702330196692,-0.8314696123025005,200,-0.287843368454142,-0.957677500642556,0.196,0.7,0.655,0.598,0.691,
2023-07-19 14:30:00,2023-07-19,14,-0.6087614290086397,-0.7933533402912972,200,-0.2880149754208791,-0.9576259050032588,0.194,0.664,0.611,0.561,0.647,
2023-07-19 14:45:00,2023-07-19,14,-0.6593458151000258,-0.7518398074790151,200,-0.2881865731391506,-0.9575742786135772,0.187,0.629,0.564,0.524,0.607,
2023-07-19 15:00:00,2023-07-19,15,-0.7071067811865387,-0.7071067811865563,200,-0.2883581616034451,-0.95752262147517,0.187,0.592,0.515,0.48,0.563,
2023-07-19 15:15:00,2023-07-19,15,-0.7518398074788488,-0.6593458151002155,200,-0.288529740808253,-0.957470933589695,0.184,0.552,0.47,0.439,0.519,
2023-07-19 15:30:00,2023-07-19,15,-0.7933533402911437,-0.6087614290088399,200,-0.2887013107480653,-0.9574192149588128,0.182,0.506,0.416,0.388,0.463,
2023-07-19 15:45:00,2023-07-19,15,-0.8314696123024866,-0.55557023301969,200,-0.2888728714173717,-0.9573674655841834,0.175,0.466,0.365,0.339,0.405,
2023-07-19 16:00:00,2023-07-19,16,-0.8660254037844083,-0.5000000000000526,200,-0.2890444228106641,-0.957315685467469,0.167,0.428,0.317,0.292,0.353,
2023-07-19 16:15:00,2023-07-19,16,-0.8968727415326813,-0.4422886902190156,200,-0.2892159649224327,-0.9572638746103324,0.154,0.379,0.265,0.241,0.304,
2023-07-19 16:30:00,2023-07-19,16,-0.9238795325112976,-0.3826834323650631,200,-0.2893874977471705,-0.9572120330144368,0.141,0.328,0.213,0.195,0.254,
2023-07-19 16:45:00,2023-07-19,16,-0.9469301294951292,-0.3214394653030919,200,-0.2895590212793683,-0.9571601606814476,0.13,0.281,0.169,0.157,0.205,
2023-07-19 17:00:00,2023-07-19,17,-0.96592582628904,-0.258819045102626,200,-0.2897305355135187,-0.9571082576130298,0.12,0.23,0.128,0.121,0.157,
2023-07-19 17:15:00,2023-07-19,17,-0.980785280403218,-0.1950903220161912,200,-0.2899020404441146,-0.9570563238108502,0.108,0.188,0.0962,0.0879,0.12,
2023-07-19 17:30:00,2023-07-19,17,-0.9914448613738078,-0.1305261922200709,200,-0.290073536065648,-0.9570043592765768,0.0928,0.148,0.077,0.0719,0.0879,
2023-07-19 17:45:00,2023-07-19,17,-0.9978589232386053,-0.0654031292301178,200,-0.2902450223726128,-0.9569523640118778,0.0746,0.107,0.0606,0.0571,0.0644,
2023-07-19 18:00:00,2023-07-19,18,-1.0,-1.5728240682935206e-13,200,-0.2904164993595011,-0.9569003380184232,0.0562,0.0719,0.0432,0.0412999999999999,0.0458,
2023-07-19 18:15:00,2023-07-19,18,-0.9978589232386108,0.0654031292300308,200,-0.2905879670208083,-0.9568482812978836,0.0359,0.0358,0.0275,0.0265,0.0281,
2023-07-19 18:30:00,2023-07-19,18,-0.9914448613738192,0.1305261922199844,200,-0.2907594253510272,-0.9567961938519304,0.0182,0.0183,0.0149,0.0141,0.0147,
2023-07-19 18:45:00,2023-07-19,18,-0.980785280403235,0.1950903220161057,200,-0.2909308743446525,-0.956744075682236,0.00339,0.0035499999999999,0.00418,0.00383,0.0034,
2023-07-19 19:00:00,2023-07-19,19,-0.9659258262890628,0.2588190451025418,200,-0.291102313996179,-0.9566919267904742,-0.000959,-0.000656,2.4100000000000003e-05,5.35e-05,-0.000531,
2023-07-19 19:15:00,2023-07-19,19,-0.9469301294950844,0.3214394653032246,200,-0.291273744300101,-0.9566397471783196,-0.00222,-0.00176,-0.000893,-0.000711,-0.00134,
2023-07-19 19:30:00,2023-07-19,19,-0.9238795325113311,0.3826834323649826,200,-0.291445165250914,-0.956587536847448,-0.0028399999999999,-0.00237,-0.00131,-0.00108,-0.00186,
2023-07-19 19:45:00,2023-07-19,19,-0.8968727415327198,0.4422886902189374,200,-0.2916165768431135,-0.9565352957995352,-0.00256,-0.0021,-0.00123,-0.00091,-0.00188,
2023-07-19 20:00:00,2023-07-19,20,-0.8660254037844519,0.4999999999999771,200,-0.2917879790711958,-0.9564830240362592,-0.00241,-0.0021,-0.0013,-0.00103,-0.00177,
2023-07-19 20:15:00,2023-07-19,20,-0.831469612302535,0.5555702330196175,200,-0.291959371929656,-0.9564307215592988,-0.00187,-0.00145,-0.00102,-0.000554,-0.00126,
2023-07-19 20:30:00,2023-07-19,20,-0.7933533402913352,0.6087614290085903,200,-0.292130755412991,-0.9563783883703328,-0.00157,-0.00121,-0.000679,-0.000161,-0.00072,
2023-07-19 20:45:00,2023-07-19,20,-0.7518398074790562,0.659345815099979,200,-0.2923021295156979,-0.956326024471042,-0.00174,-0.00123,-0.000665,-0.000149,-0.00069,
2023-07-19 21:00:00,2023-07-19,21,-0.7071067811866003,0.7071067811864947,200,-0.2924734942322729,-0.956273629863108,-0.0016,-0.00114,-0.000758,-0.000248,-0.000861,
2023-07-19 21:15:00,2023-07-19,21,-0.6593458151000914,0.7518398074789576,200,-0.2926448495572136,-0.9562212045482132,-0.00147,-0.00114,-0.000841,-0.000378,-0.000891,
2023-07-19 21:30:00,2023-07-19,21,-0.6087614290087089,0.7933533402912442,200,-0.2928161954850178,-0.9561687485280408,-0.00258,-0.00208,-0.00124,-0.000822,-0.00176,
2023-07-19 21:45:00,2023-07-19,21,-0.5555702330195527,0.8314696123025783,200,-0.2929875320101836,-0.9561162618042752,-0.00225,-0.00173,-0.000941,-0.000474,-0.00151,
2023-07-19 22:00:00,2023-07-19,22,-0.5000000000001065,0.8660254037843772,200,-0.293158859127208,-0.9560637443786024,-0.00228,-0.00186,-0.000917,-0.000562,-0.00156,
2023-07-19 22:15:00,2023-07-19,22,-0.4422886902190714,0.8968727415326537,200,-0.2933301768305913,-0.956011196252708,-0.00221,-0.00183,-0.000941,-0.000447,-0.0015,
2023-07-19 22:30:00,2023-07-19,22,-0.3826834323651206,0.923879532511274,200,-0.2935014851148315,-0.95595861742828,-0.00209,-0.00179,-0.00091,-0.000642,-0.00165,
2023-07-19 22:45:00,2023-07-19,22,-0.3214394653031508,0.9469301294951094,200,-0.293672783974427,-0.9559060079070064,-0.0020299999999999,-0.00159,-0.00071,-0.000474,-0.00135,
2023-07-19 23:00:00,2023-07-19,23,-0.2588190451026861,0.965925826289024,200,-0.2938440734038779,-0.9558533676905764,-0.00154,-0.00126,-0.000555,-0.000111,-0.00115,
2023-07-19 23:15:00,2023-07-19,23,-0.1950903220162523,0.9807852804032058,200,-0.2940153533976838,-0.9558006967806808,-0.00227,-0.00175,-0.000686,-0.000508,-0.0016799999999999,
2023-07-19 23:30:00,2023-07-19,23,-0.1305261922201326,0.9914448613737996,200,-0.2941866239503451,-0.9557479951790108,-0.00227,-0.0016799999999999,-0.000683,-0.000508,-0.0017,
2023-07-19 23:45:00,2023-07-19,23,-0.0654031292301799,0.9978589232386011,200,-0.294357885056361,-0.9556952628872584,-0.00187,-0.00147,-0.000665,-0.000336,-0.00128,
2023-07-20 00:00:00,2023-07-20,0,7.857546894913888e-15,1.0,201,-0.2945291367102338,-0.9556424999071172,-0.00164,-0.00124,-0.000603,-0.000432,-0.00153,
2023-07-20 00:15:00,2023-07-20,0,0.0654031292301955,0.9978589232386,201,-0.2947003789064634,-0.9555897062402812,-0.00222,-0.00166,-0.00062,-0.000459,-0.00149,
2023-07-20 00:30:00,2023-07-20,0,0.1305261922201481,0.9914448613737976,201,-0.2948716116395508,-0.955536881888446,-0.00314,-0.00228,-0.000589,-0.000459,-0.0014,
2023-07-20 00:45:00,2023-07-20,0,0.1950903220160447,0.9807852804032472,201,-0.2950428349039978,-0.9554840268533076,-0.00275,-0.00211,-0.000634,-0.000359,-0.00136,
2023-07-20 01:00:00,2023-07-20,1,0.2588190451024817,0.9659258262890787,201,-0.2952140486943064,-0.9554311411365634,-0.00291,-0.0023,-0.000627,-0.000298,-0.0013,
2023-07-20 01:15:00,2023-07-20,1,0.3214394653031657,0.9469301294951042,201,-0.295385253004979,-0.9553782247399112,-0.00287,-0.00225,-0.000696,-0.000631,-0.00159,
2023-07-20 01:30:00,2023-07-20,1,0.3826834323649251,0.923879532511355,201,-0.2955564478305169,-0.955325277665051,-0.00196,-0.00155,-0.000714,-0.000558,-0.00164,
2023-07-20 01:45:00,2023-07-20,1,0.4422886902188815,0.8968727415327473,201,-0.2957276331654246,-0.9552722999136822,-0.00198,-0.0014199999999999,-0.000355,-0.000371,-0.00136,
2023-07-20 02:00:00,2023-07-20,2,0.4999999999999232,0.866025403784483,201,-0.2958988090042042,-0.9552192914875064,-0.0038799999999999,-0.00279,-0.00039,-0.000356,-0.0013,
2023-07-20 02:15:00,2023-07-20,2,0.5555702330195658,0.8314696123025697,201,-0.2960699753413581,-0.9551662523882256,-9.1e-05,-0.000213,-0.00041,-0.000187,-0.00121,
2023-07-20 02:30:00,2023-07-20,2,0.6087614290087213,0.7933533402912346,201,-0.296241132171392,-0.955113182617543,-0.00103,-0.000748,-0.000241,-2.68e-05,-0.00124,
2023-07-20 02:45:00,2023-07-20,2,0.6593458151001031,0.7518398074789473,201,-0.2964122794888083,-0.9550600821771628,-0.00298,-0.0020099999999999,0.000271,0.000273,-0.000589,
2023-07-20 03:00:00,2023-07-20,3,0.7071067811866115,0.7071067811864836,201,-0.2965834172881122,-0.9550069510687896,-0.0015,-0.000855,-6.890000000000001e-05,0.000371,-0.00106,
2023-07-20 03:15:00,2023-07-20,3,0.7518398074789167,0.6593458151001381,201,-0.2967545455638071,-0.9549537892941304,-0.00229,-0.00154,-0.000148,1.15e-05,-0.00124,
2023-07-20 03:30:00,2023-07-20,3,0.7933533402912063,0.6087614290087583,201,-0.2969256643103994,-0.9549005968548916,-0.0027,-0.00209,-0.000538,-0.000451,-0.00178,
2023-07-20 03:45:00,2023-07-20,3,0.8314696123025438,0.5555702330196044,201,-0.2970967735223937,-0.9548473737527812,-0.0022299999999999,-0.00153,-0.000307,-2.29e-05,-0.0014199999999999,
2023-07-20 04:00:00,2023-07-20,4,0.866025403784346,0.5000000000001604,201,-0.2972678731942945,-0.9547941199895088,8.269999999999999e-06,0.000613,0.00105,0.00112,3.86e-05,
2023-07-20 04:15:00,2023-07-20,4,0.8968727415326262,0.4422886902191272,201,-0.2974389633206094,-0.954740835566784,0.0079,0.00817,0.00715,0.00678,0.00651,
2023-07-20 04:30:00,2023-07-20,4,0.92387953251125,0.3826834323651781,201,-0.297610043895843,-0.9546875204863182,0.02,0.0202,0.0168,0.0152,0.0163,
2023-07-20 04:45:00,2023-07-20,4,0.9469301294950891,0.3214394653032097,201,-0.2977811149145029,-0.954634174749823,0.0358,0.0356,0.0294,0.0264,0.0291,
2023-07-20 05:00:00,2023-07-20,5,0.9659258262890668,0.2588190451025267,201,-0.2979521763710943,-0.9545807983590118,0.0522,0.0519,0.043,0.0382,0.0431,
2023-07-20 05:15:00,2023-07-20,5,0.980785280403238,0.1950903220160903,201,-0.2981232282601261,-0.954527391315598,0.0675,0.106,0.0578,0.0521,0.0566,
2023-07-20 05:30:00,2023-07-20,5,0.9914448613738212,0.1305261922199688,201,-0.2982942705761047,-0.9544739536212968,0.0810999999999999,0.155,0.0778,0.0645,0.0695,
2023-07-20 05:45:00,2023-07-20,5,0.997858923238597,0.065403129230242,201,-0.2984653033135369,-0.9544204852778247,0.0920999999999999,0.196,0.108,0.0733,0.11,
2023-07-20 06:00:00,2023-07-20,6,1.0,5.4376174824052254e-14,201,-0.2986363264669324,-0.9543669862868978,0.104,0.241,0.147,0.083,0.167,
2023-07-20 06:15:00,2023-07-20,6,0.997858923238604,-0.0654031292301334,201,-0.2988073400307982,-0.9543134566502344,0.115,0.283,0.187,0.107,0.212,
2023-07-20 06:30:00,2023-07-20,6,0.9914448613738356,-0.130526192219861,201,-0.2989783439996432,-0.9542598963695536,0.128,0.33,0.232,0.146,0.261,
2023-07-20 06:45:00,2023-07-20,6,0.9807852804032592,-0.1950903220159836,201,-0.2991493383679764,-0.9542063054465748,0.139,0.379,0.284,0.189,0.306,
2023-07-20 07:00:00,2023-07-20,7,0.9659258262890948,-0.2588190451024216,201,-0.2993203231303074,-0.954152683883019,0.153,0.421,0.334,0.232,0.349,
2023-07-20 07:15:00,2023-07-20,7,0.9469301294951242,-0.3214394653031068,201,-0.2994912982811451,-0.9540990316806082,0.165,0.459,0.385,0.277,0.4,
2023-07-20 07:30:00,2023-07-20,7,0.9238795325112916,-0.3826834323650777,201,-0.2996622638149987,-0.9540453488410654,0.173,0.503,0.439,0.324,0.457,
2023-07-20 07:45:00,2023-07-20,7,0.8968727415326743,-0.4422886902190297,201,-0.2998332197263799,-0.953991635366114,0.187,0.542,0.487,0.37,0.51,
2023-07-20 08:00:00,2023-07-20,8,0.8660254037844004,-0.5000000000000662,201,-0.3000041660097978,-0.9539378912574789,0.196,0.583,0.535,0.416,0.556,
2023-07-20 08:15:00,2023-07-20,8,0.8314696123026042,-0.555570233019514,201,-0.3001751026597637,-0.953884116516886,0.197,0.622,0.586,0.465,0.605,
2023-07-20 08:30:00,2023-07-20,8,0.7933533402912725,-0.6087614290086719,201,-0.3003460296707885,-0.9538303111460622,0.194,0.663,0.629,0.508,0.652,
2023-07-20 08:45:00,2023-07-20,8,0.7518398074789884,-0.6593458151000564,201,-0.3005169470373841,-0.9537764751467348,0.199,0.701,0.667,0.545,0.695,
2023-07-20 09:00:00,2023-07-20,9,0.7071067811866883,-0.7071067811864067,201,-0.3006878547540612,-0.953722608520633,0.206,0.733,0.703,0.584,0.736,
2023-07-20 09:15:00,2023-07-20,9,0.659345815100185,-0.7518398074788756,201,-0.3008587528153323,-0.9536687112694864,0.214,0.759,0.738,0.62,0.774,
2023-07-20 09:30:00,2023-07-20,9,0.6087614290088076,-0.7933533402911684,201,-0.30102964121571,-0.9536147833950251,0.209,0.784,0.776,0.656,0.813,
2023-07-20 09:45:00,2023-07-20,9,0.5555702330196561,-0.8314696123025092,201,-0.3012005199497061,-0.953560824898982,0.203,0.811,0.812,0.69,0.849,
2023-07-20 10:00:00,2023-07-20,10,0.5000000000000174,-0.8660254037844286,201,-0.3013713890118339,-0.9535068357830886,0.201,0.835,0.825,0.717,0.876,
2023-07-20 10:15:00,2023-07-20,10,0.4422886902189791,-0.8968727415326992,201,-0.3015422483966067,-0.9534528160490792,0.202,0.853,0.827,0.741,0.899,
2023-07-20 10:30:00,2023-07-20,10,0.3826834323650255,-0.9238795325113134,201,-0.3017130980985383,-0.953398765698688,0.204,0.872,0.833,0.766,0.92,
2023-07-20 10:45:00,2023-07-20,10,0.3214394653032687,-0.9469301294950692,201,-0.3018839381121418,-0.9533446847336512,0.207,0.882,0.84,0.782,0.932,
2023-07-20 11:00:00,2023-07-20,11,0.2588190451025868,-0.9659258262890504,201,-0.3020547684319318,-0.9532905731557048,0.209,0.889,0.851,0.794,0.939,
2023-07-20 11:15:00,2023-07-20,11,0.1950903220161513,-0.980785280403226,201,-0.3022255890524231,-0.9532364309665864,0.206,0.898,0.869,0.806,0.947,
2023-07-20 11:30:00,2023-07-20,11,0.1305261922200305,-0.9914448613738132,201,-0.3023963999681296,-0.9531822581680351,0.208,0.896,0.884,0.81,0.946,
2023-07-20 11:45:00,2023-07-20,11,0.0654031292303041,-0.9978589232385928,201,-0.3025672011735669,-0.9531280547617904,0.211,0.895,0.897,0.812,0.944,
2023-07-20 12:00:00,2023-07-20,12,1.1660989654301841e-13,-1.0,201,-0.3027379926632503,-0.9530738207495922,0.212,0.888,0.896,0.809,0.939,
2023-07-20 12:15:00,2023-07-20,12,-0.0654031292300713,-0.9978589232386084,201,-0.3029087744316959,-0.9530195561331825,0.207,0.879,0.883,0.801,0.931,
2023-07-20 12:30:00,2023-07-20,12,-0.1305261922200247,-0.991444861373814,201,-0.303079546473419,-0.9529652609143036,0.2,0.87,0.868,0.789,0.922,
2023-07-20 12:45:00,2023-07-20,12,-0.1950903220161456,-0.980785280403227,201,-0.3032503087829363,-0.952910935094699,0.189,0.858,0.852,0.772,0.907,
2023-07-20 13:00:00,2023-07-20,13,-0.2588190451025811,-0.965925826289052,201,-0.3034210613547649,-0.9528565786761132,0.183,0.841,0.832,0.75,0.883,
2023-07-20 13:15:00,2023-07-20,13,-0.3214394653030478,-0.9469301294951444,201,-0.3035918041834203,-0.952802191660292,0.189,0.817,0.806,0.722,0.851,
2023-07-20 13:30:00,2023-07-20,13,-0.3826834323650201,-0.9238795325113156,201,-0.3037625372634217,-0.952747774048981,0.184,0.798,0.781,0.698,0.822,
2023-07-20 13:45:00,2023-07-20,13,-0.4422886902189739,-0.8968727415327018,201,-0.3039332605892853,-0.9526933258439284,0.181,0.772,0.748,0.67,0.784,
2023-07-20 14:00:00,2023-07-20,14,-0.5000000000000123,-0.8660254037844315,201,-0.3041039741555298,-0.952638847046882,0.191,0.742,0.709,0.641,0.744,
2023-07-20 14:15:00,2023-07-20,14,-0.5555702330194622,-0.8314696123026388,201,-0.3042746779566727,-0.9525843376595916,0.199,0.704,0.662,0.605,0.698,
2023-07-20 14:30:00,2023-07-20,14,-0.6087614290086226,-0.7933533402913104,201,-0.3044453719872327,-0.9525297976838076,0.2,0.665,0.614,0.569,0.653,
2023-07-20 14:45:00,2023-07-20,14,-0.6593458151000096,-0.7518398074790293,201,-0.3046160562417293,-0.9524752271212809,0.198,0.624,0.563,0.527,0.607,
2023-07-20 15:00:00,2023-07-20,15,-0.7071067811865235,-0.7071067811865716,201,-0.3047867307146802,-0.9524206259737644,0.2,0.579,0.509,0.478,0.558,
2023-07-20 15:15:00,2023-07-20,15,-0.7518398074789845,-0.6593458151000609,201,-0.3049573954006068,-0.9523659942430104,0.201,0.534,0.459,0.432,0.508,
2023-07-20 15:30:00,2023-07-20,15,-0.7933533402912689,-0.6087614290086766,201,-0.3051280502940273,-0.9523113319307744,0.211,0.482,0.403,0.377,0.447,
2023-07-20 15:45:00,2023-07-20,15,-0.831469612302601,-0.5555702330195188,201,-0.3052986953894628,-0.9522566390388107,0.198,0.444,0.356,0.333,0.393,
2023-07-20 16:00:00,2023-07-20,16,-0.8660254037843975,-0.5000000000000713,201,-0.3054693306814329,-0.9522019155688762,0.193,0.392,0.3,0.278,0.331,
2023-07-20 16:15:00,2023-07-20,16,-0.8968727415326717,-0.4422886902190349,201,-0.3056399561644586,-0.952147161522728,0.179,0.352,0.251,0.23,0.286,
2023-07-20 16:30:00,2023-07-20,16,-0.9238795325112896,-0.382683432365083,201,-0.3058105718330615,-0.952092376902124,0.0924,0.0962,0.0682,0.059,0.0735,
2023-07-20 16:45:00,2023-07-20,16,-0.9469301294950492,-0.3214394653033276,201,-0.3059811776817616,-0.9520375617088236,0.207,0.292,0.174,0.154,0.21,
2023-07-20 17:00:00,2023-07-20,17,-0.9659258262890345,-0.2588190451026469,201,-0.3061517737050822,-0.9519827159445868,0.106,0.111,0.0952,0.0891,0.1,
2023-07-20 17:15:00,2023-07-20,17,-0.9807852804032136,-0.1950903220162124,201,-0.3063223598975442,-0.9519278396111752,0.15,0.199,0.119,0.106,0.141,
2023-07-20 17:30:00,2023-07-20,17,-0.991444861373805,-0.1305261922200922,201,-0.3064929362536702,-0.9518729327103508,0.0842,0.109,0.0709,0.0653,0.0765999999999999,
2023-07-20 17:45:00,2023-07-20,17,-0.9978589232386036,-0.0654031292301393,201,-0.3066635027679831,-0.951817995243876,0.037,0.0362,0.0361,0.033,0.0358,
2023-07-20 18:00:00,2023-07-20,18,-1.0,4.853005718124754e-14,201,-0.3068340594350053,-0.9517630272135158,0.03,0.0292,0.0304,0.0273999999999999,0.0306,
2023-07-20 18:15:00,2023-07-20,18,-0.9978589232385974,0.0654031292302361,201,-0.3070046062492606,-0.9517080286210348,0.0114,0.0113,0.0127,0.0114,0.0125,
2023-07-20 18:30:00,2023-07-20,18,-0.991444861373822,0.130526192219963,201,-0.3071751432052715,-0.9516529994681996,0.00968,0.00997,0.0092,0.00796,0.00857,
2023-07-20 18:45:00,2023-07-20,18,-0.9807852804032392,0.1950903220160846,201,-0.3073456702975634,-0.9515979397567764,0.00347,0.0035099999999999,0.0028399999999999,0.00263,0.00277,
2023-07-20 19:00:00,2023-07-20,19,-0.9659258262890682,0.258819045102521,201,-0.3075161875206593,-0.9515428494885338,0.000302,0.000383,0.000627,0.000581,0.000506,
2023-07-20 19:15:00,2023-07-20,19,-0.9469301294951644,0.3214394653029889,201,-0.3076866948690842,-0.9514877286652408,-0.00195,-0.00158,-0.000617,-0.000586,-0.00102,
2023-07-20 19:30:00,2023-07-20,19,-0.9238795325113394,0.3826834323649626,201,-0.3078571923373633,-0.9514325772886671,-0.0011899999999999,-0.00107,-0.000279,-0.000241,-0.000334,
2023-07-20 19:45:00,2023-07-20,19,-0.8968727415327293,0.4422886902189181,201,-0.3080276799200208,-0.951377395360584,-0.0016899999999999,-0.00135,-0.00106,-0.000891,-0.0013,
2023-07-20 20:00:00,2023-07-20,20,-0.8660254037844627,0.4999999999999584,201,-0.3081981576115827,-0.9513221828827636,-0.00261,-0.00232,-0.00137,-0.00134,-0.00208,
2023-07-20 20:15:00,2023-07-20,20,-0.831469612302547,0.5555702330195995,201,-0.3083686254065748,-0.951266939856978,-0.00273,-0.00233,-0.00137,-0.00112,-0.00225,
2023-07-20 20:30:00,2023-07-20,20,-0.7933533402912099,0.6087614290087536,201,-0.3085390832995235,-0.951211666285002,-0.00174,-0.00146,-0.0007,-0.000589,-0.00123,
2023-07-20 20:45:00,2023-07-20,20,-0.7518398074789204,0.6593458151001338,201,-0.3087095312849545,-0.95115636216861,-0.00161,-0.0013,-0.000552,-0.000371,-0.0011,
2023-07-20 21:00:00,2023-07-20,21,-0.7071067811866156,0.7071067811864794,201,-0.3088799693573949,-0.9511010275095778,-0.0019399999999999,-0.00161,-0.000779,-0.00042,-0.00131,
2023-07-20 21:15:00,2023-07-20,21,-0.6593458151001076,0.7518398074789434,201,-0.3090503975113721,-0.9510456623096826,-0.00158,-0.00124,-0.000465,3.06e-05,-0.000673,
2023-07-20 21:30:00,2023-07-20,21,-0.608761429008726,0.7933533402912311,201,-0.3092208157414128,-0.9509902665707022,-0.0021,-0.00181,-0.000893,-0.000577,-0.00128,
2023-07-20 21:45:00,2023-07-20,21,-0.5555702330197596,0.8314696123024401,201,-0.309391224042045,-0.9509348402944152,-0.00217,-0.0019299999999999,-0.00106,-0.000822,-0.0016799999999999,
2023-07-20 22:00:00,2023-07-20,22,-0.5000000000001251,0.8660254037843663,201,-0.3095616224077967,-0.9508793834826016,-0.00234,-0.00206,-0.000938,-0.000765,-0.0016699999999999,
2023-07-20 22:15:00,2023-07-20,22,-0.4422886902190908,0.8968727415326442,201,-0.3097320108331967,-0.950823896137042,-0.0025299999999999,-0.00198,-0.000869,-0.000749,-0.00191,
2023-07-20 22:30:00,2023-07-20,22,-0.3826834323651406,0.9238795325112658,201,-0.3099023893127727,-0.9507683782595184,-0.00234,-0.0016,-0.000965,-0.000665,-0.0016899999999999,
2023-07-20 22:45:00,2023-07-20,22,-0.3214394653031712,0.9469301294951024,201,-0.3100727578410542,-0.9507128298518132,-0.00233,-0.00171,-0.0008,-0.000524,-0.00171,
2023-07-20 23:00:00,2023-07-20,23,-0.2588190451024874,0.9659258262890772,201,-0.3102431164125709,-0.9506572509157104,-0.00222,-0.0016,-0.000562,-0.000424,-0.00155,
2023-07-20 23:15:00,2023-07-20,23,-0.1950903220160504,0.980785280403246,201,-0.3104134650218515,-0.9506016414529946,-0.00197,-0.00133,-0.000121,7.259999999999999e-05,-0.000835,
2023-07-20 23:30:00,2023-07-20,23,-0.1305261922201539,0.991444861373797,201,-0.3105838036634264,-0.9505460014654517,-0.0011799999999999,-0.000741,0.000234,0.000967,9e-05,
2023-07-20 23:45:00,2023-07-20,23,-0.0654031292302014,0.9978589232385996,201,-0.3107541323318258,-0.9504903309548678,-0.00242,-0.00184,-0.000617,-0.000401,-0.00153,
2023-07-21 00:00:00,2023-07-21,0,-1.3703664537718588e-14,1.0,202,-0.3109244510215808,-0.9504346299230308,-0.0017,-0.00111,-0.000583,3.82e-05,-0.000651,
2023-07-21 00:15:00,2023-07-21,0,0.0654031292299471,0.9978589232386164,202,-0.3110947597272213,-0.9503788983717296,-0.00222,-0.00163,-0.000924,-0.000271,-0.000883,
2023-07-21 00:30:00,2023-07-21,0,0.1305261922199013,0.99144486137383,202,-0.3112650584432789,-0.9503231363027536,-0.00204,-0.00166,-0.00115,-0.000631,-0.00138,
2023-07-21 00:45:00,2023-07-21,0,0.1950903220160235,0.9807852804032512,202,-0.3114353471642858,-0.9502673437178932,-0.00242,-0.00195,-0.00109,-0.000715,-0.00165,
2023-07-21 01:00:00,2023-07-21,1,0.2588190451024609,0.9659258262890844,202,-0.3116056258847727,-0.9502115206189404,-0.00229,-0.00173,-0.00107,-0.000654,-0.00161,
2023-07-21 01:15:00,2023-07-21,1,0.3214394653031453,0.9469301294951112,202,-0.3117758945992724,-0.9501556670076874,-0.00256,-0.0019399999999999,-0.0011899999999999,-0.00078,-0.00176,
2023-07-21 01:30:00,2023-07-21,1,0.3826834323651152,0.9238795325112762,202,-0.3119461533023173,-0.9500997828859278,-0.0022299999999999,-0.00162,-0.000741,-0.000268,-0.00114,
2023-07-21 01:45:00,2023-07-21,1,0.4422886902190662,0.8968727415326563,202,-0.3121164019884407,-0.950043868255456,-0.00221,-0.00189,-0.00104,-0.000661,-0.00174,
2023-07-21 02:00:00,2023-07-21,2,0.4999999999999045,0.8660254037844938,202,-0.3122866406521748,-0.9499879231180676,-0.00176,-0.00157,-0.000951,-0.000612,-0.0016,
2023-07-21 02:15:00,2023-07-21,2,0.5555702330195478,0.8314696123025817,202,-0.3124568692880535,-0.949931947475559,-0.00195,-0.00176,-0.00103,-0.000894,-0.0014,
2023-07-21 02:30:00,2023-07-21,2,0.6087614290087042,0.7933533402912477,202,-0.3126270878906111,-0.9498759413297276,-0.00208,-0.00188,-0.000851,-0.000772,-0.0012,
2023-07-21 02:45:00,2023-07-21,2,0.6593458151000869,0.7518398074789615,202,-0.3127972964543807,-0.949819904682372,-0.00254,-0.0022299999999999,-0.00117,-0.0011,-0.00178,
2023-07-21 03:00:00,2023-07-21,3,0.7071067811864354,0.7071067811866596,202,-0.3129674949738973,-0.9497638375352916,-0.00141,-0.0014299999999999,-0.000982,-0.00107,-0.00171,
2023-07-21 03:15:00,2023-07-21,3,0.7518398074789024,0.6593458151001543,202,-0.3131376834436955,-0.9497077398902865,-0.0014399999999999,-0.00122,-0.000989,-0.000696,-0.00162,
2023-07-21 03:30:00,2023-07-21,3,0.7933533402911932,0.6087614290087754,202,-0.3133078618583109,-0.949651611749158,-0.00179,-0.00146,-0.000707,-0.00044,-0.0014399999999999,
2023-07-21 03:45:00,2023-07-21,3,0.8314696123025318,0.5555702330196224,202,-0.313478030212278,-0.9495954531137089,-0.00273,-0.00204,-0.000424,-0.000145,-0.00133,
2023-07-21 04:00:00,2023-07-21,4,0.8660254037844489,0.4999999999999822,202,-0.3136481885001329,-0.9495392639857422,-0.0019399999999999,-0.00127,0.00137,0.0011899999999999,0.000476,
2023-07-21 04:15:00,2023-07-21,4,0.8968727415327172,0.4422886902189426,202,-0.3138183367164122,-0.9494830443670622,0.00562,0.00592,0.00539,0.00518,0.0047599999999999,
2023-07-21 04:30:00,2023-07-21,4,0.923879532511242,0.3826834323651981,202,-0.3139884748556508,-0.9494267942594744,0.0212,0.0207,0.0161,0.0145,0.0159,
2023-07-21 04:45:00,2023-07-21,4,0.9469301294950824,0.3214394653032302,202,-0.3141586029123872,-0.9493705136647846,0.0387999999999999,0.0386,0.0301,0.0273,0.0306,
2023-07-21 05:00:00,2023-07-21,5,0.9659258262890612,0.2588190451025475,202,-0.3143287208811571,-0.9493142025848004,0.056,0.0557,0.0435,0.0387999999999999,0.0442,
2023-07-21 05:15:00,2023-07-21,5,0.9807852804032338,0.1950903220161114,202,-0.3144988287564987,-0.94925786102133,0.0722,0.0957,0.0585,0.0518,0.0588,
2023-07-21 05:30:00,2023-07-21,5,0.9914448613737888,0.1305261922202156,202,-0.3146689265329488,-0.9492014889761824,0.117,0.164,0.0930999999999999,0.0756,0.091,
2023-07-21 05:45:00,2023-07-21,5,0.9978589232385956,0.0654031292302635,202,-0.3148390142050458,-0.949145086451168,0.126,0.164,0.106,0.081,0.107,
2023-07-21 06:00:00,2023-07-21,6,1.0,7.593738625668473e-14,202,-0.3150090917673284,-0.9490886534480976,0.123,0.121,0.104,0.0892,0.107,
2023-07-21 06:15:00,2023-07-21,6,0.9978589232386056,-0.0654031292301119,202,-0.315179159214334,-0.9490321899687836,0.132,0.273,0.182,0.111,0.204,
2023-07-21 06:30:00,2023-07-21,6,0.9914448613738086,-0.1305261922200651,202,-0.3153492165406031,-0.9489756960150392,0.14,0.326,0.228,0.147,0.256,
2023-07-21 06:45:00,2023-07-21,6,0.9807852804032192,-0.1950903220161855,202,-0.315519263740674,-0.948919171588678,0.151,0.374,0.282,0.191,0.303,
2023-07-21 07:00:00,2023-07-21,7,0.9659258262891004,-0.2588190451024008,202,-0.3156893008090866,-0.9488626166915156,0.177,0.419,0.331,0.233,0.347,
2023-07-21 07:15:00,2023-07-21,7,0.9469301294951312,-0.3214394653030863,202,-0.3158593277403811,-0.9488060313253676,0.214,0.45,0.372,0.27,0.388,
2023-07-21 07:30:00,2023-07-21,7,0.9238795325113,-0.3826834323650577,202,-0.3160293445290971,-0.9487494154920516,0.176,0.498,0.434,0.322,0.453,
2023-07-21 07:45:00,2023-07-21,7,0.8968727415326838,-0.4422886902190103,202,-0.3161993511697759,-0.9486927691933849,0.185,0.542,0.485,0.369,0.506,
2023-07-21 08:00:00,2023-07-21,8,0.8660254037845249,-0.4999999999998506,202,-0.3163693476569572,-0.9486360924311869,0.192,0.581,0.533,0.414,0.552,
2023-07-21 08:15:00,2023-07-21,8,0.8314696123026162,-0.555570233019496,202,-0.3165393339851839,-0.9485793852072772,0.194,0.621,0.58,0.46,0.601,
2023-07-21 08:30:00,2023-07-21,8,0.7933533402912857,-0.6087614290086548,202,-0.3167093101489964,-0.9485226475234774,0.201,0.657,0.619,0.501,0.644,
2023-07-21 08:45:00,2023-07-21,8,0.7518398074790026,-0.6593458151000402,202,-0.3168792761429368,-0.9484658793816088,0.202,0.695,0.659,0.54,0.69,
2023-07-21 09:00:00,2023-07-21,9,0.7071067811865428,-0.7071067811865522,202,-0.3170492319615479,-0.9484090807834944,0.204,0.727,0.697,0.58,0.733,
2023-07-21 09:15:00,2023-07-21,9,0.6593458151000302,-0.7518398074790112,202,-0.3172191775993713,-0.948352251730958,0.211,0.752,0.732,0.616,0.77,
2023-07-21 09:30:00,2023-07-21,9,0.6087614290086444,-0.7933533402912937,202,-0.3173891130509508,-0.9482953922258248,0.217,0.775,0.766,0.649,0.804,
2023-07-21 09:45:00,2023-07-21,9,0.5555702330196741,-0.8314696123024973,202,-0.3175590383108283,-0.9482385022699203,0.217,0.797,0.793,0.677,0.832,
2023-07-21 10:00:00,2023-07-21,10,0.5000000000000361,-0.8660254037844178,202,-0.317728953373549,-0.9481815818650714,0.205,0.821,0.809,0.704,0.86,
2023-07-21 10:15:00,2023-07-21,10,0.4422886902189984,-0.8968727415326897,202,-0.3178988582336554,-0.948124631013106,0.188,0.849,0.818,0.736,0.892,
2023-07-21 10:30:00,2023-07-21,10,0.3826834323652556,-0.923879532511218,202,-0.3180687528856922,-0.9480676497158526,0.195,0.864,0.821,0.758,0.91,
2023-07-21 10:45:00,2023-07-21,10,0.3214394653032891,-0.9469301294950624,202,-0.3182386373242042,-0.9480106379751408,0.197,0.875,0.829,0.775,0.923,
2023-07-21 11:00:00,2023-07-21,11,0.2588190451026076,-0.965925826289045,202,-0.3184085115437356,-0.947953595792802,0.182,0.892,0.85,0.797,0.942,
2023-07-21 11:15:00,2023-07-21,11,0.1950903220161725,-0.9807852804032215,202,-0.3185783755388318,-0.9478965231706672,0.183,0.894,0.864,0.805,0.944,
2023-07-21 11:30:00,2023-07-21,11,0.1305261922200519,-0.9914448613738104,202,-0.3187482293040383,-0.9478394201105692,0.181,0.898,0.885,0.812,0.949,
2023-07-21 11:45:00,2023-07-21,11,0.0654031292300987,-0.9978589232386064,202,-0.3189180728339014,-0.9477822866143418,0.176,0.9,0.903,0.818,0.951,
2023-07-21 12:00:00,2023-07-21,12,-8.920256746758122e-14,-1.0,202,-0.3190879061229664,-0.9477251226838196,0.189,0.885,0.896,0.809,0.938,
2023-07-21 12:15:00,2023-07-21,12,-0.0654031292300498,-0.9978589232386096,202,-0.3192577291657802,-0.9476679283208382,0.212,0.868,0.873,0.793,0.919,
2023-07-21 12:30:00,2023-07-21,12,-0.1305261922200034,-0.9914448613738168,202,-0.31942754195689,-0.947610703527234,0.217,0.854,0.852,0.777,0.903,
2023-07-21 12:45:00,2023-07-21,12,-0.1950903220161245,-0.9807852804032312,202,-0.319597344490842,-0.9475534483048448,0.207,0.845,0.838,0.764,0.891,
2023-07-21 13:00:00,2023-07-21,13,-0.2588190451023406,-0.9659258262891164,202,-0.3197671367621842,-0.9474961626555088,0.214,0.822,0.813,0.737,0.863,
2023-07-21 13:15:00,2023-07-21,13,-0.3214394653030274,-0.9469301294951512,202,-0.3199369187654644,-0.947438846581066,0.216,0.801,0.791,0.714,0.834,
2023-07-21 13:30:00,2023-07-21,13,-0.3826834323650002,-0.9238795325113238,202,-0.3201066904952311,-0.9473815000833562,0.22,0.774,0.761,0.685,0.799,
2023-07-21 13:45:00,2023-07-21,13,-0.4422886902189545,-0.8968727415327113,202,-0.3202764519460319,-0.9473241231642217,0.217,0.753,0.733,0.66,0.768,
2023-07-21 14:00:00,2023-07-21,14,-0.4999999999999936,-0.8660254037844423,202,-0.3204462031124159,-0.947266715825504,0.211,0.729,0.7,0.633,0.734,
2023-07-21 14:15:00,2023-07-21,14,-0.5555702330196334,-0.8314696123025245,202,-0.3206159439889329,-0.9472092780690472,0.213,0.691,0.651,0.596,0.687,
2023-07-21 14:30:00,2023-07-21,14,-0.6087614290087858,-0.7933533402911851,202,-0.3207856745701312,-0.9471518098966956,0.207,0.659,0.607,0.563,0.647,
2023-07-21 14:45:00,2023-07-21,14,-0.6593458150999933,-0.7518398074790436,202,-0.3209553948505612,-0.947094311310294,0.199,0.623,0.559,0.522,0.605,
2023-07-21 15:00:00,2023-07-21,15,-0.7071067811865082,-0.7071067811865869,202,-0.3211251048247729,-0.9470367823116896,0.187,0.585,0.511,0.479,0.561,
2023-07-21 15:15:00,2023-07-21,15,-0.7518398074789703,-0.6593458151000771,202,-0.3212948044873172,-0.9469792229027292,0.178,0.549,0.467,0.436,0.518,
2023-07-21 15:30:00,2023-07-21,15,-0.7933533402911174,-0.6087614290088741,202,-0.3214644938327436,-0.9469216330852612,0.175,0.495,0.406,0.376,0.452,
2023-07-21 15:45:00,2023-07-21,15,-0.8314696123024626,-0.5555702330197259,202,-0.3216341728556048,-0.9468640128611346,0.152,0.469,0.368,0.339,0.408,
2023-07-21 16:00:00,2023-07-21,16,-0.8660254037843867,-0.5000000000000899,202,-0.3218038415504515,-0.9468063622322,0.139,0.427,0.315,0.289,0.353,
2023-07-21 16:15:00,2023-07-21,16,-0.8968727415326622,-0.4422886902190542,202,-0.321973499911835,-0.9467486812003086,0.13,0.382,0.265,0.241,0.304,
2023-07-21 16:30:00,2023-07-21,16,-0.9238795325112812,-0.382683432365103,202,-0.3221431479343077,-0.9466909697673126,0.117,0.338,0.218,0.198,0.257,
2023-07-21 16:45:00,2023-07-21,16,-0.9469301294951156,-0.3214394653031327,202,-0.3223127856124222,-0.946633227935065,0.107,0.288,0.17,0.157,0.208,
2023-07-21 17:00:00,2023-07-21,17,-0.9659258262890876,-0.2588190451024481,202,-0.3224824129407316,-0.94657545570542,0.0959,0.248,0.128,0.117,0.164,
2023-07-21 17:15:00,2023-07-21,17,-0.9807852804032096,-0.1950903220162335,202,-0.3226520299137877,-0.946517653080233,0.0790999999999999,0.21,0.0894,0.0792,0.123,
2023-07-21 17:30:00,2023-07-21,17,-0.9914448613738024,-0.1305261922201136,202,-0.3228216365261456,-0.9464598200613596,0.0638,0.168,0.0687,0.0622,0.0815999999999999,
2023-07-21 17:45:00,2023-07-21,17,-0.9978589232386024,-0.0654031292301608,202,-0.3229912327723583,-0.9464019566506572,0.0536,0.128,0.055,0.0497,0.0565,
2023-07-21 18:00:00,2023-07-21,18,-1.0,-2.0040482969461698e-13,202,-0.3231608186469789,-0.946344062849984,0.0397,0.0888,0.0404,0.0373,0.0417,
2023-07-21 18:15:00,2023-07-21,18,-0.9978589232386136,0.0654031292299877,202,-0.3233303941445636,-0.9462861386611986,0.0275,0.0273999999999999,0.025,0.0242,0.0238999999999999,
2023-07-21 18:30:00,2023-07-21,18,-0.9914448613738248,0.1305261922199417,202,-0.3234999592596658,-0.9462281840861614,0.0158,0.0159,0.0152,0.0145,0.0141999999999999,
2023-07-21 18:45:00,2023-07-21,18,-0.9807852804032432,0.1950903220160634,202,-0.3236695139868416,-0.9461701991267332,0.0047599999999999,0.00498,0.00553,0.00518,0.0046,
2023-07-21 19:00:00,2023-07-21,19,-0.9659258262890738,0.2588190451025002,202,-0.3238390583206449,-0.946112183784776,-0.00179,-0.00135,-0.000434,-0.000443,-0.00132,
2023-07-21 19:15:00,2023-07-21,19,-0.946930129495098,0.3214394653031838,202,-0.3240085922556334,-0.9460541380621528,-0.0028,-0.00228,-0.00138,-0.00113,-0.00183,
2023-07-21 19:30:00,2023-07-21,19,-0.9238795325112606,0.3826834323651528,202,-0.3241781157863621,-0.9459960619607272,-0.00296,-0.0024,-0.00154,-0.00122,-0.00202,
2023-07-21 19:45:00,2023-07-21,19,-0.8968727415327389,0.4422886902188987,202,-0.3243476289073868,-0.9459379554823648,-0.00293,-0.00197,-0.00062,-0.000218,-0.00132,
2023-07-21 20:00:00,2023-07-21,20,-0.8660254037844735,0.4999999999999397,202,-0.3245171316132658,-0.9458798186289304,-0.0034,-0.0025499999999999,-0.000876,-0.000528,-0.00237,
2023-07-21 20:15:00,2023-07-21,20,-0.831469612302559,0.5555702330195816,202,-0.3246866238985549,-0.9458216514022918,-0.0028799999999999,-0.00227,-0.00138,-0.000673,-0.00233,
2023-07-21 20:30:00,2023-07-21,20,-0.793353340291223,0.6087614290087365,202,-0.3248561057578126,-0.945763453804316,-0.00285,-0.00229,-0.00108,-0.000799,-0.00229,
2023-07-21 20:45:00,2023-07-21,20,-0.7518398074790846,0.6593458150999466,202,-0.3250255771855951,-0.9457052258368728,-0.0029,-0.00241,-0.00109,-0.000917,-0.00224,
2023-07-21 21:00:00,2023-07-21,21,-0.7071067811866308,0.7071067811864642,202,-0.3251950381764623,-0.9456469675018312,-0.00311,-0.0028399999999999,-0.000972,-0.000738,-0.00177,
2023-07-21 21:15:00,2023-07-21,21,-0.6593458151001238,0.7518398074789292,202,-0.3253644887249718,-0.9455886788010618,-0.0030299999999999,-0.0025,-0.00112,-0.000891,-0.00156,
2023-07-21 21:30:00,2023-07-21,21,-0.6087614290087431,0.793353340291218,202,-0.3255339288256815,-0.9455303597364372,-0.00122,-0.00066,-0.00113,-0.000573,-0.00179,
2023-07-21 21:45:00,2023-07-21,21,-0.5555702330195885,0.8314696123025545,202,-0.3257033584731522,-0.945472010309829,-0.00232,-0.00177,-0.000793,-0.000562,-0.00189,
2023-07-21 22:00:00,2023-07-21,22,-0.4999999999999469,0.8660254037844692,202,-0.325872777661942,-0.9454136305231116,-0.000757,-0.000259,-0.000945,-0.000719,-0.00182,
2023-07-21 22:15:00,2023-07-21,22,-0.4422886902191101,0.8968727415326346,202,-0.3260421863866112,-0.9453552203781592,-0.00218,-0.00163,-0.000665,-0.000558,-0.00153,
2023-07-21 22:30:00,2023-07-21,22,-0.3826834323651605,0.9238795325112574,202,-0.3262115846417198,-0.945296779876848,-0.00239,-0.0019,-0.000631,-0.000524,-0.00158,
2023-07-21 22:45:00,2023-07-21,22,-0.3214394653031917,0.9469301294950956,202,-0.3263809724218288,-0.945238309021054,-0.00219,-0.00177,-0.000658,-0.000608,-0.00157,
2023-07-21 23:00:00,2023-07-21,23,-0.2588190451025082,0.9659258262890716,202,-0.3265503497214985,-0.9451798078126548,-0.00222,-0.00176,-0.000703,-0.000524,-0.00156,
2023-07-21 23:15:00,2023-07-21,23,-0.1950903220162946,0.9807852804031972,202,-0.3267197165352891,-0.9451212762535296,-0.0023,-0.00173,-0.000517,-0.000268,-0.00129,
2023-07-21 23:30:00,2023-07-21,23,-0.1305261922201753,0.9914448613737942,202,-0.3268890728577637,-0.9450627143455568,-0.0025099999999999,-0.00197,-0.000748,-0.0006,-0.00175,
2023-07-21 23:45:00,2023-07-21,23,-0.0654031292302229,0.9978589232385984,202,-0.327058418683483,-0.945004122090618,-0.00274,-0.00211,-0.000676,-0.000459,-0.00147,
2023-07-22 00:00:00,2023-07-22,0,-3.5264875970351066e-14,1.0,203,-0.3272277540070095,-0.944945499490594,-0.00198,-0.00151,-0.000683,-0.000275,-0.00139,
2023-07-22 00:15:00,2023-07-22,0,0.0654031292301525,0.9978589232386028,203,-0.3273970788229055,-0.9448868465473672,-0.00233,-0.00195,-0.000951,-0.000547,-0.00174,
2023-07-22 00:30:00,2023-07-22,0,0.1305261922201054,0.9914448613738032,203,-0.3275663931257344,-0.9448281632628216,-0.00219,-0.0018,-0.000927,-0.000604,-0.00171,
2023-07-22 00:45:00,2023-07-22,0,0.1950903220162254,0.9807852804032112,203,-0.3277356969100589,-0.9447694496388408,-0.00263,-0.00216,-0.000955,-0.000929,-0.00191,
2023-07-22 01:00:00,2023-07-22,1,0.2588190451024401,0.96592582628909,203,-0.3279049901704416,-0.9447107056773107,-0.00234,-0.00183,-0.000789,-0.000531,-0.00171,
2023-07-22 01:15:00,2023-07-22,1,0.3214394653031249,0.946930129495118,203,-0.3280742729014479,-0.9446519313801176,-0.00212,-0.00161,-0.000572,-0.000463,-0.00153,
2023-07-22 01:30:00,2023-07-22,1,0.3826834323650953,0.9238795325112844,203,-0.3282435450976408,-0.9445931267491484,-0.0020299999999999,-0.00149,-0.000465,1.15e-05,-0.00112,
2023-07-22 01:45:00,2023-07-22,1,0.4422886902188429,0.8968727415327664,203,-0.3284128067535853,-0.944534291786292,-0.00228,-0.00176,-0.000696,-0.000501,-0.0016899999999999,
2023-07-22 02:00:00,2023-07-22,2,0.4999999999998858,0.8660254037845045,203,-0.3285820578638461,-0.9444754264934372,-0.0023799999999999,-0.00185,-0.000745,-0.000554,-0.0016899999999999,
2023-07-22 02:15:00,2023-07-22,2,0.5555702330195299,0.8314696123025935,203,-0.3287512984229887,-0.9444165308724742,-0.00222,-0.0017,-0.0006,-0.000371,-0.00157,
2023-07-22 02:30:00,2023-07-22,2,0.6087614290086871,0.7933533402912609,203,-0.3289205284255779,-0.9443576049252944,-0.00225,-0.00173,-0.000651,-0.000463,-0.00153,
2023-07-22 02:45:00,2023-07-22,2,0.6593458151000707,0.7518398074789757,203,-0.32908974786618,-0.94429864865379,-0.00218,-0.00165,-0.000517,-0.000145,-0.00135,
2023-07-22 03:00:00,2023-07-22,3,0.707106781186581,0.707106781186514,203,-0.3292589567393615,-0.944239662059854,-0.00258,-0.00208,-0.000865,-0.000707,-0.00187,
2023-07-22 03:15:00,2023-07-22,3,0.7518398074790381,0.6593458150999997,203,-0.3294281550396881,-0.9441806451453806,-0.00254,-0.0019299999999999,-0.000731,-0.000459,-0.00175,
2023-07-22 03:30:00,2023-07-22,3,0.7933533402911801,0.6087614290087925,203,-0.3295973427617272,-0.9441215979122648,-0.00256,-0.00199,-0.0009,-0.000352,-0.00165,
2023-07-22 03:45:00,2023-07-22,3,0.8314696123025198,0.5555702330196403,203,-0.3297665199000458,-0.944062520362403,-0.00239,-0.0019199999999999,-0.000745,-0.000554,-0.00162,
2023-07-22 04:00:00,2023-07-22,4,0.8660254037844382,0.5000000000000009,203,-0.3299356864492121,-0.9440034124976918,0.000562,0.000748,0.0014,0.00159,0.000647,
2023-07-22 04:15:00,2023-07-22,4,0.8968727415326071,0.4422886902191659,203,-0.3301048424037929,-0.9439442743200296,0.0065499999999999,0.00663,0.0068899999999999,0.00653,0.00605,
2023-07-22 04:30:00,2023-07-22,4,0.9238795325112336,0.382683432365218,203,-0.3302739877583571,-0.9438851058313148,0.0167,0.0168,0.0172,0.0162,0.0166,
2023-07-22 04:45:00,2023-07-22,4,0.9469301294950756,0.3214394653032506,203,-0.3304431225074734,-0.943825907033448,0.0271,0.027,0.0261999999999999,0.0247,0.0256,
2023-07-22 05:00:00,2023-07-22,5,0.9659258262890555,0.2588190451025683,203,-0.3306122466457096,-0.94376667792833,0.039,0.0386,0.0358,0.0337,0.0353,
2023-07-22 05:15:00,2023-07-22,5,0.9807852804032297,0.1950903220161326,203,-0.3307813601676367,-0.9437074185178626,0.0495,0.123,0.0516,0.0502,0.0484,
2023-07-22 05:30:00,2023-07-22,5,0.9914448613738156,0.1305261922200116,203,-0.3309504630678229,-0.9436481288039488,0.059,0.167,0.0717,0.0596,0.0575,
2023-07-22 05:45:00,2023-07-22,5,0.997858923238609,0.0654031292300581,203,-0.331119555340839,-0.9435888087884918,0.0657,0.215,0.107,0.0678,0.0989,
2023-07-22 06:00:00,2023-07-22,6,1.0,9.74985976893172e-14,203,-0.3312886369812544,-0.9435294584733974,0.0708,0.26,0.152,0.0754,0.176,
2023-07-22 06:15:00,2023-07-22,6,0.9978589232386068,-0.0654031292300904,203,-0.3314577079836402,-0.943470077860571,0.0745,0.308,0.193,0.0993,0.224,
2023-07-22 06:30:00,2023-07-22,6,0.9914448613738116,-0.1305261922200437,203,-0.3316267683425677,-0.9434106669519192,0.074,0.352,0.238,0.14,0.273,
2023-07-22 06:45:00,2023-07-22,6,0.9807852804032676,-0.1950903220159414,203,-0.331795818052607,-0.9433512257493502,0.0809,0.403,0.293,0.187,0.319,
2023-07-22 07:00:00,2023-07-22,7,0.965925826289106,-0.2588190451023799,203,-0.3319648571083313,-0.943291754254772,0.0849,0.445,0.349,0.233,0.367,
2023-07-22 07:15:00,2023-07-22,7,0.946930129495138,-0.3214394653030659,203,-0.3321338855043115,-0.9432322524700948,0.0878,0.489,0.406,0.283,0.422,
2023-07-22 07:30:00,2023-07-22,7,0.9238795325113084,-0.3826834323650378,203,-0.3323029032351206,-0.9431727203972292,0.0904,0.533,0.458,0.331,0.48,
2023-07-22 07:45:00,2023-07-22,7,0.8968727415326934,-0.442288690218991,203,-0.3324719102953304,-0.943113158038087,0.0944,0.575,0.509,0.379,0.532,
2023-07-22 08:00:00,2023-07-22,8,0.8660254037844219,-0.5000000000000289,203,-0.3326409066795145,-0.9430535653945806,0.0950999999999999,0.619,0.561,0.429,0.584,
2023-07-22 08:15:00,2023-07-22,8,0.8314696123025018,-0.5555702330196671,203,-0.3328098923822466,-0.9429939424686234,0.0973,0.66,0.61,0.479,0.633,
2023-07-22 08:30:00,2023-07-22,8,0.7933533402912988,-0.6087614290086377,203,-0.332978867398099,-0.9429342892621304,0.0996,0.698,0.652,0.521,0.681,
2023-07-22 08:45:00,2023-07-22,8,0.7518398074790168,-0.659345815100024,203,-0.3331478317216476,-0.9428746057770168,0.104,0.735,0.692,0.563,0.727,
2023-07-22 09:00:00,2023-07-22,9,0.7071067811865581,-0.7071067811865369,203,-0.3333167853474653,-0.9428148920151992,0.113,0.764,0.727,0.602,0.767,
2023-07-22 09:15:00,2023-07-22,9,0.6593458151002174,-0.7518398074788472,203,-0.3334857282701275,-0.942755147978595,0.115,0.791,0.766,0.642,0.809,
2023-07-22 09:30:00,2023-07-22,9,0.6087614290088418,-0.7933533402911421,203,-0.3336546604842095,-0.9426953736691228,0.126,0.823,0.818,0.693,0.859,
2023-07-22 09:45:00,2023-07-22,9,0.555570233019692,-0.8314696123024853,203,-0.3338235819842858,-0.9426355690887018,0.132,0.846,0.847,0.721,0.89,
2023-07-22 10:00:00,2023-07-22,10,0.5000000000000547,-0.8660254037844071,203,-0.3339924927649332,-0.9425757342392526,0.137,0.866,0.854,0.743,0.911,
2023-07-22 10:15:00,2023-07-22,10,0.4422886902190178,-0.8968727415326802,203,-0.3341613928207265,-0.9425158691226966,0.132,0.881,0.849,0.767,0.931,
2023-07-22 10:30:00,2023-07-22,10,0.3826834323650654,-0.9238795325112968,203,-0.3343302821462437,-0.9424559737409556,0.171,0.925,0.875,0.808,0.976,
2023-07-22 10:45:00,2023-07-22,10,0.3214394653030942,-0.9469301294951286,203,-0.3344991607360604,-0.9423960480959538,0.181,0.881,0.856,0.805,0.951,
2023-07-22 11:00:00,2023-07-22,11,0.2588190451026284,-0.9659258262890394,203,-0.3346680285847541,-0.9423360921896148,0.173,0.924,0.911,0.861,1.0,
2023-07-22 11:15:00,2023-07-22,11,0.1950903220161936,-0.9807852804032174,203,-0.3348368856869028,-0.942276106023864,0.157,0.952,0.947,0.887,1.03,
2023-07-22 11:30:00,2023-07-22,11,0.1305261922200733,-0.9914448613738076,203,-0.3350057320370834,-0.9422160896006276,0.127,0.923,0.915,0.841,0.982,
2023-07-22 11:45:00,2023-07-22,11,0.0654031292301202,-0.997858923238605,203,-0.3351745676298748,-0.9421560429218327,0.14,0.925,0.933,0.845,0.982,
2023-07-22 12:00:00,2023-07-22,12,1.5973231940828336e-13,-1.0,203,-0.3353433924598545,-0.942095965989408,0.373,0.934,0.938,0.846,0.982,
2023-07-22 12:15:00,2023-07-22,12,-0.0654031292300283,-0.997858923238611,203,-0.3355122065216028,-0.942035858805282,0.182,0.95,0.957,0.872,1.01,
2023-07-22 12:30:00,2023-07-22,12,-0.130526192219982,-0.9914448613738196,203,-0.3356810098096978,-0.9419757213713852,0.193,0.942,0.957,0.878,1.02,
2023-07-22 12:45:00,2023-07-22,12,-0.1950903220161033,-0.9807852804032354,203,-0.3358498023187194,-0.9419155536896484,0.428,0.8,0.799,0.725,0.848,
2023-07-22 13:00:00,2023-07-22,13,-0.2588190451025395,-0.9659258262890632,203,-0.3360185840432479,-0.9418553557620036,0.271,0.914,0.934,0.853,0.989,
2023-07-22 13:15:00,2023-07-22,13,-0.3214394653032223,-0.946930129495085,203,-0.3361873549778628,-0.9417951275903844,0.289,0.88,0.904,0.824,0.948,
2023-07-22 13:30:00,2023-07-22,13,-0.3826834323649803,-0.923879532511332,203,-0.3363561151171449,-0.9417348691767242,0.507,0.574,0.556,0.501,0.584,
2023-07-22 13:45:00,2023-07-22,13,-0.4422886902189352,-0.8968727415327209,203,-0.3365248644556754,-0.9416745805229582,0.535,0.653,0.627,0.568,0.658,
2023-07-22 14:00:00,2023-07-22,14,-0.4999999999999749,-0.8660254037844531,203,-0.3366936029880358,-0.941614261631022,0.394,0.397,0.39,0.356,0.408,
2023-07-22 14:15:00,2023-07-22,14,-0.5555702330196154,-0.8314696123025365,203,-0.3368623307088069,-0.9415539125028533,0.375,0.439,0.411,0.375,0.436,
2023-07-22 14:30:00,2023-07-22,14,-0.6087614290085884,-0.7933533402913366,203,-0.3370310476125712,-0.941493533140389,0.335,0.66,0.643,0.601,0.685,
2023-07-22 14:45:00,2023-07-22,14,-0.6593458150999771,-0.7518398074790578,203,-0.3371997536939113,-0.9414331235455684,0.204,0.476,0.446,0.417,0.474,
2023-07-22 15:00:00,2023-07-22,15,-0.707106781186493,-0.7071067811866021,203,-0.3373684489474092,-0.9413726837203316,0.153,0.623,0.541,0.509,0.596,
2023-07-22 15:15:00,2023-07-22,15,-0.7518398074789561,-0.6593458151000933,203,-0.3375371333676483,-0.9413122136666188,0.204,0.431,0.382,0.356,0.414,
2023-07-22 15:30:00,2023-07-22,15,-0.7933533402912427,-0.6087614290087108,203,-0.3377058069492118,-0.9412517133863724,0.273,0.401,0.338,0.308,0.366,
2023-07-22 15:45:00,2023-07-22,15,-0.831469612302577,-0.5555702330195547,203,-0.3378744696866839,-0.9411911828815344,0.216,0.365,0.286,0.26,0.313,
2023-07-22 16:00:00,2023-07-22,16,-0.866025403784376,-0.5000000000001086,203,-0.338043121574648,-0.9411306221540492,0.203,0.464,0.344,0.312,0.382,
2023-07-22 16:15:00,2023-07-22,16,-0.8968727415326526,-0.4422886902190736,203,-0.3382117626076887,-0.9410700312058612,0.147,0.429,0.304,0.276,0.345,
2023-07-22 16:30:00,2023-07-22,16,-0.923879532511273,-0.3826834323651229,203,-0.3383803927803913,-0.9410094100389156,0.103,0.357,0.229,0.208,0.269,
2023-07-22 16:45:00,2023-07-22,16,-0.9469301294951086,-0.3214394653031531,203,-0.33854901208734,-0.9409487586551596,0.0895,0.297,0.17,0.154,0.208,
2023-07-22 17:00:00,2023-07-22,17,-0.9659258262890232,-0.2588190451026885,203,-0.3387176205231208,-0.9408880770565408,0.0957,0.266,0.136,0.121,0.172,
2023-07-22 17:15:00,2023-07-22,17,-0.9807852804032052,-0.1950903220162547,203,-0.3388862180823194,-0.9408273652450074,0.0702,0.21,0.0862,0.0746,0.118,
2023-07-22 17:30:00,2023-07-22,17,-0.9914448613737994,-0.130526192220135,203,-0.3390548047595223,-0.940766623222509,0.0589,0.166,0.0667,0.0593,0.0785999999999999,
2023-07-22 17:45:00,2023-07-22,17,-0.9978589232386008,-0.0654031292301823,203,-0.3392233805493153,-0.9407058509909962,0.0486,0.124,0.0528,0.0472999999999999,0.0547,
2023-07-22 18:00:00,2023-07-22,18,-1.0,5.407634315982593e-15,203,-0.3393919454462857,-0.9406450485524204,0.0382999999999999,0.0897999999999999,0.0396,0.0361,0.041,
2023-07-22 18:15:00,2023-07-22,18,-0.9978589232386004,0.0654031292301931,203,-0.339560499445021,-0.940584215908734,0.0266,0.0265,0.0243999999999999,0.0233,0.0236,
2023-07-22 18:30:00,2023-07-22,18,-0.991444861373798,0.1305261922201457,203,-0.3397290425401079,-0.9405233530618904,0.0153,0.0153,0.0147,0.014,0.0141999999999999,
2023-07-22 18:45:00,2023-07-22,18,-0.9807852804032476,0.1950903220160423,203,-0.3398975747261348,-0.9404624600138444,0.0045899999999999,0.00483,0.00523,0.00494,0.00454,
2023-07-22 19:00:00,2023-07-22,19,-0.9659258262890794,0.2588190451024794,203,-0.34006609599769,-0.9404015367665506,-0.00135,-0.00094,-0.000117,-2.68e-05,-0.000861,
2023-07-22 19:15:00,2023-07-22,19,-0.946930129495105,0.3214394653031634,203,-0.3402346063493623,-0.9403405833219656,-0.00267,-0.00211,-0.00115,-0.000745,-0.00195,
2023-07-22 19:30:00,2023-07-22,19,-0.923879532511356,0.3826834323649228,203,-0.3404031057757402,-0.9402795996820468,-0.00282,-0.00211,-0.000986,-0.000478,-0.00184,
2023-07-22 19:45:00,2023-07-22,19,-0.8968727415327484,0.4422886902188794,203,-0.340571594271413,-0.9402185858487524,-0.0028799999999999,-0.00227,-0.00116,-0.000566,-0.0022299999999999,
2023-07-22 20:00:00,2023-07-22,20,-0.8660254037844842,0.499999999999921,203,-0.3407400718309711,-0.9401575418240417,-0.00312,-0.00262,-0.00135,-0.000994,-0.0025499999999999,
2023-07-22 20:15:00,2023-07-22,20,-0.831469612302571,0.5555702330195637,203,-0.3409085384490031,-0.9400964676098748,-0.00307,-0.00263,-0.00148,-0.00109,-0.00256,
2023-07-22 20:30:00,2023-07-22,20,-0.7933533402912362,0.6087614290087194,203,-0.341076994120101,-0.9400353632082128,-0.00297,-0.00248,-0.00104,-0.000673,-0.00208,
2023-07-22 20:45:00,2023-07-22,20,-0.751839807478949,0.6593458151001014,203,-0.3412454388388544,-0.939974228621018,-0.00268,-0.00204,-0.000703,-0.000524,-0.00162,
2023-07-22 21:00:00,2023-07-22,21,-0.7071067811864853,0.7071067811866097,203,-0.341413872599855,-0.9399130638502532,-0.00232,-0.00175,-0.000348,-0.000149,-0.00129,
2023-07-22 21:15:00,2023-07-22,21,-0.65934581510014,0.751839807478915,203,-0.3415822953976935,-0.9398518688978826,-0.00261,-0.0020099999999999,-0.000648,-0.000401,-0.00188,
2023-07-22 21:30:00,2023-07-22,21,-0.6087614290087602,0.7933533402912049,203,-0.3417507072269621,-0.9397906437658716,-0.00281,-0.00231,-0.0009,-0.000719,-0.00199,
2023-07-22 21:45:00,2023-07-22,21,-0.5555702330196064,0.8314696123025425,203,-0.3419191080822533,-0.9397293884561856,-0.0025099999999999,-0.00187,-0.000427,-0.000187,-0.00156,
2023-07-22 22:00:00,2023-07-22,22,-0.5000000000001625,0.8660254037843448,203,-0.3420874979581583,-0.939668102970792,-0.0023799999999999,-0.00187,-0.000724,-0.000547,-0.00182,
2023-07-22 22:15:00,2023-07-22,22,-0.4422886902191294,0.8968727415326251,203,-0.3422558768492716,-0.9396067873116584,-0.00265,-0.0020499999999999,-0.000941,-0.000688,-0.00186,
2023-07-22 22:30:00,2023-07-22,22,-0.3826834323651804,0.9238795325112492,203,-0.3424242447501852,-0.939545441480754,-0.00258,-0.00179,-0.000531,-0.00031,-0.00153,
2023-07-22 22:45:00,2023-07-22,22,-0.3214394653032121,0.9469301294950884,203,-0.3425926016554934,-0.9394840654800488,-0.00257,-0.00191,-0.000717,-0.000593,-0.00174,
2023-07-22 23:00:00,2023-07-22,23,-0.258819045102529,0.965925826289066,203,-0.3427609475597892,-0.9394226593115133,-0.00226,-0.00117,-0.000228,0.000103,-0.00102,
2023-07-22 23:15:00,2023-07-22,23,-0.1950903220160927,0.9807852804032376,203,-0.3429292824576673,-0.9393612229771194,-0.00196,-0.00107,-0.000872,0.000115,-0.000681,
2023-07-22 23:30:00,2023-07-22,23,-0.1305261922199712,0.9914448613738208,203,-0.3430976063437227,-0.93929975647884,-0.00266,-0.0019,-0.00122,-0.000291,-0.00165,
2023-07-22 23:45:00,2023-07-22,23,-0.0654031292302444,0.9978589232385968,203,-0.343265919212549,-0.9392382598186488,-0.00244,-0.00184,-0.0011799999999999,-0.000508,-0.00156,
2023-07-23 00:00:00,2023-07-23,0,-5.682608740298355e-14,1.0,204,-0.3434342210587434,-0.9391767329985204,-0.00188,-0.00139,-0.00102,-0.000562,-0.0015,
2023-07-23 00:15:00,2023-07-23,0,0.065403129230131,0.9978589232386044,204,-0.3436025118769001,-0.9391151760204308,-0.0027,-0.00214,-0.00071,-0.000489,-0.00124,
2023-07-23 00:30:00,2023-07-23,0,0.1305261922198586,0.9914448613738358,204,-0.3437707916616155,-0.9390535888863564,-0.00181,-0.00139,-0.000751,-0.000413,-0.00093,
2023-07-23 00:45:00,2023-07-23,0,0.1950903220159812,0.9807852804032596,204,-0.3439390604074865,-0.9389919715982749,-0.000993,-0.00077,-0.00137,-0.000872,-0.00176,
2023-07-23 01:00:00,2023-07-23,1,0.2588190451024192,0.9659258262890956,204,-0.344107318109109,-0.9389303241581648,-0.00356,-0.00296,-0.0014299999999999,-0.00115,-0.00214,
2023-07-23 01:15:00,2023-07-23,1,0.3214394653031044,0.946930129495125,204,-0.3442755647610808,-0.9388686465680056,-0.00433,-0.004,-0.00214,-0.00208,-0.00306,
2023-07-23 01:30:00,2023-07-23,1,0.3826834323650754,0.9238795325112928,204,-0.344443800357998,-0.9388069388297786,-0.00436,-0.00363,-0.000838,-0.000937,-0.00162,
2023-07-23 01:45:00,2023-07-23,1,0.4422886902190275,0.8968727415326754,204,-0.3446120248944602,-0.9387452009454642,-0.00359,-0.00267,-0.000672,-0.000149,-0.0011899999999999,
2023-07-23 02:00:00,2023-07-23,2,0.5000000000000641,0.8660254037844016,204,-0.3447802383650643,-0.9386834329170456,-0.00271,-0.00198,-0.000958,-0.000466,-0.00134,
2023-07-23 02:15:00,2023-07-23,2,0.5555702330195119,0.8314696123026055,204,-0.344948440764409,-0.9386216347465058,-0.0025,-0.00199,-0.00145,-0.000944,-0.00228,
2023-07-23 02:30:00,2023-07-23,2,0.60876142900867,0.793353340291274,204,-0.3451166320870937,-0.9385598064358294,-0.00315,-0.00275,-0.0011799999999999,-0.00125,-0.00138,
2023-07-23 02:45:00,2023-07-23,2,0.6593458151000545,0.7518398074789899,204,-0.3452848123277168,-0.938497947987002,-0.00307,-0.00278,-0.0016799999999999,-0.0016699999999999,-0.00274,
2023-07-23 03:00:00,2023-07-23,3,0.7071067811865658,0.7071067811865294,204,-0.3454529814808786,-0.9384360594020094,-0.0029,-0.00254,-0.00158,-0.00141,-0.00263,
2023-07-23 03:15:00,2023-07-23,3,0.751839807478874,0.6593458151001867,204,-0.3456211395411778,-0.9383741406828396,-0.00282,-0.00252,-0.00121,-0.00135,-0.00231,
2023-07-23 03:30:00,2023-07-23,3,0.7933533402911669,0.6087614290088096,204,-0.3457892865032163,-0.9383121918314802,-0.00423,-0.0037099999999999,-0.000689,-0.001,-0.00184,
2023-07-23 03:45:00,2023-07-23,3,0.8314696123025078,0.5555702330196581,204,-0.3459574223615936,-0.9382502128499208,-0.00333,-0.00296,-0.000717,-0.00101,-0.00165,
2023-07-23 04:00:00,2023-07-23,4,0.8660254037844274,0.5000000000000195,204,-0.3461255471109109,-0.9381882037401518,0.000178,0.000564,0.00103,0.00125,0.0003,
2023-07-23 04:15:00,2023-07-23,4,0.8968727415326981,0.4422886902189813,204,-0.3462936607457701,-0.938126164504164,0.00555,0.00573,0.0062699999999999,0.00603,0.00552,
2023-07-23 04:30:00,2023-07-23,4,0.9238795325113124,0.3826834323650278,204,-0.346461763260772,-0.9380640951439496,0.0175,0.0175,0.0163999999999999,0.0154,0.0161,
2023-07-23 04:45:00,2023-07-23,4,0.9469301294950684,0.321439465303271,204,-0.3466298546505191,-0.9380019956615018,0.0293,0.0291,0.027,0.0248,0.0265,
2023-07-23 05:00:00,2023-07-23,5,0.96592582628905,0.2588190451025891,204,-0.3467979349096137,-0.9379398660588149,0.0416,0.0417,0.0389,0.036,0.0387999999999999,
2023-07-23 05:15:00,2023-07-23,5,0.9807852804032252,0.1950903220161537,204,-0.3469660040326591,-0.9378777063378833,0.0514,0.122,0.0525,0.0506,0.0496,
2023-07-23 05:30:00,2023-07-23,5,0.9914448613738128,0.1305261922200329,204,-0.3471340620142576,-0.9378155165007036,0.0605,0.165,0.0742999999999999,0.062,0.0598,
2023-07-23 05:45:00,2023-07-23,5,0.9978589232385928,0.0654031292303065,204,-0.3473021088490131,-0.9377532965492728,0.0732,0.211,0.111,0.0717,0.0989,
2023-07-23 06:00:00,2023-07-23,6,1.0,1.190598091219497e-13,204,-0.3474701445315297,-0.9376910464855884,0.0772,0.249,0.147,0.0742999999999999,0.168,
2023-07-23 06:15:00,2023-07-23,6,0.9978589232386084,-0.0654031292300689,204,-0.3476381690564109,-0.9376287663116496,0.0852,0.291,0.188,0.101,0.214,
2023-07-23 06:30:00,2023-07-23,6,0.9914448613738144,-0.1305261922200223,204,-0.3478061824182616,-0.9375664560294564,0.0907,0.34,0.236,0.143,0.267,
2023-07-23 06:45:00,2023-07-23,6,0.9807852804032274,-0.1950903220161432,204,-0.3479741846116868,-0.9375041156410095,0.0955,0.393,0.294,0.191,0.317,
2023-07-23 07:00:00,2023-07-23,7,0.9659258262890528,-0.2588190451025787,204,-0.3481421756312921,-0.9374417451483108,0.105,0.439,0.347,0.237,0.365,
2023-07-23 07:15:00,2023-07-23,7,0.9469301294951452,-0.3214394653030455,204,-0.348310155471682,-0.9373793445533632,0.115,0.481,0.404,0.286,0.418,
2023-07-23 07:30:00,2023-07-23,7,0.9238795325113164,-0.3826834323650179,204,-0.348478124127464,-0.9373169138581698,0.115,0.523,0.454,0.331,0.473,
2023-07-23 07:45:00,2023-07-23,7,0.8968727415327029,-0.4422886902189717,204,-0.3486460815932437,-0.937254453064736,0.125,0.565,0.506,0.381,0.526,
2023-07-23 08:00:00,2023-07-23,8,0.8660254037844327,-0.5000000000000102,204,-0.3488140278636273,-0.9371919621750672,0.133,0.607,0.556,0.429,0.576,
2023-07-23 08:15:00,2023-07-23,8,0.8314696123026402,-0.5555702330194602,204,-0.3489819629332225,-0.93712944119117,0.139,0.646,0.604,0.479,0.624,
2023-07-23 08:30:00,2023-07-23,8,0.7933533402913119,-0.6087614290086206,204,-0.3491498867966365,-0.9370668901150524,0.192,0.612,0.595,0.488,0.617,
2023-07-23 08:45:00,2023-07-23,8,0.751839807479031,-0.6593458151000078,204,-0.3493177994484777,-0.9370043089487226,0.153,0.728,0.7,0.576,0.732,
2023-07-23 09:00:00,2023-07-23,9,0.7071067811865733,-0.7071067811865217,204,-0.3494857008833528,-0.9369416976941904,0.187,0.738,0.725,0.61,0.762,
2023-07-23 09:15:00,2023-07-23,9,0.6593458151000626,-0.7518398074789828,204,-0.3496535910958721,-0.936879056353466,0.206,0.807,0.808,0.688,0.839,
2023-07-23 09:30:00,2023-07-23,9,0.6087614290086786,-0.7933533402912675,204,-0.3498214700806435,-0.9368163849285608,0.162,0.159,0.161,0.144,0.161,
2023-07-23 09:45:00,2023-07-23,9,0.5555702330195209,-0.8314696123025996,204,-0.3499893378322761,-0.9367536834214878,0.381,0.685,0.683,0.592,0.71,
2023-07-23 10:00:00,2023-07-23,10,0.5000000000000734,-0.8660254037843963,204,-0.3501571943453796,-0.93669095183426,0.283,0.735,0.735,0.648,0.773,
2023-07-23 10:15:00,2023-07-23,10,0.4422886902190371,-0.8968727415326706,204,-0.350325039614564,-0.936628190168892,0.367,0.783,0.757,0.677,0.814,
2023-07-23 10:30:00,2023-07-23,10,0.3826834323650853,-0.9238795325112886,204,-0.3504928736344402,-0.9365653984273988,0.352,0.438,0.431,0.39,0.456,
2023-07-23 10:45:00,2023-07-23,10,0.3214394653033299,-0.9469301294950484,204,-0.3506606963996175,-0.9365025766117973,0.365,0.455,0.411,0.365,0.44,
2023-07-23 11:00:00,2023-07-23,11,0.2588190451026492,-0.965925826289034,204,-0.3508285079047086,-0.936439724724104,0.276,0.284,0.265,0.24,0.276,
2023-07-23 11:15:00,2023-07-23,11,0.1950903220162148,-0.9807852804032132,204,-0.350996308144324,-0.9363768427663376,0.336,1.01,0.937,0.861,1.02,
2023-07-23 11:30:00,2023-07-23,11,0.1305261922200947,-0.9914448613738048,204,-0.3511640971130748,-0.9363139307405176,0.337,0.682,0.701,0.643,0.743,
2023-07-23 11:45:00,2023-07-23,11,0.0654031292301417,-0.9978589232386036,204,-0.3513318748055746,-0.9362509886486636,0.207,0.896,0.906,0.822,0.949,
2023-07-23 12:00:00,2023-07-23,12,-4.6080144602316257e-14,-1.0,204,-0.3514996412164348,-0.936188016492797,0.206,0.887,0.901,0.815,0.938,
2023-07-23 12:15:00,2023-07-23,12,-0.0654031292302337,-0.9978589232385976,204,-0.3516673963402689,-0.9361250142749398,0.203,0.874,0.886,0.803,0.931,
2023-07-23 12:30:00,2023-07-23,12,-0.1305261922199606,-0.9914448613738224,204,-0.351835140171689,-0.9360619819971154,0.205,0.859,0.865,0.787,0.915,
2023-07-23 12:45:00,2023-07-23,12,-0.1950903220160822,-0.9807852804032396,204,-0.3520028727053102,-0.9359989196613472,0.209,0.847,0.85,0.772,0.901,
2023-07-23 13:00:00,2023-07-23,13,-0.2588190451025186,-0.9659258262890688,204,-0.3521705939357457,-0.9359358272696606,0.208,0.819,0.82,0.741,0.867,
2023-07-23 13:15:00,2023-07-23,13,-0.3214394653029866,-0.9469301294951652,204,-0.352338303857609,-0.935872704824082,0.202,0.801,0.799,0.717,0.841,
2023-07-23 13:30:00,2023-07-23,13,-0.3826834323649604,-0.9238795325113404,204,-0.3525060024655163,-0.9358095523266372,0.202,0.781,0.773,0.691,0.812,
2023-07-23 13:45:00,2023-07-23,13,-0.4422886902189158,-0.8968727415327304,204,-0.3526736897540815,-0.9357463697793552,0.196,0.762,0.746,0.669,0.781,
2023-07-23 14:00:00,2023-07-23,14,-0.4999999999999563,-0.8660254037844639,204,-0.3528413657179206,-0.9356831571842644,0.189,0.735,0.709,0.64,0.744,
2023-07-23 14:15:00,2023-07-23,14,-0.5555702330195975,-0.8314696123025483,204,-0.3530090303516483,-0.9356199145433944,0.184,0.701,0.663,0.606,0.699,
2023-07-23 14:30:00,2023-07-23,14,-0.6087614290087516,-0.7933533402912114,204,-0.3531766836498823,-0.9355566418587764,0.178,0.667,0.616,0.57,0.656,
2023-07-23 14:45:00,2023-07-23,14,-0.6593458151001319,-0.7518398074789221,204,-0.3533443256072384,-0.935493339132442,0.175,0.629,0.566,0.527,0.61,
2023-07-23 15:00:00,2023-07-23,15,-0.7071067811864777,-0.7071067811866173,204,-0.3535119562183323,-0.935430006366424,0.168,0.593,0.521,0.487,0.569,
2023-07-23 15:15:00,2023-07-23,15,-0.7518398074789419,-0.6593458151001095,204,-0.3536795754777831,-0.9353666435627556,0.166,0.544,0.47,0.438,0.517,
2023-07-23 15:30:00,2023-07-23,15,-0.7933533402912296,-0.6087614290087279,204,-0.353847183380207,-0.935303250723472,0.163,0.503,0.418,0.388,0.46,
2023-07-23 15:45:00,2023-07-23,15,-0.8314696123024387,-0.5555702330197617,204,-0.3540147799202225,-0.9352398278506088,0.159,0.458,0.365,0.338,0.401,
2023-07-23 16:00:00,2023-07-23,16,-0.8660254037843651,-0.5000000000001273,204,-0.3541823650924477,-0.9351763749462024,0.153,0.415,0.315,0.291,0.346,
2023-07-23 16:15:00,2023-07-23,16,-0.8968727415326431,-0.4422886902190929,204,-0.3543499388915018,-0.93511289201229,0.147,0.368,0.263,0.242,0.295,
2023-07-23 16:30:00,2023-07-23,16,-0.9238795325112648,-0.3826834323651428,204,-0.3545175013120034,-0.9350493790509108,0.14,0.316,0.215,0.198,0.245,
2023-07-23 16:45:00,2023-07-23,16,-0.9469301294951016,-0.3214394653031736,204,-0.354685052348571,-0.934985836064104,0.133,0.266,0.169,0.157,0.197,
2023-07-23 17:00:00,2023-07-23,17,-0.9659258262890766,-0.2588190451024897,204,-0.3548525919958262,-0.9349222630539096,0.121,0.22,0.13,0.121,0.153,
2023-07-23 17:15:00,2023-07-23,17,-0.9807852804032454,-0.1950903220160528,204,-0.3550201202483877,-0.9348586600223696,0.108,0.175,0.0964,0.0887,0.115,
2023-07-23 17:30:00,2023-07-23,17,-0.9914448613737966,-0.1305261922201564,204,-0.3551876371008763,-0.934795026971526,0.0934,0.135,0.0764,0.0716,0.0838,
2023-07-23 17:45:00,2023-07-23,17,-0.9978589232385996,-0.0654031292302038,204,-0.3553551425479132,-0.9347313639034224,0.0752999999999999,0.0974,0.0601,0.0565,0.0625,
2023-07-23 18:00:00,2023-07-23,18,-1.0,-1.6153577116649883e-14,204,-0.3555226365841198,-0.9346676708201028,0.06,0.0687,0.0486,0.0456,0.0504,
2023-07-23 18:15:00,2023-07-23,18,-0.9978589232386164,0.0654031292299447,204,-0.3556901192041168,-0.9346039477236124,0.0397,0.0392999999999999,0.0306999999999999,0.0287,0.0311,
2023-07-23 18:30:00,2023-07-23,18,-0.9914448613738304,0.1305261922198989,204,-0.3558575904025268,-0.934540194615998,0.0124,0.0121999999999999,0.0112,0.0101,0.0106,
2023-07-23 18:45:00,2023-07-23,18,-0.9807852804032516,0.1950903220160211,204,-0.3560250501739724,-0.934476411499306,0.00122,0.0014399999999999,0.00235,0.002,0.0013,
2023-07-23 19:00:00,2023-07-23,19,-0.965925826289085,0.2588190451024585,204,-0.3561924985130754,-0.9344125983755852,-0.00224,-0.0019299999999999,-0.000479,-0.000677,-0.00159,
2023-07-23 19:15:00,2023-07-23,19,-0.946930129495112,0.321439465303143,204,-0.3563599354144594,-0.9343487552468844,-0.00283,-0.00246,-0.000827,-0.000837,-0.00186,
2023-07-23 19:30:00,2023-07-23,19,-0.9238795325112772,0.382683432365113,204,-0.3565273608727477,-0.9342848821152536,-0.00221,-0.00176,-0.000527,-0.000428,-0.00133,
2023-07-23 19:45:00,2023-07-23,19,-0.8968727415326574,0.442288690219064,204,-0.3566947748825647,-0.934220978982744,-0.0022,-0.0019199999999999,-0.000686,-0.000424,-0.00132,
2023-07-23 20:00:00,2023-07-23,20,-0.866025403784495,0.4999999999999024,204,-0.3568621774385335,-0.9341570458514076,-0.0023,-0.00185,-0.00104,-0.000577,-0.0018,
2023-07-23 20:15:00,2023-07-23,20,-0.831469612302583,0.5555702330195458,204,-0.3570295685352791,-0.9340930827232972,-0.00216,-0.00191,-0.000703,-0.000554,-0.0014399999999999,
2023-07-23 20:30:00,2023-07-23,20,-0.7933533402912493,0.6087614290087023,204,-0.357196948167427,-0.9340290896004666,-0.0014299999999999,-0.00125,-0.000362,-0.000344,-0.000428,
2023-07-23 20:45:00,2023-07-23,20,-0.7518398074789632,0.6593458151000852,204,-0.3573643163296013,-0.9339650664849712,-0.00159,-0.00129,-0.000745,-0.000524,-0.00114,
2023-07-23 21:00:00,2023-07-23,21,-0.7071067811866614,0.7071067811864337,204,-0.3575316730164283,-0.9339010133788664,-0.00185,-0.0015,-0.000758,-0.000585,-0.00116,
2023-07-23 21:15:00,2023-07-23,21,-0.6593458151001562,0.7518398074789008,204,-0.357699018222534,-0.9338369302842092,-0.00175,-0.00147,-0.000665,-0.000478,-0.00112,
2023-07-23 21:30:00,2023-07-23,21,-0.6087614290087773,0.7933533402911916,204,-0.357866351942545,-0.9337728172030574,-0.00153,-0.00117,-0.000714,-0.000436,-0.00113,
2023-07-23 21:45:00,2023-07-23,21,-0.5555702330196244,0.8314696123025305,204,-0.3580336741710875,-0.9337086741374696,-0.00127,-0.000833,-0.000496,-8.03e-05,-0.000484,
2023-07-23 22:00:00,2023-07-23,22,-0.4999999999999843,0.8660254037844477,204,-0.3582009849027887,-0.9336445010895058,-0.00117,-0.00084,-0.000331,5.73e-05,-0.000381,
2023-07-23 22:15:00,2023-07-23,22,-0.4422886902189448,0.8968727415327161,204,-0.3583682841322766,-0.933580298061226,-0.000257,0.000378,0.000464,0.00122,0.00109,
2023-07-23 22:30:00,2023-07-23,22,-0.3826834323652003,0.923879532511241,204,-0.3585355718541779,-0.9335160650546928,-0.000182,-3.55e-06,0.000676,0.00125,0.00116,
2023-07-23 22:45:00,2023-07-23,22,-0.3214394653032325,0.9469301294950816,204,-0.3587028480631224,-0.933451802071968,-0.00199,-0.00232,-0.000703,-0.000302,-0.00146,
2023-07-23 23:00:00,2023-07-23,23,-0.2588190451025499,0.9659258262890604,204,-0.3588701127537374,-0.9333875091151156,-0.0011,-0.000532,-0.000196,-0.000161,0.00204,
2023-07-23 23:15:00,2023-07-23,23,-0.1950903220161139,0.9807852804032332,204,-0.3590373659206528,-0.9333231861861996,-0.00258,-0.00229,-0.0011,-0.00102,-0.00131,
2023-07-23 23:30:00,2023-07-23,23,-0.1305261922202181,0.9914448613737884,204,-0.3592046075584969,-0.933258833287286,-0.00146,-0.00113,-0.000665,-0.000512,-6e-05,
2023-07-23 23:45:00,2023-07-23,23,-0.0654031292302659,0.9978589232385956,204,-0.3593718376619,-0.933194450420441,-0.0048899999999999,-0.0045899999999999,-0.00267,-0.00289,-0.00417,
2023-07-24 00:00:00,2023-07-24,0,-7.838729883561601e-14,1.0,205,-0.3595390562254925,-0.933130037587732,-0.00408,-0.00378,-0.0016,-0.0019199999999999,-0.00257,
2023-07-24 00:15:00,2023-07-24,0,0.0654031292301095,0.9978589232386056,205,-0.3597062632439036,-0.9330655947912276,-0.00312,-0.00302,-0.000986,-0.00133,-0.00117,
2023-07-24 00:30:00,2023-07-24,0,0.1305261922200626,0.9914448613738088,205,-0.3598734587117657,-0.9330011220329968,-0.00138,-0.00112,-0.000679,-0.000451,-0.000591,
2023-07-24 00:45:00,2023-07-24,0,0.1950903220161831,0.9807852804032196,205,-0.3600406426237089,-0.9329366193151102,-0.0014299999999999,-0.000801,-0.000489,0.000122,-0.00066,
2023-07-24 01:00:00,2023-07-24,1,0.258819045102618,0.9659258262890422,205,-0.3602078149743654,-0.9328720866396386,-0.00191,-0.00155,-0.000421,-0.000279,-0.000917,
2023-07-24 01:15:00,2023-07-24,1,0.321439465303084,0.946930129495132,205,-0.3603749757583663,-0.9328075240086546,-0.00129,-0.000929,-0.000334,-0.000153,-0.000981,
2023-07-24 01:30:00,2023-07-24,1,0.3826834323650555,0.923879532511301,205,-0.3605421249703444,-0.9327429314242316,-0.000662,-0.000358,-0.000228,-3.82e-05,0.00018,
2023-07-24 01:45:00,2023-07-24,1,0.4422886902190082,0.8968727415326849,205,-0.3607092626049328,-0.9326783088884428,-0.00183,-0.0016699999999999,-0.000669,-0.000768,-0.000287,
2023-07-24 02:00:00,2023-07-24,2,0.4999999999998485,0.8660254037845261,205,-0.3608763886567632,-0.9326136564033644,-0.00285,-0.00239,-0.0013,-0.0014,-0.0018,
2023-07-24 02:15:00,2023-07-24,2,0.555570233019494,0.8314696123026175,205,-0.3610435031204706,-0.9325489739710716,-0.00133,-0.00111,-6.890000000000001e-05,0.000203,3.43e-05,
2023-07-24 02:30:00,2023-07-24,2,0.6087614290086529,0.7933533402912871,205,-0.3612106059906877,-0.9324842615936422,-0.00237,-0.00186,-0.000745,-0.000359,-0.00121,
2023-07-24 02:45:00,2023-07-24,2,0.6593458151000383,0.7518398074790041,205,-0.361377697262049,-0.9324195192731536,-0.00292,-0.00256,-0.0011,-0.000738,-0.0018,
2023-07-24 03:00:00,2023-07-24,3,0.7071067811865505,0.7071067811865446,205,-0.3615447769291894,-0.9323547470116847,-0.00299,-0.00281,-0.00082,-0.000692,-0.000994,
2023-07-24 03:15:00,2023-07-24,3,0.7518398074790097,0.6593458151000321,205,-0.361711844986743,-0.932289944811316,-0.00346,-0.00328,-0.000669,-0.000906,-0.000223,
2023-07-24 03:30:00,2023-07-24,3,0.7933533402912922,0.6087614290086463,205,-0.3618789014293458,-0.9322251126741276,-0.0028399999999999,-0.0025499999999999,-0.000193,-0.000501,-0.00102,
2023-07-24 03:45:00,2023-07-24,3,0.8314696123024958,0.5555702330196761,205,-0.3620459462516324,-0.932160250602202,-0.0011,-0.000521,-0.000669,-0.000241,-0.00087,
2023-07-24 04:00:00,2023-07-24,4,0.8660254037844166,0.5000000000000382,205,-0.3622129794482404,-0.9320953585976216,-0.000583,-0.000493,0.000238,-9.17e-05,0.00129,
2023-07-24 04:15:00,2023-07-24,4,0.8968727415326886,0.4422886902190006,205,-0.3623800010138048,-0.9320304366624702,0.00158,0.00173,0.0030499999999999,0.00235,0.00365,
2023-07-24 04:30:00,2023-07-24,4,0.9238795325112172,0.3826834323652578,205,-0.3625470109429629,-0.9319654847988328,0.0113,0.0116999999999999,0.0106,0.00941,0.0112,
2023-07-24 04:45:00,2023-07-24,4,0.9469301294950616,0.3214394653032914,205,-0.3627140092303522,-0.9319005030087943,0.0305,0.0304,0.0278,0.0247,0.0285,
2023-07-24 05:00:00,2023-07-24,5,0.9659258262890444,0.2588190451026099,205,-0.3628809958706093,-0.9318354912944424,0.0513,0.051,0.0386,0.0322999999999999,0.0411,
2023-07-24 05:15:00,2023-07-24,5,0.9807852804032212,0.1950903220161749,205,-0.3630479708583727,-0.931770449657864,0.0445,0.0453,0.0373999999999999,0.0335,0.0395,
2023-07-24 05:30:00,2023-07-24,5,0.99144486137381,0.1305261922200543,205,-0.3632149341882806,-0.931705378101148,0.0724,0.0716,0.0652,0.0576,0.0683,
2023-07-24 05:45:00,2023-07-24,5,0.9978589232386064,0.0654031292301011,205,-0.363381885854972,-0.9316402766263834,0.079,0.0784,0.0722,0.064,0.0749,
2023-07-24 06:00:00,2023-07-24,6,1.0,-8.675265488864991e-14,205,-0.363548825853085,-0.9315751452356612,0.149,0.206,0.143,0.101,0.156,
2023-07-24 06:15:00,2023-07-24,6,0.9978589232386098,-0.0654031292300474,205,-0.3637157541772595,-0.9315099839310728,0.183,0.183,0.152,0.129,0.161,
2023-07-24 06:30:00,2023-07-24,6,0.991444861373817,-0.1305261922200009,205,-0.3638826708221356,-0.93144479271471,0.118,0.124,0.111,0.0967,0.115,
2023-07-24 06:45:00,2023-07-24,6,0.9807852804032317,-0.1950903220161221,205,-0.3640495757823527,-0.9313795715886672,0.146,0.146,0.124,0.107,0.131,
2023-07-24 07:00:00,2023-07-24,7,0.9659258262891172,-0.2588190451023383,205,-0.3642164690525516,-0.9313143205550378,0.214,0.275,0.232,0.187,0.243,
2023-07-24 07:15:00,2023-07-24,7,0.946930129495152,-0.3214394653030251,205,-0.3643833506273732,-0.9312490396159177,0.117,0.117,0.0970999999999999,0.0862,0.102,
2023-07-24 07:30:00,2023-07-24,7,0.9238795325113248,-0.382683432364998,205,-0.3645502205014593,-0.9311837287734024,0.273,0.477,0.396,0.308,0.417,
2023-07-24 07:45:00,2023-07-24,7,0.8968727415327125,-0.4422886902189523,205,-0.3647170786694506,-0.9311183880295898,0.232,0.3,0.274,0.227,0.282,
2023-07-24 08:00:00,2023-07-24,8,0.8660254037844436,-0.4999999999999915,205,-0.3648839251259894,-0.931053017386578,0.32,0.431,0.384,0.313,0.399,
2023-07-24 08:15:00,2023-07-24,8,0.8314696123025258,-0.5555702330196313,205,-0.3650507598657188,-0.9309876168464656,0.408,0.479,0.418,0.345,0.438,
2023-07-24 08:30:00,2023-07-24,8,0.7933533402911866,-0.6087614290087839,205,-0.3652175828832804,-0.9309221864113532,0.411,0.53,0.475,0.4,0.501,
2023-07-24 08:45:00,2023-07-24,8,0.7518398074790452,-0.6593458150999916,205,-0.365384394173318,-0.9308567260833416,0.277,0.28,0.286,0.257,0.291,
2023-07-24 09:00:00,2023-07-24,9,0.7071067811865885,-0.7071067811865065,205,-0.365551193730475,-0.930791235864533,0.362,0.451,0.425,0.368,0.443,
2023-07-24 09:15:00,2023-07-24,9,0.6593458151000788,-0.7518398074789686,205,-0.3657179815493958,-0.93072571575703,0.307,0.314,0.267,0.23,0.285,
2023-07-24 09:30:00,2023-07-24,9,0.6087614290088761,-0.7933533402911159,205,-0.3658847576247236,-0.9306601657629368,0.329,0.46,0.433,0.374,0.447,
2023-07-24 09:45:00,2023-07-24,9,0.5555702330197279,-0.8314696123024613,205,-0.3660515219511037,-0.9305945858843584,0.356,0.354,0.323,0.287,0.338,
2023-07-24 10:00:00,2023-07-24,10,0.500000000000092,-0.8660254037843855,205,-0.3662182745231815,-0.9305289761234002,0.31,0.305,0.273,0.241,0.286,
2023-07-24 10:15:00,2023-07-24,10,0.4422886902190565,-0.896872741532661,205,-0.3663850153356015,-0.9304633364821696,0.211,0.21,0.189,0.171,0.195,
2023-07-24 10:30:00,2023-07-24,10,0.3826834323651052,-0.9238795325112804,205,-0.3665517443830099,-0.9303976669627738,0.437,0.522,0.486,0.437,0.519,
2023-07-24 10:45:00,2023-07-24,10,0.321439465303135,-0.9469301294951148,205,-0.3667184616600529,-0.9303319675673218,0.317,0.317,0.3,0.271,0.311,
2023-07-24 11:00:00,2023-07-24,11,0.2588190451024504,-0.9659258262890872,205,-0.3668851671613773,-0.9302662382979232,0.449,0.96,0.89,0.825,0.971,
2023-07-24 11:15:00,2023-07-24,11,0.1950903220162359,-0.980785280403209,205,-0.3670518608816294,-0.9302004791566886,0.406,0.482,0.452,0.406,0.478,
2023-07-24 11:30:00,2023-07-24,11,0.130526192220116,-0.991444861373802,205,-0.3672185428154568,-0.9301346901457296,0.314,0.323,0.346,0.318,0.353,
2023-07-24 11:45:00,2023-07-24,11,0.0654031292301632,-0.997858923238602,205,-0.3673852129575075,-0.9300688712671588,0.242,0.256,0.238,0.208,0.249,
2023-07-24 12:00:00,2023-07-24,12,-2.451893316968377e-14,-1.0,205,-0.3675518713024289,-0.93000302252309,0.338,0.476,0.489,0.447,0.505,
2023-07-24 12:15:00,2023-07-24,12,-0.0654031292299853,-0.9978589232386138,205,-0.3677185178448696,-0.9299371439156372,0.329,0.329,0.333,0.303,0.344,
2023-07-24 12:30:00,2023-07-24,12,-0.1305261922199392,-0.9914448613738251,205,-0.3678851525794786,-0.929871235446916,0.219,0.216,0.185,0.167,0.192,
2023-07-24 12:45:00,2023-07-24,12,-0.195090322016061,-0.980785280403244,205,-0.3680517755009054,-0.9298052971190426,0.413,0.488,0.471,0.426,0.494,
2023-07-24 13:00:00,2023-07-24,13,-0.2588190451024978,-0.9659258262890744,205,-0.3682183866037988,-0.9297393289341348,0.427,0.778,0.748,0.674,0.791,
2023-07-24 13:15:00,2023-07-24,13,-0.3214394653031815,-0.9469301294950988,205,-0.3683849858828091,-0.9296733308943108,0.26,0.258,0.255,0.235,0.262,
2023-07-24 13:30:00,2023-07-24,13,-0.3826834323651505,-0.9238795325112616,205,-0.3685515733325871,-0.9296073030016894,0.355,0.429,0.399,0.356,0.421,
2023-07-24 13:45:00,2023-07-24,13,-0.4422886902188965,-0.89687274153274,205,-0.3687181489477821,-0.9295412452583915,0.147,0.144,0.133,0.122,0.137,
2023-07-24 14:00:00,2023-07-24,14,-0.4999999999999376,-0.8660254037844747,205,-0.368884712723047,-0.9294751576665377,0.183,0.181,0.158,0.139,0.166,
2023-07-24 14:15:00,2023-07-24,14,-0.5555702330195795,-0.8314696123025603,205,-0.369051264653032,-0.9294090402282504,0.254,0.251,0.211,0.189,0.225,
2023-07-24 14:30:00,2023-07-24,14,-0.6087614290087345,-0.7933533402912245,205,-0.3692178047323897,-0.9293428929456528,0.352,0.5,0.456,0.419,0.484,
2023-07-24 14:45:00,2023-07-24,14,-0.6593458150999447,-0.7518398074790862,205,-0.3693843329557715,-0.9292767158208688,0.106,0.103,0.096,0.0853,0.0979,
2023-07-24 15:00:00,2023-07-24,15,-0.7071067811864624,-0.7071067811866326,205,-0.3695508493178305,-0.9292105088560236,0.156,0.154,0.136,0.124,0.141,
2023-07-24 15:15:00,2023-07-24,15,-0.7518398074789276,-0.6593458151001257,205,-0.36971735381322,-0.9291442720532428,0.165,0.162,0.127,0.11,0.136,
2023-07-24 15:30:00,2023-07-24,15,-0.7933533402912164,-0.608761429008745,205,-0.3698838464365922,-0.9290780054146538,0.0696,0.069,0.0557999999999999,0.0495,0.0587,
2023-07-24 15:45:00,2023-07-24,15,-0.831469612302553,-0.5555702330195905,205,-0.3700503271826024,-0.929011708942384,0.09,0.0887,0.0574,0.0477999999999999,0.064,
2023-07-24 16:00:00,2023-07-24,16,-0.866025403784468,-0.499999999999949,205,-0.3702167960459036,-0.9289453826385629,0.0238999999999999,0.0226,0.0163999999999999,0.0143,0.0159,
2023-07-24 16:15:00,2023-07-24,16,-0.8968727415326335,-0.4422886902191122,205,-0.3703832530211506,-0.9288790265053196,0.0276,0.0271,0.0331,0.0316,0.0322,
2023-07-24 16:30:00,2023-07-24,16,-0.9238795325112564,-0.3826834323651628,205,-0.3705496981029988,-0.9288126405447852,0.0373999999999999,0.0368999999999999,0.0327999999999999,0.0289,0.0348,
2023-07-24 16:45:00,2023-07-24,16,-0.9469301294950948,-0.321439465303194,205,-0.3707161312861027,-0.9287462247590916,0.0283999999999999,0.0281,0.0241,0.0212,0.026,
2023-07-24 17:00:00,2023-07-24,17,-0.965925826289071,-0.2588190451025106,205,-0.3708825525651186,-0.928679779150371,0.0152,0.015,0.0132,0.0119,0.0138,
2023-07-24 17:15:00,2023-07-24,17,-0.9807852804031968,-0.195090322016297,205,-0.3710489619347015,-0.9286133037207578,0.0149,0.0149,0.0128,0.0116,0.0148,
2023-07-24 17:30:00,2023-07-24,17,-0.9914448613737938,-0.1305261922201777,205,-0.3712153593895093,-0.928546798472386,0.0335,0.0332,0.0288,0.0257,0.0311,
2023-07-24 17:45:00,2023-07-24,17,-0.9978589232385982,-0.0654031292302253,205,-0.3713817449241976,-0.928480263407391,0.0685,0.0675,0.0461,0.0397999999999999,0.0519,
2023-07-24 18:00:00,2023-07-24,18,-1.0,-3.7714788549282366e-14,205,-0.371548118533424,-0.92841369852791,0.017,0.0169,0.0134,0.0113,0.0141,
2023-07-24 18:15:00,2023-07-24,18,-0.997858923238603,0.0654031292301501,205,-0.3717144802118466,-0.9283471038360795,0.0035,0.00318,0.00378,0.00254,0.00176,
2023-07-24 18:30:00,2023-07-24,18,-0.9914448613738036,0.1305261922201029,205,-0.3718808299541223,-0.9282804793340388,-0.000459,-0.000599,0.000538,-0.000214,-0.00137,
2023-07-24 18:45:00,2023-07-24,18,-0.9807852804032116,0.195090322016223,205,-0.3720471677549105,-0.928213825023927,-0.00148,-0.00133,-0.000624,-0.00103,-0.00159,
2023-07-24 19:00:00,2023-07-24,19,-0.9659258262890904,0.2588190451024377,205,-0.3722134936088686,-0.9281471409078846,-0.00134,-0.00117,-0.000248,-0.000604,-0.000921,
2023-07-24 19:15:00,2023-07-24,19,-0.9469301294951188,0.3214394653031225,205,-0.3723798075106572,-0.9280804269880524,-0.0014399999999999,-0.00124,-0.00041,-0.00047,-0.000351,
2023-07-24 19:30:00,2023-07-24,19,-0.9238795325112854,0.382683432365093,205,-0.3725461094549347,-0.9280136832665732,-0.00124,-0.00112,-0.000396,-0.000428,-0.000257,
2023-07-24 19:45:00,2023-07-24,19,-0.8968727415327675,0.4422886902188407,205,-0.3727123994363613,-0.92794690974559,-0.000806,-0.000606,-0.000324,-0.000363,0.000253,
2023-07-24 20:00:00,2023-07-24,20,-0.8660254037845058,0.4999999999998837,205,-0.3728786774495978,-0.9278801064272468,-0.0025499999999999,-0.00243,-0.000672,-0.00094,-0.00105,
2023-07-24 20:15:00,2023-07-24,20,-0.831469612302595,0.5555702330195278,205,-0.3730449434893039,-0.9278132733136888,-0.0019,-0.00163,-0.000824,-0.00078,-0.00123,
2023-07-24 20:30:00,2023-07-24,20,-0.7933533402912624,0.6087614290086851,205,-0.373211197550141,-0.9277464104070624,-0.00125,-0.000954,-0.0006,-0.000394,-0.00103,
2023-07-24 20:45:00,2023-07-24,20,-0.7518398074789774,0.659345815100069,205,-0.3733774396267706,-0.9276795177095144,-0.000174,4.96e-05,-0.000596,-0.000218,-0.00087,
2023-07-24 21:00:00,2023-07-24,21,-0.7071067811865158,0.7071067811865792,205,-0.3735436697138549,-0.9276125952231924,-0.0015,-0.00128,-0.000838,-0.000845,-0.00151,
2023-07-24 21:15:00,2023-07-24,21,-0.6593458151000015,0.7518398074790364,205,-0.3737098878060552,-0.9275456429502462,-0.000265,-0.00017,-0.000376,-0.000195,-0.000287,
2023-07-24 21:30:00,2023-07-24,21,-0.6087614290087944,0.7933533402911785,205,-0.3738760938980344,-0.9274786608928252,-0.00031,-0.000238,-0.000941,-0.000638,-0.00146,
2023-07-24 21:45:00,2023-07-24,21,-0.5555702330196423,0.8314696123025185,205,-0.374042287984456,-0.92741164905308,-0.00122,-3.55e-06,-0.000827,-0.000298,-0.000274,
2023-07-24 22:00:00,2023-07-24,22,-0.500000000000003,0.8660254037844369,205,-0.3742084700599825,-0.927344607433163,-0.0014,-0.00125,-0.000555,-0.00042,-0.000497,
2023-07-24 22:15:00,2023-07-24,22,-0.4422886902191681,0.896872741532606,205,-0.3743746401192779,-0.9272775360352268,-0.000616,-0.00061,-0.000458,-0.000325,-0.000531,
2023-07-24 22:30:00,2023-07-24,22,-0.3826834323652202,0.9238795325112328,205,-0.3745407981570064,-0.9272104348614248,-0.000637,-0.000539,-0.000486,-0.000287,-0.000249,
2023-07-24 22:45:00,2023-07-24,22,-0.3214394653032529,0.9469301294950748,205,-0.3747069441678329,-0.927143303913912,-0.000339,-0.00034,-0.000327,-0.000153,-0.000189,
2023-07-24 23:00:00,2023-07-24,23,-0.2588190451025707,0.9659258262890548,205,-0.3748730781464215,-0.927076143194844,-0.001,-0.00078,-1.38e-05,0.000161,0.000326,
2023-07-24 23:15:00,2023-07-24,23,-0.195090322016135,0.9807852804032292,205,-0.3750392000874377,-0.9270089527063776,-0.000658,-0.000379,8.620000000000001e-05,0.000287,0.0014299999999999,
2023-07-24 23:30:00,2023-07-24,23,-0.130526192220014,0.9914448613738154,205,-0.3752053099855477,-0.9269417324506698,-0.00164,-0.00165,-0.000627,-0.000589,-0.00152,
2023-07-24 23:45:00,2023-07-24,23,-0.0654031292300606,0.9978589232386088,205,-0.3753714078354168,-0.9268744824298796,-0.000848,-0.000567,-0.000458,-0.000168,-0.00042,
2023-07-25 00:00:00,2023-07-25,0,-9.99485102682485e-14,1.0,206,-0.3755374936317115,-0.9268072026461665,-0.00141,-0.00124,-0.0007,-0.000707,-0.00123,
2023-07-25 00:15:00,2023-07-25,0,0.065403129230088,0.9978589232386073,206,-0.375703567369099,-0.9267398931016906,-0.00117,-0.000979,-0.000486,-0.000352,-0.000634,
2023-07-25 00:30:00,2023-07-25,0,0.1305261922200412,0.9914448613738116,206,-0.3758696290422467,-0.9266725537986134,-0.00115,-0.00101,-0.000696,-0.000646,-0.0011,
2023-07-25 00:45:00,2023-07-25,0,0.1950903220159389,0.980785280403268,206,-0.3760356786458209,-0.9266051847390976,-0.0011899999999999,-0.00104,-0.000531,-0.0006,-0.000934,
2023-07-25 01:00:00,2023-07-25,1,0.2588190451023776,0.9659258262891066,206,-0.3762017161744914,-0.9265377859253056,-0.00115,-0.000993,-0.000514,-0.000524,-0.000703,
2023-07-25 01:15:00,2023-07-25,1,0.3214394653030636,0.9469301294951388,206,-0.3763677416229256,-0.9264703573594024,-0.000802,-0.000755,-0.000231,-0.000271,-0.000587,
2023-07-25 01:30:00,2023-07-25,1,0.3826834323650355,0.9238795325113092,206,-0.3765337549857918,-0.9264028990435532,-0.0016699999999999,-0.00171,-0.000979,-0.00099,-0.00159,
2023-07-25 01:45:00,2023-07-25,1,0.4422886902189888,0.8968727415326945,206,-0.3766997562577597,-0.926335410979924,-0.00172,-0.00145,-0.000876,-0.000864,-0.00141,
2023-07-25 02:00:00,2023-07-25,2,0.5000000000000268,0.8660254037844232,206,-0.3768657454334987,-0.9262678931706816,-0.00128,-0.000979,-0.000607,-0.00047,-0.000741,
2023-07-25 02:15:00,2023-07-25,2,0.5555702330196651,0.8314696123025032,206,-0.3770317225076792,-0.9262003456179944,-0.00129,-0.000968,-0.000393,-0.000252,-0.000544,
2023-07-25 02:30:00,2023-07-25,2,0.6087614290086358,0.7933533402913002,206,-0.3771976874749702,-0.9261327683240318,-0.000902,-0.00039,0.000103,0.000275,0.000163,
2023-07-25 02:45:00,2023-07-25,2,0.6593458151000221,0.7518398074790184,206,-0.377363640330044,-0.926065161290963,-0.000405,-1.48e-20,0.000296,0.000902,0.000506,
2023-07-25 03:00:00,2023-07-25,3,0.7071067811865352,0.7071067811865598,206,-0.377529581067571,-0.9259975245209592,-0.0032,-0.00241,-0.00299,-0.00263,-0.00272,
2023-07-25 03:15:00,2023-07-25,3,0.7518398074788455,0.6593458151002192,206,-0.3776955096822217,-0.9259298580161928,-0.00387,-0.00433,-0.00224,-0.00341,-0.00278,
2023-07-25 03:30:00,2023-07-25,3,0.7933533402911407,0.6087614290088438,206,-0.3778614261686697,-0.9258621617788356,-0.00141,-0.00132,-0.000769,-0.000929,-0.0013,
2023-07-25 03:45:00,2023-07-25,3,0.8314696123024838,0.555570233019694,206,-0.378027330521586,-0.9257944358110626,-0.0013,-0.00153,-0.00123,-0.000493,-0.00135,
2023-07-25 04:00:00,2023-07-25,4,0.8660254037844058,0.5000000000000568,206,-0.378193222735644,-0.9257266801150476,-0.000906,-0.000624,-0.000296,-0.000172,-0.000733,
2023-07-25 04:15:00,2023-07-25,4,0.896872741532679,0.44228869021902,206,-0.3783591028055155,-0.925658894692967,0.000327,0.000266,-0.000779,-0.000703,-0.00158,
2023-07-25 04:30:00,2023-07-25,4,0.923879532511296,0.3826834323650677,206,-0.3785249707258756,-0.9255910795469968,0.0055899999999999,0.00596,0.0042,0.00391,0.00457,
2023-07-25 04:45:00,2023-07-25,4,0.9469301294951278,0.3214394653030965,206,-0.3786908264913972,-0.9255232346793152,0.0127,0.0125,0.0128,0.012,0.0130999999999999,
2023-07-25 05:00:00,2023-07-25,5,0.9659258262890388,0.2588190451026308,206,-0.3788566700967538,-0.9254553600921004,0.00887,0.00885,0.00631,0.00573,0.00664,
2023-07-25 05:15:00,2023-07-25,5,0.980785280403217,0.195090322016196,206,-0.3790225015366216,-0.925387455787532,0.026,0.026,0.0261,0.0247,0.0259,
2023-07-25 05:30:00,2023-07-25,5,0.9914448613738072,0.1305261922200757,206,-0.3791883208056743,-0.9253195217677908,0.0909,0.0930999999999999,0.067,0.0578,0.0715,
2023-07-25 05:45:00,2023-07-25,5,0.9978589232386048,0.0654031292301226,206,-0.3793541278985881,-0.9252515580350577,0.0958,0.0978,0.0775,0.0658,0.0808,
2023-07-25 06:00:00,2023-07-25,6,1.0,1.6218223198721465e-13,206,-0.3795199228100375,-0.9251835645915156,0.133,0.191,0.129,0.0891,0.14,
2023-07-25 06:15:00,2023-07-25,6,0.9978589232386113,-0.0654031292300259,206,-0.3796857055347002,-0.9251155414393474,0.145,0.241,0.172,0.114,0.185,
2023-07-25 06:30:00,2023-07-25,6,0.99144486137382,-0.1305261922199795,206,-0.3798514760672523,-0.9250474885807376,0.135,0.314,0.231,0.15,0.248,
2023-07-25 06:45:00,2023-07-25,6,0.980785280403236,-0.1950903220161009,206,-0.3800172344023694,-0.9249794060178717,0.131,0.367,0.284,0.191,0.299,
2023-07-25 07:00:00,2023-07-25,7,0.965925826289064,-0.2588190451025371,206,-0.3801829805347309,-0.9249112937529352,0.127,0.417,0.34,0.237,0.353,
2023-07-25 07:15:00,2023-07-25,7,0.9469301294950858,-0.32143946530322,206,-0.380348714459013,-0.924843151788116,0.124,0.459,0.394,0.283,0.403,
2023-07-25 07:30:00,2023-07-25,7,0.923879532511333,-0.3826834323649781,206,-0.3805144361698944,-0.924774980125602,0.121,0.505,0.449,0.33,0.457,
2023-07-25 07:45:00,2023-07-25,7,0.896872741532722,-0.442288690218933,206,-0.3806801456620534,-0.924706778767582,0.123,0.547,0.501,0.379,0.511,
2023-07-25 08:00:00,2023-07-25,8,0.8660254037844544,-0.4999999999999728,206,-0.3808458429301695,-0.924638547716246,0.136,0.598,0.559,0.437,0.573,
2023-07-25 08:15:00,2023-07-25,8,0.8314696123025378,-0.5555702330196134,206,-0.3810115279689215,-0.9245702869737852,0.146,0.636,0.603,0.479,0.621,
2023-07-25 08:30:00,2023-07-25,8,0.7933533402913382,-0.6087614290085864,206,-0.3811772007729882,-0.924501996542392,0.137,0.678,0.653,0.526,0.679,
2023-07-25 08:45:00,2023-07-25,8,0.7518398074790594,-0.6593458150999754,206,-0.3813428613370515,-0.9244336764242584,0.132,0.714,0.7,0.572,0.732,
2023-07-25 09:00:00,2023-07-25,9,0.7071067811866039,-0.7071067811864913,206,-0.3815085096557903,-0.9243653266215788,0.128,0.749,0.749,0.62,0.782,
2023-07-25 09:15:00,2023-07-25,9,0.659345815100095,-0.7518398074789544,206,-0.3816741457238862,-0.9242969471365476,0.133,0.781,0.795,0.666,0.826,
2023-07-25 09:30:00,2023-07-25,9,0.6087614290087128,-0.7933533402912413,206,-0.3818397695360203,-0.9242285379713608,0.134,0.794,0.821,0.694,0.85,
2023-07-25 12:45:00,2023-07-25,12,-0.1950903220160399,-0.980785280403248,206,-0.3839917613819282,-0.92333651893056,0.128,0.87,0.905,0.825,0.94,
2023-07-25 13:00:00,2023-07-25,13,-0.258819045102477,-0.96592582628908,206,-0.3841572130523492,-0.9232676944742796,0.132,0.853,0.884,0.807,0.921,
2023-07-25 13:15:00,2023-07-25,13,-0.3214394653031611,-0.9469301294951058,206,-0.3843226523870749,-0.923198840370894,0.135,0.831,0.857,0.78,0.894,
2023-07-25 13:30:00,2023-07-25,13,-0.3826834323649206,-0.9238795325113568,206,-0.3844880793807921,-0.9231299566226144,0.123,0.811,0.826,0.751,0.864,
2023-07-25 13:45:00,2023-07-25,13,-0.4422886902188772,-0.8968727415327495,206,-0.3846534940281891,-0.923061043231652,0.121,0.788,0.79,0.717,0.828,
2023-07-25 14:00:00,2023-07-25,14,-0.4999999999999189,-0.8660254037844854,206,-0.3848188963239547,-0.9229921002002204,0.11,0.762,0.753,0.679,0.787,
2023-07-25 14:15:00,2023-07-25,14,-0.5555702330195617,-0.8314696123025723,206,-0.3849842862627763,-0.9229231275305332,0.103,0.739,0.71,0.644,0.741,
2023-07-25 14:30:00,2023-07-25,14,-0.6087614290087174,-0.7933533402912376,206,-0.385149663839345,-0.9228541252248048,0.0993,0.706,0.663,0.605,0.69,
2023-07-25 14:45:00,2023-07-25,14,-0.6593458151000995,-0.7518398074789505,206,-0.3853150290483488,-0.9227850932852514,0.0943,0.672,0.615,0.567,0.641,
2023-07-25 15:00:00,2023-07-25,15,-0.707106781186608,-0.7071067811864871,206,-0.3854803818844787,-0.9227160317140894,0.0978,0.631,0.561,0.522,0.592,
2023-07-25 15:15:00,2023-07-25,15,-0.7518398074789134,-0.6593458151001419,206,-0.385645722342424,-0.9226469405135368,0.106,0.583,0.502,0.47,0.542,
2023-07-25 15:30:00,2023-07-25,15,-0.7933533402912033,-0.6087614290087622,206,-0.3858110504168761,-0.922577819685812,0.0979,0.544,0.45,0.422,0.5,
2023-07-25 15:45:00,2023-07-25,15,-0.831469612302541,-0.5555702330196085,206,-0.3859763661025263,-0.9225086692331343,0.0916,0.494,0.386,0.36,0.44,
2023-07-25 16:00:00,2023-07-25,16,-0.8660254037843436,-0.5000000000001646,206,-0.3861416693940651,-0.9224394891577248,0.086,0.465,0.339,0.315,0.394,
2023-07-25 16:15:00,2023-07-25,16,-0.896872741532624,-0.4422886902191316,206,-0.386306960286186,-0.9223702794618044,0.0849,0.413,0.277,0.259,0.328,
2023-07-25 16:30:00,2023-07-25,16,-0.9238795325112484,-0.3826834323651826,206,-0.3864722387735801,-0.9223010401475956,0.0831,0.361,0.223,0.208,0.269,
2023-07-25 16:45:00,2023-07-25,16,-0.9469301294950876,-0.3214394653032144,206,-0.386637504850941,-0.9222317712173218,0.0784,0.315,0.175,0.162,0.218,
2023-07-25 17:00:00,2023-07-25,17,-0.9659258262890654,-0.2588190451025314,206,-0.386802758512961,-0.9221624726732074,0.0737999999999999,0.259,0.127,0.116,0.165,
2023-07-25 17:15:00,2023-07-25,17,-0.9807852804032372,-0.1950903220160951,206,-0.3869679997543339,-0.9220931445174776,0.0639,0.208,0.0836,0.073,0.118,
2023-07-25 17:30:00,2023-07-25,17,-0.9914448613738208,-0.1305261922199737,206,-0.3871332285697542,-0.9220237867523584,0.0556,0.166,0.0650999999999999,0.0585,0.0780999999999999,
2023-07-25 17:45:00,2023-07-25,17,-0.9978589232385968,-0.0654031292302469,206,-0.387298444953915,-0.9219543993800774,0.0484,0.122,0.0508,0.0462999999999999,0.0531,
2023-07-25 18:00:00,2023-07-25,18,-1.0,-5.927599998191484e-14,206,-0.3874636489015126,-0.921884982402862,0.0392999999999999,0.0747999999999999,0.0373999999999999,0.0346,0.0387999999999999,
2023-07-25 18:15:00,2023-07-25,18,-0.9978589232386044,0.0654031292301286,206,-0.3876288404072409,-0.921815535822942,0.0289,0.0288,0.024,0.0233,0.0242,
2023-07-25 18:30:00,2023-07-25,18,-0.991444861373836,0.1305261922198561,206,-0.3877940194657959,-0.9217460596425472,0.0133,0.0134,0.012,0.0115,0.0118,
2023-07-25 18:45:00,2023-07-25,18,-0.9807852804032602,0.1950903220159788,206,-0.3879591860718738,-0.921676553863908,0.00242,0.00263,0.00266,0.00269,0.00237,
2023-07-25 19:00:00,2023-07-25,19,-0.965925826289096,0.2588190451024169,206,-0.3881243402201702,-0.921607018489257,-0.00163,-0.00116,-0.000862,-0.000562,-0.00115,
2023-07-25 19:15:00,2023-07-25,19,-0.946930129495126,0.3214394653031021,206,-0.3882894819053827,-0.9215374535208264,-0.00243,-0.00196,-0.00139,-0.00107,-0.00159,
2023-07-25 19:30:00,2023-07-25,19,-0.9238795325112936,0.3826834323650731,206,-0.3884546111222071,-0.921467858960851,-0.00254,-0.00206,-0.00151,-0.0011799999999999,-0.00162,
2023-07-25 19:45:00,2023-07-25,19,-0.8968727415326765,0.4422886902190253,206,-0.3886197278653426,-0.9213982348115646,-0.0025299999999999,-0.00206,-0.00147,-0.00114,-0.00174,
2023-07-25 20:00:00,2023-07-25,20,-0.8660254037844028,0.500000000000062,206,-0.3887848321294863,-0.9213285810752032,-0.00264,-0.00207,-0.00141,-0.00109,-0.0015,
2023-07-25 20:15:00,2023-07-25,20,-0.831469612302607,0.5555702330195099,206,-0.3889499239093357,-0.9212588977540036,-0.00269,-0.00219,-0.00151,-0.00115,-0.00165,
2023-07-25 20:30:00,2023-07-25,20,-0.7933533402912755,0.608761429008668,206,-0.3891150031995912,-0.9211891848502034,-0.00279,-0.00228,-0.0017,-0.00131,-0.00171,
2023-07-25 20:45:00,2023-07-25,20,-0.7518398074789916,0.6593458151000527,206,-0.3892800699949506,-0.921119442366041,-0.00256,-0.0021,-0.00148,-0.00114,-0.00156,
2023-07-25 21:00:00,2023-07-25,21,-0.707106781186531,0.707106781186564,206,-0.3894451242901144,-0.9210496703037558,-0.00281,-0.00246,-0.00162,-0.00136,-0.0020499999999999,
2023-07-25 21:15:00,2023-07-25,21,-0.6593458151001886,0.7518398074788724,206,-0.3896101660797812,-0.9209798686655888,-0.0025,-0.002,-0.00164,-0.0012,-0.00182,
2023-07-25 21:30:00,2023-07-25,21,-0.6087614290088115,0.7933533402911654,206,-0.389775195358653,-0.9209100374537807,-0.0023799999999999,-0.00188,-0.00148,-0.00103,-0.0014199999999999,
2023-07-25 21:45:00,2023-07-25,21,-0.5555702330196602,0.8314696123025065,206,-0.3899402121214297,-0.9208401766705744,-0.00249,-0.00202,-0.00146,-0.00113,-0.00166,
2023-07-25 22:00:00,2023-07-25,22,-0.5000000000000216,0.8660254037844262,206,-0.3901052163628117,-0.9207702863182128,-0.00244,-0.002,-0.00138,-0.00107,-0.00153,
2023-07-25 22:15:00,2023-07-25,22,-0.4422886902189835,0.896872741532697,206,-0.390270208077502,-0.9207003663989404,-0.00263,-0.0021,-0.00151,-0.0011799999999999,-0.0015,
2023-07-25 22:30:00,2023-07-25,22,-0.3826834323650301,0.9238795325113116,206,-0.3904351872602016,-0.9206304169150024,-0.00275,-0.00229,-0.00161,-0.00129,-0.0019299999999999,
2023-07-25 22:45:00,2023-07-25,22,-0.3214394653032733,0.9469301294950676,206,-0.3906001539056129,-0.920560437868645,-0.00264,-0.00218,-0.00158,-0.00123,-0.00175,
2023-07-25 23:00:00,2023-07-25,23,-0.2588190451025915,0.9659258262890492,206,-0.3907651080084389,-0.9204904292621152,-0.00258,-0.00213,-0.00159,-0.00123,-0.00174,
2023-07-25 23:15:00,2023-07-25,23,-0.1950903220161562,0.9807852804032248,206,-0.390930049563383,-0.9204203910976608,-0.00237,-0.0019399999999999,-0.0015,-0.00114,-0.0017,
2023-07-25 23:30:00,2023-07-25,23,-0.1305261922200354,0.9914448613738124,206,-0.3910949785651486,-0.9203503233775312,-0.0025499999999999,-0.00208,-0.00154,-0.00124,-0.00181,
2023-07-25 23:45:00,2023-07-25,23,-0.065403129230309,0.9978589232385926,206,-0.3912598950084385,-0.9202802261039764,-0.00297,-0.00244,-0.00164,-0.00138,-0.00197,
