Time,date,hour,hour_sin,hour_cos,day_of_year,doy_sin,doy_cos,Diffus_kW,Global0_kW,Global45_kW,Global60_kW,Global30_kW,ClearSky0_kW
2023-06-10 00:00:00,2023-06-10,0,-1.5287553529433133e-13,1.0,161,0.3794005517019145,-0.9252325228656216,-0.00146,-0.00152,2.76e-05,4.59e-05,-0.00081,
2023-06-10 00:15:00,2023-06-10,0,0.0654031292300352,0.9978589232386106,161,0.3792347480192738,-0.9253004949176012,-0.000806,-0.000734,-0.000448,-0.000256,-0.00124,
2023-06-10 00:30:00,2023-06-10,0,0.1305261922199888,0.9914448613738188,161,0.3790689321590035,-0.9253684372572002,-0.000955,-0.000309,-0.000521,9.17e-05,-0.00116,
2023-06-10 00:45:00,2023-06-10,0,0.19509032201611,0.980785280403234,161,0.3789031041264271,-0.9254363498822368,-0.00212,-0.0014299999999999,-0.000624,-0.000604,-0.00174,
2023-06-10 01:00:00,2023-06-10,1,0.2588190451024363,0.965925826289091,161,0.3787372639268708,-0.9255042327905302,-0.00146,-0.0013,-0.000545,-0.000482,-0.00148,
2023-06-10 01:15:00,2023-06-10,1,0.3214394653031212,0.9469301294951192,161,0.3785714115656583,-0.9255720859799008,-0.00158,-0.00139,-0.000531,-0.000505,-0.0014399999999999,
2023-06-10 01:30:00,2023-06-10,1,0.3826834323650917,0.923879532511286,161,0.3784055470481165,-0.9256399094481697,-0.00147,-0.00123,-0.00041,-0.000348,-0.00129,
2023-06-10 01:45:00,2023-06-10,1,0.4422886902189413,0.8968727415327179,161,0.3782396703795711,-0.9257077031931588,-0.00182,-0.00141,-0.000265,-0.000237,-0.00131,
2023-06-10 02:00:00,2023-06-10,2,0.4999999999999809,0.8660254037844497,161,0.3780737815653481,-0.9257754672126915,-0.00132,-0.00095,-0.00041,-0.000287,-0.00128,
2023-06-10 02:15:00,2023-06-10,2,0.5555702330196212,0.8314696123025326,161,0.3779078806107753,-0.9258432015045917,-0.00125,-0.000957,-0.000303,-0.000222,-0.00129,
2023-06-10 02:30:00,2023-06-10,2,0.6087614290087742,0.7933533402911941,161,0.3777419675211791,-0.9259109060666844,-0.00108,-0.000638,-9.31e-05,0.00013,-0.000805,
2023-06-10 02:45:00,2023-06-10,2,0.6593458150999824,0.7518398074790533,161,0.3775760423018883,-0.9259785808967952,-0.00121,-0.000915,-0.000341,-0.000153,-0.00133,
2023-06-10 03:00:00,2023-06-10,3,0.7071067811864978,0.7071067811865972,161,0.3774101049582294,-0.9260462259927515,-0.0016899999999999,-0.00133,-0.000562,-0.000359,-0.0015,
2023-06-10 03:15:00,2023-06-10,3,0.7518398074789605,0.659345815100088,161,0.3772441554955319,-0.9261138413523808,-0.0015,-0.0011899999999999,-0.000558,-0.000401,-0.00153,
2023-06-10 03:30:00,2023-06-10,3,0.7933533402911777,0.6087614290087956,161,0.3770781939191244,-0.926181426973512,-0.0011,-0.000613,-2.07e-05,0.000203,-0.000668,
2023-06-10 03:45:00,2023-06-10,3,0.8314696123025176,0.5555702330196435,161,0.3769122202343355,-0.9262489828539752,0.0016,0.00188,0.002,0.00217,0.00122,
2023-06-10 04:00:00,2023-06-10,4,0.8660254037844362,0.5000000000000042,161,0.3767462344464957,-0.9263165089916006,0.0101999999999999,0.0103,0.00902,0.00825,0.00852,
2023-06-10 04:15:00,2023-06-10,4,0.8968727415326556,0.4422886902190674,161,0.3765802365609347,-0.92638400538422,0.028,0.0278,0.0224,0.0198999999999999,0.0229,
2023-06-10 04:30:00,2023-06-10,4,0.9238795325112756,0.3826834323651166,161,0.3764142265829826,-0.926451472029666,0.0349,0.0345,0.0301,0.0272,0.0308,
2023-06-10 04:45:00,2023-06-10,4,0.9469301294951108,0.3214394653031466,161,0.37624820451797,-0.9265189089257724,0.0469,0.0464,0.038,0.0343,0.0397999999999999,
2023-06-10 05:00:00,2023-06-10,5,0.965925826289084,0.2588190451024623,161,0.3760821703712287,-0.9265863160703736,0.0547,0.0919,0.0457,0.0425,0.047,
2023-06-10 05:15:00,2023-06-10,5,0.9807852804032068,0.1950903220162479,161,0.3759161241480899,-0.9266536934613048,0.06,0.173,0.0631,0.0542,0.0542999999999999,
2023-06-10 05:30:00,2023-06-10,5,0.9914448613738004,0.1305261922201282,161,0.375750065853885,-0.926721041096403,0.0667,0.219,0.0831,0.0594,0.0617999999999999,
2023-06-10 05:45:00,2023-06-10,5,0.9978589232386014,0.0654031292301755,161,0.3755839954939473,-0.9267883589735052,0.0737,0.266,0.123,0.0643,0.149,
2023-06-10 06:00:00,2023-06-10,6,1.0,1.0142241929168144e-13,161,0.375417913073609,-0.9268556470904497,0.0815999999999999,0.312,0.169,0.0707,0.197,
2023-06-10 06:15:00,2023-06-10,6,0.9978589232386073,-0.0654031292300865,161,0.3752518185982031,-0.926922905445076,0.0854,0.357,0.218,0.106,0.253,
2023-06-10 06:30:00,2023-06-10,6,0.991444861373812,-0.1305261922200398,161,0.3750857120730628,-0.9269901340352243,0.0927,0.404,0.271,0.153,0.304,
2023-06-10 06:45:00,2023-06-10,6,0.980785280403224,-0.1950903220161605,161,0.3749195935035228,-0.927057332858736,0.1,0.461,0.332,0.207,0.367,
2023-06-10 07:00:00,2023-06-10,7,0.9659258262890776,-0.258819045102486,161,0.3747534628949168,-0.927124501913453,0.149,0.463,0.362,0.25,0.392,
2023-06-10 07:15:00,2023-06-10,7,0.9469301294951028,-0.3214394653031699,161,0.374587320252579,-0.9271916411972186,0.312,0.497,0.373,0.274,0.408,
2023-06-10 07:30:00,2023-06-10,7,0.9238795325112664,-0.3826834323651392,161,0.3744211655818453,-0.9272587507078768,0.366,0.565,0.472,0.374,0.502,
2023-06-10 07:45:00,2023-06-10,7,0.8968727415327454,-0.4422886902188855,161,0.3742549988880508,-0.9273258304432724,0.29,0.427,0.36,0.29,0.381,
2023-06-10 08:00:00,2023-06-10,8,0.8660254037844808,-0.499999999999927,161,0.3740888201765311,-0.927392880401252,0.348,0.524,0.457,0.372,0.483,
2023-06-10 08:15:00,2023-06-10,8,0.8314696123025672,-0.5555702330195694,161,0.3739226294526221,-0.9274599005796622,0.295,0.324,0.307,0.265,0.318,
2023-06-10 08:30:00,2023-06-10,8,0.7933533402913011,-0.6087614290086346,161,0.3737564267216616,-0.9275268909763508,0.186,0.718,0.672,0.544,0.696,
2023-06-10 08:45:00,2023-06-10,8,0.7518398074790194,-0.659345815100021,161,0.3735902119889848,-0.9275938515891669,0.152,0.778,0.734,0.599,0.765,
2023-06-10 09:00:00,2023-06-10,9,0.7071067811865609,-0.7071067811865341,161,0.3734239852599299,-0.9276607824159604,0.266,0.935,0.865,0.714,0.904,
2023-06-10 09:15:00,2023-06-10,9,0.6593458151000494,-0.7518398074789945,161,0.373257746539835,-0.9277276834545816,0.358,0.758,0.726,0.609,0.755,
2023-06-10 09:30:00,2023-06-10,9,0.6087614290087547,-0.793353340291209,161,0.3730914958340379,-0.9277945547028824,0.153,0.904,0.869,0.728,0.904,
2023-06-10 09:45:00,2023-06-10,9,0.5555702330196007,-0.8314696123025462,161,0.372925233147877,-0.927861396158716,0.14,0.915,0.866,0.728,0.903,
2023-06-10 10:00:00,2023-06-10,10,0.4999999999999597,-0.8660254037844619,161,0.3727589584866908,-0.9279282078199356,0.147,0.942,0.892,0.755,0.931,
2023-06-10 10:15:00,2023-06-10,10,0.4422886902191232,-0.8968727415326282,161,0.3725926718558197,-0.9279949896843956,0.182,0.99,0.923,0.783,0.965,
2023-06-10 10:30:00,2023-06-10,10,0.3826834323651741,-0.923879532511252,161,0.3724263732606017,-0.9280617417499522,0.136,0.967,0.931,0.799,0.971,
2023-06-10 10:45:00,2023-06-10,10,0.3214394653032056,-0.9469301294950908,161,0.3722600627063777,-0.9281284640144616,0.131,0.978,0.945,0.817,0.986,
2023-06-10 11:00:00,2023-06-10,11,0.2588190451025224,-0.965925826289068,161,0.3720937401984886,-0.928195156475781,0.131,0.985,0.955,0.83,0.996,
2023-06-10 11:15:00,2023-06-10,11,0.1950903220161975,-0.9807852804032168,161,0.3719274057422747,-0.9282618191317692,0.138,0.987,0.956,0.835,0.999,
2023-06-10 11:30:00,2023-06-10,11,0.1305261922200772,-0.991444861373807,161,0.3717610593430771,-0.9283284519802856,0.146,0.993,0.954,0.838,0.998,
2023-06-10 11:45:00,2023-06-10,11,0.0654031292301241,-0.9978589232386048,161,0.3715947010062371,-0.9283950550191902,0.15,0.986,0.945,0.834,0.99,
2023-06-10 12:00:00,2023-06-10,12,4.996930328903154e-14,-1.0,161,0.3714283307370978,-0.9284616282463444,0.145,0.979,0.937,0.83,0.983,
2023-06-10 12:15:00,2023-06-10,12,-0.0654031292301378,-0.9978589232386038,161,0.3712619485409998,-0.928528171659611,0.19,1.01,0.937,0.826,0.992,
2023-06-10 12:30:00,2023-06-10,12,-0.1305261922200908,-0.9914448613738052,161,0.3710955544232868,-0.9285946852568528,0.224,1.02,0.944,0.831,1.0,
2023-06-10 12:45:00,2023-06-10,12,-0.195090322015988,-0.9807852804032584,161,0.3709291483893026,-0.9286611690359337,0.233,1.02,0.943,0.833,1.0,
2023-06-10 13:00:00,2023-06-10,13,-0.2588190451024258,-0.9659258262890936,161,0.370762730444389,-0.9287276229947192,0.286,0.981,0.894,0.789,0.952,
2023-06-10 13:15:00,2023-06-10,13,-0.3214394653031109,-0.9469301294951228,161,0.3705963005938912,-0.9287940471310754,0.255,0.944,0.867,0.771,0.927,
2023-06-10 13:30:00,2023-06-10,13,-0.3826834323650817,-0.92387953251129,161,0.3704298588431526,-0.9288604414428692,0.265,0.819,0.76,0.681,0.807,
2023-06-10 13:45:00,2023-06-10,13,-0.4422886902189317,-0.8968727415327227,161,0.370263405197519,-0.9289268059279686,0.22,0.703,0.653,0.589,0.692,
2023-06-10 14:00:00,2023-06-10,14,-0.4999999999999716,-0.866025403784455,161,0.3700969396623337,-0.9289931405842428,0.276,0.587,0.544,0.492,0.576,
2023-06-10 14:15:00,2023-06-10,14,-0.5555702330196122,-0.8314696123025386,161,0.369930462242943,-0.9290594454095618,0.224,0.471,0.422,0.382,0.449,
2023-06-10 14:30:00,2023-06-10,14,-0.6087614290086755,-0.7933533402912698,161,0.3697639729446936,-0.9291257204017958,0.162,0.751,0.652,0.592,0.707,
2023-06-10 14:45:00,2023-06-10,14,-0.6593458151000597,-0.7518398074789854,161,0.3695974717729298,-0.9291919655588172,0.132,0.611,0.518,0.47,0.565,
2023-06-10 15:00:00,2023-06-10,15,-0.7071067811865706,-0.7071067811865245,161,0.3694309587329994,-0.9292581808784988,0.11,0.645,0.526,0.477,0.58,
2023-06-10 15:15:00,2023-06-10,15,-0.7518398074788785,-0.6593458151001816,161,0.369264433830249,-0.9293243663587142,0.112,0.606,0.476,0.432,0.531,
2023-06-10 15:30:00,2023-06-10,15,-0.7933533402911711,-0.6087614290088041,161,0.3690978970700257,-0.9293905219973382,0.118,0.57,0.427,0.388,0.483,
2023-06-10 15:45:00,2023-06-10,15,-0.8314696123025117,-0.5555702330196525,161,0.368931348457677,-0.9294566477922463,0.114,0.523,0.371,0.336,0.427,
2023-06-10 16:00:00,2023-06-10,16,-0.8660254037844308,-0.5000000000000135,161,0.3687647879985513,-0.9295227437413156,0.0965,0.469,0.312,0.281,0.368,
2023-06-10 16:15:00,2023-06-10,16,-0.8968727415326508,-0.4422886902190771,161,0.3685982156979978,-0.9295888098424228,0.0839,0.421,0.256,0.229,0.313,
2023-06-10 16:30:00,2023-06-10,16,-0.9238795325112716,-0.3826834323651265,161,0.3684316315613636,-0.9296548460934476,0.0747,0.374,0.201,0.177,0.257,
2023-06-10 16:45:00,2023-06-10,16,-0.9469301294951072,-0.3214394653031568,161,0.3682650355939992,-0.9297208524922684,0.0698,0.325,0.148,0.128,0.202,
2023-06-10 17:00:00,2023-06-10,17,-0.9659258262890518,-0.2588190451025825,161,0.3680984278012538,-0.9297868290367663,0.0724,0.175,0.0833,0.0732,0.108,
2023-06-10 17:15:00,2023-06-10,17,-0.9807852804032268,-0.195090322016147,161,0.3679318081884773,-0.9298527757248228,0.0691,0.194,0.0705,0.0627,0.0955,
2023-06-10 17:30:00,2023-06-10,17,-0.9914448613738136,-0.1305261922200262,161,0.3677651767610198,-0.92991869255432,0.0627,0.101,0.0559,0.0531,0.0573,
2023-06-10 17:45:00,2023-06-10,17,-0.997858923238608,-0.0654031292300728,161,0.3675985335242321,-0.9299845795231414,0.0561,0.117,0.0518,0.0498,0.0535,
2023-06-10 18:00:00,2023-06-10,18,-1.0,-1.122030250079977e-13,161,0.3674318784834663,-0.9300504366291708,0.0433,0.0955999999999999,0.0376,0.0373,0.0391,
2023-06-10 18:15:00,2023-06-10,18,-0.997858923238608,0.0654031292300757,161,0.3672652116440722,-0.9301162638702942,0.0293,0.0293,0.0254,0.0246,0.0247,
2023-06-10 18:30:00,2023-06-10,18,-0.9914448613738134,0.1305261922200291,161,0.3670985330114029,-0.9301820612443974,0.0167,0.0167,0.0147,0.0141999999999999,0.0139,
2023-06-10 18:45:00,2023-06-10,18,-0.9807852804032484,0.1950903220160384,161,0.3669318425908102,-0.9302478287493676,0.00654,0.00661,0.00666,0.00609,0.00619,
2023-06-10 19:00:00,2023-06-10,19,-0.9659258262890804,0.2588190451024755,161,0.3667651403876467,-0.9303135663830931,0.00179,0.00189,0.00109,0.00121,0.000506,
2023-06-10 19:15:00,2023-06-10,19,-0.9469301294951064,0.3214394653031597,161,0.366598426407265,-0.930379274143463,-0.00165,-0.000918,-0.00041,2.29e-05,-0.00108,
2023-06-10 19:30:00,2023-06-10,19,-0.923879532511314,0.3826834323650243,161,0.3664317006550193,-0.9304449520283672,-0.00211,-0.00157,-0.000627,-0.00047,-0.00123,
2023-06-10 19:45:00,2023-06-10,19,-0.8968727415326999,0.4422886902189778,161,0.3662649631362629,-0.9305106000356964,-0.0023,-0.00178,-0.00102,-0.000822,-0.00189,
2023-06-10 20:00:00,2023-06-10,20,-0.8660254037844294,0.5000000000000161,161,0.3660982138563495,-0.9305762181633436,-0.0030299999999999,-0.00191,-0.000517,-0.000195,-0.0016699999999999,
2023-06-10 20:15:00,2023-06-10,20,-0.83146961230251,0.5555702330196549,161,0.3659314528206344,-0.9306418064092004,-0.0040999999999999,-0.00352,-0.00072,-0.000998,-0.00183,
2023-06-10 20:30:00,2023-06-10,20,-0.7933533402913078,0.6087614290086261,161,0.365764680034472,-0.9307073647711616,-0.0028599999999999,-0.0021,-0.000693,-0.000604,-0.00184,
2023-06-10 20:45:00,2023-06-10,20,-0.7518398074790265,0.6593458151000129,161,0.3655978955032177,-0.930772893247122,-0.00282,-0.00197,-0.001,-0.000826,-0.00222,
2023-06-10 21:00:00,2023-06-10,21,-0.7071067811865684,0.7071067811865266,161,0.3654310992322268,-0.9308383918349772,-0.00275,-0.00206,-0.00092,-0.000696,-0.0022,
2023-06-10 21:15:00,2023-06-10,21,-0.659345815100143,0.7518398074789124,161,0.3652642912268558,-0.9309038605326238,-0.00232,-0.00191,-0.00092,-0.00083,-0.00202,
2023-06-10 21:30:00,2023-06-10,21,-0.6087614290087633,0.7933533402912024,161,0.3650974714924609,-0.9309692993379596,-0.00221,-0.00148,-0.000493,-0.000447,-0.0014199999999999,
2023-06-10 21:45:00,2023-06-10,21,-0.5555702330196097,0.8314696123025402,161,0.3649306400343984,-0.931034708248884,-0.00208,-0.00158,-0.000717,-0.000497,-0.00179,
2023-06-10 22:00:00,2023-06-10,22,-0.499999999999969,0.8660254037844566,161,0.3647637968580263,-0.9311000872632956,-0.00209,-0.0016699999999999,-0.000703,-0.000405,-0.00171,
2023-06-10 22:15:00,2023-06-10,22,-0.442288690219031,0.8968727415326736,161,0.3645969419687016,-0.9311654363790954,-0.00182,-0.00117,-0.000317,-0.000176,-0.00162,
2023-06-10 22:30:00,2023-06-10,22,-0.382683432365079,0.9238795325112912,161,0.3644300753717823,-0.9312307555941852,-0.00228,-0.00176,-0.000655,-0.000516,-0.00177,
2023-06-10 22:45:00,2023-06-10,22,-0.3214394653031081,0.9469301294951238,161,0.3642631970726261,-0.9312960449064674,-0.00212,-0.00115,1.03e-05,4.59e-05,-0.00122,
2023-06-10 23:00:00,2023-06-10,23,-0.2588190451026426,0.9659258262890356,161,0.3640963070765927,-0.9313613043138456,-0.0025099999999999,-0.00162,-0.000265,-0.000252,-0.00177,
2023-06-10 23:15:00,2023-06-10,23,-0.1950903220162081,0.9807852804032146,161,0.3639294053890405,-0.9314265338142238,-0.0025099999999999,-0.00161,-0.000445,-0.000401,-0.0018,
2023-06-10 23:30:00,2023-06-10,23,-0.1305261922200879,0.9914448613738056,161,0.3637624920153285,-0.931491733405508,-0.00257,-0.00161,-0.000252,-0.000275,-0.00165,
2023-06-10 23:45:00,2023-06-10,23,-0.0654031292302483,0.9978589232385966,161,0.3635955669608178,-0.931556903085604,-0.0025299999999999,-0.00176,-0.000424,-0.000417,-0.00182,
2023-06-11 00:00:00,2023-06-11,0,-6.074990900534777e-14,1.0,162,0.3634286302308668,-0.9316220428524198,-0.00359,-0.00328,-0.000945,-0.00105,-0.00209,
2023-06-11 00:15:00,2023-06-11,0,0.0654031292301271,0.9978589232386046,162,0.3632616818308373,-0.931687152703863,-0.000447,-0.000255,-0.000838,-0.000612,-0.00172,
2023-06-11 00:30:00,2023-06-11,0,0.1305261922200801,0.9914448613738066,162,0.3630947217660894,-0.9317522326378436,-0.0018,-0.00146,-0.000634,-0.000367,-0.00129,
2023-06-11 00:45:00,2023-06-11,0,0.1950903220160889,0.9807852804032384,162,0.3629277500419851,-0.931817282652271,-0.00136,-0.00107,-0.0002,-0.000199,-0.000891,
2023-06-11 01:00:00,2023-06-11,1,0.2588190451025253,0.9659258262890672,162,0.3627607666638857,-0.9318823027450568,-0.000782,-0.000504,0.000103,0.000103,-0.00039,
2023-06-11 01:15:00,2023-06-11,1,0.3214394653032084,0.9469301294950898,162,0.3625937716371527,-0.9319472929141134,-0.00187,-0.0015,-0.000672,-0.000455,-0.00151,
2023-06-11 01:30:00,2023-06-11,1,0.3826834323649667,0.9238795325113376,162,0.3624267649671499,-0.9320122531573533,-0.00215,-0.00185,-0.000776,-0.000715,-0.00178,
2023-06-11 01:45:00,2023-06-11,1,0.442288690218922,0.8968727415327274,162,0.3622597466592382,-0.932077183472691,-0.0019399999999999,-0.00153,-0.000596,-0.000482,-0.00138,
2023-06-11 02:00:00,2023-06-11,2,0.4999999999999622,0.8660254037844605,162,0.3620927167187822,-0.9321420838580412,-0.00196,-0.00148,-0.000348,-0.000168,-0.00116,
2023-06-11 02:15:00,2023-06-11,2,0.5555702330195087,0.8314696123026077,162,0.3619256751511447,-0.9322069543113204,-0.00197,-0.00153,-0.000593,-0.000222,-0.00137,
2023-06-11 02:30:00,2023-06-11,2,0.6087614290086669,0.7933533402912764,162,0.3617586219616895,-0.9322717948304452,-0.00184,-0.00156,-0.000727,-0.000669,-0.0016799999999999,
2023-06-11 02:45:00,2023-06-11,2,0.6593458151000516,0.7518398074789925,162,0.3615915571557815,-0.9323366054133332,-0.00188,-0.00149,-0.000455,-0.000375,-0.00129,
2023-06-11 03:00:00,2023-06-11,3,0.707106781186563,0.7071067811865321,162,0.3614244807387844,-0.9324013860579036,-0.0022299999999999,-0.00154,-0.000265,-0.000122,-0.00128,
2023-06-11 03:15:00,2023-06-11,3,0.7518398074789463,0.6593458151001043,162,0.3612573927160648,-0.932466136762076,-0.00235,-0.00187,-0.000527,-0.000482,-0.00159,
2023-06-11 03:30:00,2023-06-11,3,0.7933533402912337,0.6087614290087224,162,0.361090293092986,-0.932530857523772,-0.00157,-0.00113,-0.000103,-0.000122,-0.00101,
2023-06-11 03:45:00,2023-06-11,3,0.8314696123025689,0.5555702330195669,162,0.3609231818749148,-0.9325955483409124,0.00219,0.00232,0.00243,0.00225,0.00212,
2023-06-11 04:00:00,2023-06-11,4,0.8660254037843685,0.5000000000001213,162,0.3607560590672182,-0.93266020921142,0.0121999999999999,0.0116999999999999,0.0091799999999999,0.0088,0.00948,
2023-06-11 04:15:00,2023-06-11,4,0.8968727415326462,0.4422886902190868,162,0.3605889246752608,-0.9327248401332192,0.0221,0.0224,0.0208,0.0192,0.021,
2023-06-11 04:30:00,2023-06-11,4,0.9238795325112674,0.3826834323651365,162,0.3604217787044109,-0.9327894411042336,0.0511,0.0501,0.0418,0.0366,0.0432,
2023-06-11 04:45:00,2023-06-11,4,0.9469301294951038,0.3214394653031671,162,0.3602546211600349,-0.9328540121223896,0.0691,0.0687,0.0569,0.0502,0.0591,
2023-06-11 05:00:00,2023-06-11,5,0.965925826289049,0.2588190451025929,162,0.3600874520475016,-0.9329185531856136,0.0779,0.151,0.0664,0.0637,0.07,
2023-06-11 05:15:00,2023-06-11,5,0.9807852804032248,0.1950903220161576,162,0.3599202713721773,-0.9329830642918328,0.08,0.17,0.0722,0.0624,0.0669,
2023-06-11 05:30:00,2023-06-11,5,0.9914448613738124,0.1305261922200369,162,0.3597530791394312,-0.933047545438976,0.145,0.144,0.105,0.0891,0.112,
2023-06-11 05:45:00,2023-06-11,5,0.9978589232386,0.065403129230197,162,0.3595858753546329,-0.9331119966249724,0.16,0.16,0.128,0.107,0.135,
2023-06-11 06:00:00,2023-06-11,6,1.0,9.296793002697884e-15,162,0.3594186600231497,-0.9331764178477528,0.104,0.104,0.0899,0.0800999999999999,0.0917,
2023-06-11 06:15:00,2023-06-11,6,0.9978589232386011,-0.0654031292301784,162,0.3592514331503524,-0.933240809105248,0.108,0.338,0.205,0.107,0.237,
2023-06-11 06:30:00,2023-06-11,6,0.9914448613738296,-0.1305261922199057,162,0.3590841947416104,-0.9333051703953906,0.104,0.4,0.262,0.151,0.294,
2023-06-11 06:45:00,2023-06-11,6,0.9807852804032504,-0.1950903220160278,162,0.358916944802294,-0.933369501716114,0.0916,0.388,0.281,0.179,0.309,
2023-06-11 07:00:00,2023-06-11,7,0.9659258262890832,-0.2588190451024652,162,0.3587496833377732,-0.9334338030653526,0.106,0.516,0.382,0.254,0.42,
2023-06-11 07:15:00,2023-06-11,7,0.9469301294951098,-0.3214394653031495,162,0.3585824103534194,-0.9334980744410412,0.143,0.599,0.447,0.31,0.49,
2023-06-11 07:30:00,2023-06-11,7,0.923879532511318,-0.3826834323650143,162,0.3584151258546048,-0.933562315841116,0.203,0.443,0.353,0.269,0.382,
2023-06-11 07:45:00,2023-06-11,7,0.8968727415327047,-0.4422886902189681,162,0.3582478298466994,-0.9336265272635148,0.241,0.763,0.648,0.503,0.691,
2023-06-11 08:00:00,2023-06-11,8,0.8660254037844347,-0.5000000000000068,162,0.3580805223350765,-0.9336907087061748,0.235,0.327,0.292,0.241,0.306,
2023-06-11 08:15:00,2023-06-11,8,0.8314696123025792,-0.5555702330195514,162,0.357913203325108,-0.9337548601670356,0.206,0.312,0.28,0.234,0.289,
2023-06-11 08:30:00,2023-06-11,8,0.793353340291245,-0.6087614290087078,162,0.3577458728221669,-0.9338189816440368,0.166,0.787,0.693,0.549,0.732,
2023-06-11 08:45:00,2023-06-11,8,0.7518398074789586,-0.6593458151000903,162,0.3575785308316258,-0.93388307313512,0.235,0.426,0.363,0.291,0.388,
2023-06-11 09:00:00,2023-06-11,9,0.7071067811864957,-0.7071067811865993,162,0.3574111773588587,-0.933947134638227,0.232,0.819,0.736,0.599,0.779,
2023-06-11 09:15:00,2023-06-11,9,0.6593458151001511,-0.7518398074789053,162,0.3572438124092402,-0.9340111661513,0.191,0.922,0.835,0.685,0.878,
2023-06-11 09:30:00,2023-06-11,9,0.6087614290087718,-0.7933533402911959,162,0.3570764359881431,-0.934075167672284,0.299,0.692,0.628,0.521,0.661,
2023-06-11 09:45:00,2023-06-11,9,0.5555702330196186,-0.8314696123025342,162,0.3569090481009431,-0.9341391391991232,0.236,0.954,0.877,0.729,0.923,
2023-06-11 10:00:00,2023-06-11,10,0.5000000000000768,-0.8660254037843943,162,0.356741648753015,-0.9342030807297632,0.276,1.02,0.95,0.795,1.0,
2023-06-11 10:15:00,2023-06-11,10,0.4422886902190406,-0.8968727415326689,162,0.356574237949734,-0.9342669922621512,0.176,0.991,0.938,0.794,0.984,
2023-06-11 10:30:00,2023-06-11,10,0.3826834323650889,-0.9238795325112872,162,0.3564068156964754,-0.934330873794235,0.216,0.985,0.93,0.789,0.975,
2023-06-11 10:45:00,2023-06-11,10,0.321439465303226,-0.9469301294950838,162,0.3562393819986162,-0.9343947253239628,0.247,1.09,1.02,0.866,1.07,
2023-06-11 11:00:00,2023-06-11,11,0.2588190451025432,-0.9659258262890624,162,0.3560719368615326,-0.9344585468492846,0.19,1.02,0.966,0.832,1.01,
2023-06-11 11:15:00,2023-06-11,11,0.1950903220161071,-0.9807852804032346,162,0.3559044802906008,-0.9345223383681512,0.155,1.0,0.973,0.847,1.02,
2023-06-11 11:30:00,2023-06-11,11,0.1305261922199858,-0.991444861373819,162,0.355737012291199,-0.9345860998785138,0.143,0.999,0.961,0.841,1.01,
2023-06-11 11:45:00,2023-06-11,11,0.0654031292302591,-0.997858923238596,162,0.3555695328687042,-0.934649831378325,0.144,0.993,0.952,0.838,1.0,
2023-06-11 12:00:00,2023-06-11,12,7.153051472166401e-14,-1.0,162,0.3554020420284944,-0.9347135328655386,0.155,1.01,0.952,0.841,1.0,
2023-06-11 12:15:00,2023-06-11,12,-0.0654031292301163,-0.9978589232386053,162,0.3552345397759476,-0.934777204338109,0.155,0.995,0.94,0.831,0.992,
2023-06-11 12:30:00,2023-06-11,12,-0.1305261922199567,-0.9914448613738228,162,0.3550670261164432,-0.9348408457939912,0.282,0.806,0.754,0.667,0.803,
2023-06-11 12:45:00,2023-06-11,12,-0.1950903220160783,-0.9807852804032404,162,0.3548995010553599,-0.9349044572311422,0.286,0.675,0.637,0.564,0.668,
2023-06-11 13:00:00,2023-06-11,13,-0.2588190451025148,-0.96592582628907,162,0.3547319645980766,-0.9349680386475192,0.337,0.641,0.6,0.538,0.632,
2023-06-11 13:15:00,2023-06-11,13,-0.3214394653030905,-0.9469301294951298,162,0.3545644167499744,-0.93503159004108,0.37,0.562,0.513,0.459,0.549,
2023-06-11 13:30:00,2023-06-11,13,-0.3826834323650618,-0.9238795325112984,162,0.3543968575164317,-0.9350951114097849,0.23,0.811,0.768,0.697,0.811,
2023-06-11 13:45:00,2023-06-11,13,-0.4422886902190143,-0.8968727415326819,162,0.3542292869028303,-0.9351586027515932,0.219,0.757,0.706,0.644,0.745,
2023-06-11 14:00:00,2023-06-11,14,-0.5000000000000514,-0.866025403784409,162,0.3540617049145503,-0.935222064064467,0.297,0.613,0.578,0.529,0.607,
2023-06-11 14:15:00,2023-06-11,14,-0.5555702330194997,-0.8314696123026137,162,0.3538941115569736,-0.9352854953463676,0.291,0.57,0.523,0.479,0.556,
2023-06-11 14:30:00,2023-06-11,14,-0.6087614290086584,-0.793353340291283,162,0.3537265068354815,-0.9353488965952588,0.279,0.834,0.714,0.651,0.775,
2023-06-11 14:45:00,2023-06-11,14,-0.6593458151000435,-0.7518398074789996,162,0.3535588907554556,-0.9354122678091044,0.324,0.524,0.457,0.416,0.492,
2023-06-11 15:00:00,2023-06-11,15,-0.707106781186475,-0.7071067811866201,162,0.3533912633222795,-0.9354756089858696,0.297,0.387,0.331,0.3,0.354,
2023-06-11 15:15:00,2023-06-11,15,-0.7518398074789392,-0.6593458151001124,162,0.353223624541334,-0.9355389201235204,0.274,0.465,0.388,0.357,0.421,
2023-06-11 15:30:00,2023-06-11,15,-0.7933533402912272,-0.608761429008731,162,0.3530559744180035,-0.9356022012200238,0.255,0.253,0.219,0.199,0.23,
2023-06-11 15:45:00,2023-06-11,15,-0.8314696123025629,-0.5555702330195759,162,0.3528883129576708,-0.935665452273348,0.283,0.465,0.363,0.329,0.402,
2023-06-11 16:00:00,2023-06-11,16,-0.8660254037844201,-0.5000000000000322,162,0.3527206401657203,-0.9357286732814616,0.204,0.324,0.247,0.228,0.274,
2023-06-11 16:15:00,2023-06-11,16,-0.8968727415326917,-0.4422886902189945,162,0.3525529560475358,-0.9357918642423348,0.183,0.181,0.153,0.14,0.161,
2023-06-11 16:30:00,2023-06-11,16,-0.9238795325113068,-0.3826834323650414,162,0.3523852606085014,-0.9358550251539384,0.208,0.235,0.176,0.157,0.194,
2023-06-11 16:45:00,2023-06-11,16,-0.9469301294950638,-0.3214394653032849,162,0.3522175538540032,-0.9359181560142438,0.156,0.169,0.141,0.13,0.149,
2023-06-11 17:00:00,2023-06-11,17,-0.965925826289046,-0.2588190451026033,162,0.3520498357894248,-0.9359812568212243,0.149,0.198,0.126,0.113,0.146,
2023-06-11 17:15:00,2023-06-11,17,-0.9807852804032224,-0.1950903220161682,162,0.3518821064201531,-0.9360443275728538,0.127,0.161,0.107,0.0982,0.119,
2023-06-11 17:30:00,2023-06-11,17,-0.991444861373796,-0.1305261922201603,162,0.3517143657515736,-0.9361073682671066,0.12,0.122,0.0924,0.085,0.0977,
2023-06-11 17:45:00,2023-06-11,17,-0.9978589232385991,-0.0654031292302077,162,0.3515466137890722,-0.9361703789019586,0.0994,0.128,0.0785999999999999,0.0735,0.0829,
2023-06-11 18:00:00,2023-06-11,18,-1.0,-2.0077398719014122e-14,162,0.3513788505380364,-0.9362333594753864,0.0798,0.12,0.0655,0.0616,0.0692,
2023-06-11 18:15:00,2023-06-11,18,-0.997858923238602,0.0654031292301677,162,0.3512110760038525,-0.9362963099853678,0.0428,0.0423,0.0347,0.0326,0.0351,
2023-06-11 18:30:00,2023-06-11,18,-0.9914448613738162,0.1305261922200077,162,0.3510432901919092,-0.936359230429881,0.0150999999999999,0.015,0.0156,0.0149,0.0148,
2023-06-11 18:45:00,2023-06-11,18,-0.9807852804032304,0.1950903220161288,162,0.3508754931075925,-0.936422120806906,0.00335,0.00356,0.00488,0.00448,0.00408,
2023-06-11 19:00:00,2023-06-11,19,-0.9659258262890564,0.2588190451025645,162,0.3507076847562919,-0.9364849811144232,-0.000649,-0.000475,0.000689,0.00044,0.000133,
2023-06-11 19:15:00,2023-06-11,19,-0.9469301294951498,0.3214394653030316,162,0.3505398651433953,-0.9365478113504138,-0.00189,-0.0016799999999999,-0.000586,-0.000696,-0.00106,
2023-06-11 19:30:00,2023-06-11,19,-0.9238795325113222,0.3826834323650043,162,0.3503720342742914,-0.9366106115128606,-0.00154,-0.0013,-0.000607,-0.000684,-0.000784,
2023-06-11 19:45:00,2023-06-11,19,-0.8968727415327093,0.4422886902189585,162,0.3502041921543701,-0.9366733815997468,-0.000815,-0.000716,-0.000269,-0.000271,-0.000261,
2023-06-11 20:00:00,2023-06-11,20,-0.8660254037844402,0.4999999999999974,162,0.3500363387890202,-0.9367361216090572,-0.00155,-0.00135,-0.000731,-0.000692,-0.00102,
2023-06-11 20:15:00,2023-06-11,20,-0.8314696123025851,0.5555702330195424,162,0.3498684741836329,-0.9367988315387764,-0.00217,-0.00191,-0.000972,-0.000948,-0.00152,
2023-06-11 20:30:00,2023-06-11,20,-0.7933533402912516,0.6087614290086991,162,0.3497005983435968,-0.9368615113868912,-0.00174,-0.00152,-0.000958,-0.000948,-0.00129,
2023-06-11 20:45:00,2023-06-11,20,-0.7518398074789657,0.6593458151000822,162,0.3495327112743039,-0.9369241611513892,-0.00159,-0.0013,-0.00121,-0.000986,-0.0016699999999999,
2023-06-11 21:00:00,2023-06-11,21,-0.7071067811865838,0.7071067811865114,162,0.3493648129811448,-0.936986780830258,-0.00259,-0.0022,-0.00104,-0.000898,-0.00165,
2023-06-11 21:15:00,2023-06-11,21,-0.6593458151000737,0.7518398074789732,162,0.3491969034695105,-0.9370493704214872,-0.00258,-0.00225,-0.000882,-0.000925,-0.0014199999999999,
2023-06-11 21:30:00,2023-06-11,21,-0.6087614290086902,0.7933533402912585,162,0.3490289827447934,-0.9371119299230668,-0.00132,-0.0011799999999999,-0.000796,-0.000933,-0.000801,
2023-06-11 21:45:00,2023-06-11,21,-0.5555702330197222,0.8314696123024651,162,0.3488610508123854,-0.937174459332988,-0.00157,-0.00136,-0.000917,-0.000979,-0.000835,
2023-06-11 22:00:00,2023-06-11,22,-0.5000000000000862,0.866025403784389,162,0.3486931076776789,-0.9372369586492428,-0.00179,-0.00157,-0.000927,-0.000971,-0.00125,
2023-06-11 22:15:00,2023-06-11,22,-0.4422886902190503,0.8968727415326642,162,0.3485251533460664,-0.9372994278698248,-0.00079,-0.000709,-0.000372,-0.000313,-0.000351,
2023-06-11 22:30:00,2023-06-11,22,-0.3826834323650989,0.923879532511283,162,0.3483571878229418,-0.9373618669927276,-0.00134,-0.00124,-0.000986,-0.000937,-0.00125,
2023-06-11 22:45:00,2023-06-11,22,-0.3214394653032362,0.9469301294950804,162,0.3481892111136982,-0.937424276015946,-0.00157,-0.00138,-0.000889,-0.000761,-0.0012,
2023-06-11 23:00:00,2023-06-11,23,-0.2588190451025536,0.9659258262890594,162,0.3480212232237293,-0.9374866549374764,-0.00239,-0.0020499999999999,-0.00105,-0.000898,-0.00165,
2023-06-11 23:15:00,2023-06-11,23,-0.1950903220161177,0.9807852804032324,162,0.34785322415843,-0.9375490037553156,-0.00116,-0.000879,-0.000379,-0.000153,-0.000775,
2023-06-11 23:30:00,2023-06-11,23,-0.1305261922201092,0.9914448613738028,162,0.3476852139231946,-0.9376113224674616,-0.0014299999999999,-0.0011799999999999,-0.000541,-0.000356,-0.000968,
2023-06-11 23:45:00,2023-06-11,23,-0.0654031292301564,0.9978589232386026,162,0.3475171925234181,-0.9376736110719132,-0.000976,-0.000819,-0.000114,8.41e-05,-0.000351,
2023-06-12 00:00:00,2023-06-12,0,3.1375717283635774e-14,1.0,163,0.3473491599644954,-0.9377358695666704,-0.000806,-0.000546,0.000193,0.00031,-0.000146,
2023-06-12 00:15:00,2023-06-12,0,0.0654031292299921,0.9978589232386134,163,0.3471811162518234,-0.9377980979497336,-0.000562,-0.000514,0.000259,0.000203,0.000266,
2023-06-12 00:30:00,2023-06-12,0,0.130526192219946,0.9914448613738244,163,0.3470130613907967,-0.9378602962191048,-0.000256,-0.000301,-0.000234,-0.000264,-0.000206,
2023-06-12 00:45:00,2023-06-12,0,0.1950903220160678,0.9807852804032424,163,0.3468449953868123,-0.9379224643727871,-0.00182,-0.0015,-0.000772,-0.000711,-0.00117,
2023-06-12 01:00:00,2023-06-12,1,0.2588190451025044,0.9659258262890726,163,0.3466769182452675,-0.9379846024087838,-0.0011899999999999,-0.00108,-0.000396,-0.000485,-0.000441,
2023-06-12 01:15:00,2023-06-12,1,0.3214394653030803,0.9469301294951332,163,0.3465088299715591,-0.9380467103250996,-0.00213,-0.00185,-0.000917,-0.000937,-0.00136,
2023-06-12 01:30:00,2023-06-12,1,0.3826834323650518,0.9238795325113024,163,0.3463407305710844,-0.9381087881197402,-0.00179,-0.00156,-0.000917,-0.000872,-0.00132,
2023-06-12 01:45:00,2023-06-12,1,0.4422886902190046,0.8968727415326866,163,0.346172620049241,-0.9381708357907124,-0.00182,-0.00162,-0.000996,-0.000914,-0.00153,
2023-06-12 02:00:00,2023-06-12,2,0.4999999999999435,0.8660254037844712,163,0.3460044984114283,-0.9382328533360234,-0.0019299999999999,-0.0016699999999999,-0.000703,-0.000642,-0.00109,
2023-06-12 02:15:00,2023-06-12,2,0.5555702330195853,0.8314696123025566,163,0.3458363656630432,-0.9382948407536822,-0.00123,-0.000996,-0.000362,-0.00034,-0.00054,
2023-06-12 02:30:00,2023-06-12,2,0.60876142900874,0.7933533402912203,163,0.3456682218094855,-0.938356798041698,-0.00111,-0.000982,-0.000531,-0.000436,-0.000865,
2023-06-12 02:45:00,2023-06-12,2,0.6593458151001209,0.7518398074789318,163,0.3455000668561548,-0.9384187251980816,-0.0020099999999999,-0.00179,-0.000948,-0.000765,-0.00145,
2023-06-12 03:00:00,2023-06-12,3,0.7071067811864673,0.7071067811866277,163,0.3453319008084504,-0.938480622220844,-0.00206,-0.00183,-0.001,-0.000849,-0.0016899999999999,
2023-06-12 03:15:00,2023-06-12,3,0.7518398074789321,0.6593458151001205,163,0.3451637236717723,-0.938542489107998,-0.00173,-0.00151,-0.000858,-0.000615,-0.0014399999999999,
2023-06-12 03:30:00,2023-06-12,3,0.7933533402912206,0.6087614290087395,163,0.3449955354515203,-0.9386043258575568,-0.00084,-0.000635,-0.000121,3.44e-05,-0.000647,
2023-06-12 03:45:00,2023-06-12,3,0.8314696123024937,0.5555702330196793,163,0.3448273361530964,-0.9386661324675348,0.00182,0.0020499999999999,0.00231,0.00226,0.00181,
2023-06-12 04:00:00,2023-06-12,4,0.8660254037844146,0.5000000000000415,163,0.3446591257819001,-0.9387279089359474,0.00835,0.00843,0.00821,0.00773,0.0075899999999999,
2023-06-12 04:15:00,2023-06-12,4,0.8968727415326869,0.4422886902190042,163,0.3444909043433336,-0.9387896552608108,0.0179,0.0179,0.0167,0.0157,0.0163999999999999,
2023-06-12 04:30:00,2023-06-12,4,0.9238795325112592,0.3826834323651564,163,0.3443226718427995,-0.9388513714401422,0.0282,0.0281,0.0257,0.0241,0.0255,
2023-06-12 04:45:00,2023-06-12,4,0.9469301294950968,0.3214394653031875,163,0.3441544282856982,-0.93891305747196,0.0366,0.0364,0.0334,0.0312,0.0334,
2023-06-12 05:00:00,2023-06-12,5,0.9659258262890728,0.2588190451025039,163,0.3439861736774335,-0.9389747133542832,0.0445,0.139,0.0443,0.0452,0.0467999999999999,
2023-06-12 05:15:00,2023-06-12,5,0.9807852804032424,0.1950903220160672,163,0.3438179080234073,-0.9390363390851324,0.0511,0.183,0.0608,0.0528,0.0502,
2023-06-12 05:30:00,2023-06-12,5,0.9914448613737948,0.1305261922201709,163,0.3436496313290241,-0.939097934662528,0.0552,0.228,0.0802,0.0572,0.0562,
2023-06-12 05:45:00,2023-06-12,5,0.9978589232385986,0.0654031292302185,163,0.3434813435996859,-0.9391595000844928,0.0643,0.269,0.121,0.0619,0.148,
2023-06-12 06:00:00,2023-06-12,6,1.0,3.085800443533036e-14,163,0.3433130448407972,-0.9392210353490495,0.0685,0.318,0.166,0.0654,0.197,
2023-06-12 06:15:00,2023-06-12,6,0.99785892323861,-0.0654031292300435,163,0.3431447350577633,-0.939282540454222,0.0699,0.368,0.219,0.101,0.256,
2023-06-12 06:30:00,2023-06-12,6,0.9914448613738176,-0.130526192219997,163,0.3429764142559869,-0.939344015398036,0.0742,0.417,0.272,0.148,0.308,
2023-06-12 06:45:00,2023-06-12,6,0.9807852804032324,-0.1950903220161182,163,0.3428080824408744,-0.9394054601785168,0.0838,0.463,0.325,0.199,0.361,
2023-06-12 07:00:00,2023-06-12,7,0.9659258262890592,-0.2588190451025541,163,0.3426397396178303,-0.9394668747936914,0.105,0.499,0.371,0.245,0.406,
2023-06-12 07:15:00,2023-06-12,7,0.9469301294951168,-0.321439465303129,163,0.3424713857922614,-0.9395282592415876,0.121,0.545,0.424,0.296,0.46,
2023-06-12 07:30:00,2023-06-12,7,0.9238795325112829,-0.3826834323650994,163,0.3423030209695721,-0.9395896135202352,0.211,0.503,0.399,0.291,0.435,
2023-06-12 07:45:00,2023-06-12,7,0.8968727415326639,-0.4422886902190508,163,0.3421346451551696,-0.9396509376276628,0.112,0.637,0.532,0.396,0.571,
2023-06-12 08:00:00,2023-06-12,8,0.8660254037845023,-0.4999999999998897,163,0.3419662583544615,-0.939712231561902,0.123,0.69,0.593,0.452,0.631,
2023-06-12 08:15:00,2023-06-12,8,0.8314696123025911,-0.5555702330195336,163,0.3417978605728531,-0.9397734953209844,0.111,0.724,0.636,0.495,0.673,
2023-06-12 08:30:00,2023-06-12,8,0.7933533402912581,-0.6087614290086906,163,0.3416294518157532,-0.9398347289029428,0.127,0.747,0.657,0.521,0.694,
2023-06-12 08:45:00,2023-06-12,8,0.7518398074790478,-0.6593458150999886,163,0.3414610320885691,-0.9398959323058108,0.129,0.811,0.725,0.583,0.762,
2023-06-12 09:00:00,2023-06-12,9,0.7071067811865913,-0.7071067811865037,163,0.341292601396709,-0.939957105527623,0.119,0.838,0.765,0.622,0.802,
2023-06-12 09:15:00,2023-06-12,9,0.6593458151000818,-0.7518398074789661,163,0.3411241597455809,-0.9400182485664156,0.112,0.862,0.804,0.662,0.84,
2023-06-12 09:30:00,2023-06-12,9,0.6087614290086988,-0.7933533402912519,163,0.3409557071405941,-0.9400793614202246,0.126,0.9,0.844,0.704,0.882,
2023-06-12 09:45:00,2023-06-12,9,0.5555702330196366,-0.8314696123025223,163,0.3407872435871586,-0.9401404440870876,0.29,0.639,0.627,0.536,0.649,
2023-06-12 10:00:00,2023-06-12,10,0.499999999999997,-0.8660254037844404,163,0.3406187690906823,-0.940201496565044,0.218,0.908,0.917,0.792,0.946,
2023-06-12 10:15:00,2023-06-12,10,0.442288690218958,-0.8968727415327097,163,0.3404502836565763,-0.9402625188521324,0.318,1.01,0.981,0.84,1.02,
2023-06-12 10:30:00,2023-06-12,10,0.3826834323652139,-0.9238795325112352,163,0.3402817872902505,-0.9403235109463938,0.345,0.662,0.653,0.562,0.676,
2023-06-12 10:45:00,2023-06-12,10,0.3214394653032464,-0.9469301294950768,163,0.3401132799971151,-0.9403844728458696,0.11,0.97,0.951,0.821,0.991,
2023-06-12 11:00:00,2023-06-12,11,0.258819045102564,-0.9659258262890568,163,0.3399447617825817,-0.940445404548602,0.109,0.969,0.95,0.824,0.99,
2023-06-12 11:15:00,2023-06-12,11,0.1950903220162398,-0.9807852804032082,163,0.3397762326520614,-0.9405063060526349,0.251,1.07,0.989,0.851,1.04,
2023-06-12 11:30:00,2023-06-12,11,0.1305261922201199,-0.9914448613738014,163,0.3396076926109658,-0.940567177356012,0.339,0.903,0.823,0.714,0.872,
2023-06-12 11:45:00,2023-06-12,11,0.0654031292301672,-0.997858923238602,163,0.3394391416647064,-0.9406280184567796,0.3,0.327,0.313,0.285,0.324,
2023-06-12 12:00:00,2023-06-12,12,-2.0595111567319542e-14,-1.0,163,0.3392705798186964,-0.940688829352983,0.292,0.318,0.307,0.276,0.319,
2023-06-12 12:15:00,2023-06-12,12,-0.0654031292300948,-0.9978589232386068,163,0.3391020070783481,-0.94074961004267,0.256,0.573,0.568,0.507,0.591,
2023-06-12 12:30:00,2023-06-12,12,-0.130526192220048,-0.9914448613738108,163,0.3389334234490741,-0.9408103605238892,0.263,0.735,0.724,0.646,0.756,
2023-06-12 12:45:00,2023-06-12,12,-0.1950903220161687,-0.9807852804032224,163,0.3387648289362888,-0.9408710807946894,0.305,0.368,0.348,0.312,0.359,
2023-06-12 13:00:00,2023-06-12,13,-0.2588190451023842,-0.9659258262891048,163,0.3385962235454053,-0.9409317708531209,0.315,0.677,0.607,0.541,0.644,
2023-06-12 13:15:00,2023-06-12,13,-0.3214394653030701,-0.9469301294951368,163,0.3384276072818378,-0.9409924306972348,0.324,0.751,0.679,0.607,0.728,
2023-06-12 13:30:00,2023-06-12,13,-0.3826834323650419,-0.9238795325113066,163,0.3382589801510003,-0.9410530603250834,0.294,0.891,0.79,0.705,0.846,
2023-06-12 13:45:00,2023-06-12,13,-0.442288690218995,-0.8968727415326914,163,0.3380903421583086,-0.9411136597347196,0.337,0.718,0.658,0.595,0.698,
2023-06-12 14:00:00,2023-06-12,14,-0.4999999999999342,-0.8660254037844766,163,0.3379216933091772,-0.941174228924198,0.319,0.494,0.426,0.381,0.458,
2023-06-12 14:15:00,2023-06-12,14,-0.5555702330195763,-0.8314696123025626,163,0.3377530336090213,-0.941234767891573,0.264,0.281,0.258,0.239,0.271,
2023-06-12 14:30:00,2023-06-12,14,-0.6087614290087314,-0.7933533402912268,163,0.3375843630632575,-0.941295276634901,0.259,0.305,0.283,0.262,0.295,
2023-06-12 14:45:00,2023-06-12,14,-0.6593458151000273,-0.7518398074790139,163,0.3374156816773017,-0.9413557551522388,0.235,0.234,0.215,0.199,0.222,
2023-06-12 15:00:00,2023-06-12,15,-0.7071067811865401,-0.707106781186555,163,0.3372469894565703,-0.9414162034416446,0.192,0.372,0.304,0.277,0.33,
2023-06-12 15:15:00,2023-06-12,15,-0.751839807479,-0.6593458151000431,163,0.3370782864064797,-0.9414766215011774,0.204,0.291,0.239,0.219,0.259,
2023-06-12 15:30:00,2023-06-12,15,-0.7933533402911449,-0.6087614290088383,163,0.3369095725324487,-0.9415370093288966,0.228,0.606,0.437,0.387,0.5,
2023-06-12 15:45:00,2023-06-12,15,-0.8314696123024877,-0.5555702330196883,163,0.3367408478398929,-0.9415973669228638,0.168,0.566,0.385,0.344,0.45,
2023-06-12 16:00:00,2023-06-12,16,-0.8660254037844093,-0.500000000000051,163,0.3365721123342313,-0.9416576942811404,0.225,0.219,0.188,0.175,0.197,
2023-06-12 16:15:00,2023-06-12,16,-0.8968727415326821,-0.4422886902190138,163,0.3364033660208824,-0.9417179914017892,0.16,0.157,0.145,0.137,0.149,
2023-06-12 16:30:00,2023-06-12,16,-0.923879532511255,-0.3826834323651664,163,0.3362346089052644,-0.941778258282874,0.195,0.209,0.158,0.146,0.174,
2023-06-12 16:45:00,2023-06-12,16,-0.9469301294950934,-0.3214394653031977,163,0.3360658409927965,-0.94183849492246,0.152,0.154,0.134,0.127,0.142,
2023-06-12 17:00:00,2023-06-12,17,-0.96592582628907,-0.2588190451025143,163,0.3358970622888974,-0.9418987013186124,0.102,0.249,0.114,0.099,0.153,
2023-06-12 17:15:00,2023-06-12,17,-0.9807852804032184,-0.1950903220161893,163,0.3357282727989881,-0.941958877469398,0.0765999999999999,0.231,0.0767,0.0679,0.109,
2023-06-12 17:30:00,2023-06-12,17,-0.9914448613738082,-0.1305261922200689,163,0.3355594725284868,-0.9420190233728848,0.0673,0.178,0.0591,0.0533,0.0658,
2023-06-12 17:45:00,2023-06-12,17,-0.9978589232386053,-0.0654031292301158,163,0.3353906614828149,-0.9420791390271414,0.0442,0.106,0.0407999999999999,0.0384,0.0434,
2023-06-12 18:00:00,2023-06-12,18,-1.0,7.204822756996945e-14,163,0.3352218396673934,-0.9421392244302368,0.0312,0.0322,0.0282,0.0277,0.0277,
2023-06-12 18:15:00,2023-06-12,18,-0.9978589232386108,0.0654031292300327,163,0.3350530070876429,-0.9421992795802424,0.0261,0.0256,0.0245,0.0236,0.024,
2023-06-12 18:30:00,2023-06-12,18,-0.991444861373819,0.1305261922199863,163,0.3348841637489849,-0.9422593044752294,0.0211,0.0209,0.0186999999999999,0.0178,0.0181,
2023-06-12 18:45:00,2023-06-12,18,-0.9807852804032344,0.1950903220161076,163,0.3347153096568407,-0.9423192991132704,0.00658,0.00673,0.0068,0.0065899999999999,0.0058099999999999,
2023-06-12 19:00:00,2023-06-12,19,-0.9659258262890916,0.2588190451024339,163,0.3345464448166335,-0.9423792634924388,-0.000682,-0.000585,0.000924,0.000833,-0.000308,
2023-06-12 19:15:00,2023-06-12,19,-0.94693012949512,0.3214394653031188,163,0.3343775692337842,-0.9424391976108092,-0.00273,-0.00243,-0.000903,-0.000814,-0.00188,
2023-06-12 19:30:00,2023-06-12,19,-0.9238795325112868,0.3826834323650894,163,0.3342086829137164,-0.9424991014664572,-0.0027,-0.00239,-0.00107,-0.00104,-0.00207,
2023-06-12 19:45:00,2023-06-12,19,-0.8968727415327189,0.4422886902189392,163,0.334039785861854,-0.9425589750574586,-0.00232,-0.00199,-0.000848,-0.000665,-0.0018,
2023-06-12 20:00:00,2023-06-12,20,-0.8660254037844509,0.4999999999999788,163,0.3338708780836188,-0.9426188183818917,-0.00228,-0.0019299999999999,-0.000779,-0.000791,-0.00182,
2023-06-12 20:15:00,2023-06-12,20,-0.8314696123025339,0.555570233019619,163,0.3337019595844359,-0.942678631437834,-0.00224,-0.00187,-0.000634,-0.000577,-0.00163,
2023-06-12 20:30:00,2023-06-12,20,-0.7933533402911955,0.6087614290087723,163,0.3335330303697286,-0.9427384142233656,-0.00211,-0.00173,-0.000634,-0.000512,-0.00156,
2023-06-12 20:45:00,2023-06-12,20,-0.7518398074790549,0.6593458150999805,163,0.3333640904449226,-0.942798166736566,-0.00225,-0.00182,-0.000651,-0.00068,-0.00171,
2023-06-12 21:00:00,2023-06-12,21,-0.707106781186599,0.7071067811864961,163,0.3331951398154411,-0.9428578889755173,-0.00174,-0.00135,-0.000617,-0.000191,-0.00126,
2023-06-12 21:15:00,2023-06-12,21,-0.6593458151000899,0.751839807478959,163,0.3330261784867102,-0.9429175809383012,-0.00187,-0.00155,-0.000641,-0.000245,-0.0011799999999999,
2023-06-12 21:30:00,2023-06-12,21,-0.6087614290087975,0.7933533402911762,163,0.3328572064641562,-0.942977242623001,-0.00208,-0.00175,-0.000748,-0.000409,-0.00136,
2023-06-12 21:45:00,2023-06-12,21,-0.5555702330196456,0.8314696123025163,163,0.3326882237532032,-0.9430368740277012,-0.00211,-0.00174,-0.000807,-0.000451,-0.00135,
2023-06-12 22:00:00,2023-06-12,22,-0.5000000000000063,0.8660254037844349,163,0.3325192303592788,-0.9430964751504868,-0.00209,-0.00175,-0.000831,-0.000474,-0.00156,
2023-06-12 22:15:00,2023-06-12,22,-0.4422886902190697,0.8968727415326546,163,0.3323502262878092,-0.943156045989444,-0.0022,-0.0019299999999999,-0.000831,-0.000711,-0.00165,
2023-06-12 22:30:00,2023-06-12,22,-0.3826834323651188,0.9238795325112747,163,0.3321812115442211,-0.9432155865426596,-0.0016,-0.00126,-0.000531,-0.000233,-0.000805,
2023-06-12 22:45:00,2023-06-12,22,-0.321439465303149,0.94693012949511,163,0.3320121861339414,-0.9432750968082222,-0.00106,-0.000801,-0.000169,-0.000203,-3.43e-05,
2023-06-12 23:00:00,2023-06-12,23,-0.2588190451024647,0.9659258262890832,163,0.3318431500623982,-0.9433345767842206,-0.000443,-0.000365,0.000228,9.56e-05,0.000656,
2023-06-12 23:15:00,2023-06-12,23,-0.1950903220162504,0.980785280403206,163,0.3316741033350202,-0.9433940264687446,0.000649,0.000564,0.000369,0.000382,0.000677,
2023-06-12 23:30:00,2023-06-12,23,-0.1305261922200179,0.9914448613738148,163,0.3315050459572339,-0.9434534458598856,3.72e-05,9.22e-05,7.240000000000001e-05,0.000122,0.000257,
2023-06-12 23:45:00,2023-06-12,23,-0.0654031292300645,0.9978589232386088,163,0.3313359779344693,-0.9435128349557356,-8.68e-05,-0.000117,9.65e-05,9.17e-05,0.000137,
2023-06-13 00:00:00,2023-06-13,0,-1.0387233187061273e-13,1.0,164,0.331166899272155,-0.943572193754387,-0.00175,-0.00161,-0.000779,-0.000883,-0.00116,
2023-06-13 00:15:00,2023-06-13,0,0.0654031292300841,0.9978589232386074,164,0.33099780997572,-0.9436315222539342,-0.000893,-0.00083,-0.000521,-0.000589,-0.000775,
2023-06-13 00:30:00,2023-06-13,0,0.1305261922200374,0.9914448613738124,164,0.3308287100505938,-0.9436908204524722,-0.00182,-0.00148,-0.000786,-0.000795,-0.00114,
2023-06-13 00:45:00,2023-06-13,0,0.1950903220161581,0.9807852804032244,164,0.3306595995022067,-0.9437500883480966,-0.00186,-0.00162,-0.000662,-0.000742,-0.00103,
2023-06-13 01:00:00,2023-06-13,1,0.2588190451023738,0.9659258262891076,164,0.3304904783359899,-0.943809325938904,-0.000678,-0.000663,-0.000183,-0.000237,-0.000381,
2023-06-13 01:15:00,2023-06-13,1,0.3214394653030599,0.9469301294951402,164,0.3303213465573723,-0.943868533222993,-0.0028399999999999,-0.0023,-0.000951,-0.000868,-0.00146,
2023-06-13 01:30:00,2023-06-13,1,0.3826834323650319,0.9238795325113108,164,0.3301522041717862,-0.9439277101984618,-0.00216,-0.0019299999999999,-0.00105,-0.00105,-0.00151,
2023-06-13 01:45:00,2023-06-13,1,0.4422886902189853,0.8968727415326961,164,0.3299830511846625,-0.94398685686341,-0.00279,-0.00239,-0.00103,-0.000929,-0.00166,
2023-06-13 02:00:00,2023-06-13,2,0.5000000000000233,0.8660254037844252,164,0.329813887601433,-0.944045973215939,-0.00218,-0.00185,-0.00092,-0.000768,-0.00149,
2023-06-13 02:15:00,2023-06-13,2,0.5555702330196619,0.8314696123025054,164,0.3296447134275291,-0.94410505925415,-0.0020299999999999,-0.00184,-0.000807,-0.00073,-0.00128,
2023-06-13 02:30:00,2023-06-13,2,0.6087614290086327,0.7933533402913027,164,0.3294755286683842,-0.9441641149761458,-0.00215,-0.00191,-0.000872,-0.000852,-0.00129,
2023-06-13 02:45:00,2023-06-13,2,0.6593458151000192,0.751839807479021,164,0.3293063333294304,-0.94422314038003,-0.0025,-0.00227,-0.000872,-0.000998,-0.00129,
2023-06-13 03:00:00,2023-06-13,3,0.7071067811865325,0.7071067811865626,164,0.3291371274161004,-0.9442821354639076,-0.00409,-0.00341,-0.000745,-0.00099,-0.00111,
2023-06-13 03:15:00,2023-06-13,3,0.7518398074789929,0.6593458151000512,164,0.3289679109338285,-0.9443411002258838,-0.0011799999999999,-0.000901,-0.00103,-0.000745,-0.0015,
2023-06-13 03:30:00,2023-06-13,3,0.7933533402911382,0.6087614290088469,164,0.328798683888048,-0.9444000346640652,-0.0035,-0.00267,-0.000493,-0.000378,-0.0011899999999999,
2023-06-13 03:45:00,2023-06-13,3,0.8314696123024817,0.5555702330196973,164,0.3286294462841928,-0.9444589387765594,-0.000732,7.09e-05,0.00158,0.00157,0.000951,
2023-06-13 04:00:00,2023-06-13,4,0.8660254037844038,0.5000000000000603,164,0.328460198127697,-0.9445178125614752,0.00624,0.00631,0.00533,0.00479,0.00514,
2023-06-13 04:15:00,2023-06-13,4,0.8968727415326774,0.4422886902190235,164,0.3282909394239962,-0.9445766560169218,0.0148,0.0146,0.0126,0.0114,0.0130999999999999,
2023-06-13 04:30:00,2023-06-13,4,0.9238795325112944,0.3826834323650713,164,0.3281216701785249,-0.9446354691410096,0.0149,0.0146,0.0143,0.0134,0.0141999999999999,
2023-06-13 04:45:00,2023-06-13,4,0.9469301294951264,0.3214394653031002,164,0.3279523903967183,-0.9446942519318504,0.031,0.0304,0.0269,0.025,0.0278999999999999,
2023-06-13 05:00:00,2023-06-13,5,0.9659258262890966,0.2588190451024149,164,0.3277831000840128,-0.9447530043875564,0.0303,0.0322,0.0261,0.0238999999999999,0.0269,
2023-06-13 05:15:00,2023-06-13,5,0.9807852804032162,0.1950903220161999,164,0.3276137992458443,-0.9448117265062408,0.0814,0.0818,0.0537,0.0442,0.0586,
2023-06-13 05:30:00,2023-06-13,5,0.9914448613738068,0.1305261922200796,164,0.327444487887649,-0.9448704182860184,0.0897999999999999,0.0925999999999999,0.0647,0.0544,0.0694,
2023-06-13 05:45:00,2023-06-13,5,0.9978589232386046,0.0654031292301266,164,0.3272751660148634,-0.9449290797250044,0.15,0.163,0.108,0.0874,0.119,
2023-06-13 06:00:00,2023-06-13,6,1.0,1.661060535895789e-13,164,0.3271058336329254,-0.9449877108213148,0.188,0.208,0.148,0.117,0.161,
2023-06-13 06:15:00,2023-06-13,6,0.9978589232386116,-0.0654031292300219,164,0.3269364907472719,-0.9450463115730672,0.181,0.219,0.164,0.126,0.176,
2023-06-13 06:30:00,2023-06-13,6,0.9914448613738204,-0.1305261922199757,164,0.3267671373633405,-0.94510488197838,0.152,0.174,0.148,0.121,0.155,
2023-06-13 06:45:00,2023-06-13,6,0.9807852804032366,-0.1950903220160971,164,0.3265977734865704,-0.945163422035372,0.198,0.35,0.266,0.193,0.287,
2023-06-13 07:00:00,2023-06-13,7,0.9659258262890648,-0.2588190451025333,164,0.3264283991223984,-0.945221931742164,0.195,0.413,0.321,0.233,0.346,
2023-06-13 07:15:00,2023-06-13,7,0.9469301294950871,-0.3214394653032162,164,0.3262590142762646,-0.9452804110968768,0.188,0.464,0.365,0.267,0.393,
2023-06-13 07:30:00,2023-06-13,7,0.9238795325112475,-0.3826834323651845,164,0.3260896189536073,-0.9453388600976323,0.175,0.54,0.435,0.322,0.468,
2023-06-13 07:45:00,2023-06-13,7,0.8968727415327237,-0.4422886902189294,164,0.3259202131598667,-0.9453972787425544,0.148,0.624,0.52,0.391,0.556,
2023-06-13 08:00:00,2023-06-13,8,0.8660254037844562,-0.4999999999999694,164,0.3257507969004823,-0.9454556670297664,0.128,0.679,0.582,0.447,0.619,
2023-06-13 08:15:00,2023-06-13,8,0.8314696123025399,-0.5555702330196102,164,0.3255813701808938,-0.9455140249573942,0.133,0.737,0.646,0.506,0.683,
2023-06-13 08:30:00,2023-06-13,8,0.7933533402913405,-0.6087614290085833,164,0.3254119330065428,-0.945572352523563,0.157,0.786,0.7,0.559,0.738,
2023-06-13 08:45:00,2023-06-13,8,0.751839807479062,-0.6593458150999724,164,0.3252424853828685,-0.9456306497264008,0.16,0.822,0.751,0.608,0.787,
2023-06-13 09:00:00,2023-06-13,9,0.7071067811866066,-0.7071067811864885,164,0.3250730273153134,-0.9456889165640344,0.165,0.849,0.78,0.638,0.816,
2023-06-13 09:15:00,2023-06-13,9,0.659345815100098,-0.7518398074789518,164,0.3249035588093185,-0.945747153034594,0.159,0.863,0.809,0.669,0.843,
2023-06-13 09:30:00,2023-06-13,9,0.6087614290087159,-0.7933533402912388,164,0.3247340798703251,-0.945805359136209,0.281,0.716,0.685,0.576,0.709,
2023-06-13 09:45:00,2023-06-13,9,0.55557023301956,-0.8314696123025734,164,0.3245645905037763,-0.9458635348670102,0.294,0.957,0.962,0.819,0.992,
2023-06-13 10:00:00,2023-06-13,10,0.4999999999999172,-0.8660254037844864,164,0.3243950907151137,-0.94592168022513,0.253,0.933,0.954,0.825,0.979,
2023-06-13 10:15:00,2023-06-13,10,0.4422886902190793,-0.8968727415326498,164,0.3242255805097814,-0.9459797952087008,0.15,0.954,0.946,0.812,0.98,
2023-06-13 10:30:00,2023-06-13,10,0.3826834323651288,-0.9238795325112706,164,0.3240560598932208,-0.9460378798158566,0.149,0.968,0.965,0.835,0.999,
2023-06-13 10:45:00,2023-06-13,10,0.3214394653031592,-0.9469301294951064,164,0.3238865288708768,-0.9460959340447324,0.343,0.775,0.763,0.665,0.792,
2023-06-13 11:00:00,2023-06-13,11,0.2588190451026947,-0.9659258262890216,164,0.3237169874481926,-0.946153957893464,0.16,0.962,0.967,0.849,1.0,
2023-06-13 11:15:00,2023-06-13,11,0.1950903220162609,-0.980785280403204,164,0.3235474356306121,-0.946211951360188,0.214,1.03,1.05,0.931,1.09,
2023-06-13 11:30:00,2023-06-13,11,0.1305261922201413,-0.9914448613737986,164,0.3233778734235806,-0.9462699144430424,0.162,0.998,0.99,0.875,1.03,
2023-06-13 11:45:00,2023-06-13,11,0.0654031292301887,-0.9978589232386004,164,0.323208300832542,-0.9463278471401658,0.344,0.772,0.775,0.691,0.805,
2023-06-13 12:00:00,2023-06-13,12,9.660998653129386e-16,-1.0,164,0.3230387178629428,-0.9463857494496978,0.328,0.465,0.43,0.378,0.451,
2023-06-13 12:15:00,2023-06-13,12,-0.0654031292301867,-0.9978589232386006,164,0.3228691245202267,-0.9464436213697792,0.164,0.163,0.126,0.107,0.136,
2023-06-13 12:30:00,2023-06-13,12,-0.1305261922201394,-0.9914448613737988,164,0.322699520809841,-0.946501462898552,0.166,0.164,0.155,0.144,0.159,
2023-06-13 12:45:00,2023-06-13,12,-0.195090322016036,-0.9807852804032487,164,0.3225299067372312,-0.9465592740341584,0.292,0.289,0.28,0.254,0.29,
2023-06-13 13:00:00,2023-06-13,13,-0.2588190451024732,-0.9659258262890812,164,0.3223602823078434,-0.9466170547747425,0.321,0.316,0.313,0.283,0.322,
2023-06-13 13:15:00,2023-06-13,13,-0.3214394653031573,-0.9469301294951072,164,0.3221906475271254,-0.946674805118448,0.275,0.272,0.245,0.222,0.256,
2023-06-13 13:30:00,2023-06-13,13,-0.382683432364917,-0.9238795325113583,164,0.3220210024005239,-0.9467325250634212,0.35,0.945,0.864,0.775,0.918,
2023-06-13 13:45:00,2023-06-13,13,-0.4422886902188737,-0.8968727415327512,164,0.3218513469334863,-0.9467902146078088,0.163,0.874,0.812,0.737,0.86,
2023-06-13 14:00:00,2023-06-13,14,-0.4999999999999155,-0.8660254037844874,164,0.32168168113146,-0.946847873749758,0.217,0.703,0.639,0.582,0.679,
2023-06-13 14:15:00,2023-06-13,14,-0.5555702330195584,-0.8314696123025745,164,0.3215120049998941,-0.9469055024874172,0.371,0.599,0.547,0.496,0.579,
2023-06-13 14:30:00,2023-06-13,14,-0.6087614290087143,-0.79335334029124,164,0.3213423185442365,-0.946963100818936,0.515,0.778,0.607,0.531,0.668,
2023-06-13 14:45:00,2023-06-13,14,-0.6593458151000966,-0.7518398074789531,164,0.3211726217699358,-0.947020668742465,0.217,0.741,0.59,0.529,0.654,
2023-06-13 15:00:00,2023-06-13,15,-0.7071067811866052,-0.7071067811864898,164,0.3210029146824417,-0.9470782062561556,0.219,0.57,0.438,0.393,0.488,
2023-06-13 15:15:00,2023-06-13,15,-0.7518398074789108,-0.6593458151001448,164,0.3208331972872035,-0.9471357133581598,0.117,0.601,0.461,0.415,0.519,
2023-06-13 15:30:00,2023-06-13,15,-0.793353340291201,-0.6087614290087653,164,0.3206634695896709,-0.9471931900466316,0.121,0.554,0.409,0.369,0.467,
2023-06-13 15:45:00,2023-06-13,15,-0.8314696123025389,-0.5555702330196117,164,0.3204937315952937,-0.947250636319725,0.171,0.426,0.297,0.267,0.341,
2023-06-13 16:00:00,2023-06-13,16,-0.8660254037844554,-0.4999999999999711,164,0.3203239833095231,-0.9473080521755952,0.169,0.533,0.329,0.291,0.397,
2023-06-13 16:15:00,2023-06-13,16,-0.8968727415326223,-0.4422886902191351,164,0.3201542247378095,-0.9473654376123988,0.148,0.415,0.24,0.213,0.293,
2023-06-13 16:30:00,2023-06-13,16,-0.9238795325112468,-0.3826834323651863,164,0.3199844558856037,-0.9474227926282932,0.163,0.294,0.179,0.159,0.211,
2023-06-13 16:45:00,2023-06-13,16,-0.9469301294950864,-0.3214394653032181,164,0.3198146767583579,-0.9474801172214364,0.132,0.312,0.153,0.133,0.197,
2023-06-13 17:00:00,2023-06-13,17,-0.9659258262890644,-0.2588190451025352,164,0.3196448873615234,-0.9475374113899878,0.0895,0.27,0.107,0.0897999999999999,0.151,
2023-06-13 17:15:00,2023-06-13,17,-0.9807852804032364,-0.195090322016099,164,0.3194750877005525,-0.9475946751321076,0.0917,0.135,0.0736,0.068,0.0833,
2023-06-13 17:30:00,2023-06-13,17,-0.9914448613738202,-0.1305261922199776,164,0.3193052777808972,-0.9476519084459568,0.0647,0.182,0.0624,0.0565,0.0688,
2023-06-13 17:45:00,2023-06-13,17,-0.9978589232385964,-0.0654031292302508,164,0.319135457608011,-0.9477091113296976,0.054,0.105,0.046,0.0433,0.0477999999999999,
2023-06-13 18:00:00,2023-06-13,18,-1.0,-6.319982158427908e-14,164,0.3189656271873466,-0.9477662837814936,0.0276,0.0276,0.0261,0.0243999999999999,0.0252,
2023-06-13 18:15:00,2023-06-13,18,-0.9978589232386048,0.0654031292301246,164,0.3187957865243571,-0.9478234257995084,0.022,0.022,0.0186,0.0173,0.0184,
2023-06-13 18:30:00,2023-06-13,18,-0.9914448613738068,0.1305261922200777,164,0.3186259356244971,-0.9478805373819076,0.0112,0.0113,0.0111,0.0106,0.0104,
2023-06-13 18:45:00,2023-06-13,18,-0.980785280403261,0.195090322015975,164,0.3184560744932202,-0.9479376185268568,0.00475,0.00477,0.0047599999999999,0.0045899999999999,0.00377,
2023-06-13 19:00:00,2023-06-13,19,-0.9659258262890972,0.2588190451024131,164,0.3182862031359809,-0.9479946692325232,-6.62e-05,5.3200000000000006e-05,0.000741,0.000635,-0.000116,
2023-06-13 19:15:00,2023-06-13,19,-0.9469301294951272,0.3214394653030984,164,0.3181163215582334,-0.9480516894970752,-0.0020099999999999,-0.0016699999999999,-0.000769,-0.000528,-0.0014299999999999,
2023-06-13 19:30:00,2023-06-13,19,-0.9238795325112952,0.3826834323650695,164,0.3179464297654338,-0.9481086793186811,-0.00191,-0.0016,-0.000893,-0.00055,-0.00163,
2023-06-13 19:45:00,2023-06-13,19,-0.8968727415326782,0.4422886902190218,164,0.3177765277630369,-0.9481656386955118,-0.00282,-0.0023799999999999,-0.000707,-0.000719,-0.00174,
2023-06-13 20:00:00,2023-06-13,20,-0.8660254037844048,0.5000000000000586,164,0.3176066155564981,-0.9482225676257378,-0.0021,-0.00163,-0.000762,-0.000356,-0.00156,
2023-06-13 20:15:00,2023-06-13,20,-0.8314696123026091,0.5555702330195066,164,0.3174366931512749,-0.9482794661075308,-0.00179,-0.00122,-0.000979,-0.000447,-0.0020299999999999,
2023-06-13 20:30:00,2023-06-13,20,-0.7933533402912779,0.6087614290086649,164,0.3172667605528216,-0.948336334139064,-0.0033,-0.00308,-0.00109,-0.00153,-0.0020499999999999,
2023-06-13 20:45:00,2023-06-13,20,-0.7518398074789941,0.6593458151000497,164,0.3170968177665966,-0.9483931717185112,-0.0045,-0.00409,-0.000865,-0.000959,-0.00196,
2023-06-13 21:00:00,2023-06-13,21,-0.7071067811865338,0.7071067811865612,164,0.3169268647980558,-0.948449978844048,-0.00231,-0.00214,-0.000951,-0.00114,-0.00181,
2023-06-13 21:15:00,2023-06-13,21,-0.6593458151001916,0.7518398074788698,164,0.3167569016526576,-0.9485067555138492,-0.0026,-0.00219,-0.00071,-0.000722,-0.0017,
2023-06-13 21:30:00,2023-06-13,21,-0.6087614290088146,0.7933533402911631,164,0.3165869283358591,-0.948563501726092,-0.00172,-0.00128,-0.000607,-0.000474,-0.00152,
2023-06-13 21:45:00,2023-06-13,21,-0.5555702330196635,0.8314696123025043,164,0.316416944853118,-0.9486202174789544,-0.00228,-0.00187,-0.000579,-0.000577,-0.00164,
2023-06-13 22:00:00,2023-06-13,22,-0.500000000000025,0.8660254037844242,164,0.316246951209894,-0.948676902770615,-0.00256,-0.00184,-0.000572,-0.000413,-0.00157,
2023-06-13 22:15:00,2023-06-13,22,-0.442288690218987,0.8968727415326954,164,0.316076947411644,-0.948733557599254,-0.00048,-0.000294,-0.000376,-6.12e-05,-0.00111,
2023-06-13 22:30:00,2023-06-13,22,-0.3826834323650337,0.92387953251131,164,0.3159069334638282,-0.9487901819630516,-0.000897,-0.000652,-6.890000000000001e-05,0.000283,-0.000373,
2023-06-13 22:45:00,2023-06-13,22,-0.3214394653030617,0.9469301294951395,164,0.3157369093719053,-0.9488467758601898,-0.000889,-0.000766,-0.000145,0.000107,-0.000621,
2023-06-13 23:00:00,2023-06-13,23,-0.2588190451025953,0.9659258262890484,164,0.3155668751413356,-0.9489033392888512,-0.000749,-0.000507,-0.000159,0.000237,-0.00033,
2023-06-13 23:15:00,2023-06-13,23,-0.19509032201616,0.980785280403224,164,0.3153968307775786,-0.9489598722472196,-0.00252,-0.00198,-0.00122,-0.000799,-0.00163,
2023-06-13 23:30:00,2023-06-13,23,-0.1305261922200393,0.991444861373812,164,0.3152267762860944,-0.9490163747334798,-0.00187,-0.00154,-0.000465,-0.000646,-0.00112,
2023-06-13 23:45:00,2023-06-13,23,-0.0654031292303129,0.9978589232385924,164,0.3150567116723448,-0.9490728467458168,-0.00136,-0.0013,-0.000458,-0.000417,-0.00113,
2023-06-14 00:00:00,2023-06-14,0,-1.254335433032452e-13,1.0,165,0.314886636941789,-0.9491292882824184,-0.00127,-0.00111,-0.000248,-0.000103,-0.000904,
2023-06-14 00:15:00,2023-06-14,0,0.0654031292300625,0.9978589232386088,165,0.3147165520998897,-0.949185699341471,-0.00129,-0.00104,-0.000355,-0.000172,-0.00115,
2023-06-14 00:30:00,2023-06-14,0,0.130526192220016,0.991444861373815,165,0.3145464571521079,-0.9492420799211638,-0.00158,-0.0012,-0.00029,-0.000264,-0.00108,
2023-06-14 00:45:00,2023-06-14,0,0.195090322016137,0.9807852804032288,165,0.3143763521039052,-0.9492984300196864,-0.00218,-0.0017,-0.000376,-0.000455,-0.00133,
2023-06-14 01:00:00,2023-06-14,1,0.2588190451025726,0.9659258262890544,165,0.3142062369607447,-0.949354749635229,-0.0030499999999999,-0.00258,-0.000758,-0.000807,-0.00185,
2023-06-14 01:15:00,2023-06-14,1,0.3214394653032548,0.946930129495074,165,0.3140361117280882,-0.9494110387659834,0.000658,0.000947,-0.000624,0.00026,-0.00122,
2023-06-14 01:30:00,2023-06-14,1,0.382683432365012,0.9238795325113188,165,0.3138659764113997,-0.9494672974101418,-0.0047199999999999,-0.00416,-0.000655,-0.0012,-0.00139,
2023-06-14 01:45:00,2023-06-14,1,0.442288690218966,0.8968727415327057,165,0.3136958310161409,-0.949523525565898,-0.00228,-0.00188,-0.000969,-0.000554,-0.00177,
2023-06-14 02:00:00,2023-06-14,2,0.5000000000000047,0.8660254037844359,165,0.3135256755477765,-0.9495797232314463,-0.00234,-0.0019,-0.000845,-0.000497,-0.00174,
2023-06-14 02:15:00,2023-06-14,2,0.5555702330194549,0.8314696123026437,165,0.31335551001177,-0.9496358904049824,-0.00271,-0.00231,-0.000979,-0.00107,-0.0022299999999999,
2023-06-14 02:30:00,2023-06-14,2,0.6087614290086156,0.7933533402913158,165,0.3131853344135852,-0.9496920270847022,-0.00243,-0.002,-0.000869,-0.00083,-0.0019,
2023-06-14 02:45:00,2023-06-14,2,0.659345815100003,0.7518398074790352,165,0.3130151487586874,-0.9497481332688034,-0.0023599999999999,-0.0019,-0.000745,-0.000738,-0.00163,
2023-06-14 03:00:00,2023-06-14,3,0.7071067811865173,0.7071067811865779,165,0.3128449530525407,-0.9498042089554845,-0.00275,-0.00214,-0.000414,-0.00065,-0.00159,
2023-06-14 03:15:00,2023-06-14,3,0.7518398074789786,0.6593458151000674,165,0.3126747473006114,-0.9498602541429444,-0.00146,-0.00102,-0.000452,-0.000203,-0.00136,
2023-06-14 03:30:00,2023-06-14,3,0.7933533402912636,0.6087614290086836,165,0.3125045315083635,-0.9499162688293838,-0.000728,-6.379999999999999e-05,0.00051,0.000657,-0.000514,
2023-06-14 03:45:00,2023-06-14,3,0.8314696123025961,0.5555702330195261,165,0.3123343056812638,-0.949972253013004,0.0038,0.00418,0.00329,0.00293,0.00296,
2023-06-14 04:00:00,2023-06-14,4,0.8660254037843931,0.5000000000000789,165,0.3121640698247782,-0.9500282066920072,0.00795,0.00816,0.0072,0.00696,0.00684,
2023-06-14 04:15:00,2023-06-14,4,0.8968727415326678,0.4422886902190429,165,0.3119938239443726,-0.9500841298645968,0.0189,0.0186999999999999,0.0159,0.0146,0.0163,
2023-06-14 04:30:00,2023-06-14,4,0.9238795325112862,0.3826834323650912,165,0.3118235680455148,-0.9501400225289768,0.0237,0.0241,0.0208,0.0186,0.0209,
2023-06-14 04:45:00,2023-06-14,4,0.9469301294950464,0.321439465303336,165,0.3116533021336714,-0.9501958846833524,0.0377,0.0378,0.0306999999999999,0.0283,0.031,
2023-06-14 05:00:00,2023-06-14,5,0.9659258262890322,0.2588190451026554,165,0.3114830262143097,-0.95025171632593,0.0886,0.0940999999999999,0.0659,0.058,0.0701,
2023-06-14 05:15:00,2023-06-14,5,0.980785280403212,0.195090322016221,165,0.3113127402928971,-0.9503075174549168,0.126,0.243,0.103,0.0846,0.101,
2023-06-14 05:30:00,2023-06-14,5,0.991444861373804,0.130526192220101,165,0.3111424443749026,-0.950363288068521,0.143,0.297,0.138,0.105,0.124,
2023-06-14 05:45:00,2023-06-14,5,0.9978589232386031,0.0654031292301481,165,0.3109721384657941,-0.9504190281649516,0.16,0.181,0.134,0.107,0.143,
2023-06-14 06:00:00,2023-06-14,6,1.0,-3.9706410421020724e-14,165,0.3108018225710398,-0.9504747377424188,0.203,0.334,0.213,0.137,0.238,
2023-06-14 06:15:00,2023-06-14,6,0.997858923238598,-0.0654031292302273,165,0.3106314966961096,-0.9505304167991336,0.224,0.495,0.316,0.187,0.36,
2023-06-14 06:30:00,2023-06-14,6,0.9914448613738231,-0.1305261922199543,165,0.3104611608464725,-0.9505860653333084,0.2,0.471,0.317,0.2,0.354,
2023-06-14 06:45:00,2023-06-14,6,0.9807852804032408,-0.1950903220160759,165,0.3102908150275981,-0.9506416833431558,0.235,0.53,0.397,0.274,0.433,
2023-06-14 07:00:00,2023-06-14,7,0.9659258262890704,-0.2588190451025124,165,0.310120459244956,-0.9506972708268904,0.239,0.381,0.326,0.253,0.345,
2023-06-14 07:15:00,2023-06-14,7,0.9469301294951672,-0.3214394653029805,165,0.3099500935040177,-0.9507528277827264,0.328,0.428,0.357,0.286,0.381,
2023-06-14 07:30:00,2023-06-14,7,0.9238795325113428,-0.3826834323649545,165,0.3097797178102523,-0.9508083542088808,0.355,0.446,0.379,0.308,0.401,
2023-06-14 07:45:00,2023-06-14,7,0.8968727415327332,-0.4422886902189101,165,0.3096093321691314,-0.95086385010357,0.36,0.495,0.429,0.348,0.453,
2023-06-14 08:00:00,2023-06-14,8,0.866025403784467,-0.4999999999999507,165,0.3094389365861268,-0.950919315465012,0.344,0.433,0.392,0.328,0.409,
2023-06-14 08:15:00,2023-06-14,8,0.8314696123025519,-0.5555702330195922,165,0.3092685310667096,-0.950974750291426,0.299,0.299,0.275,0.24,0.286,
2023-06-14 08:30:00,2023-06-14,8,0.7933533402912153,-0.6087614290087466,165,0.3090981156163517,-0.9510301545810314,0.338,0.353,0.304,0.259,0.322,
2023-06-14 08:45:00,2023-06-14,8,0.7518398074789263,-0.6593458151001271,165,0.3089276902405249,-0.9510855283320496,0.379,0.392,0.338,0.287,0.358,
2023-06-14 09:00:00,2023-06-14,9,0.7071067811866218,-0.7071067811864732,165,0.3087572549447031,-0.9511408715427024,0.393,0.41,0.355,0.303,0.375,
2023-06-14 09:15:00,2023-06-14,9,0.6593458151001143,-0.7518398074789376,165,0.3085868097343573,-0.9511961842112128,0.442,0.473,0.428,0.37,0.449,
2023-06-14 09:30:00,2023-06-14,9,0.608761429008733,-0.7933533402912257,165,0.3084163546149618,-0.9512514663358044,0.482,0.543,0.522,0.455,0.543,
2023-06-14 09:45:00,2023-06-14,9,0.555570233019578,-0.8314696123025614,165,0.3082458895919902,-0.951306717914702,0.413,0.743,0.74,0.642,0.766,
2023-06-14 10:00:00,2023-06-14,10,0.5000000000001328,-0.866025403784362,165,0.3080754146709161,-0.9513619389461316,0.387,0.684,0.681,0.59,0.7,
2023-06-14 10:15:00,2023-06-14,10,0.4422886902190986,-0.8968727415326403,165,0.3079049298572134,-0.95141712942832,0.303,0.839,0.84,0.727,0.868,
2023-06-14 10:30:00,2023-06-14,10,0.3826834323651487,-0.9238795325112624,165,0.3077344351563565,-0.9514722893594948,0.242,1.07,1.05,0.909,1.09,
2023-06-14 10:45:00,2023-06-14,10,0.3214394653031796,-0.9469301294950996,165,0.3075639305738211,-0.9515274187378848,0.396,0.655,0.633,0.553,0.657,
2023-06-14 11:00:00,2023-06-14,11,0.2588190451024959,-0.965925826289075,165,0.3073934161150807,-0.95158251756172,0.388,0.413,0.384,0.336,0.401,
2023-06-14 11:15:00,2023-06-14,11,0.1950903220160591,-0.9807852804032442,165,0.3072228917856116,-0.9516375858292306,0.367,0.371,0.362,0.323,0.375,
2023-06-14 11:30:00,2023-06-14,11,0.1305261922201627,-0.9914448613737956,165,0.3070523575908903,-0.9516926235386488,0.367,0.391,0.404,0.364,0.416,
2023-06-14 11:45:00,2023-06-14,11,0.0654031292302102,-0.9978589232385991,165,0.3068818135363912,-0.951747630688207,0.414,0.829,0.855,0.765,0.885,
2023-06-14 12:00:00,2023-06-14,12,2.2527311297945416e-14,-1.0,165,0.3067112596275918,-0.951802607276139,0.319,0.88,0.92,0.828,0.948,
2023-06-14 12:15:00,2023-06-14,12,-0.0654031292301652,-0.997858923238602,165,0.306540695869968,-0.9518575533006794,0.229,0.966,0.989,0.889,1.02,
2023-06-14 12:30:00,2023-06-14,12,-0.1305261922198926,-0.9914448613738314,165,0.3063701222689982,-0.9519124687600636,0.163,0.98,0.982,0.882,1.02,
2023-06-14 12:45:00,2023-06-14,12,-0.1950903220160149,-0.980785280403253,165,0.3061995388301577,-0.9519673536525288,0.144,0.919,0.909,0.817,0.947,
2023-06-14 13:00:00,2023-06-14,13,-0.2588190451024524,-0.9659258262890866,165,0.3060289455589252,-0.952022207976312,0.138,0.93,0.906,0.815,0.949,
2023-06-14 13:15:00,2023-06-14,13,-0.3214394653031369,-0.946930129495114,165,0.3058583424607794,-0.952077031729652,0.156,0.884,0.848,0.764,0.89,
2023-06-14 13:30:00,2023-06-14,13,-0.3826834323651071,-0.9238795325112796,165,0.3056877295411968,-0.9521318249107884,0.246,0.983,0.91,0.816,0.961,
2023-06-14 13:45:00,2023-06-14,13,-0.4422886902190582,-0.8968727415326602,165,0.3055171068056573,-0.9521865875179616,0.283,0.285,0.249,0.226,0.261,
2023-06-14 14:00:00,2023-06-14,14,-0.5000000000000938,-0.8660254037843845,165,0.305346474259639,-0.9522413195494132,0.233,0.23,0.239,0.223,0.241,
2023-06-14 14:15:00,2023-06-14,14,-0.5555702330195404,-0.8314696123025865,165,0.3051758319086222,-0.9522960210033856,0.196,0.2,0.207,0.196,0.208,
2023-06-14 14:30:00,2023-06-14,14,-0.6087614290086972,-0.7933533402912532,165,0.3050051797580848,-0.9523506918781224,0.215,0.298,0.301,0.284,0.309,
2023-06-14 14:45:00,2023-06-14,14,-0.6593458151000804,-0.7518398074789673,165,0.3048345178135074,-0.952405332171868,0.156,0.721,0.635,0.583,0.687,
2023-06-14 15:00:00,2023-06-14,15,-0.7071067811864292,-0.7071067811866658,165,0.3046638460803711,-0.9524599418828678,0.129,0.679,0.561,0.512,0.617,
2023-06-14 15:15:00,2023-06-14,15,-0.7518398074788966,-0.659345815100161,165,0.3044931645641546,-0.9525145210093684,0.174,0.687,0.52,0.466,0.585,
2023-06-14 15:30:00,2023-06-14,15,-0.7933533402911879,-0.6087614290087824,165,0.30432247327034,-0.9525690695496172,0.173,0.64,0.471,0.42,0.534,
2023-06-14 15:45:00,2023-06-14,15,-0.8314696123025269,-0.5555702330196297,165,0.3041517722044078,-0.9526235875018622,0.213,0.642,0.455,0.405,0.522,
2023-06-14 16:00:00,2023-06-14,16,-0.8660254037844445,-0.4999999999999898,165,0.3039810613718395,-0.9526780748643532,0.147,0.532,0.362,0.324,0.422,
2023-06-14 16:15:00,2023-06-14,16,-0.8968727415327133,-0.4422886902189505,165,0.3038103407781164,-0.9527325316353404,0.14,0.482,0.306,0.274,0.364,
2023-06-14 16:30:00,2023-06-14,16,-0.9238795325113256,-0.3826834323649961,165,0.3036396104287209,-0.9527869578130752,0.119,0.42,0.246,0.219,0.302,
2023-06-14 16:45:00,2023-06-14,16,-0.9469301294950796,-0.3214394653032385,165,0.3034688703291361,-0.9528413533958096,0.141,0.393,0.211,0.184,0.267,
2023-06-14 17:00:00,2023-06-14,17,-0.9659258262890588,-0.258819045102556,165,0.3032981204848431,-0.9528957183817972,0.131,0.342,0.152,0.127,0.205,
2023-06-14 17:15:00,2023-06-14,17,-0.980785280403232,-0.1950903220161201,165,0.3031273609013261,-0.9529500527692925,0.094,0.262,0.101,0.0899,0.137,
2023-06-14 17:30:00,2023-06-14,17,-0.9914448613737876,-0.1305261922202244,165,0.3029565915840679,-0.9530043565565502,0.0822,0.212,0.0803,0.0721,0.0888,
2023-06-14 17:45:00,2023-06-14,17,-0.997858923238595,-0.0654031292302723,165,0.3027858125385521,-0.953058629741827,0.0538999999999999,0.148,0.0564,0.0538999999999999,0.0587,
2023-06-14 18:00:00,2023-06-14,18,-1.0,-8.476103301691154e-14,165,0.3026150237702621,-0.95311287232338,0.0426,0.103,0.0431,0.0426,0.0437,
2023-06-14 18:15:00,2023-06-14,18,-0.997858923238606,0.0654031292301031,165,0.3024442252846831,-0.9531670842994672,0.023,0.0226999999999999,0.0226999999999999,0.0222,0.0213,
2023-06-14 18:30:00,2023-06-14,18,-0.9914448613738098,0.1305261922200563,165,0.3022734170872991,-0.9532212656683482,0.00933,0.00937,0.00959,0.00911,0.0085,
2023-06-14 18:45:00,2023-06-14,18,-0.9807852804032208,0.1950903220161768,165,0.3021025991835945,-0.9532754164282832,0.00395,0.00419,0.00437,0.00401,0.00362,
2023-06-14 19:00:00,2023-06-14,19,-0.965925826289044,0.2588190451026119,165,0.3019317715790554,-0.9533295365775326,0.000538,0.000723,0.00112,0.000929,0.000643,
2023-06-14 19:15:00,2023-06-14,19,-0.946930129495134,0.321439465303078,165,0.3017609342791667,-0.9533836261143592,-0.00156,-0.00132,-0.000593,-0.000646,-0.00102,
2023-06-14 19:30:00,2023-06-14,19,-0.9238795325113034,0.3826834323650496,165,0.3015900872894143,-0.9534376850370262,-0.0019,-0.00172,-0.000927,-0.00102,-0.0013,
2023-06-14 19:45:00,2023-06-14,19,-0.8968727415326877,0.4422886902190024,165,0.3014192306152837,-0.9534917133437976,-0.0021,-0.00188,-0.000996,-0.00104,-0.00141,
2023-06-14 20:00:00,2023-06-14,20,-0.8660254037845293,0.499999999999843,165,0.3012483642622622,-0.953545711032938,-0.00211,-0.00183,-0.000951,-0.00102,-0.00141,
2023-06-14 20:15:00,2023-06-14,20,-0.8314696123026211,0.5555702330194887,165,0.3010774882358361,-0.953599678102714,-0.00197,-0.00173,-0.000886,-0.000986,-0.00129,
2023-06-14 20:30:00,2023-06-14,20,-0.793353340291291,0.6087614290086478,165,0.300906602541492,-0.9536536145513927,-0.00197,-0.00176,-0.000779,-0.000929,-0.00114,
2023-06-14 20:45:00,2023-06-14,20,-0.7518398074790084,0.6593458151000335,165,0.3007357071847181,-0.953707520377242,-0.00161,-0.0014299999999999,-0.000845,-0.000891,-0.00116,
2023-06-14 21:00:00,2023-06-14,21,-0.7071067811865491,0.707106781186546,165,0.3005648021710015,-0.9537613955785308,-0.00129,-0.00109,-0.000979,-0.000894,-0.00129,
2023-06-14 21:15:00,2023-06-14,21,-0.6593458151000369,0.7518398074790055,165,0.3003938875058302,-0.9538152401535293,-0.00285,-0.00245,-0.0011899999999999,-0.00125,-0.0018,
2023-06-14 21:30:00,2023-06-14,21,-0.6087614290086514,0.7933533402912883,165,0.300222963194692,-0.9538690541005084,-0.00373,-0.0030499999999999,-0.000796,-0.000929,-0.00126,
2023-06-14 21:45:00,2023-06-14,21,-0.5555702330196814,0.8314696123024923,165,0.3000520292430764,-0.95392283741774,-0.00438,-0.00414,-0.00145,-0.00177,-0.00221,
2023-06-14 22:00:00,2023-06-14,22,-0.5000000000000437,0.8660254037844134,165,0.2998810856564717,-0.9539765901034972,-0.000976,-0.00084,-0.00102,-0.000776,-0.00141,
2023-06-14 22:15:00,2023-06-14,22,-0.4422886902190063,0.8968727415326858,165,0.2997101324403667,-0.954030312156054,-0.000562,-0.000135,-0.000779,-0.000199,-0.00122,
2023-06-14 22:30:00,2023-06-14,22,-0.3826834323652637,0.9238795325112148,165,0.2995391696002523,-0.954084003573685,-0.00148,-0.00131,-0.000831,-0.000642,-0.00123,
2023-06-14 22:45:00,2023-06-14,22,-0.3214394653032975,0.9469301294950596,165,0.2993681971416165,-0.9541376643546664,-6.2e-05,9.22e-05,0.000379,0.000623,0.000283,
2023-06-14 23:00:00,2023-06-14,23,-0.2588190451026161,0.9659258262890428,165,0.2991972150699506,-0.9541912944972752,-0.00103,-0.00078,-8.96e-05,4.97e-05,-0.000771,
2023-06-14 23:15:00,2023-06-14,23,-0.1950903220161811,0.98078528040322,165,0.2990262233907443,-0.9542448939997892,-0.00117,-0.000894,-0.000441,-0.000279,-0.00129,
2023-06-14 23:30:00,2023-06-14,23,-0.1305261922200606,0.9914448613738092,165,0.298855222109489,-0.9542984628604868,-0.00163,-0.0016699999999999,-0.000955,-0.00102,-0.00163,
2023-06-14 23:45:00,2023-06-14,23,-0.0654031292301075,0.9978589232386058,165,0.2986842112316756,-0.9543520010776484,-0.00369,-0.00356,-0.00105,-0.0016,-0.00196,
2023-06-15 00:00:00,2023-06-15,0,8.037892070735438e-14,1.0,166,0.2985131907627947,-0.9544055086495548,-0.00267,-0.00189,-0.000527,-0.000348,-0.0018,
2023-06-15 00:15:00,2023-06-15,0,0.065403129230041,0.99785892323861,166,0.2983421607083394,-0.9544589855744872,-0.00298,-0.00274,-0.000765,-0.000982,-0.00179,
2023-06-15 00:30:00,2023-06-15,0,0.1305261922199946,0.991444861373818,166,0.2981711210738,-0.9545124318507294,-0.00115,-0.000812,-0.000683,-0.000558,-0.00177,
2023-06-15 00:45:00,2023-06-15,0,0.1950903220161158,0.9807852804032328,166,0.2980000718646699,-0.9545658474765644,-0.00184,-0.0012,-0.000696,-0.000325,-0.0018,
2023-06-15 01:00:00,2023-06-15,1,0.2588190451025517,0.96592582628906,166,0.2978290130864409,-0.9546192324502774,-0.00211,-0.00161,-0.000493,-0.000352,-0.00165,
2023-06-15 01:15:00,2023-06-15,1,0.3214394653030191,0.946930129495154,166,0.2976579447446066,-0.9546725867701538,-0.00161,-0.00123,-0.000589,-0.000401,-0.00154,
2023-06-15 01:30:00,2023-06-15,1,0.3826834323649921,0.9238795325113272,166,0.29748686684466,-0.9547259104344804,-0.00245,-0.00202,-0.000645,-0.0007,-0.00172,
2023-06-15 01:45:00,2023-06-15,1,0.4422886902189466,0.8968727415327152,166,0.297315779392094,-0.9547792034415452,-0.00149,-0.00109,-0.0005,-0.000233,-0.00138,
2023-06-15 02:00:00,2023-06-15,2,0.499999999999986,0.8660254037844467,166,0.2971446823924037,-0.9548324657896364,-0.00127,-0.000848,6.890000000000001e-05,0.000294,-0.000626,
2023-06-15 02:15:00,2023-06-15,2,0.555570233019626,0.8314696123025294,166,0.2969735758510816,-0.9548856974770444,-0.000298,-3.55e-05,0.000634,0.000883,-0.000129,
2023-06-15 02:30:00,2023-06-15,2,0.6087614290087788,0.7933533402911905,166,0.2968024597736232,-0.9549388985020596,-0.0014399999999999,-0.0011,-0.000358,9.17e-05,-0.000968,
2023-06-15 02:45:00,2023-06-15,2,0.6593458150999868,0.7518398074790494,166,0.2966313341655229,-0.9549920688629732,-0.000471,-0.000227,0.000234,0.000279,-0.000287,
2023-06-15 03:00:00,2023-06-15,3,0.7071067811865019,0.7071067811865931,166,0.2964601990322754,-0.9550452085580784,-0.00048,-0.00023,0.000462,0.000596,1.29e-05,
2023-06-15 03:15:00,2023-06-15,3,0.7518398074789644,0.6593458151000836,166,0.2962890543793767,-0.9550983175856688,-0.0019199999999999,-0.00152,-0.00062,-0.00039,-0.00161,
2023-06-15 03:30:00,2023-06-15,3,0.7933533402912505,0.6087614290087007,166,0.2961179002123217,-0.9551513959440384,-0.00175,-0.00132,-0.000458,-0.000424,-0.00162,
2023-06-15 03:45:00,2023-06-15,3,0.8314696123024578,0.5555702330197332,166,0.2959467365366076,-0.9552044436314834,0.00165,0.00184,0.00222,0.00206,0.00132,
2023-06-15 04:00:00,2023-06-15,4,0.8660254037843823,0.5000000000000976,166,0.2957755633577289,-0.9552574606463003,0.0083699999999999,0.00844,0.00844,0.00794,0.00771,
2023-06-15 04:15:00,2023-06-15,4,0.8968727415326583,0.4422886902190622,166,0.2956043806811834,-0.9553104469867866,0.0175,0.0174,0.0169,0.016,0.0163,
2023-06-15 04:30:00,2023-06-15,4,0.923879532511278,0.3826834323651111,166,0.2954331885124677,-0.9553634026512408,0.0261,0.026,0.0254,0.024,0.0247,
2023-06-15 04:45:00,2023-06-15,4,0.9469301294951126,0.3214394653031411,166,0.2952619868570784,-0.9554163276379624,0.0341,0.034,0.0329,0.0312,0.0322,
2023-06-15 05:00:00,2023-06-15,5,0.9659258262890856,0.2588190451024566,166,0.2950907757205138,-0.955469221945252,0.0416,0.142,0.0431,0.0446,0.0452,
2023-06-15 05:15:00,2023-06-15,5,0.9807852804032078,0.1950903220162422,166,0.2949195551082714,-0.9555220855714112,0.0451,0.182,0.058,0.0511,0.0467999999999999,
2023-06-15 05:30:00,2023-06-15,5,0.9914448613738012,0.1305261922201223,166,0.2947483250258491,-0.9555749185147424,0.0491,0.23,0.0765,0.0554,0.0519,
2023-06-15 05:45:00,2023-06-15,5,0.9978589232386018,0.0654031292301696,166,0.2945770854787449,-0.9556277207735492,0.0536,0.182,0.0897999999999999,0.0535,0.106,
2023-06-15 06:00:00,2023-06-15,6,1.0,-1.814519898838824e-14,166,0.2944058364724584,-0.9556804923461356,0.0584,0.327,0.166,0.0627,0.198,
2023-06-15 06:15:00,2023-06-15,6,0.9978589232386142,-0.0654031292299789,166,0.2942345780124881,-0.9557332332308076,0.0595,0.37,0.216,0.0957,0.254,
2023-06-15 06:30:00,2023-06-15,6,0.991444861373826,-0.1305261922199329,166,0.2940633101043328,-0.9557859434258714,0.0637,0.419,0.271,0.144,0.309,
2023-06-15 06:45:00,2023-06-15,6,0.9807852804032452,-0.1950903220160548,166,0.2938920327534931,-0.9558386229296344,0.062,0.47,0.326,0.195,0.365,
2023-06-15 07:00:00,2023-06-15,7,0.965925826289076,-0.2588190451024916,166,0.2937207459654684,-0.955891271740405,0.0660999999999999,0.517,0.38,0.245,0.42,
2023-06-15 07:15:00,2023-06-15,7,0.9469301294951008,-0.3214394653031754,166,0.293549449745759,-0.9559438898564926,0.0665999999999999,0.563,0.434,0.297,0.475,
2023-06-15 07:30:00,2023-06-15,7,0.923879532511264,-0.3826834323651447,166,0.2933781440998647,-0.9559964772762078,0.0711,0.607,0.489,0.347,0.528,
2023-06-15 07:45:00,2023-06-15,7,0.8968727415326422,-0.4422886902190947,166,0.2932068290332875,-0.9560490339978616,0.0788,0.655,0.545,0.398,0.584,
2023-06-15 08:00:00,2023-06-15,8,0.8660254037844778,-0.4999999999999321,166,0.2930355045515278,-0.9561015600197666,0.078,0.694,0.594,0.446,0.634,
2023-06-15 08:15:00,2023-06-15,8,0.8314696123025639,-0.5555702330195743,166,0.2928641706600867,-0.9561540553402362,0.0958,0.746,0.654,0.503,0.692,
2023-06-15 08:30:00,2023-06-15,8,0.7933533402912284,-0.6087614290087295,166,0.2926928273644669,-0.9562065199575844,0.113,0.794,0.707,0.556,0.745,
2023-06-15 08:45:00,2023-06-15,8,0.7518398074790904,-0.65934581509994,166,0.2925214746701697,-0.9562589538701268,0.181,0.795,0.69,0.546,0.733,
2023-06-15 09:00:00,2023-06-15,9,0.7071067811866371,-0.707106781186458,166,0.2923501125826976,-0.9563113570761794,0.242,0.327,0.296,0.246,0.31,
2023-06-15 09:15:00,2023-06-15,9,0.6593458151001305,-0.7518398074789234,166,0.2921787411075529,-0.95636372957406,0.188,0.563,0.5,0.407,0.525,
2023-06-15 09:30:00,2023-06-15,9,0.6087614290087501,-0.7933533402912126,166,0.2920073602502391,-0.9564160713620862,0.211,0.805,0.738,0.604,0.769,
2023-06-15 09:45:00,2023-06-15,9,0.5555702330195958,-0.8314696123025495,166,0.2918359700162592,-0.9564683824385776,0.116,0.928,0.877,0.73,0.915,
2023-06-15 10:00:00,2023-06-15,10,0.4999999999999546,-0.8660254037844649,166,0.2916645704111162,-0.9565206628018544,0.0953,0.93,0.897,0.756,0.933,
2023-06-15 10:15:00,2023-06-15,10,0.4422886902189141,-0.8968727415327313,166,0.2914931614403149,-0.956572912450238,0.106,0.956,0.923,0.781,0.961,
2023-06-15 10:30:00,2023-06-15,10,0.3826834323651686,-0.923879532511254,166,0.2913217431093588,-0.9566251313820502,0.102,0.969,0.941,0.801,0.98,
2023-06-15 10:45:00,2023-06-15,10,0.3214394653032,-0.9469301294950926,166,0.2911503154237524,-0.9566773195956144,0.0892999999999999,0.966,0.947,0.814,0.986,
2023-06-15 11:00:00,2023-06-15,11,0.2588190451025167,-0.9659258262890694,166,0.2909788783890001,-0.956729477089255,0.0916,0.974,0.956,0.827,0.995,
2023-06-15 11:15:00,2023-06-15,11,0.1950903220163032,-0.9807852804031956,166,0.2908074320106077,-0.956781603861297,0.102,0.976,0.959,0.834,0.999,
2023-06-15 11:30:00,2023-06-15,11,0.130526192220184,-0.991444861373793,166,0.2906359762940801,-0.9568336999100664,0.0899,0.982,0.968,0.847,1.01,
2023-06-15 11:45:00,2023-06-15,11,0.0654031292302317,-0.9978589232385976,166,0.2904645112449225,-0.9568857652338906,0.0858,0.975,0.959,0.842,1.0,
2023-06-15 12:00:00,2023-06-15,12,4.408852273057789e-14,-1.0,166,0.2902930368686417,-0.9569377998310974,0.0954,0.975,0.954,0.84,0.994,
2023-06-15 12:15:00,2023-06-15,12,-0.0654031292301437,-0.9978589232386036,166,0.2901215531707434,-0.9569898037000162,0.101,0.966,0.943,0.834,0.985,
2023-06-15 12:30:00,2023-06-15,12,-0.1305261922200966,-0.9914448613738044,166,0.2899500601567343,-0.957041776838977,0.0945,0.946,0.916,0.813,0.96,
2023-06-15 12:45:00,2023-06-15,12,-0.1950903220162168,-0.9807852804032128,166,0.2897785578321207,-0.9570937192463108,0.0958,0.93,0.891,0.794,0.937,
2023-06-15 13:00:00,2023-06-15,13,-0.2588190451024315,-0.9659258262890922,166,0.2896070462024105,-0.95714563092035,0.0972,0.909,0.863,0.772,0.91,
2023-06-15 13:15:00,2023-06-15,13,-0.3214394653031165,-0.946930129495121,166,0.2894355252731108,-0.9571975118594273,0.0972,0.887,0.833,0.746,0.881,
2023-06-15 13:30:00,2023-06-15,13,-0.3826834323650872,-0.9238795325112878,166,0.2892639950497288,-0.9572493620618768,0.0957,0.864,0.801,0.719,0.851,
2023-06-15 13:45:00,2023-06-15,13,-0.442288690218835,-0.8968727415327703,166,0.2890924555377739,-0.9573011815260336,0.095,0.836,0.764,0.687,0.813,
2023-06-15 14:00:00,2023-06-15,14,-0.4999999999998782,-0.866025403784509,166,0.2889209067427527,-0.957352970250234,0.0954,0.808,0.724,0.652,0.775,
2023-06-15 14:15:00,2023-06-15,14,-0.5555702330195226,-0.8314696123025985,166,0.288749348670175,-0.9574047282328146,0.101,0.779,0.682,0.615,0.737,
2023-06-15 14:30:00,2023-06-15,14,-0.6087614290086801,-0.7933533402912663,166,0.2885777813255489,-0.9574564554721136,0.104,0.748,0.643,0.58,0.699,
2023-06-15 14:45:00,2023-06-15,14,-0.6593458151000642,-0.7518398074789815,166,0.2884062047143846,-0.95750815196647,0.0942,0.699,0.586,0.529,0.642,
2023-06-15 15:00:00,2023-06-15,15,-0.7071067811865748,-0.7071067811865203,166,0.288234618842191,-0.9575598177142236,0.0912999999999999,0.653,0.53,0.478,0.587,
2023-06-15 15:15:00,2023-06-15,15,-0.7518398074790323,-0.6593458151000062,166,0.2880630237144775,-0.9576114527137154,0.0919,0.611,0.477,0.43,0.534,
2023-06-15 15:30:00,2023-06-15,15,-0.7933533402911747,-0.6087614290087995,166,0.2878914193367555,-0.9576630569632872,0.0909,0.568,0.422,0.38,0.481,
2023-06-15 15:45:00,2023-06-15,15,-0.8314696123025149,-0.5555702330196476,166,0.2877198057145337,-0.9577146304612826,0.0886,0.521,0.366,0.328,0.425,
2023-06-15 16:00:00,2023-06-15,16,-0.8660254037844337,-0.5000000000000084,166,0.2875481828533242,-0.9577661732060448,0.0864,0.473,0.309,0.276,0.367,
2023-06-15 16:15:00,2023-06-15,16,-0.8968727415327038,-0.4422886902189699,166,0.2873765507586369,-0.957817685195919,0.0876,0.428,0.254,0.225,0.311,
2023-06-15 16:30:00,2023-06-15,16,-0.9238795325112302,-0.3826834323652261,166,0.2872049094359842,-0.957869166429251,0.11,0.366,0.195,0.171,0.247,
2023-06-15 16:45:00,2023-06-15,16,-0.9469301294950726,-0.3214394653032589,166,0.287033258890877,-0.9579206169043876,0.149,0.394,0.174,0.145,0.235,
2023-06-15 17:00:00,2023-06-15,17,-0.9659258262890532,-0.2588190451025768,166,0.2868615991288269,-0.9579720366196772,0.169,0.312,0.138,0.113,0.182,
2023-06-15 17:15:00,2023-06-15,17,-0.980785280403228,-0.1950903220161413,166,0.2866899301553474,-0.958023425573468,0.131,0.197,0.0970999999999999,0.085,0.117,
2023-06-15 17:30:00,2023-06-15,17,-0.9914448613738144,-0.1305261922200203,166,0.2865182519759492,-0.95807478376411,0.113,0.21,0.0889,0.0790999999999999,0.0995,
2023-06-15 17:45:00,2023-06-15,17,-0.9978589232386084,-0.0654031292300669,166,0.2863465645961463,-0.9581261111899544,0.0829,0.122,0.0653,0.0594,0.069,
2023-06-15 18:00:00,2023-06-15,18,-1.0,-1.0632224444954403e-13,166,0.2861748680214514,-0.9581774078493528,0.0461,0.0512,0.0371,0.0353,0.0376,
2023-06-15 18:15:00,2023-06-15,18,-0.9978589232386076,0.0654031292300816,166,0.2860031622573775,-0.958228673740658,0.0368,0.0367,0.0264,0.0245,0.0272,
2023-06-15 18:30:00,2023-06-15,18,-0.9914448613738126,0.1305261922200349,166,0.2858314473094389,-0.9582799088622236,0.0252,0.0253,0.0181,0.0165,0.0185,
2023-06-15 18:45:00,2023-06-15,18,-0.980785280403225,0.1950903220161557,166,0.2856597231831489,-0.9583311132124046,0.0107,0.0108,0.00793,0.00726,0.0078099999999999,
2023-06-15 19:00:00,2023-06-15,19,-0.9659258262891084,0.2588190451023714,166,0.2854879898840229,-0.9583822867895566,0.00132,0.00146,0.00162,0.00136,0.00114,
2023-06-15 19:15:00,2023-06-15,19,-0.946930129495141,0.3214394653030576,166,0.2853162474175739,-0.9584334295920368,-0.00133,-0.000904,-0.000548,-0.000405,-0.00107,
2023-06-15 19:30:00,2023-06-15,19,-0.9238795325113116,0.3826834323650296,166,0.2851444957893178,-0.9584845416182024,-0.00237,-0.0019199999999999,-0.00109,-0.000994,-0.00176,
2023-06-15 19:45:00,2023-06-15,19,-0.8968727415326972,0.4422886902189831,166,0.2849727350047694,-0.9585356228664126,-0.00243,-0.0019299999999999,-0.000896,-0.000868,-0.0016,
2023-06-15 20:00:00,2023-06-15,20,-0.8660254037844264,0.5000000000000212,166,0.2848009650694437,-0.9585866733350268,-0.00263,-0.00202,-0.000931,-0.000872,-0.0018,
2023-06-15 20:15:00,2023-06-15,20,-0.8314696123025067,0.5555702330196598,166,0.2846291859888573,-0.958637693022406,-0.00246,-0.00195,-0.00114,-0.00099,-0.0020099999999999,
2023-06-15 20:30:00,2023-06-15,20,-0.7933533402913041,0.6087614290086307,166,0.2844573977685256,-0.9586886819269116,-0.00224,-0.0017,-0.000951,-0.000757,-0.00158,
2023-06-15 20:45:00,2023-06-15,20,-0.7518398074790226,0.6593458151000173,166,0.2842856004139651,-0.9587396400469064,-0.00242,-0.00186,-0.00109,-0.000845,-0.0018,
2023-06-15 21:00:00,2023-06-15,21,-0.7071067811865643,0.7071067811865307,166,0.284113793930692,-0.958790567380754,-0.00245,-0.00187,-0.00108,-0.000791,-0.00176,
2023-06-15 21:15:00,2023-06-15,21,-0.6593458151000531,0.7518398074789913,166,0.2839419783242239,-0.9588414639268192,-0.00241,-0.00187,-0.00102,-0.000795,-0.0018,
2023-06-15 21:30:00,2023-06-15,21,-0.6087614290088488,0.7933533402911368,166,0.2837701536000776,-0.9588923296834678,-0.00234,-0.00185,-0.00103,-0.000765,-0.00165,
2023-06-15 21:45:00,2023-06-15,21,-0.5555702330196993,0.8314696123024804,166,0.2835983197637701,-0.9589431646490664,-0.00279,-0.00221,-0.00112,-0.000914,-0.00195,
2023-06-15 22:00:00,2023-06-15,22,-0.5000000000000624,0.8660254037844026,166,0.2834264768208202,-0.9589939688219824,-0.00315,-0.00273,-0.0015,-0.00125,-0.00241,
2023-06-15 22:15:00,2023-06-15,22,-0.4422886902190257,0.8968727415326763,166,0.2832546247767453,-0.9590447422005844,-0.00294,-0.00244,-0.00128,-0.000982,-0.00218,
2023-06-15 22:30:00,2023-06-15,22,-0.3826834323650736,0.9238795325112936,166,0.2830827636370639,-0.959095484783242,-0.0028399999999999,-0.00226,-0.00091,-0.00078,-0.0020099999999999,
2023-06-15 22:45:00,2023-06-15,22,-0.3214394653031026,0.9469301294951256,166,0.2829108934072942,-0.9591461965683264,-0.00245,-0.00206,-0.00103,-0.000826,-0.0021,
2023-06-15 23:00:00,2023-06-15,23,-0.2588190451024173,0.965925826289096,166,0.2827390140929559,-0.9591968775542086,-0.0023,-0.00188,-0.0008,-0.000646,-0.00178,
2023-06-15 23:15:00,2023-06-15,23,-0.1950903220162023,0.9807852804032156,166,0.2825671256995679,-0.9592475277392613,-0.00234,-0.00183,-0.000617,-0.000528,-0.00159,
2023-06-15 23:30:00,2023-06-15,23,-0.130526192220082,0.9914448613738064,166,0.2823952282326492,-0.959298147121858,-0.00246,-0.0020099999999999,-0.000889,-0.00055,-0.00178,
2023-06-15 23:45:00,2023-06-15,23,-0.065403129230129,0.9978589232386044,166,0.2822233216977206,-0.9593487357003734,-0.00242,-0.002,-0.000834,-0.00078,-0.00182,
2023-06-16 00:00:00,2023-06-16,0,-1.6855596616851018e-13,1.0,167,0.2820514061003016,-0.959399293473183,-0.00227,-0.0017,-0.000672,-0.000463,-0.0015,
2023-06-16 00:15:00,2023-06-16,0,0.0654031292300195,0.9978589232386116,167,0.2818794814459128,-0.9594498204386632,-0.00233,-0.00178,-0.000552,-0.000325,-0.00153,
2023-06-16 00:30:00,2023-06-16,0,0.1305261922199732,0.9914448613738208,167,0.2817075477400743,-0.959500316595192,-0.0023799999999999,-0.0019,-0.000741,-0.000398,-0.0016799999999999,
2023-06-16 00:45:00,2023-06-16,0,0.1950903220160947,0.9807852804032372,167,0.2815356049883084,-0.9595507819411472,-0.00231,-0.00183,-0.00072,-0.000306,-0.00155,
2023-06-16 01:00:00,2023-06-16,1,0.2588190451025309,0.9659258262890656,167,0.2813636531961346,-0.959601216474909,-0.0025,-0.00196,-0.00072,-0.000501,-0.00171,
2023-06-16 01:15:00,2023-06-16,1,0.321439465303214,0.946930129495088,167,0.2811916923690754,-0.9596516201948576,-0.0023,-0.00175,-0.000724,-0.000206,-0.00129,
2023-06-16 01:30:00,2023-06-16,1,0.3826834323651822,0.9238795325112484,167,0.281019722512653,-0.9597019930993744,-0.00237,-0.0019299999999999,-0.000965,-0.000512,-0.00164,
2023-06-16 01:45:00,2023-06-16,1,0.4422886902189273,0.8968727415327248,167,0.2808477436323892,-0.9597523351868418,-0.00244,-0.002,-0.000945,-0.000677,-0.00179,
2023-06-16 02:00:00,2023-06-16,2,0.4999999999999673,0.8660254037844575,167,0.2806757557338063,-0.9598026464556434,-0.0023,-0.00185,-0.0009,-0.000508,-0.00153,
2023-06-16 02:15:00,2023-06-16,2,0.5555702330196081,0.8314696123025413,167,0.2805037588224267,-0.9598529269041636,-0.00211,-0.00171,-0.000903,-0.000596,-0.00159,
2023-06-16 02:30:00,2023-06-16,2,0.6087614290085813,0.7933533402913421,167,0.2803317529037746,-0.959903176530788,-0.0023799999999999,-0.0020499999999999,-0.00102,-0.000661,-0.00159,
2023-06-16 02:45:00,2023-06-16,2,0.6593458150999706,0.7518398074790636,167,0.2801597379833717,-0.9599533953339028,-0.00234,-0.00189,-0.000951,-0.000581,-0.00154,
2023-06-16 03:00:00,2023-06-16,3,0.7071067811864867,0.7071067811866083,167,0.2799877140667423,-0.9600035833118958,-0.00221,-0.00181,-0.000989,-0.000562,-0.00152,
2023-06-16 03:15:00,2023-06-16,3,0.7518398074789502,0.6593458151000998,167,0.2798156811594107,-0.9600537404631552,-0.000864,-0.00123,-0.00139,-0.000986,-0.00207,
2023-06-16 03:30:00,2023-06-16,3,0.7933533402912374,0.6087614290087178,167,0.2796436392669008,-0.96010386678607,-0.00086,-0.000617,-0.000259,0.000122,-0.00084,
2023-06-16 03:45:00,2023-06-16,3,0.8314696123025721,0.555570233019562,167,0.2794715883947368,-0.9601539622790308,0.00304,0.00325,0.00314,0.00313,0.00265,
2023-06-16 04:00:00,2023-06-16,4,0.8660254037844852,0.4999999999999193,167,0.2792995285484432,-0.9602040269404296,0.0111,0.0112,0.0097899999999999,0.00894,0.00925,
2023-06-16 04:15:00,2023-06-16,4,0.8968727415326487,0.4422886902190815,167,0.2791274597335463,-0.960254060768658,0.0224,0.0223,0.0189,0.0171,0.0186,
2023-06-16 04:30:00,2023-06-16,4,0.9238795325112696,0.3826834323651311,167,0.2789553819555696,-0.9603040637621096,0.0347,0.0346,0.029,0.0261999999999999,0.029,
2023-06-16 04:45:00,2023-06-16,4,0.9469301294951056,0.3214394653031615,167,0.2787832952200396,-0.9603540359191792,0.0484,0.0481,0.0411,0.0368,0.0414,
2023-06-16 05:00:00,2023-06-16,5,0.965925826289021,0.258819045102697,167,0.2786111995324831,-0.9604039772382614,0.0581,0.129,0.0513,0.0492,0.054,
2023-06-16 05:15:00,2023-06-16,5,0.9807852804032036,0.1950903220162633,167,0.2784390948984245,-0.9604538877177532,0.0686,0.166,0.0676,0.058,0.061,
2023-06-16 05:30:00,2023-06-16,5,0.9914448613737984,0.1305261922201437,167,0.2782669813233915,-0.9605037673560513,0.0773,0.216,0.088,0.0665,0.0712,
2023-06-16 05:45:00,2023-06-16,5,0.9978589232386004,0.0654031292301911,167,0.2780948588129101,-0.9605536161515544,0.0838,0.259,0.125,0.073,0.15,
2023-06-16 06:00:00,2023-06-16,6,1.0,3.4160124442442334e-15,167,0.2779227273725086,-0.9606034341026616,0.0923,0.314,0.172,0.0813,0.2,
2023-06-16 06:15:00,2023-06-16,6,0.9978589232386008,-0.0654031292301843,167,0.2777505870077125,-0.9606532212077732,0.0980999999999999,0.357,0.219,0.113,0.253,
2023-06-16 06:30:00,2023-06-16,6,0.9914448613737992,-0.130526192220137,167,0.2775784377240505,-0.960702977465291,0.104,0.397,0.266,0.156,0.299,
2023-06-16 06:45:00,2023-06-16,6,0.9807852804032492,-0.1950903220160336,167,0.277406279527051,-0.9607527028736164,0.111,0.444,0.318,0.203,0.351,
2023-06-16 07:00:00,2023-06-16,7,0.9659258262890816,-0.2588190451024708,167,0.2772341124222408,-0.9608023974311536,0.119,0.486,0.367,0.249,0.401,
2023-06-16 07:15:00,2023-06-16,7,0.946930129495108,-0.321439465303155,167,0.2770619364151495,-0.960852061136306,0.125,0.527,0.416,0.295,0.45,
2023-06-16 07:30:00,2023-06-16,7,0.9238795325113592,-0.3826834323649147,167,0.2768897515113055,-0.9609016939874794,0.127,0.579,0.474,0.347,0.51,
2023-06-16 07:45:00,2023-06-16,7,0.8968727415327523,-0.4422886902188714,167,0.2767175577162377,-0.9609512959830798,0.131,0.621,0.525,0.394,0.561,
2023-06-16 08:00:00,2023-06-16,8,0.8660254037844887,-0.4999999999999134,167,0.2765453550354751,-0.9610008671215146,0.14,0.666,0.577,0.444,0.614,
2023-06-16 08:15:00,2023-06-16,8,0.8314696123025759,-0.5555702330195563,167,0.2763731434745478,-0.961050407401192,0.146,0.694,0.618,0.484,0.652,
2023-06-16 08:30:00,2023-06-16,8,0.7933533402912415,-0.6087614290087124,167,0.2762009230389864,-0.9610999168205208,0.155,0.732,0.663,0.528,0.697,
2023-06-16 08:45:00,2023-06-16,8,0.7518398074789547,-0.6593458151000947,167,0.2760286937343196,-0.9611493953779116,0.162,0.763,0.701,0.567,0.736,
2023-06-16 09:00:00,2023-06-16,9,0.7071067811864915,-0.7071067811866035,167,0.2758564555660788,-0.9611988430717756,0.166,0.798,0.745,0.61,0.778,
2023-06-16 09:15:00,2023-06-16,9,0.6593458151001467,-0.7518398074789092,167,0.2756842085397947,-0.9612482599005248,0.166,0.827,0.784,0.649,0.818,
2023-06-16 09:30:00,2023-06-16,9,0.6087614290087672,-0.7933533402911994,167,0.275511952660998,-0.9612976458625726,0.171,0.847,0.812,0.678,0.845,
2023-06-16 09:45:00,2023-06-16,9,0.5555702330196137,-0.8314696123025376,167,0.2753396879352198,-0.961347000956333,0.178,0.869,0.839,0.708,0.874,
2023-06-16 10:00:00,2023-06-16,10,0.4999999999999732,-0.8660254037844541,167,0.2751674143679921,-0.9613963251802212,0.176,0.893,0.871,0.74,0.905,
2023-06-16 10:15:00,2023-06-16,10,0.4422886902191373,-0.8968727415326212,167,0.2749951319648476,-0.9614456185326532,0.18,0.919,0.9,0.77,0.935,
2023-06-16 10:30:00,2023-06-16,10,0.3826834323651886,-0.923879532511246,167,0.2748228407313168,-0.9614948810120464,0.176,0.928,0.914,0.786,0.95,
2023-06-16 10:45:00,2023-06-16,10,0.3214394653032204,-0.9469301294950856,167,0.2746505406729334,-0.9615441126168188,0.178,0.941,0.929,0.804,0.965,
2023-06-16 11:00:00,2023-06-16,11,0.2588190451025375,-0.9659258262890638,167,0.2744782317952298,-0.9615933133453892,0.177,0.949,0.937,0.816,0.975,
2023-06-16 11:15:00,2023-06-16,11,0.1950903220161014,-0.9807852804032358,167,0.2743059141037388,-0.9616424831961784,0.183,0.95,0.939,0.82,0.976,
2023-06-16 11:30:00,2023-06-16,11,0.13052619221998,-0.9914448613738198,167,0.2741335876039935,-0.9616916221676072,0.183,0.954,0.939,0.825,0.978,
2023-06-16 11:45:00,2023-06-16,11,0.0654031292302532,-0.9978589232385964,167,0.2739612523015283,-0.9617407302580974,0.177,0.952,0.94,0.83,0.98,
2023-06-16 12:00:00,2023-06-16,12,6.564973416321036e-14,-1.0,167,0.2737889082018766,-0.9617898074660722,0.177,0.944,0.927,0.822,0.968,
2023-06-16 12:15:00,2023-06-16,12,-0.0654031292301222,-0.9978589232386048,167,0.2736165553105721,-0.961838853789956,0.174,0.934,0.915,0.814,0.957,
2023-06-16 12:30:00,2023-06-16,12,-0.1305261922200752,-0.9914448613738072,167,0.2734441936331501,-0.9618878692281736,0.172,0.923,0.898,0.802,0.941,
2023-06-16 12:45:00,2023-06-16,12,-0.1950903220159726,-0.9807852804032614,167,0.273271823175145,-0.9619368537791512,0.171,0.906,0.874,0.784,0.918,
2023-06-16 13:00:00,2023-06-16,13,-0.2588190451024107,-0.9659258262890976,167,0.2730994439420917,-0.9619858074413158,0.172,0.89,0.851,0.765,0.897,
2023-06-16 13:15:00,2023-06-16,13,-0.3214394653030961,-0.946930129495128,167,0.272927055939525,-0.9620347302130956,0.168,0.865,0.819,0.738,0.866,
2023-06-16 13:30:00,2023-06-16,13,-0.3826834323650672,-0.923879532511296,167,0.2727546591729813,-0.9620836220929192,0.162,0.845,0.789,0.712,0.836,
2023-06-16 13:45:00,2023-06-16,13,-0.4422886902190195,-0.8968727415326793,167,0.2725822536479962,-0.9621324830792168,0.16,0.807,0.744,0.671,0.79,
2023-06-16 14:00:00,2023-06-16,14,-0.5000000000000564,-0.8660254037844061,167,0.2724098393701053,-0.9621813131704198,0.156,0.782,0.708,0.639,0.754,
2023-06-16 14:15:00,2023-06-16,14,-0.5555702330196937,-0.8314696123024842,167,0.2722374163448459,-0.9622301123649596,0.152,0.741,0.659,0.597,0.707,
2023-06-16 14:30:00,2023-06-16,14,-0.608761429008663,-0.7933533402912794,167,0.2720649845777541,-0.96227888066127,0.143,0.708,0.615,0.558,0.667,
2023-06-16 14:45:00,2023-06-16,14,-0.659345815100048,-0.7518398074789958,167,0.271892544074367,-0.962327618057784,0.141,0.672,0.568,0.516,0.621,
2023-06-16 15:00:00,2023-06-16,15,-0.7071067811865595,-0.7071067811865356,167,0.2717200948402214,-0.9623763245529376,0.136,0.622,0.51,0.464,0.562,
2023-06-16 15:15:00,2023-06-16,15,-0.7518398074788681,-0.6593458151001934,167,0.2715476368808557,-0.962425000145166,0.131,0.586,0.463,0.419,0.517,
2023-06-16 15:30:00,2023-06-16,15,-0.7933533402911616,-0.6087614290088166,167,0.2713751702018073,-0.9624736448329066,0.127,0.541,0.407,0.369,0.462,
2023-06-16 15:45:00,2023-06-16,15,-0.8314696123025029,-0.5555702330196656,167,0.2712026948086137,-0.9625222586145974,0.121,0.501,0.357,0.323,0.412,
2023-06-16 16:00:00,2023-06-16,16,-0.8660254037844229,-0.5000000000000272,167,0.2710302107068147,-0.9625708414886768,0.112,0.454,0.304,0.274,0.358,
2023-06-16 16:15:00,2023-06-16,16,-0.8968727415326943,-0.4422886902189892,167,0.2708577179019473,-0.9626193934535856,0.107,0.407,0.251,0.224,0.303,
2023-06-16 16:30:00,2023-06-16,16,-0.923879532511309,-0.382683432365036,167,0.2706852163995516,-0.962667914507764,0.102,0.356,0.2,0.177,0.249,
2023-06-16 16:45:00,2023-06-16,16,-0.9469301294951388,-0.321439465303064,167,0.2705127062051659,-0.9627164046496548,0.0955999999999999,0.306,0.152,0.133,0.198,
2023-06-16 17:00:00,2023-06-16,17,-0.9659258262890476,-0.2588190451025977,167,0.2703401873243307,-0.9627648638776998,0.0869,0.265,0.11,0.0912999999999999,0.154,
2023-06-16 17:15:00,2023-06-16,17,-0.9807852804032235,-0.1950903220161624,167,0.2701676597625851,-0.9628132921903436,0.0782,0.22,0.0794,0.0699,0.11,
2023-06-16 17:30:00,2023-06-16,17,-0.9914448613738116,-0.1305261922200417,167,0.269995123525469,-0.9628616895860312,0.0689,0.173,0.0673,0.0603999999999999,0.0731,
2023-06-16 17:45:00,2023-06-16,17,-0.9978589232385924,-0.0654031292303153,167,0.2698225786185239,-0.962910056063208,0.0578,0.134,0.0542999999999999,0.0502,0.0567,
2023-06-16 18:00:00,2023-06-16,18,-1.0,-1.278834558821765e-13,167,0.2696500250472886,-0.9629583916203216,0.045,0.0959,0.0409,0.0392999999999999,0.0422,
2023-06-16 18:15:00,2023-06-16,18,-0.9978589232386088,0.0654031292300601,167,0.2694774628173053,-0.9630066962558194,0.0322999999999999,0.0324,0.027,0.0254,0.0264,
2023-06-16 18:30:00,2023-06-16,18,-0.9914448613738154,0.1305261922200135,167,0.2693048919341147,-0.9630549699681502,0.0213,0.0215,0.0175,0.0163,0.017,
2023-06-16 18:45:00,2023-06-16,18,-0.9807852804032292,0.1950903220161345,167,0.2691323124032579,-0.9631032127557644,0.0098,0.0101,0.00856,0.00788,0.00787,
2023-06-16 19:00:00,2023-06-16,19,-0.965925826289055,0.2588190451025702,167,0.2689597242302774,-0.9631514246171125,-4.96e-05,0.000362,0.0014399999999999,0.000998,0.000523,
2023-06-16 19:15:00,2023-06-16,19,-0.9469301294950748,0.3214394653032524,167,0.2687871274207143,-0.9631996055506464,-0.00275,-0.0020499999999999,-0.000993,-0.000971,-0.00218,
2023-06-16 19:30:00,2023-06-16,19,-0.92387953251132,0.3826834323650098,167,0.2686145219801124,-0.9632477555548188,-0.0034,-0.00266,-0.00147,-0.00124,-0.00278,
2023-06-16 19:45:00,2023-06-16,19,-0.8968727415327068,0.4422886902189638,167,0.2684419079140122,-0.963295874628084,-0.00387,-0.00346,-0.00161,-0.00149,-0.003,
2023-06-16 20:00:00,2023-06-16,20,-0.8660254037844372,0.5000000000000026,167,0.2682692852279579,-0.9633439627688962,-0.00483,-0.00462,-0.0016699999999999,-0.00215,-0.00323,
2023-06-16 20:15:00,2023-06-16,20,-0.831469612302645,0.5555702330194529,167,0.2680966539274922,-0.963392019975712,-0.00271,-0.00216,-0.00134,-0.00121,-0.00294,
2023-06-16 20:30:00,2023-06-16,20,-0.7933533402913173,0.6087614290086136,167,0.2679240140181582,-0.9634400462469876,-0.00321,-0.00267,-0.00134,-0.00128,-0.00269,
2023-06-16 20:45:00,2023-06-16,20,-0.7518398074790368,0.6593458151000011,167,0.2677513655055001,-0.9634880415811812,-0.00129,-0.000812,-0.00122,-0.000466,-0.0025,
2023-06-16 21:00:00,2023-06-16,21,-0.7071067811865795,0.7071067811865155,167,0.2675787083950613,-0.9635360059767516,-0.00323,-0.00283,-0.0014,-0.00113,-0.00234,
2023-06-16 21:15:00,2023-06-16,21,-0.6593458151000693,0.751839807478977,167,0.267406042692387,-0.9635839394321584,-0.00335,-0.00283,-0.0012,-0.00115,-0.00266,
2023-06-16 21:30:00,2023-06-16,21,-0.6087614290086856,0.7933533402912621,167,0.2672333684030201,-0.9636318419458624,-0.00252,-0.002,-0.000862,-0.000581,-0.00186,
2023-06-16 21:45:00,2023-06-16,21,-0.5555702330195282,0.8314696123025946,167,0.2670606855325067,-0.9636797135163256,-0.00335,-0.00293,-0.000927,-0.000971,-0.00211,
2023-06-16 22:00:00,2023-06-16,22,-0.500000000000081,0.8660254037843919,167,0.2668879940863913,-0.9637275541420108,-0.00215,-0.00157,-0.000782,-0.000134,-0.00126,
2023-06-16 22:15:00,2023-06-16,22,-0.442288690219045,0.8968727415326667,167,0.2667152940702187,-0.9637753638213816,-0.00155,-0.00115,-0.000976,-0.000199,-0.00195,
2023-06-16 22:30:00,2023-06-16,22,-0.3826834323650935,0.9238795325112852,167,0.2665425854895356,-0.963823142552903,-0.0022299999999999,-0.00178,-0.00108,-0.00057,-0.00196,
2023-06-16 22:45:00,2023-06-16,22,-0.3214394653033383,0.9469301294950456,167,0.2663698683498872,-0.9638708903350406,-0.00243,-0.00199,-0.00101,-0.000543,-0.0016699999999999,
2023-06-16 23:00:00,2023-06-16,23,-0.2588190451026578,0.9659258262890316,167,0.2661971426568197,-0.9639186071662612,-0.00258,-0.0022,-0.000972,-0.000638,-0.00157,
2023-06-16 23:15:00,2023-06-16,23,-0.1950903220162234,0.9807852804032116,167,0.2660244084158791,-0.9639662930450326,-0.00272,-0.00225,-0.00125,-0.000948,-0.00212,
2023-06-16 23:30:00,2023-06-16,23,-0.1305261922201034,0.9914448613738036,167,0.2658516656326128,-0.9640139479698234,-0.00247,-0.00208,-0.000948,-0.000657,-0.00157,
2023-06-16 23:45:00,2023-06-16,23,-0.0654031292301505,0.997858923238603,167,0.2656789143125676,-0.9640615719391036,-0.0023799999999999,-0.0020099999999999,-0.0011,-0.000753,-0.0019199999999999,
2023-06-17 00:00:00,2023-06-17,0,3.7256497842089424e-14,1.0,168,0.2655061544612901,-0.964109164951344,-0.0022,-0.00178,-0.000907,-0.000508,-0.00149,
2023-06-17 00:15:00,2023-06-17,0,0.0654031292302249,0.9978589232385982,168,0.2653333860843286,-0.9641567270050158,-0.00263,-0.00224,-0.00102,-0.000742,-0.00179,
2023-06-17 00:30:00,2023-06-17,0,0.1305261922199518,0.9914448613738236,168,0.2651606091872306,-0.9642042580985922,-0.00243,-0.0020499999999999,-0.00102,-0.000657,-0.00166,
2023-06-17 00:45:00,2023-06-17,0,0.1950903220160735,0.9807852804032412,168,0.2649878237755442,-0.9642517582305468,-0.00247,-0.00206,-0.00103,-0.000711,-0.00182,
2023-06-17 01:00:00,2023-06-17,1,0.2588190451025101,0.9659258262890712,168,0.2648150298548171,-0.9642992273993548,-0.00249,-0.00208,-0.000903,-0.000638,-0.00179,
2023-06-17 01:15:00,2023-06-17,1,0.3214394653031935,0.9469301294950948,168,0.2646422274305989,-0.9643466656034908,-0.00261,-0.00218,-0.000986,-0.000929,-0.00211,
2023-06-17 01:30:00,2023-06-17,1,0.3826834323649523,0.9238795325113436,168,0.2644694165084379,-0.9643940728414326,-0.0024,-0.00196,-0.000841,-0.000543,-0.00175,
2023-06-17 01:45:00,2023-06-17,1,0.4422886902189079,0.8968727415327343,168,0.2642965970938829,-0.9644414491116574,-0.00165,-0.00123,-0.000334,-0.000164,-0.00107,
2023-06-17 02:00:00,2023-06-17,2,0.4999999999999486,0.8660254037844682,168,0.2641237691924842,-0.964488794412644,-0.0016699999999999,-0.00129,-0.000631,-0.000119,-0.00116,
2023-06-17 02:15:00,2023-06-17,2,0.5555702330195902,0.8314696123025533,168,0.2639509328097911,-0.964536108742872,-0.002,-0.0016699999999999,-0.000841,-0.000443,-0.0016,
2023-06-17 02:30:00,2023-06-17,2,0.6087614290087446,0.7933533402912167,168,0.2637780879513534,-0.964583392100822,-0.00157,-0.00125,-0.00061,-0.000164,-0.00111,
2023-06-17 02:45:00,2023-06-17,2,0.6593458151001252,0.7518398074789279,168,0.263605234622721,-0.964630644484976,-0.00225,-0.00188,-0.000865,-0.000367,-0.00135,
2023-06-17 03:00:00,2023-06-17,3,0.7071067811864715,0.7071067811866236,168,0.2634323728294453,-0.9646778658938164,-0.00233,-0.0020299999999999,-0.00101,-0.0006,-0.0016699999999999,
2023-06-17 03:15:00,2023-06-17,3,0.751839807478936,0.659345815100116,168,0.2632595025770765,-0.9647250563258272,-0.00237,-0.00206,-0.00112,-0.000711,-0.00182,
2023-06-17 03:30:00,2023-06-17,3,0.7933533402912242,0.6087614290087349,168,0.2630866238711654,-0.9647722157794928,-0.0011799999999999,-0.000872,-0.0001,0.00021,-0.000441,
2023-06-17 03:45:00,2023-06-17,3,0.8314696123025601,0.55557023301958,168,0.2629137367172641,-0.9648193442532986,0.00155,0.0018,0.00178,0.00181,0.00162,
2023-06-17 04:00:00,2023-06-17,4,0.8660254037843608,0.5000000000001349,168,0.2627408411209238,-0.9648664417457318,0.00719,0.0074,0.0066,0.0060199999999999,0.00649,
2023-06-17 04:15:00,2023-06-17,4,0.8968727415326392,0.4422886902191009,168,0.2625679370876962,-0.9649135082552796,0.0172,0.0172,0.0143,0.0129,0.0143,
2023-06-17 04:30:00,2023-06-17,4,0.9238795325112614,0.382683432365151,168,0.2623950246231332,-0.9649605437804312,0.0294,0.0292,0.0241,0.0215,0.0248,
2023-06-17 04:45:00,2023-06-17,4,0.9469301294950988,0.3214394653031819,168,0.2622221037327879,-0.9650075483196756,0.0407999999999999,0.0407999999999999,0.034,0.0306999999999999,0.0347,
2023-06-17 05:00:00,2023-06-17,5,0.9659258262890744,0.2588190451024982,168,0.2620491744222127,-0.9650545218715038,0.0499,0.104,0.0443,0.0423,0.0467,
2023-06-17 05:15:00,2023-06-17,5,0.9807852804032438,0.1950903220160615,168,0.26187623669696,-0.9651014644344076,0.0607,0.164,0.0625,0.0538999999999999,0.0552999999999999,
2023-06-17 05:30:00,2023-06-17,5,0.9914448613737956,0.1305261922201651,168,0.2617032905625843,-0.9651483760068787,0.0695,0.211,0.082,0.0622999999999999,0.065,
2023-06-17 05:45:00,2023-06-17,5,0.9978589232385988,0.0654031292302126,168,0.2615303360246375,-0.965195256587412,0.0756,0.254,0.119,0.0685,0.143,
2023-06-17 06:00:00,2023-06-17,6,1.0,2.4977223876876713e-14,168,0.2613573730886745,-0.9652421061745012,0.0833,0.304,0.163,0.0752999999999999,0.191,
2023-06-17 06:15:00,2023-06-17,6,0.9978589232386024,-0.0654031292301628,168,0.2611844017602485,-0.9652889247666426,0.0874,0.353,0.211,0.106,0.245,
2023-06-17 06:30:00,2023-06-17,6,0.9914448613738316,-0.1305261922198901,168,0.2610114220449147,-0.9653357123623322,0.0906,0.399,0.262,0.149,0.296,
2023-06-17 06:45:00,2023-06-17,6,0.9807852804032536,-0.1950903220160125,168,0.2608384339482272,-0.965382468960068,0.0964,0.45,0.316,0.197,0.352,
2023-06-17 07:00:00,2023-06-17,7,0.9659258262890872,-0.25881904510245,168,0.2606654374757404,-0.9654291945583482,0.0984,0.495,0.368,0.245,0.405,
2023-06-17 07:15:00,2023-06-17,7,0.9469301294951148,-0.3214394653031346,168,0.2604924326330107,-0.9654758891556724,0.103,0.547,0.424,0.295,0.462,
2023-06-17 07:30:00,2023-06-17,7,0.9238795325112804,-0.3826834323651048,168,0.2603194194255916,-0.965522552750542,0.108,0.586,0.474,0.342,0.511,
2023-06-17 07:45:00,2023-06-17,7,0.8968727415326613,-0.4422886902190561,168,0.2601463978590403,-0.9655691853414576,0.116,0.626,0.524,0.39,0.561,
2023-06-17 08:00:00,2023-06-17,8,0.8660254037843857,-0.5000000000000917,168,0.2599733679389117,-0.9656157869269222,0.125,0.663,0.572,0.437,0.608,
2023-06-17 08:15:00,2023-06-17,8,0.8314696123025879,-0.5555702330195385,168,0.2598003296707629,-0.9656623575054392,0.13,0.701,0.621,0.485,0.656,
2023-06-17 08:30:00,2023-06-17,8,0.7933533402912546,-0.6087614290086952,168,0.2596272830601498,-0.9657088970755136,0.138,0.739,0.668,0.53,0.701,
2023-06-17 08:45:00,2023-06-17,8,0.751839807478969,-0.6593458151000785,168,0.2594542281126287,-0.9657554056356504,0.149,0.77,0.705,0.568,0.739,
2023-06-17 09:00:00,2023-06-17,9,0.7071067811866676,-0.7071067811864274,168,0.2592811648337579,-0.9658018831843568,0.158,0.802,0.747,0.61,0.781,
2023-06-17 09:15:00,2023-06-17,9,0.6593458151001629,-0.751839807478895,168,0.259108093229093,-0.9658483297201396,0.171,0.83,0.784,0.648,0.818,
2023-06-17 09:30:00,2023-06-17,9,0.6087614290087843,-0.7933533402911863,168,0.2589350133041928,-0.965894745241508,0.199,0.846,0.804,0.672,0.84,
2023-06-17 09:45:00,2023-06-17,9,0.5555702330196317,-0.8314696123025256,168,0.2587619250646145,-0.9659411297469712,0.204,0.879,0.843,0.71,0.878,
2023-06-17 10:00:00,2023-06-17,10,0.4999999999999919,-0.8660254037844433,168,0.2585888285159157,-0.9659874832350398,0.238,0.908,0.875,0.742,0.911,
2023-06-17 10:15:00,2023-06-17,10,0.4422886902189528,-0.8968727415327122,168,0.2584157236636558,-0.9660338057042254,0.296,0.929,0.891,0.759,0.93,
2023-06-17 10:30:00,2023-06-17,10,0.3826834323649984,-0.9238795325113246,168,0.2582426105133924,-0.9660800971530406,0.238,0.929,0.904,0.776,0.942,
2023-06-17 10:45:00,2023-06-17,10,0.3214394653032408,-0.9469301294950788,168,0.2580694890706856,-0.9661263575799984,0.267,0.908,0.897,0.777,0.932,
2023-06-17 11:00:00,2023-06-17,11,0.2588190451025584,-0.9659258262890582,168,0.2578963593410928,-0.9661725869836144,0.268,0.952,0.936,0.815,0.974,
2023-06-17 11:15:00,2023-06-17,11,0.1950903220161225,-0.9807852804032317,168,0.2577232213301748,-0.9662187853624032,0.289,0.92,0.91,0.799,0.946,
2023-06-17 11:30:00,2023-06-17,11,0.1305261922202268,-0.9914448613737872,168,0.2575500750434906,-0.9662649527148816,0.327,0.9,0.896,0.791,0.929,
2023-06-17 11:45:00,2023-06-17,11,0.0654031292302747,-0.9978589232385948,168,0.2573769204865999,-0.9663110890395672,0.264,0.944,0.938,0.832,0.976,
2023-06-17 12:00:00,2023-06-17,12,8.721094559584286e-14,-1.0,168,0.2572037576650635,-0.9663571943349784,0.259,0.898,0.895,0.798,0.93,
2023-06-17 12:15:00,2023-06-17,12,-0.0654031292301007,-0.9978589232386064,168,0.2570305865844412,-0.9664032685996348,0.218,0.928,0.917,0.819,0.957,
2023-06-17 12:30:00,2023-06-17,12,-0.1305261922200539,-0.9914448613738102,168,0.2568574072502949,-0.9664493118320568,0.206,0.908,0.887,0.795,0.928,
2023-06-17 12:45:00,2023-06-17,12,-0.1950903220161745,-0.9807852804032212,168,0.2566842196681838,-0.966495324030766,0.206,0.892,0.862,0.773,0.905,
2023-06-17 13:00:00,2023-06-17,13,-0.2588190451026095,-0.9659258262890446,168,0.2565110238436706,-0.9665413051942848,0.21,0.872,0.833,0.749,0.877,
2023-06-17 13:15:00,2023-06-17,13,-0.3214394653030757,-0.9469301294951348,168,0.2563378197823161,-0.966587255321137,0.213,0.827,0.783,0.705,0.825,
2023-06-17 13:30:00,2023-06-17,13,-0.3826834323650473,-0.9238795325113044,168,0.2561646074896819,-0.9666331744098468,0.213,0.812,0.758,0.684,0.802,
2023-06-17 13:45:00,2023-06-17,13,-0.4422886902190002,-0.8968727415326888,168,0.2559913869713308,-0.9666790624589396,0.213,0.784,0.721,0.652,0.765,
2023-06-17 14:00:00,2023-06-17,14,-0.4999999999998408,-0.8660254037845305,168,0.2558181582328246,-0.966724919466942,0.211,0.751,0.68,0.616,0.724,
2023-06-17 14:15:00,2023-06-17,14,-0.5555702330194867,-0.8314696123026224,168,0.2556449212797259,-0.9667707454323816,0.208,0.71,0.632,0.574,0.677,
2023-06-17 14:30:00,2023-06-17,14,-0.6087614290086459,-0.7933533402912925,168,0.2554716761175972,-0.9668165403537868,0.203,0.674,0.588,0.534,0.635,
2023-06-17 14:45:00,2023-06-17,14,-0.6593458151000318,-0.75183980747901,168,0.2552984227520022,-0.9668623042296872,0.199,0.632,0.539,0.49,0.586,
2023-06-17 15:00:00,2023-06-17,15,-0.7071067811865442,-0.7071067811865508,168,0.2551251611885041,-0.9669080370586128,0.195,0.6,0.495,0.451,0.543,
2023-06-17 15:15:00,2023-06-17,15,-0.7518398074790038,-0.6593458151000386,168,0.2549518914326659,-0.9669537388390956,0.184,0.56,0.447,0.407,0.495,
2023-06-17 15:30:00,2023-06-17,15,-0.7933533402912869,-0.6087614290086533,168,0.2547786134900524,-0.966999409569668,0.175,0.513,0.394,0.357,0.442,
2023-06-17 15:45:00,2023-06-17,15,-0.831469612302491,-0.5555702330196834,168,0.2546053273662272,-0.9670450492488633,0.165,0.465,0.341,0.309,0.388,
2023-06-17 16:00:00,2023-06-17,16,-0.8660254037844122,-0.5000000000000459,168,0.2544320330667549,-0.967090657875216,0.155,0.426,0.295,0.268,0.341,
2023-06-17 16:15:00,2023-06-17,16,-0.8968727415326847,-0.4422886902190086,168,0.2542587305971996,-0.9671362354472616,0.142,0.381,0.246,0.223,0.29,
2023-06-17 16:30:00,2023-06-17,16,-0.9238795325112138,-0.382683432365266,168,0.2540854199631276,-0.967181781963536,0.131,0.333,0.199,0.178,0.241,
2023-06-17 16:45:00,2023-06-17,16,-0.9469301294950588,-0.3214394653032998,168,0.2539121011701022,-0.9672272974225778,0.12,0.285,0.155,0.138,0.193,
2023-06-17 17:00:00,2023-06-17,17,-0.965925826289042,-0.2588190451026185,168,0.2537387742236899,-0.9672727818229248,0.108,0.237,0.115,0.0998,0.148,
2023-06-17 17:15:00,2023-06-17,17,-0.9807852804032194,-0.1950903220161836,168,0.2535654391294568,-0.9673182351631162,0.0955999999999999,0.188,0.0858,0.078,0.108,
2023-06-17 17:30:00,2023-06-17,17,-0.9914448613738088,-0.1305261922200631,168,0.2533920958929683,-0.9673636574416928,0.083,0.146,0.0718,0.066,0.0779,
2023-06-17 17:45:00,2023-06-17,17,-0.9978589232386056,-0.0654031292301099,168,0.2532187445197908,-0.967409048657196,0.0681,0.112,0.0571,0.0533999999999999,0.0602,
2023-06-17 18:00:00,2023-06-17,18,-1.0,7.792900812842309e-14,168,0.2530453850154903,-0.9674544088081682,0.0525,0.0772,0.0425,0.0404,0.0442,
2023-06-17 18:15:00,2023-06-17,18,-0.9978589232386104,0.0654031292300386,168,0.2528720173856349,-0.9674997378931528,0.0364,0.0361,0.0277,0.026,0.0281,
2023-06-17 18:30:00,2023-06-17,18,-0.9914448613738184,0.1305261922199922,168,0.2526986416357898,-0.9675450359106944,0.0173,0.0175,0.014,0.0127,0.0134,
2023-06-17 18:45:00,2023-06-17,18,-0.9807852804032334,0.1950903220161134,168,0.2525252577715233,-0.967590302859338,0.00436,0.0047199999999999,0.00474,0.00409,0.00379,
2023-06-17 19:00:00,2023-06-17,19,-0.9659258262890608,0.2588190451025494,168,0.2523518657984032,-0.9676355387376306,-0.00122,-0.00102,0.000138,7.259999999999999e-05,-0.000925,
2023-06-17 19:15:00,2023-06-17,19,-0.9469301294951548,0.3214394653030167,168,0.2521784657219969,-0.9676807435441194,-0.00292,-0.00258,-0.0012,-0.00114,-0.00232,
2023-06-17 19:30:00,2023-06-17,19,-0.923879532511328,0.3826834323649898,168,0.2520050575478725,-0.9677259172773526,-0.00285,-0.0025,-0.0012,-0.000944,-0.00213,
2023-06-17 19:45:00,2023-06-17,19,-0.8968727415327163,0.4422886902189444,168,0.2518316412815979,-0.96777105993588,-0.00259,-0.0022299999999999,-0.00106,-0.000726,-0.00178,
2023-06-17 20:00:00,2023-06-17,20,-0.8660254037844479,0.4999999999999839,168,0.251658216928743,-0.9678161715182516,-0.00287,-0.0025099999999999,-0.00105,-0.000852,-0.0019299999999999,
2023-06-17 20:15:00,2023-06-17,20,-0.8314696123025307,0.5555702330196239,168,0.2514847844948749,-0.9678612520230192,-0.00266,-0.00231,-0.000951,-0.000799,-0.00183,
2023-06-17 20:30:00,2023-06-17,20,-0.793353340291192,0.6087614290087769,168,0.2513113439855635,-0.9679063014487352,-0.00229,-0.00188,-0.000845,-0.000474,-0.00151,
2023-06-17 20:45:00,2023-06-17,20,-0.751839807479051,0.6593458150999849,168,0.251137895406379,-0.9679513197939524,-0.00231,-0.00189,-0.000824,-0.000398,-0.00145,
2023-06-17 21:00:00,2023-06-17,21,-0.7071067811865948,0.7071067811865003,168,0.2509644387628894,-0.9679963070572264,-0.00206,-0.0016899999999999,-0.00102,-0.000608,-0.00164,
2023-06-17 21:15:00,2023-06-17,21,-0.6593458151000855,0.7518398074789628,168,0.2507909740606658,-0.9680412632371114,-0.00242,-0.00209,-0.000893,-0.000577,-0.0016799999999999,
2023-06-17 21:30:00,2023-06-17,21,-0.6087614290087027,0.7933533402912489,168,0.2506175013052775,-0.9680861883321644,-0.00239,-0.00204,-0.000896,-0.000593,-0.00162,
2023-06-17 21:45:00,2023-06-17,21,-0.5555702330197352,0.8314696123024564,168,0.2504440205022962,-0.9681310823409428,-0.0025099999999999,-0.00214,-0.000886,-0.000539,-0.0014399999999999,
2023-06-17 22:00:00,2023-06-17,22,-0.5000000000000997,0.8660254037843811,168,0.2502705316572908,-0.968175945262005,-0.0025099999999999,-0.00225,-0.00109,-0.00091,-0.0017,
2023-06-17 22:15:00,2023-06-17,22,-0.4422886902190644,0.8968727415326572,168,0.2500970347758331,-0.9682207770939104,-0.00262,-0.00224,-0.00104,-0.000929,-0.00149,
2023-06-17 22:30:00,2023-06-17,22,-0.3826834323651134,0.923879532511277,168,0.2499235298634951,-0.968265577835219,-0.00264,-0.00233,-0.00141,-0.00123,-0.00229,
2023-06-17 22:45:00,2023-06-17,22,-0.3214394653031434,0.9469301294951118,168,0.2497500169258465,-0.9683103474844929,-0.0030299999999999,-0.00274,-0.00129,-0.00135,-0.0025099999999999,
2023-06-17 23:00:00,2023-06-17,23,-0.2588190451024589,0.9659258262890849,168,0.2495764959684604,-0.968355086040294,-0.00214,-0.0016799999999999,-0.000803,-0.000505,-0.00114,
2023-06-17 23:15:00,2023-06-17,23,-0.1950903220160216,0.9807852804032516,168,0.2494029669969077,-0.968399793501186,-0.00279,-0.00242,-0.000762,-0.000482,-0.00131,
2023-06-17 23:30:00,2023-06-17,23,-0.1305261922201248,0.9914448613738008,168,0.249229430016762,-0.9684444698657326,-0.00304,-0.00272,-0.000962,-0.00091,-0.0020499999999999,
2023-06-17 23:45:00,2023-06-17,23,-0.065403129230172,0.9978589232386016,168,0.2490558850335939,-0.9684891151325002,-0.00282,-0.0024,-0.000776,-0.000952,-0.00186,
2023-06-18 00:00:00,2023-06-18,0,1.5695286409456948e-14,1.0,169,0.2488823320529772,-0.9685337293000548,-0.00434,-0.00394,-0.000817,-0.00156,-0.0020299999999999,
2023-06-18 00:15:00,2023-06-18,0,0.0654031292299765,0.9978589232386144,169,0.2487087710804855,-0.9685783123669632,-0.0047599999999999,-0.00419,-0.000627,-0.00138,-0.00188,
2023-06-18 00:30:00,2023-06-18,0,0.1305261922199305,0.9914448613738264,169,0.2485352021216905,-0.9686228643317948,-0.00422,-0.0035499999999999,-0.000483,-0.00101,-0.00178,
2023-06-18 00:45:00,2023-06-18,0,0.1950903220160524,0.9807852804032456,169,0.2483616251821669,-0.9686673851931182,-0.00452,-0.0040599999999999,-0.000607,-0.00126,-0.00183,
2023-06-18 01:00:00,2023-06-18,1,0.2588190451024893,0.9659258262890767,169,0.2481880402674879,-0.9687118749495042,-0.0025099999999999,-0.00204,-0.000472,-0.000547,-0.00114,
2023-06-18 01:15:00,2023-06-18,1,0.3214394653031731,0.9469301294951016,169,0.2480144473832277,-0.968756333599524,-0.000902,-0.000362,-0.000638,-0.00013,-0.00175,
2023-06-18 01:30:00,2023-06-18,1,0.3826834323651424,0.923879532511265,169,0.2478408465349599,-0.9688007611417502,-0.00155,-0.000855,-0.000396,0.00039,-0.00081,
2023-06-18 01:45:00,2023-06-18,1,0.4422886902190925,0.8968727415326433,169,0.2476672377282597,-0.968845157574756,-0.00341,-0.00294,-0.000662,-0.000497,-0.00139,
2023-06-18 02:00:00,2023-06-18,2,0.49999999999993,0.8660254037844791,169,0.2474936209687024,-0.9688895228971156,-0.00267,-0.00225,-0.00071,-0.000275,-0.00123,
2023-06-18 02:15:00,2023-06-18,2,0.5555702330195722,0.8314696123025652,169,0.2473199962618616,-0.9689338571074048,-0.0019199999999999,-0.00164,-0.00112,-0.000608,-0.00181,
2023-06-18 02:30:00,2023-06-18,2,0.6087614290087275,0.7933533402912298,169,0.2471463636133137,-0.9689781602041996,-0.00314,-0.00276,-0.0011899999999999,-0.000852,-0.00213,
2023-06-18 02:45:00,2023-06-18,2,0.6593458150999382,0.7518398074790921,169,0.2469727230286338,-0.9690224321860778,-0.0020499999999999,-0.00163,-0.0011,-0.000615,-0.0016699999999999,
2023-06-18 03:00:00,2023-06-18,3,0.7071067811864562,0.7071067811866388,169,0.2467990745133978,-0.9690666730516174,-0.00271,-0.00227,-0.00103,-0.000646,-0.00183,
2023-06-18 03:15:00,2023-06-18,3,0.7518398074789218,0.6593458151001322,169,0.2466254180731812,-0.969110882799398,-0.00252,-0.0021,-0.00114,-0.000795,-0.0020099999999999,
2023-06-18 03:30:00,2023-06-18,3,0.7933533402912111,0.6087614290087521,169,0.2464517537135611,-0.969155061428,-0.00174,-0.0014,-0.000655,-0.000375,-0.00153,
2023-06-18 03:45:00,2023-06-18,3,0.8314696123025481,0.5555702330195978,169,0.2462780814401138,-0.9691992089360044,0.000426,0.000723,0.00146,0.0016899999999999,0.000853,
2023-06-18 04:00:00,2023-06-18,4,0.8660254037844637,0.4999999999999567,169,0.2461044012584155,-0.969243325321994,0.0077,0.0079,0.00692,0.00669,0.00656,
2023-06-18 04:15:00,2023-06-18,4,0.8968727415327302,0.4422886902189162,169,0.2459307131740442,-0.969287410584552,0.0197,0.0197,0.016,0.0148,0.0155,
2023-06-18 04:30:00,2023-06-18,4,0.9238795325112532,0.3826834323651709,169,0.2457570171925767,-0.9693314647222628,0.0285,0.0285,0.0237,0.0218,0.0231,
2023-06-18 04:45:00,2023-06-18,4,0.9469301294950918,0.3214394653032023,169,0.2455833133195907,-0.9693754877337118,0.0392999999999999,0.0392999999999999,0.0329,0.0306,0.0325,
2023-06-18 05:00:00,2023-06-18,5,0.9659258262890688,0.2588190451025191,169,0.2454096015606635,-0.9694194796174856,0.0591,0.092,0.0489,0.046,0.0505,
2023-06-18 05:15:00,2023-06-18,5,0.9807852804031952,0.1950903220163056,169,0.2452358819213741,-0.9694634403721708,0.0831,0.159,0.074,0.0645999999999999,0.0699,
2023-06-18 05:30:00,2023-06-18,5,0.9914448613737926,0.1305261922201865,169,0.2450621544073002,-0.9695073699963568,0.104,0.199,0.0950999999999999,0.0761,0.0859,
2023-06-18 05:45:00,2023-06-18,5,0.9978589232385976,0.0654031292302341,169,0.2448884190240202,-0.9695512684886324,0.116,0.24,0.127,0.0832,0.147,
2023-06-18 06:00:00,2023-06-18,6,1.0,4.653843530950919e-14,169,0.2447146757771136,-0.9695951358475876,0.132,0.281,0.165,0.0928,0.187,
2023-06-18 06:15:00,2023-06-18,6,0.9978589232386036,-0.0654031292301413,169,0.2445409246721591,-0.9696389720718148,0.14,0.375,0.231,0.124,0.266,
2023-06-18 06:30:00,2023-06-18,6,0.9914448613738048,-0.1305261922200942,169,0.244367165714736,-0.9696827771599054,0.136,0.358,0.24,0.143,0.269,
2023-06-18 06:45:00,2023-06-18,6,0.9807852804032132,-0.1950903220162143,169,0.2441933989104236,-0.9697265511104534,0.125,0.388,0.277,0.176,0.307,
2023-06-18 07:00:00,2023-06-18,7,0.9659258262890928,-0.2588190451024292,169,0.2440196242648024,-0.9697702939220528,0.0993,0.511,0.381,0.251,0.419,
2023-06-18 07:15:00,2023-06-18,7,0.9469301294951218,-0.3214394653031142,169,0.2438458417834522,-0.9698140055932992,0.0912999999999999,0.556,0.433,0.3,0.472,
2023-06-18 07:30:00,2023-06-18,7,0.9238795325112888,-0.3826834323650849,169,0.2436720514719529,-0.9698576861227888,0.0866,0.6,0.486,0.349,0.525,
2023-06-18 07:45:00,2023-06-18,7,0.8968727415327714,-0.4422886902188328,169,0.2434982533358863,-0.969901335509119,0.0868,0.643,0.539,0.399,0.578,
2023-06-18 08:00:00,2023-06-18,8,0.8660254037845102,-0.4999999999998761,169,0.2433244473808316,-0.9699449537508884,0.0863,0.684,0.591,0.449,0.629,
2023-06-18 08:15:00,2023-06-18,8,0.8314696123025999,-0.5555702330195205,169,0.2431506336123711,-0.969988540846696,0.0868,0.724,0.642,0.498,0.678,
2023-06-18 08:30:00,2023-06-18,8,0.7933533402912677,-0.6087614290086781,169,0.2429768120360854,-0.9700320967951426,0.0888,0.759,0.686,0.542,0.723,
2023-06-18 08:45:00,2023-06-18,8,0.7518398074789832,-0.6593458151000623,169,0.2428029826575568,-0.9700756215948292,0.1,0.792,0.726,0.582,0.761,
2023-06-18 09:00:00,2023-06-18,9,0.707106781186522,-0.707106781186573,169,0.2426291454823669,-0.9701191152443582,0.114,0.821,0.766,0.623,0.8,
2023-06-18 09:15:00,2023-06-18,9,0.6593458151000081,-0.7518398074790307,169,0.2424553005160972,-0.9701625777423334,0.131,0.829,0.782,0.644,0.816,
2023-06-18 09:30:00,2023-06-18,9,0.6087614290088014,-0.7933533402911732,169,0.2422814477643315,-0.9702060090873584,0.121,0.882,0.846,0.704,0.879,
2023-06-18 09:45:00,2023-06-18,9,0.5555702330196496,-0.8314696123025136,169,0.2421075872326505,-0.9702494092780396,0.133,0.874,0.847,0.71,0.88,
2023-06-18 10:00:00,2023-06-18,10,0.5000000000000105,-0.8660254037844325,169,0.2419337189266384,-0.9702927783129824,0.117,0.882,0.86,0.726,0.894,
2023-06-18 10:15:00,2023-06-18,10,0.4422886902189721,-0.8968727415327027,169,0.2417598428518775,-0.9703361161907949,0.104,0.945,0.923,0.784,0.959,
2023-06-18 10:30:00,2023-06-18,10,0.3826834323652284,-0.9238795325112292,169,0.241585959013952,-0.9703794229100848,0.107,0.96,0.937,0.8,0.975,
2023-06-18 10:45:00,2023-06-18,10,0.3214394653032613,-0.9469301294950718,169,0.241412067418445,-0.970422698469462,0.109,0.946,0.927,0.796,0.962,
2023-06-18 11:00:00,2023-06-18,11,0.2588190451025792,-0.9659258262890528,169,0.2412381680709399,-0.9704659428675366,0.0876,0.975,0.959,0.83,0.997,
2023-06-18 11:15:00,2023-06-18,11,0.1950903220161436,-0.9807852804032274,169,0.2410642609770222,-0.97050915610292,0.0917999999999999,0.978,0.96,0.835,1.0,
2023-06-18 11:30:00,2023-06-18,11,0.1305261922200228,-0.9914448613738142,169,0.2408903461422744,-0.970552338174225,0.088,0.98,0.962,0.84,1.0,
2023-06-18 11:45:00,2023-06-18,11,0.0654031292300694,-0.9978589232386084,169,0.2407164235722824,-0.9705954890800644,0.0873,0.974,0.953,0.836,0.994,
2023-06-18 12:00:00,2023-06-18,12,1.0877215702847533e-13,-1.0,169,0.2405424932726307,-0.970638608819053,0.088,0.969,0.944,0.833,0.987,
2023-06-18 12:15:00,2023-06-18,12,-0.0654031292300792,-0.9978589232386076,169,0.2403685552489038,-0.970681697389806,0.0886,0.96,0.931,0.824,0.976,
2023-06-18 12:30:00,2023-06-18,12,-0.1305261922200325,-0.9914448613738128,169,0.240194609506688,-0.9707247547909396,0.0878,0.946,0.911,0.809,0.956,
2023-06-18 12:45:00,2023-06-18,12,-0.1950903220161533,-0.9807852804032254,169,0.2400206560515681,-0.9707677810210714,0.0887,0.931,0.889,0.793,0.936,
2023-06-18 13:00:00,2023-06-18,13,-0.2588190451023691,-0.965925826289109,169,0.239846694889131,-0.9708107760788196,0.0950999999999999,0.907,0.861,0.768,0.907,
2023-06-18 13:15:00,2023-06-18,13,-0.3214394653030553,-0.9469301294951418,169,0.2396727260249613,-0.970853739962804,0.0892,0.889,0.835,0.747,0.882,
2023-06-18 13:30:00,2023-06-18,13,-0.3826834323650274,-0.9238795325113126,169,0.2394987494646464,-0.9708966726716446,0.0881,0.864,0.803,0.72,0.849,
2023-06-18 13:45:00,2023-06-18,13,-0.4422886902189809,-0.8968727415326984,169,0.2393247652137726,-0.9709395742039628,0.0928,0.833,0.763,0.686,0.811,
2023-06-18 14:00:00,2023-06-18,14,-0.5000000000000191,-0.8660254037844276,169,0.2391507732779262,-0.9709824445583812,0.0960999999999999,0.815,0.734,0.662,0.784,
2023-06-18 14:15:00,2023-06-18,14,-0.5555702330196578,-0.8314696123025082,169,0.2389767736626952,-0.971025283733523,0.0985,0.764,0.677,0.611,0.725,
2023-06-18 14:30:00,2023-06-18,14,-0.6087614290086288,-0.7933533402913057,169,0.2388027663736664,-0.9710680917280128,0.0937,0.745,0.644,0.581,0.696,
2023-06-18 14:45:00,2023-06-18,14,-0.6593458151000156,-0.7518398074790242,169,0.2386287514164274,-0.9711108685404756,0.0881,0.705,0.594,0.538,0.65,
2023-06-18 15:00:00,2023-06-18,15,-0.707106781186529,-0.707106781186566,169,0.2384547287965655,-0.9711536141695384,0.0894,0.659,0.539,0.488,0.596,
2023-06-18 15:15:00,2023-06-18,15,-0.7518398074789896,-0.6593458151000549,169,0.2382806985196698,-0.9711963286138278,0.0833,0.617,0.485,0.439,0.542,
2023-06-18 15:30:00,2023-06-18,15,-0.7933533402911354,-0.6087614290088508,169,0.238106660591328,-0.9712390118719728,0.0783,0.572,0.429,0.386,0.487,
2023-06-18 15:45:00,2023-06-18,15,-0.831469612302479,-0.5555702330197013,169,0.2379326150171282,-0.9712816639426028,0.0768,0.525,0.371,0.333,0.429,
2023-06-18 16:00:00,2023-06-18,16,-0.8660254037844014,-0.5000000000000645,169,0.2377585618026602,-0.9713242848243476,0.0711,0.478,0.314,0.28,0.372,
2023-06-18 16:15:00,2023-06-18,16,-0.8968727415326752,-0.4422886902190279,169,0.2375845009535125,-0.9713668745158394,0.0681,0.431,0.257,0.226,0.315,
2023-06-18 16:30:00,2023-06-18,16,-0.9238795325112924,-0.3826834323650758,169,0.2374104324752743,-0.97140943301571,0.0647,0.38,0.202,0.175,0.258,
2023-06-18 16:45:00,2023-06-18,16,-0.9469301294951248,-0.3214394653031049,169,0.2372363563735349,-0.9714519603225932,0.0628,0.335,0.152,0.129,0.207,
2023-06-18 17:00:00,2023-06-18,17,-0.9659258262890954,-0.2588190451024197,169,0.2370622726538848,-0.971494456435123,0.0613999999999999,0.288,0.104,0.0837,0.156,
2023-06-18 17:15:00,2023-06-18,17,-0.9807852804032152,-0.1950903220162047,169,0.2368881813219135,-0.9715369213519351,0.057,0.235,0.0705,0.0613999999999999,0.107,
2023-06-18 17:30:00,2023-06-18,17,-0.991444861373806,-0.1305261922200845,169,0.236714082383211,-0.971579355071666,0.0511,0.185,0.0613,0.0549,0.0677,
2023-06-18 17:45:00,2023-06-18,17,-0.9978589232386044,-0.0654031292301315,169,0.2365399758433686,-0.9716217575929528,0.0451,0.142,0.0486,0.0455,0.0496,
2023-06-18 18:00:00,2023-06-18,18,-1.0,-1.7100587874744148e-13,169,0.2363658617079765,-0.971664128914434,0.0362,0.0887,0.0348,0.0343,0.0352,
2023-06-18 18:15:00,2023-06-18,18,-0.9978589232386118,0.0654031292300171,169,0.2361917399826259,-0.971706469034749,0.0257,0.0261999999999999,0.022,0.0218,0.0209,
2023-06-18 18:30:00,2023-06-18,18,-0.991444861373821,0.1305261922199708,169,0.2360176106729075,-0.9717487779525384,0.0172,0.0174,0.0135,0.0129,0.0125,
2023-06-18 18:45:00,2023-06-18,18,-0.9807852804032376,0.1950903220160923,169,0.2358434737844136,-0.9717910556664434,0.00692,0.0070999999999999,0.00579,0.0050199999999999,0.00477,
2023-06-18 19:00:00,2023-06-18,19,-0.9659258262890662,0.2588190451025285,169,0.2356693293227355,-0.9718333021751066,-0.000368,-0.000213,0.000427,-3.82e-05,-0.000788,
2023-06-18 19:15:00,2023-06-18,19,-0.9469301294950888,0.3214394653032116,169,0.2354951772934647,-0.9718755174771714,-0.00254,-0.00217,-0.000838,-0.00105,-0.0020499999999999,
2023-06-18 19:30:00,2023-06-18,19,-0.9238795325112494,0.38268343236518,169,0.2353210177021944,-0.971917701571282,-0.0031,-0.00263,-0.00129,-0.00137,-0.00259,
2023-06-18 19:45:00,2023-06-18,19,-0.8968727415327259,0.4422886902189251,169,0.2351468505545165,-0.971959854456084,-0.00297,-0.00239,-0.0011,-0.00102,-0.00219,
2023-06-18 20:00:00,2023-06-18,20,-0.8660254037844587,0.4999999999999652,169,0.2349726758560237,-0.9720019761302237,-0.00281,-0.0023,-0.00104,-0.00047,-0.00159,
2023-06-18 20:15:00,2023-06-18,20,-0.8314696123025427,0.5555702330196061,169,0.2347984936123086,-0.9720440665923488,-0.00341,-0.003,-0.00153,-0.00134,-0.00277,
2023-06-18 20:30:00,2023-06-18,20,-0.7933533402913435,0.6087614290085794,169,0.2346243038289652,-0.9720861258411074,-0.00261,-0.00227,-0.00112,-0.000944,-0.00204,
2023-06-18 20:45:00,2023-06-18,20,-0.7518398074790652,0.6593458150999687,169,0.2344501065115864,-0.9721281538751492,-0.00243,-0.00178,-0.0008,-0.000807,-0.0022,
2023-06-18 21:00:00,2023-06-18,21,-0.7071067811866101,0.707106781186485,169,0.2342759016657655,-0.9721701506931246,-0.00242,-0.00191,-0.000665,-0.000646,-0.00151,
2023-06-18 21:15:00,2023-06-18,21,-0.6593458151001017,0.7518398074789486,169,0.2341016892970973,-0.9722121162936848,-0.00218,-0.00159,-0.000393,-0.000203,-0.00127,
2023-06-18 21:30:00,2023-06-18,21,-0.6087614290087198,0.7933533402912358,169,0.2339274694111754,-0.9722540506754824,-0.00277,-0.00216,-0.000803,-0.000252,-0.0016899999999999,
2023-06-18 21:45:00,2023-06-18,21,-0.5555702330195641,0.8314696123025708,169,0.2337532420135943,-0.9722959538371708,-0.00279,-0.00233,-0.00103,-0.000443,-0.0017,
2023-06-18 22:00:00,2023-06-18,22,-0.4999999999999214,0.866025403784484,169,0.2335790071099481,-0.9723378257774048,-0.00254,-0.00206,-0.000993,-0.000566,-0.00179,
2023-06-18 22:15:00,2023-06-18,22,-0.4422886902190837,0.8968727415326476,169,0.2334047647058326,-0.9723796664948392,-0.00232,-0.0019,-0.00082,-0.000478,-0.00182,
2023-06-18 22:30:00,2023-06-18,22,-0.3826834323651333,0.9238795325112688,169,0.2332305148068425,-0.972421475988131,-0.00234,-0.0018,-0.000424,-0.000405,-0.00164,
2023-06-18 22:45:00,2023-06-18,22,-0.3214394653031638,0.9469301294951048,169,0.2330562574185727,-0.9724632542559374,-0.00265,-0.00211,-0.000865,-0.000749,-0.0020099999999999,
2023-06-18 23:00:00,2023-06-18,23,-0.2588190451026994,0.9659258262890204,169,0.2328819925466199,-0.9725050012969167,-0.00323,-0.00271,-0.0014,-0.00104,-0.00231,
2023-06-18 23:15:00,2023-06-18,23,-0.1950903220162657,0.9807852804032032,169,0.2327077201965785,-0.9725467171097288,-0.00269,-0.00222,-0.00108,-0.00101,-0.00224,
2023-06-18 23:30:00,2023-06-18,23,-0.1305261922201462,0.991444861373798,169,0.2325334403740457,-0.9725884016930338,-0.00267,-0.00229,-0.00123,-0.000929,-0.00245,
2023-06-18 23:45:00,2023-06-18,23,-0.0654031292301936,0.9978589232386,169,0.232359153084617,-0.9726300550454934,-0.0025499999999999,-0.00181,-0.000345,-0.000352,-0.00137,
2023-06-19 00:00:00,2023-06-19,0,-5.8659250231755276e-15,1.0,170,0.2321848583338897,-0.97267167716577,-0.0025099999999999,-0.00195,-0.000703,-0.000608,-0.00178,
2023-06-19 00:15:00,2023-06-19,0,0.0654031292301818,0.9978589232386008,170,0.2320105561274603,-0.9727132680525268,-0.00231,-0.00164,-0.00029,-9.56e-05,-0.00126,
2023-06-19 00:30:00,2023-06-19,0,0.1305261922201345,0.9914448613737996,170,0.2318362464709254,-0.9727548277044284,-0.00245,-0.00173,-0.00039,-3.44e-05,-0.0011899999999999,
2023-06-19 00:45:00,2023-06-19,0,0.1950903220160312,0.9807852804032496,170,0.2316619293698834,-0.9727963561201404,-0.00213,-0.00148,-0.000545,9.56e-05,-0.00133,
2023-06-19 01:00:00,2023-06-19,1,0.2588190451024684,0.9659258262890824,170,0.2314876048299302,-0.9728378532983296,-0.00261,-0.00198,-0.000693,-0.000336,-0.00182,
2023-06-19 01:15:00,2023-06-19,1,0.3214394653031527,0.9469301294951088,170,0.2313132728566649,-0.9728793192376628,-0.00232,-0.00177,-0.000876,-0.000619,-0.00202,
2023-06-19 01:30:00,2023-06-19,1,0.3826834323649124,0.9238795325113602,170,0.2311389334556849,-0.9729207539368088,-0.00271,-0.0022299999999999,-0.00082,-0.000585,-0.00196,
2023-06-19 01:45:00,2023-06-19,1,0.4422886902188693,0.8968727415327534,170,0.2309645866325881,-0.9729621573944373,-0.00232,-0.00161,-0.000441,-0.00026,-0.00135,
2023-06-19 02:00:00,2023-06-19,2,0.4999999999999113,0.8660254037844899,170,0.2307902323929738,-0.9730035296092184,-0.00244,-0.00187,-0.000803,-0.000581,-0.002,
2023-06-19 02:15:00,2023-06-19,2,0.5555702330195543,0.8314696123025772,170,0.2306158707424399,-0.973044870579824,-0.00296,-0.00237,-0.000572,-0.000539,-0.00174,
2023-06-19 02:30:00,2023-06-19,2,0.6087614290087104,0.7933533402912429,170,0.2304415016865864,-0.973086180304926,-0.00211,-0.00153,-0.00061,-3.06e-05,-0.0016,
2023-06-19 02:45:00,2023-06-19,2,0.6593458151000928,0.7518398074789563,170,0.2302671252310111,-0.9731274587831986,-0.00294,-0.00229,-0.000717,-0.000657,-0.0019199999999999,
2023-06-19 03:00:00,2023-06-19,3,0.7071067811866018,0.7071067811864933,170,0.2300927413813144,-0.9731687060133158,-0.00319,-0.00243,-0.000665,-0.000581,-0.00189,
2023-06-19 03:15:00,2023-06-19,3,0.7518398074789076,0.6593458151001484,170,0.2299183501430957,-0.9732099219939534,-0.0030499999999999,-0.00261,-0.000421,-0.000696,-0.00165,
2023-06-19 03:30:00,2023-06-19,3,0.793353340291198,0.6087614290087692,170,0.2297439515219543,-0.973251106723788,-0.000964,-0.000429,-0.000241,0.000214,-0.00147,
2023-06-19 03:45:00,2023-06-19,3,0.8314696123025361,0.5555702330196158,170,0.2295695455234913,-0.9732922602014964,0.00315,0.00346,0.00268,0.00299,0.00166,
2023-06-19 04:00:00,2023-06-19,4,0.8660254037844529,0.4999999999999753,170,0.2293951321533063,-0.9733333824257582,0.0124,0.0124,0.0116999999999999,0.0101,0.0112,
2023-06-19 04:15:00,2023-06-19,4,0.8968727415326201,0.4422886902191395,170,0.229220711417001,-0.9733744733952518,0.0325,0.0324,0.0259,0.0238,0.0261999999999999,
2023-06-19 04:30:00,2023-06-19,4,0.9238795325112448,0.3826834323651908,170,0.2290462833201746,-0.9734155331086588,0.0368999999999999,0.0368,0.0322,0.0285,0.0322,
2023-06-19 04:45:00,2023-06-19,4,0.9469301294950848,0.3214394653032227,170,0.2288718478684294,-0.97345656156466,0.0502,0.0502,0.0391,0.0354,0.0397,
2023-06-19 05:00:00,2023-06-19,5,0.9659258262890632,0.2588190451025399,170,0.2286974050673664,-0.973497558761938,0.0619,0.134,0.0544,0.0523999999999999,0.0564,
2023-06-19 05:15:00,2023-06-19,5,0.9807852804032352,0.1950903220161038,170,0.2285229549225866,-0.9735385246991768,0.0688,0.153,0.0665999999999999,0.0582,0.0605,
2023-06-19 05:30:00,2023-06-19,5,0.9914448613738196,0.1305261922199824,170,0.2283484974396926,-0.9735794593750604,0.0795,0.222,0.0894,0.0694,0.0723,
2023-06-19 05:45:00,2023-06-19,5,0.9978589232385962,0.0654031292302557,170,0.2281740326242862,-0.9736203627882744,0.0848,0.25,0.123,0.0749,0.146,
2023-06-19 06:00:00,2023-06-19,6,1.0,6.809964674214168e-14,170,0.2279995604819694,-0.9736612349375058,0.0959,0.298,0.168,0.0846,0.194,
2023-06-19 06:15:00,2023-06-19,6,0.997858923238605,-0.0654031292301197,170,0.2278250810183445,-0.9737020758214416,0.0996,0.352,0.222,0.116,0.252,
2023-06-19 06:30:00,2023-06-19,6,0.9914448613738076,-0.1305261922200728,170,0.2276505942390148,-0.973742885438771,0.119,0.423,0.291,0.174,0.324,
2023-06-19 06:45:00,2023-06-19,6,0.9807852804032618,-0.1950903220159702,170,0.2274761001495831,-0.9737836637881828,0.132,0.437,0.321,0.209,0.352,
2023-06-19 07:00:00,2023-06-19,7,0.9659258262890984,-0.2588190451024084,170,0.227301598755652,-0.9738244108683682,0.148,0.493,0.381,0.265,0.415,
2023-06-19 07:15:00,2023-06-19,7,0.9469301294951288,-0.3214394653030938,170,0.2271270900628258,-0.9738651266780184,0.188,0.505,0.414,0.303,0.443,
2023-06-19 07:30:00,2023-06-19,7,0.9238795325112972,-0.382683432365065,170,0.2269525740767077,-0.9739058112158262,0.248,0.466,0.414,0.325,0.435,
2023-06-19 07:45:00,2023-06-19,7,0.8968727415326804,-0.4422886902190174,170,0.2267780508029017,-0.9739464644804848,0.29,0.465,0.417,0.335,0.439,
2023-06-19 08:00:00,2023-06-19,8,0.8660254037844073,-0.5000000000000543,170,0.2266035202470115,-0.9739870864706894,0.342,0.535,0.465,0.372,0.493,
2023-06-19 08:15:00,2023-06-19,8,0.8314696123024855,-0.5555702330196917,170,0.2264289824146422,-0.974027677185135,0.291,0.621,0.556,0.446,0.582,
2023-06-19 08:30:00,2023-06-19,8,0.7933533402912809,-0.608761429008661,170,0.226254437311398,-0.9740682366225184,0.368,0.519,0.466,0.388,0.489,
2023-06-19 08:45:00,2023-06-19,8,0.7518398074789974,-0.6593458151000461,170,0.2260798849428834,-0.9741087647815374,0.313,0.487,0.444,0.37,0.463,
2023-06-19 09:00:00,2023-06-19,9,0.7071067811865372,-0.7071067811865578,170,0.2259053253147042,-0.9741492616608902,0.358,0.747,0.689,0.574,0.721,
2023-06-19 09:15:00,2023-06-19,9,0.6593458151001953,-0.7518398074788666,170,0.2257307584324653,-0.9741897272592768,0.286,0.625,0.621,0.528,0.638,
2023-06-19 09:30:00,2023-06-19,9,0.6087614290088185,-0.7933533402911601,170,0.2255561843017723,-0.9742301615753974,0.325,0.745,0.723,0.614,0.747,
2023-06-19 09:45:00,2023-06-19,9,0.5555702330196676,-0.8314696123025016,170,0.2253816029282304,-0.974270564607954,0.31,0.603,0.602,0.516,0.619,
2023-06-19 10:00:00,2023-06-19,10,0.5000000000000293,-0.8660254037844217,170,0.225207014317447,-0.9743109363556488,0.243,0.899,0.89,0.761,0.921,
2023-06-19 10:15:00,2023-06-19,10,0.4422886902189914,-0.8968727415326931,170,0.2250324184750265,-0.974351276817186,0.272,0.913,0.911,0.786,0.943,
2023-06-19 10:30:00,2023-06-19,10,0.3826834323650382,-0.923879532511308,170,0.2248578154065763,-0.9743915859912696,0.226,0.996,0.988,0.853,1.03,
2023-06-19 10:45:00,2023-06-19,10,0.3214394653030664,-0.946930129495138,170,0.2246832051177035,-0.9744318638766056,0.236,0.892,0.898,0.783,0.93,
2023-06-19 11:00:00,2023-06-19,11,0.2588190451026,-0.965925826289047,170,0.2245085876140146,-0.9744721104719009,0.341,0.628,0.633,0.553,0.653,
2023-06-19 11:15:00,2023-06-19,11,0.1950903220161648,-0.9807852804032232,170,0.2243339629011168,-0.9745123257758624,0.332,0.641,0.652,0.573,0.671,
2023-06-19 11:30:00,2023-06-19,11,0.1305261922200441,-0.9914448613738114,170,0.2241593309846169,-0.9745525097871992,0.278,0.616,0.648,0.577,0.664,
2023-06-19 11:45:00,2023-06-19,11,0.0654031292303178,-0.997858923238592,170,0.223984691870124,-0.9745926625046208,0.248,0.967,0.992,0.883,1.02,
2023-06-19 12:00:00,2023-06-19,12,1.3033336846110781e-13,-1.0,170,0.223810045563244,-0.974632783926838,0.289,0.867,0.891,0.797,0.919,
2023-06-19 12:15:00,2023-06-19,12,-0.0654031292300577,-0.9978589232386093,170,0.2236353920695861,-0.9746728740525624,0.296,0.761,0.775,0.695,0.799,
2023-06-19 12:30:00,2023-06-19,12,-0.1305261922200111,-0.9914448613738156,170,0.2234607313947593,-0.9747129328805068,0.302,0.859,0.846,0.756,0.882,
2023-06-19 12:45:00,2023-06-19,12,-0.1950903220161322,-0.9807852804032297,170,0.2232860635443704,-0.9747529604093846,0.286,0.755,0.727,0.648,0.761,
2023-06-19 13:00:00,2023-06-19,13,-0.2588190451025678,-0.9659258262890555,170,0.2231113885240296,-0.9747929566379108,0.245,0.888,0.846,0.757,0.888,
2023-06-19 13:15:00,2023-06-19,13,-0.3214394653032502,-0.9469301294950756,170,0.2229367063393449,-0.9748329215648006,0.239,0.865,0.829,0.748,0.871,
2023-06-19 13:30:00,2023-06-19,13,-0.3826834323650075,-0.9238795325113208,170,0.2227620169959269,-0.974872855188771,0.295,0.804,0.749,0.673,0.79,
2023-06-19 13:45:00,2023-06-19,13,-0.4422886902189615,-0.8968727415327079,170,0.2225873204993833,-0.9749127575085398,0.247,0.788,0.723,0.653,0.766,
2023-06-19 14:00:00,2023-06-19,14,-0.5000000000000004,-0.8660254037844384,170,0.2224126168553246,-0.9749526285228256,0.243,0.752,0.682,0.616,0.722,
2023-06-19 14:15:00,2023-06-19,14,-0.5555702330194509,-0.8314696123026464,170,0.2222379060693618,-0.9749924682303476,0.241,0.719,0.639,0.578,0.682,
2023-06-19 14:30:00,2023-06-19,14,-0.6087614290086117,-0.7933533402913188,170,0.2220631881471031,-0.9750322766298274,0.249,0.712,0.605,0.547,0.652,
2023-06-19 14:45:00,2023-06-19,14,-0.6593458150999993,-0.7518398074790384,170,0.2218884630941602,-0.975072053719986,0.22,0.659,0.557,0.505,0.604,
2023-06-19 15:00:00,2023-06-19,15,-0.7071067811865137,-0.7071067811865813,170,0.2217137309161429,-0.9751117994995468,0.221,0.607,0.505,0.459,0.554,
2023-06-19 15:15:00,2023-06-19,15,-0.7518398074789754,-0.6593458151000711,170,0.2215389916186634,-0.9751515139672324,0.22,0.354,0.285,0.261,0.31,
2023-06-19 15:30:00,2023-06-19,15,-0.7933533402912606,-0.6087614290086875,170,0.2213642452073309,-0.9751911971217688,0.259,0.371,0.295,0.268,0.325,
2023-06-19 15:45:00,2023-06-19,15,-0.8314696123025933,-0.5555702330195302,170,0.2211894916877576,-0.9752308489618812,0.147,0.145,0.138,0.128,0.142,
2023-06-19 16:00:00,2023-06-19,16,-0.8660254037843906,-0.5000000000000832,170,0.2210147310655559,-0.975270469486296,0.266,0.326,0.248,0.225,0.275,
2023-06-19 16:15:00,2023-06-19,16,-0.8968727415326656,-0.4422886902190472,170,0.2208399633463359,-0.9753100586937412,0.241,0.374,0.25,0.226,0.291,
2023-06-19 16:30:00,2023-06-19,16,-0.9238795325112844,-0.3826834323650958,170,0.2206651885357107,-0.9753496165829456,0.193,0.293,0.193,0.177,0.221,
2023-06-19 16:45:00,2023-06-19,16,-0.9469301294950448,-0.3214394653033406,170,0.2204904066392922,-0.9753891431526392,0.182,0.266,0.162,0.147,0.191,
2023-06-19 17:00:00,2023-06-19,17,-0.9659258262890308,-0.2588190451026601,170,0.2203156176626928,-0.9754286384015524,0.157,0.217,0.126,0.113,0.149,
2023-06-19 17:15:00,2023-06-19,17,-0.980785280403211,-0.1950903220162259,170,0.2201408216115247,-0.975468102328417,0.141,0.152,0.0953,0.0868,0.106,
2023-06-19 17:30:00,2023-06-19,17,-0.9914448613738032,-0.1305261922201058,170,0.2199660184914012,-0.9755075349319658,0.109,0.11,0.0767,0.0706,0.0829,
2023-06-19 17:45:00,2023-06-19,17,-0.9978589232386028,-0.065403129230153,170,0.2197912083079364,-0.9755469362109326,0.0906,0.103,0.0707,0.0664,0.0742,
2023-06-19 18:00:00,2023-06-19,18,-1.0,3.480658526315813e-14,170,0.2196163910667418,-0.9755863061640524,0.0762999999999999,0.0815,0.0541,0.0507,0.0576,
2023-06-19 18:15:00,2023-06-19,18,-0.9978589232385984,0.0654031292302224,170,0.2194415667734323,-0.9756256447900604,0.0472999999999999,0.0472999999999999,0.0343,0.0319,0.0358,
2023-06-19 18:30:00,2023-06-19,18,-0.9914448613738238,0.1305261922199494,170,0.2192667354336213,-0.975664952087694,0.0248,0.025,0.0176,0.0157,0.0177,
2023-06-19 18:45:00,2023-06-19,18,-0.980785280403242,0.1950903220160711,170,0.2190918970529227,-0.9757042280556908,0.0103,0.0105,0.00784,0.0070999999999999,0.00717,
2023-06-19 19:00:00,2023-06-19,19,-0.9659258262890718,0.2588190451025077,170,0.2189170516369505,-0.9757434726927896,-0.000728,-0.000479,0.000396,0.000294,-0.00116,
2023-06-19 19:15:00,2023-06-19,19,-0.9469301294950956,0.3214394653031912,170,0.2187421991913194,-0.9757826859977304,-0.0028,-0.00248,-0.00104,-0.00117,-0.0024,
2023-06-19 19:30:00,2023-06-19,19,-0.9238795325113448,0.38268343236495,170,0.218567339721645,-0.9758218679692534,-0.0035099999999999,-0.00312,-0.0012,-0.00133,-0.00239,
2023-06-19 19:45:00,2023-06-19,19,-0.8968727415327354,0.4422886902189057,170,0.2183924732335407,-0.9758610186061012,-0.0035099999999999,-0.00308,-0.00127,-0.00108,-0.00231,
2023-06-19 20:00:00,2023-06-19,20,-0.8660254037844695,0.4999999999999465,170,0.2182175997326227,-0.975900137907016,-0.0049,-0.00434,-0.00104,-0.00164,-0.00219,
2023-06-19 20:15:00,2023-06-19,20,-0.8314696123025547,0.5555702330195881,170,0.2180427192245061,-0.975939225870742,-0.00241,-0.0016899999999999,-0.000514,-0.000375,-0.00212,
2023-06-19 20:30:00,2023-06-19,20,-0.7933533402912182,0.6087614290087427,170,0.2178678317148064,-0.975978282496024,-0.00287,-0.00216,-0.00071,-0.000615,-0.00225,
2023-06-19 20:45:00,2023-06-19,20,-0.7518398074789295,0.6593458151001235,170,0.217692937209139,-0.976017307781608,-0.0016699999999999,-0.00077,-0.000234,0.000501,-0.000767,
2023-06-19 21:00:00,2023-06-19,21,-0.7071067811866253,0.7071067811864697,170,0.2175180357131209,-0.9760563017262404,-0.00358,-0.00309,-0.000627,-0.000657,-0.000677,
2023-06-19 21:15:00,2023-06-19,21,-0.6593458151001179,0.7518398074789344,170,0.2173431272323678,-0.9760952643286692,-0.00653,-0.0060199999999999,-0.00254,-0.00294,-0.00396,
2023-06-19 21:30:00,2023-06-19,21,-0.6087614290087369,0.7933533402912227,170,0.2171682117724959,-0.9761341955876438,-0.00416,-0.00352,-0.00215,-0.00214,-0.00373,
2023-06-19 21:45:00,2023-06-19,21,-0.555570233019582,0.8314696123025588,170,0.2169932893391228,-0.9761730955019134,-0.0016799999999999,-0.00111,-0.00101,-0.00052,-0.00221,
2023-06-19 22:00:00,2023-06-19,22,-0.5000000000001371,0.8660254037843595,170,0.2168183599378648,-0.9762119640702293,-0.00325,-0.0025,-0.000986,-0.000937,-0.0019199999999999,
2023-06-19 22:15:00,2023-06-19,22,-0.442288690219103,0.8968727415326381,170,0.2166434235743393,-0.976250801291343,-0.00258,-0.0019399999999999,-0.000648,-0.000516,-0.00179,
2023-06-19 22:30:00,2023-06-19,22,-0.3826834323651532,0.9238795325112604,170,0.2164684802541631,-0.976289607164008,-0.00297,-0.00231,-0.000593,-0.000505,-0.00165,
2023-06-19 22:45:00,2023-06-19,22,-0.3214394653031842,0.946930129495098,170,0.2162935299829549,-0.9763283816869776,-0.00235,-0.00179,-0.000707,-5.73e-05,-0.00116,
2023-06-19 23:00:00,2023-06-19,23,-0.2588190451025006,0.9659258262890736,170,0.2161185727663318,-0.976367124859007,-0.00318,-0.00271,-0.00114,-0.00124,-0.00254,
2023-06-19 23:15:00,2023-06-19,23,-0.1950903220160639,0.9807852804032432,170,0.2159436086099117,-0.9764058366788522,-0.00307,-0.0026,-0.00107,-0.00111,-0.00247,
2023-06-19 23:30:00,2023-06-19,23,-0.1305261922201675,0.9914448613737952,170,0.215768637519314,-0.9764445171452696,-0.0028399999999999,-0.00211,-0.00115,-0.00112,-0.00267,
2023-06-19 23:45:00,2023-06-19,23,-0.0654031292302151,0.9978589232385988,170,0.2155936595001556,-0.976483166257018,-0.00297,-0.00239,-0.000962,-0.000826,-0.00211,
2023-06-20 00:00:00,2023-06-20,0,-2.7427136455808003e-14,1.0,171,0.2154186745580564,-0.9765217840128556,-0.00241,-0.00175,-0.000417,-0.000174,-0.00173,
2023-06-20 00:15:00,2023-06-20,0,0.0654031292301603,0.9978589232386024,171,0.2152436826986346,-0.9765603704115426,-0.00245,-0.00195,-0.000762,-0.00044,-0.00159,
2023-06-20 00:30:00,2023-06-20,0,0.1305261922198877,0.991444861373832,171,0.2150686839275102,-0.97659892545184,-0.0024,-0.0020499999999999,-0.000851,-0.000657,-0.0015,
2023-06-20 00:45:00,2023-06-20,0,0.1950903220160101,0.980785280403254,171,0.2148936782503022,-0.9766374491325096,-0.00273,-0.00229,-0.000876,-0.000753,-0.00181,
2023-06-20 01:00:00,2023-06-20,1,0.2588190451024476,0.965925826289088,171,0.2147186656726298,-0.9766759414523148,-0.0023599999999999,-0.00198,-0.000776,-0.000776,-0.0019299999999999,
2023-06-20 01:15:00,2023-06-20,1,0.3214394653031323,0.9469301294951156,171,0.214543646200114,-0.9767144024100188,-0.0025499999999999,-0.00214,-0.000941,-0.000803,-0.0021,
2023-06-20 01:30:00,2023-06-20,1,0.3826834323651025,0.9238795325112814,171,0.2143686198383732,-0.9767528320043872,-0.00274,-0.00226,-0.00104,-0.000944,-0.00219,
2023-06-20 01:45:00,2023-06-20,1,0.4422886902190538,0.8968727415326624,171,0.214193586593029,-0.976791230234186,-0.0024,-0.0020299999999999,-0.000938,-0.000822,-0.00214,
2023-06-20 02:00:00,2023-06-20,2,0.5000000000000896,0.866025403784387,171,0.2140185464697011,-0.9768295970981818,-0.0023799999999999,-0.00178,-0.000631,-0.000715,-0.00176,
2023-06-20 02:15:00,2023-06-20,2,0.5555702330195363,0.8314696123025892,171,0.213843499474011,-0.9768679325951428,-0.0021,-0.00154,-0.000376,-0.00042,-0.00137,
2023-06-20 02:30:00,2023-06-20,2,0.6087614290086933,0.7933533402912561,171,0.2136684456115792,-0.976906236723838,-0.00177,-0.00122,-5.86e-05,0.000222,-0.0011,
2023-06-20 02:45:00,2023-06-20,2,0.6593458151000766,0.7518398074789706,171,0.2134933848880265,-0.9769445094830376,-0.0019299999999999,-0.00125,-0.000269,1.53e-05,-0.0013,
2023-06-20 03:00:00,2023-06-20,3,0.7071067811864258,0.7071067811866694,171,0.2133183173089756,-0.9769827508715122,-0.00292,-0.00213,-0.0007,-0.000654,-0.0019399999999999,
2023-06-20 03:15:00,2023-06-20,3,0.7518398074788933,0.6593458151001647,171,0.2131432428800463,-0.977020960888034,-0.00239,-0.00176,-0.000421,-0.000248,-0.00177,
2023-06-20 03:30:00,2023-06-20,3,0.7933533402911849,0.6087614290087863,171,0.2129681616068617,-0.9770591395313764,-0.00117,-0.000613,0.000303,0.000447,-0.000596,
2023-06-20 03:45:00,2023-06-20,3,0.8314696123025241,0.5555702330196337,171,0.2127930734950435,-0.9770972868003128,0.00189,0.00214,0.00297,0.00273,0.0021,
2023-06-20 04:00:00,2023-06-20,4,0.866025403784442,0.499999999999994,171,0.2126179785502135,-0.977135402693619,0.0077199999999999,0.00791,0.00797,0.00746,0.00718,
2023-06-20 04:15:00,2023-06-20,4,0.8968727415327111,0.4422886902189549,171,0.2124428767779951,-0.9771734872100704,0.0292,0.0291,0.027,0.025,0.0266,
2023-06-20 04:30:00,2023-06-20,4,0.9238795325113236,0.3826834323650007,171,0.21226776818401,-0.9772115403484444,0.089,0.0883,0.0684,0.0598,0.0742999999999999,
2023-06-20 04:45:00,2023-06-20,4,0.946930129495078,0.3214394653032432,171,0.2120926527738826,-0.9772495621075188,0.0719,0.0716,0.0533,0.0447,0.0565,
2023-06-20 05:00:00,2023-06-20,5,0.9659258262890577,0.2588190451025607,171,0.2119175305532341,-0.9772875524860732,0.0533,0.0533,0.0458999999999999,0.0407,0.0462999999999999,
2023-06-20 05:15:00,2023-06-20,5,0.9807852804032312,0.1950903220161249,171,0.2117424015276894,-0.977325511482887,0.11,0.114,0.0892999999999999,0.0787,0.0935999999999999,
2023-06-20 05:30:00,2023-06-20,5,0.9914448613737872,0.1305261922202292,171,0.2115672657028714,-0.9773634390967418,0.185,0.209,0.135,0.11,0.141,
2023-06-20 05:45:00,2023-06-20,5,0.9978589232385948,0.0654031292302772,171,0.2113921230844037,-0.9774013353264196,0.194,0.225,0.146,0.114,0.16,
2023-06-20 06:00:00,2023-06-20,6,1.0,8.966085817477414e-14,171,0.211216973677911,-0.9774392001707036,0.136,0.145,0.123,0.103,0.127,
2023-06-20 06:15:00,2023-06-20,6,0.9978589232386064,-0.0654031292300982,171,0.2110418174890168,-0.9774770336283776,0.179,0.203,0.138,0.108,0.151,
2023-06-20 06:30:00,2023-06-20,6,0.9914448613738104,-0.1305261922200515,171,0.2108666545233467,-0.977514835698227,0.231,0.277,0.192,0.143,0.213,
2023-06-20 06:45:00,2023-06-20,6,0.9807852804032218,-0.195090322016172,171,0.2106914847865237,-0.9775526063790378,0.115,0.114,0.0977,0.0861,0.102,
2023-06-20 07:00:00,2023-06-20,7,0.9659258262890452,-0.2588190451026071,171,0.2105163082841741,-0.9775903456695972,0.159,0.158,0.137,0.124,0.142,
2023-06-20 07:15:00,2023-06-20,7,0.9469301294951356,-0.3214394653030734,171,0.2103411250219224,-0.9776280535686932,0.195,0.194,0.169,0.151,0.176,
2023-06-20 07:30:00,2023-06-20,7,0.9238795325113052,-0.3826834323650451,171,0.2101659350053937,-0.9776657300751156,0.137,0.135,0.132,0.12,0.135,
2023-06-20 07:45:00,2023-06-20,7,0.8968727415326899,-0.4422886902189981,171,0.2099907382402142,-0.9777033751876536,0.169,0.167,0.16,0.146,0.165,
2023-06-20 08:00:00,2023-06-20,8,0.8660254037845317,-0.4999999999998387,171,0.2098155347320092,-0.9777409889050992,0.289,0.347,0.298,0.248,0.32,
2023-06-20 08:15:00,2023-06-20,8,0.8314696123026238,-0.5555702330194846,171,0.2096403244864048,-0.977778571226244,0.322,0.529,0.48,0.39,0.502,
2023-06-20 08:30:00,2023-06-20,8,0.793353340291294,-0.6087614290086439,171,0.2094651075090268,-0.9778161221498816,0.34,0.68,0.63,0.514,0.656,
2023-06-20 08:45:00,2023-06-20,8,0.7518398074790116,-0.6593458151000299,171,0.2092898838055023,-0.9778536416748056,0.353,0.715,0.667,0.549,0.692,
2023-06-20 09:00:00,2023-06-20,9,0.7071067811865526,-0.7071067811865425,171,0.2091146533814576,-0.977891129799812,0.368,0.733,0.691,0.575,0.716,
2023-06-20 09:15:00,2023-06-20,9,0.6593458151000405,-0.7518398074790023,171,0.208939416242519,-0.9779285865236969,0.561,0.786,0.706,0.594,0.741,
2023-06-20 09:30:00,2023-06-20,9,0.6087614290086553,-0.7933533402912853,171,0.2087641723943146,-0.9779660118452568,0.415,0.444,0.409,0.355,0.426,
2023-06-20 09:45:00,2023-06-20,9,0.5555702330196854,-0.8314696123024896,171,0.2085889218424711,-0.9780034057632904,0.376,0.407,0.357,0.309,0.378,
2023-06-20 10:00:00,2023-06-20,10,0.500000000000048,-0.866025403784411,171,0.2084136645926159,-0.9780407682765972,0.39,0.397,0.352,0.309,0.371,
2023-06-20 10:15:00,2023-06-20,10,0.4422886902190108,-0.8968727415326836,171,0.2082384006503765,-0.9780780993839772,0.412,0.444,0.426,0.381,0.446,
2023-06-20 10:30:00,2023-06-20,10,0.3826834323652682,-0.9238795325112128,171,0.2080631300213814,-0.9781153990842316,0.298,0.295,0.241,0.209,0.256,
2023-06-20 10:45:00,2023-06-20,10,0.3214394653033021,-0.946930129495058,171,0.2078878527112586,-0.9781526673761628,0.314,0.311,0.244,0.208,0.263,
2023-06-20 11:00:00,2023-06-20,11,0.2588190451026209,-0.9659258262890414,171,0.2077125687256357,-0.978189904258574,0.422,0.499,0.455,0.409,0.488,
2023-06-20 11:15:00,2023-06-20,11,0.1950903220161859,-0.980785280403219,171,0.2075372780701423,-0.9782271097302694,0.334,0.33,0.294,0.262,0.308,
2023-06-20 11:30:00,2023-06-20,11,0.1305261922200655,-0.9914448613738086,171,0.2073619807504067,-0.9782642837900544,0.334,0.33,0.269,0.235,0.287,
2023-06-20 11:45:00,2023-06-20,11,0.0654031292301124,-0.9978589232386056,171,0.2071866767720579,-0.9783014264367352,0.314,0.312,0.249,0.215,0.267,
2023-06-20 12:00:00,2023-06-20,12,-7.547909554949178e-14,-1.0,171,0.2070113661407246,-0.9783385376691194,0.523,0.716,0.67,0.597,0.702,
2023-06-20 12:15:00,2023-06-20,12,-0.0654031292300361,-0.9978589232386104,171,0.2068360488620372,-0.9783756174860148,0.491,0.664,0.637,0.57,0.664,
2023-06-20 12:30:00,2023-06-20,12,-0.1305261922199898,-0.9914448613738186,171,0.2066607249416248,-0.9784126658862312,0.417,0.479,0.484,0.439,0.498,
2023-06-20 12:45:00,2023-06-20,12,-0.195090322016111,-0.980785280403234,171,0.2064853943851168,-0.978449682868579,0.495,0.701,0.688,0.618,0.717,
2023-06-20 13:00:00,2023-06-20,13,-0.258819045102547,-0.9659258262890612,171,0.2063100571981441,-0.978486668431869,0.505,0.612,0.603,0.543,0.623,
2023-06-20 13:15:00,2023-06-20,13,-0.3214394653030144,-0.9469301294951556,171,0.2061347133863366,-0.978523622574914,0.518,0.817,0.78,0.699,0.813,
2023-06-20 13:30:00,2023-06-20,13,-0.3826834323649876,-0.923879532511329,171,0.2059593629553247,-0.9785605452965273,0.435,0.637,0.607,0.548,0.638,
2023-06-20 13:45:00,2023-06-20,13,-0.4422886902189422,-0.8968727415327175,171,0.2057840059107387,-0.9785974365955232,0.358,0.662,0.612,0.553,0.644,
2023-06-20 14:00:00,2023-06-20,14,-0.4999999999999817,-0.8660254037844491,171,0.2056086422582104,-0.978634296470717,0.3,0.33,0.293,0.263,0.307,
2023-06-20 14:15:00,2023-06-20,14,-0.5555702330196219,-0.831469612302532,171,0.2054332720033704,-0.9786711249209252,0.296,0.342,0.31,0.281,0.324,
2023-06-20 14:30:00,2023-06-20,14,-0.608761429008775,-0.7933533402911934,171,0.2052578951518497,-0.9787079219449653,0.32,0.354,0.308,0.275,0.325,
2023-06-20 14:45:00,2023-06-20,14,-0.6593458150999831,-0.7518398074790527,171,0.205082511709281,-0.9787446875416552,0.384,0.51,0.435,0.39,0.465,
2023-06-20 15:00:00,2023-06-20,15,-0.7071067811864985,-0.7071067811865965,171,0.2049071216812944,-0.9787814217098152,0.382,0.564,0.468,0.422,0.506,
2023-06-20 15:15:00,2023-06-20,15,-0.7518398074789612,-0.6593458151000873,171,0.2047317250735232,-0.9788181244482652,0.347,0.429,0.363,0.33,0.389,
2023-06-20 15:30:00,2023-06-20,15,-0.7933533402912475,-0.6087614290087046,171,0.2045563218915985,-0.9788547957558263,0.315,0.396,0.32,0.289,0.347,
2023-06-20 15:45:00,2023-06-20,15,-0.831469612302455,-0.5555702330197372,171,0.2043809121411538,-0.9788914356313216,0.31,0.457,0.341,0.303,0.381,
2023-06-20 16:00:00,2023-06-20,16,-0.8660254037843799,-0.5000000000001018,171,0.2042054958278212,-0.9789280440735744,0.162,0.162,0.148,0.135,0.151,
2023-06-20 16:15:00,2023-06-20,16,-0.8968727415326561,-0.4422886902190666,171,0.204030072957233,-0.9789646210814088,0.168,0.174,0.158,0.147,0.164,
2023-06-20 16:30:00,2023-06-20,16,-0.923879532511276,-0.3826834323651156,171,0.2038546435350235,-0.9790011666536504,0.24,0.327,0.226,0.203,0.258,
2023-06-20 16:45:00,2023-06-20,16,-0.946930129495111,-0.3214394653031457,171,0.2036792075668242,-0.979037680789126,0.151,0.166,0.123,0.112,0.134,
2023-06-20 17:00:00,2023-06-20,17,-0.9659258262890842,-0.2588190451024613,171,0.20350376505827,-0.9790741634866628,0.14,0.167,0.114,0.104,0.127,
2023-06-20 17:15:00,2023-06-20,17,-0.9807852804032512,-0.195090322016024,171,0.2033283160149934,-0.9791106147450894,0.133,0.177,0.0984,0.0896,0.115,
2023-06-20 17:30:00,2023-06-20,17,-0.9914448613738004,-0.1305261922201272,171,0.2031528604426294,-0.9791470345632352,0.111,0.139,0.0795999999999999,0.073,0.0856,
2023-06-20 17:45:00,2023-06-20,17,-0.9978589232386016,-0.0654031292301745,171,0.2029773983468114,-0.979183422939931,0.0846,0.0987,0.0603999999999999,0.0557999999999999,0.0635,
2023-06-20 18:00:00,2023-06-20,18,-1.0,1.3245373830525651e-14,171,0.2028019297331734,-0.979219779874008,0.0602,0.0665999999999999,0.0435,0.0402,0.0445,
2023-06-20 18:15:00,2023-06-20,18,-0.9978589232386146,0.065403129229974,171,0.2026264546073511,-0.979256105364299,0.0397999999999999,0.04,0.0289,0.0264,0.0289,
2023-06-20 18:30:00,2023-06-20,18,-0.9914448613738268,0.1305261922199281,171,0.2024509729749775,-0.9792923994096374,0.0213,0.0215,0.0162,0.0143,0.016,
2023-06-20 18:45:00,2023-06-20,18,-0.980785280403246,0.19509032201605,171,0.2022754848416888,-0.9793286620088578,0.0065,0.0067199999999999,0.00579,0.0046,0.00505,
2023-06-20 19:00:00,2023-06-20,19,-0.9659258262890772,0.2588190451024869,171,0.2020999902131196,-0.9793648931607958,0.000674,0.000993,0.000634,0.000333,-0.000557,
2023-06-20 19:15:00,2023-06-20,19,-0.9469301294951026,0.3214394653031708,171,0.2019244890949049,-0.979401092864288,-0.00269,-0.00233,-0.00105,-0.00132,-0.00204,
2023-06-20 19:30:00,2023-06-20,19,-0.923879532511266,0.3826834323651401,171,0.201748981492681,-0.9794372611181718,-0.0028799999999999,-0.0023,-0.000834,-0.000868,-0.0018,
2023-06-20 19:45:00,2023-06-20,19,-0.8968727415326444,0.4422886902190903,171,0.2015734674120829,-0.979473397921286,-0.0036,-0.00306,-0.00121,-0.00121,-0.00254,
2023-06-20 20:00:00,2023-06-20,20,-0.8660254037844803,0.4999999999999279,171,0.2013979468587476,-0.97950950327247,-0.00399,-0.00326,-0.0020299999999999,-0.00204,-0.00374,
2023-06-20 20:15:00,2023-06-20,20,-0.8314696123025667,0.5555702330195702,171,0.2012224198383098,-0.9795455771705648,-0.00367,-0.00307,-0.00148,-0.00149,-0.00287,
2023-06-20 20:30:00,2023-06-20,20,-0.7933533402912314,0.6087614290087257,171,0.201046886356407,-0.9795816196144116,-0.00327,-0.00278,-0.00159,-0.00135,-0.00285,
2023-06-20 20:45:00,2023-06-20,20,-0.7518398074790936,0.6593458150999363,171,0.2008713464186754,-0.9796176306028532,-0.00323,-0.0025299999999999,-0.00108,-0.00114,-0.00243,
2023-06-20 21:00:00,2023-06-20,21,-0.7071067811866405,0.7071067811864545,171,0.2006958000307512,-0.9796536101347336,-0.00254,-0.00184,-0.000479,-0.000306,-0.00152,
2023-06-20 21:15:00,2023-06-20,21,-0.6593458151001341,0.7518398074789202,171,0.2005202471982724,-0.9796895582088968,-0.00249,-0.0019199999999999,-0.000596,-0.000432,-0.00181,
2023-06-20 21:30:00,2023-06-20,21,-0.608761429008754,0.7933533402912096,171,0.2003446879268753,-0.9797254748241891,-0.00244,-0.0018,-0.000348,-0.00018,-0.00145,
2023-06-20 21:45:00,2023-06-20,21,-0.5555702330196,0.8314696123025468,171,0.2001691222221985,-0.9797613599794568,-0.00269,-0.00212,-0.000831,-0.000585,-0.0020499999999999,
2023-06-20 22:00:00,2023-06-20,22,-0.4999999999999588,0.8660254037844625,171,0.199993550089878,-0.9797972136735476,-0.00247,-0.00178,-0.000469,-0.000264,-0.00159,
2023-06-20 22:15:00,2023-06-20,22,-0.4422886902189185,0.8968727415327291,171,0.1998179715355529,-0.9798330359053102,-0.0024,-0.00159,-0.000348,-0.000138,-0.0016,
2023-06-20 22:30:00,2023-06-20,22,-0.3826834323651731,0.9238795325112522,171,0.1996423865648606,-0.9798688266735944,-0.00265,-0.0020099999999999,-0.000693,-0.000436,-0.00213,
2023-06-20 22:45:00,2023-06-20,22,-0.3214394653032046,0.946930129495091,171,0.199466795183439,-0.9799045859772512,-0.00191,-0.00105,-0.00187,-0.00127,-0.00343,
2023-06-20 23:00:00,2023-06-20,23,-0.2588190451025214,0.965925826289068,171,0.1992911973969275,-0.9799403138151316,-0.000749,-0.000167,8.96e-05,0.000558,-0.000861,
2023-06-20 23:15:00,2023-06-20,23,-0.195090322016308,0.9807852804031948,171,0.1991155932109641,-0.9799760101860892,-0.00176,-0.001,0.000179,0.000535,-0.000784,
2023-06-20 23:30:00,2023-06-20,23,-0.1305261922201889,0.9914448613737924,171,0.1989399826311878,-0.980011675088977,-0.00308,-0.00252,-0.0016899999999999,-0.00158,-0.00337,
2023-06-20 23:45:00,2023-06-20,23,-0.0654031292302366,0.9978589232385974,171,0.1987643656632371,-0.9800473085226504,-0.00337,-0.00281,-0.00191,-0.00185,-0.00333,
2023-06-21 00:00:00,2023-06-21,0,-4.8988347888440486e-14,1.0,172,0.1985887423127522,-0.9800829104859646,-0.00339,-0.0028,-0.00178,-0.00159,-0.00304,
2023-06-21 00:15:00,2023-06-21,0,0.0654031292301388,0.9978589232386038,172,0.1984131125853721,-0.9801184809777768,-0.00358,-0.00299,-0.00155,-0.00156,-0.00274,
2023-06-21 00:30:00,2023-06-21,0,0.1305261922200918,0.9914448613738052,172,0.1982374764867359,-0.9801540199969444,-0.00325,-0.00277,-0.00104,-0.000879,-0.00207,
2023-06-21 00:45:00,2023-06-21,0,0.1950903220162119,0.9807852804032138,172,0.1980618340224845,-0.9801895275423268,-0.00248,-0.00213,-0.000858,-0.000784,-0.0013,
2023-06-21 01:00:00,2023-06-21,1,0.2588190451024268,0.9659258262890934,172,0.1978861851982575,-0.9802250036127832,-0.0021,-0.0019299999999999,-0.000882,-0.000661,-0.00171,
2023-06-21 01:15:00,2023-06-21,1,0.3214394653031119,0.9469301294951226,172,0.1977105300196951,-0.9802604482071748,-0.0029,-0.00273,-0.000796,-0.00111,-0.00147,
2023-06-21 01:30:00,2023-06-21,1,0.3826834323650827,0.9238795325112896,172,0.1975348684924373,-0.9802958613243634,-0.00492,-0.00465,-0.00115,-0.00175,-0.0019299999999999,
2023-06-21 01:45:00,2023-06-21,1,0.4422886902188306,0.8968727415327725,172,0.1973592006221262,-0.9803312429632116,-0.000931,-0.000418,-0.000672,-0.000149,-0.0016,
2023-06-21 02:00:00,2023-06-21,2,0.499999999999874,0.8660254037845114,172,0.1971835264144009,-0.9803665931225836,-0.00294,-0.00254,-0.000455,-0.000593,-0.00174,
2023-06-21 02:15:00,2023-06-21,2,0.5555702330195185,0.8314696123026012,172,0.1970078458749034,-0.980401911801344,-0.00105,-0.000344,-0.000741,-0.000168,-0.00213,
2023-06-21 02:30:00,2023-06-21,2,0.6087614290086762,0.7933533402912692,172,0.1968321590092753,-0.9804371989983588,-0.00273,-0.00202,-0.000714,-0.000772,-0.00212,
2023-06-21 02:45:00,2023-06-21,2,0.6593458151000604,0.7518398074789848,172,0.1966564658231577,-0.9804724547124948,-0.00132,-0.000567,-0.000745,-4.59e-05,-0.00108,
2023-06-21 03:00:00,2023-06-21,3,0.7071067811865712,0.7071067811865238,172,0.1964807663221924,-0.98050767894262,-0.00213,-0.00174,-0.000651,-0.00055,-0.000784,
2023-06-21 03:15:00,2023-06-21,3,0.751839807479029,0.65934581510001,172,0.1963050605120208,-0.9805428716876032,-0.00185,-0.0016,-0.000824,-0.000673,-0.000805,
2023-06-21 03:30:00,2023-06-21,3,0.7933533402911717,0.6087614290088034,172,0.1961293483982862,-0.9805780329463146,-0.0014199999999999,-0.00123,-0.000796,-0.000524,-0.00113,
2023-06-21 03:45:00,2023-06-21,3,0.8314696123025122,0.5555702330196517,172,0.1959536299866293,-0.9806131627176248,0.000691,0.000901,0.000993,0.0011,0.000416,
2023-06-21 04:00:00,2023-06-21,4,0.8660254037844313,0.5000000000000128,172,0.1957779052826934,-0.980648261000406,0.00622,0.00658,0.00598,0.00541,0.00542,
2023-06-21 04:15:00,2023-06-21,4,0.8968727415327016,0.4422886902189743,172,0.1956021742921218,-0.9806833277935312,0.0193,0.0193999999999999,0.0162,0.0143,0.0158,
2023-06-21 04:30:00,2023-06-21,4,0.9238795325112285,0.3826834323652306,172,0.1954264370205567,-0.980718363095874,0.0378999999999999,0.0378999999999999,0.0298,0.0266,0.0301,
2023-06-21 04:45:00,2023-06-21,4,0.946930129495071,0.3214394653032636,172,0.1952506934736414,-0.9807533669063094,0.0565,0.0566,0.0427,0.0376,0.0432,
2023-06-21 05:00:00,2023-06-21,5,0.965925826289052,0.2588190451025816,172,0.1950749436570188,-0.980788339223714,0.0784,0.0973,0.0587,0.0523,0.0603999999999999,
2023-06-21 05:15:00,2023-06-21,5,0.9807852804032268,0.1950903220161461,172,0.1948991875763335,-0.980823280046964,0.102,0.142,0.0787,0.067,0.0772,
2023-06-21 05:30:00,2023-06-21,5,0.991444861373814,0.1305261922200252,172,0.1947234252372278,-0.980858189374938,0.138,0.2,0.109,0.088,0.105,
2023-06-21 05:45:00,2023-06-21,5,0.997858923238608,0.0654031292300718,172,0.1945476566453462,-0.9808930672065148,0.221,0.308,0.183,0.133,0.206,
2023-06-21 06:00:00,2023-06-21,6,1.0,1.1122206960740663e-13,172,0.1943718818063338,-0.9809279135405744,0.188,0.241,0.176,0.13,0.189,
2023-06-21 06:15:00,2023-06-21,6,0.9978589232386078,-0.0654031292300767,172,0.1941961007258332,-0.980962728375998,0.197,0.252,0.198,0.147,0.211,
2023-06-21 06:30:00,2023-06-21,6,0.9914448613738132,-0.1305261922200301,172,0.1940203134094902,-0.9809975117116676,0.246,0.364,0.275,0.192,0.298,
2023-06-21 06:45:00,2023-06-21,6,0.980785280403226,-0.1950903220161509,172,0.1938445198629486,-0.981032263546466,0.215,0.298,0.24,0.176,0.257,
2023-06-21 07:00:00,2023-06-21,7,0.9659258262891096,-0.2588190451023667,172,0.1936687200918546,-0.9810669838792776,0.212,0.378,0.298,0.213,0.32,
2023-06-21 07:15:00,2023-06-21,7,0.9469301294951424,-0.3214394653030529,172,0.1934929141018518,-0.9811016727089876,0.225,0.524,0.415,0.297,0.448,
2023-06-21 07:30:00,2023-06-21,7,0.9238795325113136,-0.3826834323650251,172,0.1933171018985861,-0.981136330034482,0.23,0.54,0.444,0.33,0.475,
2023-06-21 07:45:00,2023-06-21,7,0.8968727415326995,-0.4422886902189787,172,0.1931412834877041,-0.9811709558546472,0.247,0.601,0.503,0.381,0.537,
2023-06-21 08:00:00,2023-06-21,8,0.8660254037844288,-0.500000000000017,172,0.1929654588748496,-0.9812055501683724,0.246,0.602,0.522,0.405,0.553,
2023-06-21 08:15:00,2023-06-21,8,0.8314696123025095,-0.5555702330196558,172,0.19278962806567,-0.9812401129745464,0.267,0.663,0.589,0.465,0.621,
2023-06-21 08:30:00,2023-06-21,8,0.7933533402911687,-0.6087614290088073,172,0.1926137910658104,-0.9812746442720592,0.301,0.717,0.645,0.519,0.677,
2023-06-21 08:45:00,2023-06-21,8,0.7518398074790258,-0.6593458151000137,172,0.1924379478809185,-0.981309144059802,0.422,0.806,0.729,0.597,0.767,
2023-06-21 09:00:00,2023-06-21,9,0.7071067811865678,-0.7071067811865273,172,0.192262098516639,-0.9813436123366668,0.431,0.859,0.795,0.661,0.831,
2023-06-21 09:15:00,2023-06-21,9,0.6593458151000567,-0.751839807478988,172,0.1920862429786195,-0.9813780491015472,0.464,0.88,0.832,0.7,0.865,
2023-06-21 09:30:00,2023-06-21,9,0.6087614290088527,-0.7933533402911338,172,0.1919103812725079,-0.9814124543533368,0.479,0.845,0.801,0.682,0.837,
2023-06-21 09:45:00,2023-06-21,9,0.5555702330197034,-0.8314696123024776,172,0.1917345134039494,-0.9814468280909316,0.453,0.754,0.729,0.631,0.762,
2023-06-21 10:00:00,2023-06-21,10,0.5000000000000666,-0.8660254037844002,172,0.1915586393785927,-0.9814811703132272,0.388,0.796,0.767,0.679,0.814,
2023-06-21 10:15:00,2023-06-21,10,0.4422886902190301,-0.896872741532674,172,0.1913827592020848,-0.9815154810191212,0.374,0.884,0.824,0.747,0.899,
2023-06-21 10:30:00,2023-06-21,10,0.3826834323650781,-0.9238795325112916,172,0.1912068728800735,-0.9815497602075116,0.357,0.875,0.806,0.748,0.894,
2023-06-21 10:45:00,2023-06-21,10,0.3214394653031072,-0.946930129495124,172,0.1910309804182061,-0.9815840078772976,0.335,0.889,0.818,0.767,0.911,
2023-06-21 11:00:00,2023-06-21,11,0.258819045102422,-0.9659258262890948,172,0.1908550818221313,-0.98161822402738,0.334,0.871,0.811,0.756,0.893,
2023-06-21 11:15:00,2023-06-21,11,0.1950903220162071,-0.9807852804032148,172,0.1906791770974982,-0.9816524086566594,0.351,0.909,0.859,0.793,0.933,
2023-06-21 11:30:00,2023-06-21,11,0.1305261922200869,-0.9914448613738056,172,0.1905032662499535,-0.9816865617640383,0.362,0.898,0.864,0.785,0.919,
2023-06-21 11:45:00,2023-06-21,11,0.0654031292301339,-0.997858923238604,172,0.1903273492851473,-0.9817206833484204,0.354,0.868,0.848,0.759,0.887,
2023-06-21 12:00:00,2023-06-21,12,1.7345579132637277e-13,-1.0,172,0.1901514262087279,-0.9817547734087096,0.354,0.889,0.87,0.773,0.906,
2023-06-21 12:15:00,2023-06-21,12,-0.0654031292300146,-0.997858923238612,172,0.1899754970263445,-0.9817888319438112,0.336,0.82,0.802,0.711,0.836,
2023-06-21 12:30:00,2023-06-21,12,-0.1305261922199684,-0.9914448613738214,172,0.1897995617436458,-0.981822858952632,0.334,0.885,0.859,0.761,0.897,
2023-06-21 12:45:00,2023-06-21,12,-0.1950903220160899,-0.980785280403238,172,0.1896236203662823,-0.9818568544340788,0.322,0.853,0.824,0.729,0.861,
2023-06-21 13:00:00,2023-06-21,13,-0.2588190451025262,-0.9659258262890668,172,0.1894476728999031,-0.9818908183870604,0.33,0.862,0.825,0.73,0.863,
2023-06-21 13:15:00,2023-06-21,13,-0.3214394653032093,-0.9469301294950896,172,0.1892717193501578,-0.981924750810486,0.328,0.797,0.76,0.676,0.793,
2023-06-21 13:30:00,2023-06-21,13,-0.3826834323651777,-0.9238795325112504,172,0.1890957597226971,-0.981958651703266,0.334,0.747,0.701,0.628,0.734,
2023-06-21 13:45:00,2023-06-21,13,-0.4422886902189229,-0.896872741532727,172,0.1889197940231709,-0.9819925210643116,0.338,0.742,0.689,0.623,0.724,
2023-06-21 14:00:00,2023-06-21,14,-0.4999999999999631,-0.8660254037844599,172,0.1887438222572297,-0.9820263588925356,0.324,0.7,0.641,0.583,0.679,
2023-06-21 14:15:00,2023-06-21,14,-0.5555702330196041,-0.831469612302544,172,0.1885678444305237,-0.9820601651868514,0.328,0.62,0.56,0.51,0.595,
2023-06-21 14:30:00,2023-06-21,14,-0.6087614290085774,-0.793353340291345,172,0.1883918605487045,-0.9820939399461732,0.336,0.602,0.534,0.488,0.568,
2023-06-21 14:45:00,2023-06-21,14,-0.6593458150999669,-0.7518398074790669,172,0.1882158706174228,-0.9821276831694165,0.324,0.553,0.48,0.439,0.512,
2023-06-21 15:00:00,2023-06-21,15,-0.7071067811864833,-0.7071067811866117,172,0.1880398746423294,-0.9821613948554978,0.321,0.559,0.471,0.43,0.508,
2023-06-21 15:15:00,2023-06-21,15,-0.751839807478947,-0.6593458151001035,172,0.1878638726290765,-0.9821950750033346,0.299,0.546,0.445,0.405,0.485,
2023-06-21 15:30:00,2023-06-21,15,-0.7933533402912344,-0.6087614290087217,172,0.1876878645833154,-0.9822287236118454,0.282,0.517,0.408,0.372,0.45,
2023-06-21 15:45:00,2023-06-21,15,-0.8314696123025693,-0.5555702330195661,172,0.1875118505106977,-0.9822623406799498,0.242,0.387,0.301,0.274,0.331,
2023-06-21 16:00:00,2023-06-21,16,-0.8660254037844828,-0.4999999999999236,172,0.1873358304168752,-0.9822959262065682,0.256,0.409,0.302,0.274,0.34,
2023-06-21 16:15:00,2023-06-21,16,-0.8968727415326465,-0.4422886902190859,172,0.1871598043075008,-0.9823294801906222,0.227,0.338,0.239,0.216,0.269,
2023-06-21 16:30:00,2023-06-21,16,-0.9238795325112678,-0.3826834323651356,172,0.1869837721882265,-0.9823630026310344,0.194,0.253,0.176,0.159,0.198,
2023-06-21 16:45:00,2023-06-21,16,-0.946930129495104,-0.3214394653031661,172,0.1868077340647045,-0.982396493526728,0.199,0.277,0.171,0.154,0.2,
2023-06-21 17:00:00,2023-06-21,17,-0.9659258262890198,-0.2588190451027018,172,0.1866316899425887,-0.982429952876628,0.18,0.241,0.14,0.124,0.164,
2023-06-21 17:15:00,2023-06-21,17,-0.9807852804032028,-0.1950903220162681,172,0.1864556398275305,-0.98246338067966,0.121,0.15,0.0905,0.0827,0.0994,
2023-06-21 17:30:00,2023-06-21,17,-0.9914448613737976,-0.1305261922201486,172,0.1862795837251844,-0.98249677693475,0.111,0.133,0.0762999999999999,0.0694,0.0823,
2023-06-21 17:45:00,2023-06-21,17,-0.9978589232386,-0.065403129230196,172,0.1861035216412027,-0.9825301416408264,0.0774,0.0945999999999999,0.0549,0.0511,0.0575,
2023-06-21 18:00:00,2023-06-21,18,-1.0,-8.315837602106823e-15,172,0.1859274535812399,-0.9825634747968172,0.0503,0.057,0.0366,0.0344,0.0368999999999999,
2023-06-21 18:15:00,2023-06-21,18,-0.9978589232386011,0.0654031292301794,172,0.1857513795509493,-0.9825967764016524,0.0406,0.0407,0.0291,0.0265,0.0281,
2023-06-21 18:30:00,2023-06-21,18,-0.9914448613737998,0.1305261922201321,172,0.1855752995559844,-0.9826300464542628,0.026,0.0261999999999999,0.019,0.0169,0.0189,
2023-06-21 18:45:00,2023-06-21,18,-0.9807852804032502,0.1950903220160288,172,0.1853992136020005,-0.9826632849535796,0.0085,0.00852,0.00714,0.0056799999999999,0.00599,
2023-06-21 19:00:00,2023-06-21,19,-0.965925826289083,0.2588190451024661,172,0.1852231216946504,-0.9826964918985356,-0.00147,-0.000989,-3.79e-05,-0.00065,-0.00165,
2023-06-21 19:15:00,2023-06-21,19,-0.9469301294951096,0.3214394653031504,172,0.1850470238395897,-0.9827296672880648,-0.00349,-0.00297,-0.00158,-0.00175,-0.00308,
2023-06-21 19:30:00,2023-06-21,19,-0.9238795325112742,0.3826834323651202,172,0.1848709200424723,-0.9827628111211016,-0.00423,-0.0038,-0.00141,-0.0017,-0.00254,
2023-06-21 19:45:00,2023-06-21,19,-0.8968727415327545,0.4422886902188671,172,0.1846948103089539,-0.9827959233965816,-0.00346,-0.00282,-0.00152,-0.00148,-0.00272,
2023-06-21 20:00:00,2023-06-21,20,-0.8660254037844911,0.4999999999999092,172,0.1845186946446892,-0.982829004113442,-0.0036,-0.00295,-0.00122,-0.00114,-0.0026,
2023-06-21 20:15:00,2023-06-21,20,-0.8314696123025787,0.5555702330195523,172,0.1843425730553331,-0.98286205327062,-0.0028399999999999,-0.00221,-0.000572,-0.000524,-0.00181,
2023-06-21 20:30:00,2023-06-21,20,-0.7933533402912445,0.6087614290087086,172,0.1841664455465421,-0.9828950708670549,-0.00294,-0.00233,-0.000834,-0.000547,-0.00213,
2023-06-21 20:45:00,2023-06-21,20,-0.751839807478958,0.659345815100091,172,0.1839903121239704,-0.982928056901686,-0.00496,-0.00445,-0.000645,-0.00128,-0.00213,
2023-06-21 21:00:00,2023-06-21,21,-0.7071067811864951,0.7071067811866,172,0.1838141727932749,-0.9829610113734544,-0.00327,-0.00257,-0.0011899999999999,-0.00104,-0.00275,
2023-06-21 21:15:00,2023-06-21,21,-0.6593458151001503,0.751839807478906,172,0.1836380275601113,-0.9829939342813016,-0.00359,-0.00281,-0.00138,-0.00123,-0.0030499999999999,
2023-06-21 21:30:00,2023-06-21,21,-0.6087614290087711,0.7933533402911964,172,0.1834618764301354,-0.9830268256241708,-0.00333,-0.00261,-0.00158,-0.00138,-0.00317,
2023-06-21 21:45:00,2023-06-21,21,-0.5555702330196178,0.8314696123025348,172,0.1832857194090044,-0.9830596854010054,-0.00337,-0.00273,-0.00172,-0.00158,-0.00307,
2023-06-21 22:00:00,2023-06-21,22,-0.4999999999999775,0.8660254037844516,172,0.183109556502374,-0.9830925136107508,-0.00294,-0.00227,-0.00125,-0.00108,-0.00237,
2023-06-21 22:15:00,2023-06-21,22,-0.4422886902191417,0.8968727415326191,172,0.1829333877159023,-0.983125310252352,-0.00235,-0.00172,-0.000445,-0.000191,-0.00132,
2023-06-21 22:30:00,2023-06-21,22,-0.3826834323651931,0.923879532511244,172,0.1827572130552447,-0.9831580753247566,-0.00234,-0.0016699999999999,-0.000338,9.56e-05,-0.00131,
2023-06-21 22:45:00,2023-06-21,22,-0.3214394653032251,0.946930129495084,172,0.1825810325260594,-0.9831908088269125,-0.0019199999999999,-0.0012,-7.58e-05,0.000325,-0.00123,
2023-06-21 23:00:00,2023-06-21,23,-0.2588190451025423,0.9659258262890624,172,0.1824048461340034,-0.983223510757768,-0.00206,-0.00135,-0.00031,0.000203,-0.0016,
2023-06-21 23:15:00,2023-06-21,23,-0.1950903220161062,0.9807852804032348,172,0.1822286538847339,-0.9832561811162734,-0.00275,-0.00216,-0.000714,-0.000333,-0.0019199999999999,
2023-06-21 23:30:00,2023-06-21,23,-0.1305261922199849,0.9914448613738192,172,0.1820524557839093,-0.9832888199013796,-0.00263,-0.00191,-0.000724,-0.00047,-0.00211,
2023-06-21 23:45:00,2023-06-21,23,-0.0654031292302581,0.997858923238596,172,0.1818762518371873,-0.9833214271120384,-0.00254,-0.00179,-0.000583,-0.000382,-0.00195,
2023-06-22 00:00:00,2023-06-22,0,-7.054955932107296e-14,1.0,173,0.1817000420502258,-0.983354002747203,-0.00237,-0.00163,-0.00031,-0.000122,-0.00174,
2023-06-22 00:15:00,2023-06-22,0,0.0654031292301173,0.9978589232386053,173,0.1815238264286828,-0.9833865468058272,-0.00239,-0.00157,-0.000427,-6.12e-05,-0.00161,
2023-06-22 00:30:00,2023-06-22,0,0.1305261922200704,0.991444861373808,173,0.1813476049782171,-0.983419059286866,-0.00268,-0.00166,-0.000152,1.15e-05,-0.00176,
2023-06-22 00:45:00,2023-06-22,0,0.1950903220159678,0.9807852804032624,173,0.1811713777044882,-0.9834515401892752,-0.00256,-0.0017,-0.000527,-0.000111,-0.00187,
2023-06-22 01:00:00,2023-06-22,1,0.258819045102406,0.9659258262890992,173,0.1809951446131533,-0.9834839895120122,-0.00263,-0.00196,-0.000634,-0.000371,-0.00224,
2023-06-22 01:15:00,2023-06-22,1,0.3214394653030915,0.9469301294951294,173,0.1808189057098728,-0.9835164072540348,-0.00302,-0.0023599999999999,-0.000634,-0.000516,-0.00199,
2023-06-22 01:30:00,2023-06-22,1,0.3826834323650627,0.923879532511298,173,0.1806426610003053,-0.9835487934143016,-0.00243,-0.00163,-0.000738,-0.000229,-0.00215,
2023-06-22 01:45:00,2023-06-22,1,0.4422886902190152,0.8968727415326815,173,0.1804664104901102,-0.9835811479917734,-0.00211,-0.00125,0.000103,0.00044,-0.00114,
2023-06-22 02:00:00,2023-06-22,2,0.5000000000000522,0.8660254037844085,173,0.1802901541849469,-0.9836134709854112,-0.0022,-0.00114,0.000358,0.000635,-0.000754,
2023-06-22 02:15:00,2023-06-22,2,0.5555702330196896,0.8314696123024868,173,0.1801138920904754,-0.9836457623941764,-0.0023599999999999,-0.0015,-0.000162,0.000398,-0.00183,
2023-06-22 02:30:00,2023-06-22,2,0.6087614290086591,0.7933533402912823,173,0.1799376242123566,-0.9836780222170324,-0.00294,-0.00208,-0.00135,-0.000898,-0.0029,
2023-06-22 02:45:00,2023-06-22,2,0.6593458151000442,0.751839807478999,173,0.1797613505562488,-0.9837102504529438,-0.00246,-0.00182,-0.000669,-0.000325,-0.00196,
2023-06-22 03:00:00,2023-06-22,3,0.707106781186556,0.707106781186539,173,0.1795850711278138,-0.9837424471008752,-0.00317,-0.00227,0.000272,0.000229,-0.000484,
2023-06-22 03:15:00,2023-06-22,3,0.7518398074788649,0.6593458151001971,173,0.1794087859327117,-0.9837746121597928,-0.00258,-0.00156,-0.000103,0.000226,-0.00123,
2023-06-22 03:30:00,2023-06-22,3,0.7933533402911586,0.6087614290088205,173,0.179232494976603,-0.9838067456286635,0.000227,0.00137,0.0009,0.0023599999999999,3e-05,
2023-06-22 03:45:00,2023-06-22,3,0.8314696123025003,0.5555702330196696,173,0.1790561982651484,-0.983838847506456,0.000596,0.00116,0.00197,0.00285,0.00202,
2023-06-22 04:00:00,2023-06-22,4,0.8660254037844205,0.5000000000000314,173,0.1788798958040096,-0.9838709177921392,0.00477,0.00511,0.00588,0.00505,0.00495,
2023-06-22 04:15:00,2023-06-22,4,0.896872741532692,0.4422886902189936,173,0.1787035875988477,-0.9839029564846836,0.00906,0.00959,0.00785,0.00743,0.00652,
2023-06-22 04:30:00,2023-06-22,4,0.9238795325113072,0.3826834323650405,173,0.1785272736553234,-0.98393496358306,0.0136999999999999,0.0143,0.0121,0.0119,0.0119,
2023-06-22 04:45:00,2023-06-22,4,0.9469301294951372,0.3214394653030687,173,0.1783509539790994,-0.9839669390862404,0.0186999999999999,0.0189,0.0193,0.018,0.0189,
2023-06-22 05:00:00,2023-06-22,5,0.9659258262890464,0.2588190451026024,173,0.1781746285758371,-0.9839988829931986,0.0551,0.0575,0.0464,0.0432,0.048,
2023-06-22 05:15:00,2023-06-22,5,0.9807852804032228,0.1950903220161672,173,0.1779982974511984,-0.9840307953029084,0.105,0.152,0.0838,0.0728,0.0815999999999999,
2023-06-22 05:30:00,2023-06-22,5,0.991444861373811,0.1305261922200466,173,0.1778219606108451,-0.9840626760143456,0.153,0.225,0.126,0.103,0.122,
2023-06-22 05:45:00,2023-06-22,5,0.997858923238592,0.0654031292303202,173,0.1776456180604403,-0.984094525126486,0.165,0.267,0.156,0.112,0.175,
2023-06-22 06:00:00,2023-06-22,6,1.0,1.327832810400391e-13,173,0.1774692698056463,-0.9841263426383072,0.151,0.262,0.16,0.0998,0.178,
2023-06-22 06:15:00,2023-06-22,6,0.9978589232386093,-0.0654031292300552,173,0.1772929158521253,-0.9841581285487871,0.165,0.247,0.179,0.126,0.193,
2023-06-22 06:30:00,2023-06-22,6,0.991444861373816,-0.1305261922200087,173,0.1771165562055411,-0.9841898828569056,0.233,0.439,0.308,0.202,0.341,
2023-06-22 06:45:00,2023-06-22,6,0.98078528040323,-0.1950903220161297,173,0.1769401908715563,-0.9842216055616424,0.201,0.373,0.288,0.199,0.309,
2023-06-22 07:00:00,2023-06-22,7,0.9659258262890564,-0.2588190451025655,173,0.1767638198558343,-0.9842532966619792,0.145,0.166,0.153,0.129,0.156,
2023-06-22 07:15:00,2023-06-22,7,0.9469301294950764,-0.3214394653032478,173,0.176587443164038,-0.9842849561568984,0.262,0.512,0.424,0.316,0.451,
2023-06-22 07:30:00,2023-06-22,7,0.9238795325113218,-0.3826834323650052,173,0.176411060801832,-0.9843165840453834,0.285,0.492,0.418,0.328,0.441,
2023-06-22 07:45:00,2023-06-22,7,0.896872741532709,-0.4422886902189594,173,0.1762346727748797,-0.9843481803264184,0.316,0.672,0.581,0.454,0.611,
2023-06-22 08:00:00,2023-06-22,8,0.8660254037844396,-0.4999999999999983,173,0.1760582790888446,-0.984379744998989,0.341,0.545,0.488,0.399,0.507,
2023-06-22 08:15:00,2023-06-22,8,0.8314696123026477,-0.5555702330194487,173,0.1758818797493923,-0.9844112780620812,0.255,0.27,0.254,0.222,0.261,
2023-06-22 08:30:00,2023-06-22,8,0.7933533402913202,-0.6087614290086097,173,0.1757054747621852,-0.9844427795146832,0.348,0.357,0.332,0.292,0.346,
2023-06-22 08:45:00,2023-06-22,8,0.75183980747904,-0.6593458150999975,173,0.1755290641328894,-0.9844742493557828,0.298,0.315,0.293,0.258,0.302,
2023-06-22 09:00:00,2023-06-22,9,0.707106781186583,-0.707106781186512,173,0.1753526478671687,-0.9845056875843696,0.332,0.427,0.408,0.351,0.424,
2023-06-22 09:15:00,2023-06-22,9,0.659345815100073,-0.7518398074789738,173,0.1751762259706888,-0.9845370941994344,0.289,0.288,0.286,0.26,0.293,
2023-06-22 09:30:00,2023-06-22,9,0.6087614290086895,-0.7933533402912591,173,0.1749997984491144,-0.9845684691999684,0.296,0.295,0.273,0.245,0.283,
2023-06-22 09:45:00,2023-06-22,9,0.5555702330195322,-0.831469612302592,173,0.1748233653081105,-0.9845998125849644,0.506,0.577,0.539,0.474,0.564,
2023-06-22 10:00:00,2023-06-22,10,0.5000000000000853,-0.8660254037843894,173,0.1746469265533436,-0.9846311243534154,0.516,0.7,0.643,0.571,0.684,
2023-06-22 10:15:00,2023-06-22,10,0.4422886902190494,-0.8968727415326645,173,0.1744704821904777,-0.9846624045043164,0.418,0.423,0.403,0.36,0.419,
2023-06-22 10:30:00,2023-06-22,10,0.382683432365098,-0.9238795325112832,173,0.17429403222518,-0.9846936530366628,0.424,0.468,0.44,0.398,0.463,
2023-06-22 10:45:00,2023-06-22,10,0.3214394653033429,-0.946930129495044,173,0.1741175766631159,-0.9847248699494514,0.491,0.811,0.748,0.692,0.818,
2023-06-22 11:00:00,2023-06-22,11,0.2588190451026625,-0.9659258262890305,173,0.1739411155099513,-0.9847560552416796,0.55,0.924,0.846,0.777,0.927,
2023-06-22 11:15:00,2023-06-22,11,0.1950903220162282,-0.9807852804032106,173,0.1737646487713534,-0.9847872089123458,0.474,0.894,0.829,0.761,0.898,
2023-06-22 11:30:00,2023-06-22,11,0.1305261922201083,-0.9914448613738028,173,0.1735881764529878,-0.98481833096045,0.457,0.976,0.935,0.85,0.993,
2023-06-22 11:45:00,2023-06-22,11,0.0654031292301554,-0.9978589232386028,173,0.1734116985605225,-0.9848494213849924,0.433,0.985,0.951,0.855,0.996,
2023-06-22 12:00:00,2023-06-22,12,-3.2356672684226837e-14,-1.0,173,0.1732352150996227,-0.9848804801849752,0.438,0.7,0.664,0.593,0.694,
2023-06-22 12:15:00,2023-06-22,12,-0.06540312923022,-0.9978589232385984,173,0.1730587260759568,-0.9849115073594008,0.465,0.861,0.817,0.725,0.857,
2023-06-22 12:30:00,2023-06-22,12,-0.130526192219947,-0.991444861373824,173,0.1728822314951915,-0.9849425029072728,0.476,0.586,0.543,0.483,0.57,
2023-06-22 12:45:00,2023-06-22,12,-0.1950903220160687,-0.9807852804032424,173,0.172705731362994,-0.984973466827596,0.358,0.435,0.4,0.357,0.418,
2023-06-22 13:00:00,2023-06-22,13,-0.2588190451025054,-0.9659258262890724,173,0.1725292256850326,-0.985004399119376,0.461,0.545,0.497,0.442,0.523,
2023-06-22 13:15:00,2023-06-22,13,-0.3214394653031889,-0.9469301294950964,173,0.1723527144669743,-0.98503529978162,0.353,0.405,0.359,0.318,0.378,
2023-06-22 13:30:00,2023-06-22,13,-0.3826834323649477,-0.9238795325113456,173,0.1721761977144883,-0.9850661688133348,0.393,0.491,0.428,0.377,0.456,
2023-06-22 13:45:00,2023-06-22,13,-0.4422886902189035,-0.8968727415327364,173,0.171999675433241,-0.98509700621353,0.261,0.259,0.221,0.194,0.233,
2023-06-22 14:00:00,2023-06-22,14,-0.4999999999999444,-0.8660254037844707,173,0.1718231476289022,-0.9851278119812152,0.274,0.274,0.229,0.201,0.243,
2023-06-22 14:15:00,2023-06-22,14,-0.5555702330195861,-0.831469612302556,173,0.1716466143071397,-0.9851585861154012,0.273,0.271,0.22,0.193,0.235,
2023-06-22 14:30:00,2023-06-22,14,-0.6087614290087408,-0.7933533402912197,173,0.1714700754736219,-0.9851893286150994,0.33,0.328,0.271,0.24,0.29,
2023-06-22 14:45:00,2023-06-22,14,-0.6593458151001216,-0.7518398074789311,173,0.1712935311340184,-0.9852200394793232,0.348,0.413,0.344,0.307,0.369,
2023-06-22 15:00:00,2023-06-22,15,-0.707106781186468,-0.7071067811866271,173,0.171116981293998,-0.985250718707086,0.281,0.283,0.237,0.21,0.251,
2023-06-22 15:15:00,2023-06-22,15,-0.7518398074789328,-0.6593458151001197,173,0.1709404259592297,-0.9852813662974028,0.271,0.272,0.233,0.208,0.247,
2023-06-22 15:30:00,2023-06-22,15,-0.7933533402912212,-0.6087614290087388,173,0.1707638651353825,-0.9853119822492898,0.239,0.24,0.196,0.173,0.209,
2023-06-22 15:45:00,2023-06-22,15,-0.8314696123025574,-0.5555702330195841,173,0.1705872988281269,-0.9853425665617636,0.203,0.202,0.172,0.154,0.183,
2023-06-22 16:00:00,2023-06-22,16,-0.8660254037843583,-0.5000000000001392,173,0.1704107270431321,-0.985373119233842,0.159,0.156,0.127,0.111,0.136,
2023-06-22 16:15:00,2023-06-22,16,-0.8968727415326371,-0.4422886902191053,173,0.1702341497860676,-0.985403640264544,0.0858,0.0836,0.0773,0.0695,0.0800999999999999,
2023-06-22 16:30:00,2023-06-22,16,-0.9238795325112596,-0.3826834323651555,173,0.1700575670626043,-0.9854341296528896,0.054,0.0523999999999999,0.0513,0.047,0.0523999999999999,
2023-06-22 16:45:00,2023-06-22,16,-0.9469301294950973,-0.3214394653031865,173,0.1698809788784122,-0.9854645873978995,0.132,0.13,0.116,0.105,0.122,
2023-06-22 17:00:00,2023-06-22,17,-0.9659258262890732,-0.258819045102503,173,0.1697043852391616,-0.985495013498596,0.117,0.115,0.099,0.0899,0.104,
2023-06-22 17:15:00,2023-06-22,17,-0.9807852804032428,-0.1950903220160663,173,0.1695277861505226,-0.9855254079540025,0.167,0.167,0.135,0.123,0.144,
2023-06-22 17:30:00,2023-06-22,17,-0.9914448613738244,-0.1305261922199445,173,0.1693511816181671,-0.9855557707631418,0.193,0.237,0.149,0.134,0.164,
2023-06-22 17:45:00,2023-06-22,17,-0.9978589232385986,-0.0654031292302175,173,0.1691745716477653,-0.98558610192504,0.114,0.145,0.0859,0.0788,0.0919,
2023-06-22 18:00:00,2023-06-22,18,-1.0,-2.9877049034739304e-14,173,0.1689979562449882,-0.9856164014387224,0.0422,0.0415,0.0354,0.0324,0.0359,
2023-06-22 18:15:00,2023-06-22,18,-0.9978589232386024,0.0654031292301579,173,0.1688213354155078,-0.9856466693032166,0.0178,0.0176,0.0159,0.0143,0.0155,
2023-06-22 18:30:00,2023-06-22,18,-0.9914448613738324,0.1305261922198853,173,0.1686447091649952,-0.9856769055175504,0.00715,0.00705,0.00723,0.00647,0.00712,
2023-06-22 18:45:00,2023-06-22,18,-0.9807852804032544,0.1950903220160077,173,0.1684680774991221,-0.9857071100807532,0.00424,0.00424,0.0044,0.0039,0.0040999999999999,
2023-06-22 19:00:00,2023-06-22,19,-0.9659258262890884,0.2588190451024453,173,0.1682914404235598,-0.9857372829918544,0.000802,0.00101,0.0014399999999999,0.00122,0.00108,
2023-06-22 19:15:00,2023-06-22,19,-0.9469301294951163,0.32143946530313,173,0.1681147979439816,-0.9857674242498856,4.96e-05,0.000117,0.000376,0.000375,0.000231,
2023-06-22 19:30:00,2023-06-22,19,-0.9238795325112824,0.3826834323651003,173,0.1679381500660581,-0.9857975338538792,-0.000145,-6.740000000000001e-05,0.000303,0.000321,0.000283,
2023-06-22 19:45:00,2023-06-22,19,-0.8968727415326635,0.4422886902190516,173,0.1677614967954623,-0.985827611802868,0.000244,0.000234,0.00029,0.000378,0.000257,
2023-06-22 20:00:00,2023-06-22,20,-0.8660254037843882,0.5000000000000875,173,0.1675848381378674,-0.985857658095886,-4.55e-05,3.55e-06,0.00021,0.000218,0.000107,
2023-06-22 20:15:00,2023-06-22,20,-0.8314696123025906,0.5555702330195343,173,0.1674081740989454,-0.9858876727319684,0.000132,0.000135,0.00019,0.000245,0.000184,
2023-06-22 20:30:00,2023-06-22,20,-0.7933533402912576,0.6087614290086913,173,0.1672315046843694,-0.985917655710152,-0.000141,-5.67e-05,0.000183,0.000176,6e-05,
2023-06-22 20:45:00,2023-06-22,20,-0.7518398074789722,0.6593458151000748,173,0.1670548298998119,-0.9859476070294734,5.38e-05,0.000103,0.000169,0.000222,0.000124,
2023-06-22 21:00:00,2023-06-22,21,-0.707106781186671,0.707106781186424,173,0.1668781497509475,-0.9859775266889708,-0.00019,-0.000128,0.0001,9.94e-05,-0.000103,
2023-06-22 21:15:00,2023-06-22,21,-0.6593458151001665,0.7518398074788918,173,0.1667014642434477,-0.986007414687684,-0.000827,-0.000738,-0.000224,-0.00026,-0.000446,
2023-06-22 21:30:00,2023-06-22,21,-0.6087614290087882,0.7933533402911833,173,0.166524773382987,-0.9860372710246528,-0.000203,-0.00017,6.89e-06,3.06e-05,-9e-05,
2023-06-22 21:45:00,2023-06-22,21,-0.5555702330196358,0.8314696123025228,173,0.16634807717524,-0.9860670956989186,-0.000385,-0.000383,-0.000176,-0.000138,-0.00033,
2023-06-22 22:00:00,2023-06-22,22,-0.4999999999999961,0.8660254037844408,173,0.1661713756258789,-0.9860968887095238,-0.00252,-0.00213,-0.000562,-0.000753,-0.00102,
2023-06-22 22:15:00,2023-06-22,22,-0.4422886902189571,0.89687274153271,173,0.165994668740579,-0.9861266500555116,-0.00179,-0.00157,-0.000214,-0.000489,-0.000501,
2023-06-22 22:30:00,2023-06-22,22,-0.3826834323650029,0.9238795325113228,173,0.1658179565250138,-0.9861563797359264,-0.000984,-0.000606,0.000248,5.35e-05,0.000244,
2023-06-22 22:45:00,2023-06-22,22,-0.3214394653032455,0.9469301294950772,173,0.1656412389848589,-0.9861860777498134,0.000844,0.00078,8.620000000000001e-05,0.000275,-4.28e-05,
2023-06-22 23:00:00,2023-06-22,23,-0.2588190451025631,0.965925826289057,173,0.1654645161257872,-0.986215744096219,-0.000616,-0.000486,7.93e-05,1.15e-05,-1.7100000000000002e-05,
2023-06-22 23:15:00,2023-06-22,23,-0.1950903220161273,0.9807852804032308,173,0.1652877879534744,-0.9862453787741908,-0.00017,-0.000241,-0.000645,-0.000394,-0.00093,
2023-06-22 23:30:00,2023-06-22,23,-0.1305261922202317,0.9914448613737868,173,0.1651110544735962,-0.9862749817827772,-0.000782,-0.000191,0.000145,0.000291,-4.2800000000000005e-06,
2023-06-22 23:45:00,2023-06-22,23,-0.0654031292302796,0.9978589232385946,173,0.1649343156918259,-0.9863045531210272,-0.000112,-4.96e-05,0.000255,0.000336,0.000257,
2023-06-23 00:00:00,2023-06-23,0,-9.211077075370545e-14,1.0,174,0.1647575716138402,-0.9863340927879916,-0.000207,-0.000131,0.000279,0.000447,0.000249,
2023-06-23 00:15:00,2023-06-23,0,0.0654031292300958,0.9978589232386066,174,0.1645808222453136,-0.9863636007827218,-0.000724,-0.000574,-0.000183,-5.73e-05,-0.000497,
2023-06-23 00:30:00,2023-06-23,0,0.130526192220049,0.9914448613738108,174,0.1644040675919231,-0.98639307710427,-0.00146,-0.0011,-0.000365,-0.000264,-0.00096,
2023-06-23 00:45:00,2023-06-23,0,0.1950903220161697,0.9807852804032222,174,0.1642273076593427,-0.98642252175169,-0.00207,-0.00175,-0.000869,-0.000709,-0.00171,
2023-06-23 01:00:00,2023-06-23,1,0.2588190451026048,0.9659258262890458,174,0.1640505424532491,-0.9864519347240364,-0.00315,-0.00276,-0.0014399999999999,-0.00125,-0.00246,
2023-06-23 01:15:00,2023-06-23,1,0.321439465303071,0.9469301294951364,174,0.1638737719793195,-0.9864813160203644,-0.00318,-0.00265,-0.00156,-0.0015,-0.00274,
2023-06-23 01:30:00,2023-06-23,1,0.3826834323650428,0.9238795325113062,174,0.1636969962432283,-0.9865106656397308,-0.00252,-0.00216,-0.000838,-0.000921,-0.00188,
2023-06-23 01:45:00,2023-06-23,1,0.4422886902189958,0.896872741532691,174,0.1635202152506533,-0.9865399835811928,-0.0019,-0.00155,-0.000796,-0.000443,-0.00129,
2023-06-23 02:00:00,2023-06-23,2,0.4999999999998366,0.866025403784533,174,0.1633434290072707,-0.9865692698438092,-0.00181,-0.00149,-0.000662,-0.000279,-0.00133,
2023-06-23 02:15:00,2023-06-23,2,0.5555702330194826,0.8314696123026252,174,0.1631666375187572,-0.9865985244266396,-0.00246,-0.0019199999999999,-0.000745,-0.000356,-0.00133,
2023-06-23 02:30:00,2023-06-23,2,0.608761429008642,0.7933533402912955,174,0.1629898407907895,-0.9866277473287446,-0.00217,-0.00188,-0.000741,-0.000615,-0.0016,
2023-06-23 02:45:00,2023-06-23,2,0.659345815100028,0.7518398074790132,174,0.162813038829045,-0.9866569385491858,-0.00165,-0.00134,-0.000603,-0.000119,-0.00107,
2023-06-23 03:00:00,2023-06-23,3,0.7071067811865408,0.7071067811865542,174,0.162636231639202,-0.9866860980870258,-0.000347,-0.000223,0.000224,0.000516,0.000167,
2023-06-23 03:15:00,2023-06-23,3,0.7518398074790006,0.6593458151000424,174,0.1624594192269362,-0.9867152259413284,-0.000509,-0.000358,6.55e-05,0.000371,-7.709999999999999e-05,
2023-06-23 03:30:00,2023-06-23,3,0.7933533402912839,0.6087614290086572,174,0.1622826015979264,-0.986744322111158,-0.000203,-9.22e-05,0.000376,0.000638,0.000274,
2023-06-23 03:45:00,2023-06-23,3,0.8314696123024883,0.5555702330196876,174,0.1621057787578502,-0.9867733865955804,0.0019299999999999,0.00198,0.00171,0.00161,0.00175,
2023-06-23 04:00:00,2023-06-23,4,0.8660254037844097,0.5000000000000501,174,0.1619289507123854,-0.9868024193936624,0.00791,0.00782,0.0056,0.00495,0.00623,
2023-06-23 04:15:00,2023-06-23,4,0.8968727415326826,0.4422886902190129,174,0.1617521174672097,-0.986831420504472,0.0175,0.0172,0.0126,0.0106,0.014,
2023-06-23 04:30:00,2023-06-23,4,0.923879532511299,0.3826834323650604,174,0.1615752790280019,-0.9868603899270776,0.044,0.0436,0.0354,0.0313,0.0376,
2023-06-23 04:45:00,2023-06-23,4,0.9469301294950572,0.3214394653033044,174,0.1613984354004414,-0.9868893276605484,0.0654,0.0645,0.0515,0.0448999999999999,0.0552999999999999,
2023-06-23 05:00:00,2023-06-23,5,0.9659258262890408,0.2588190451026232,174,0.161221586590205,-0.9869182337039564,0.0852,0.0839,0.0733,0.0655,0.0773,
2023-06-23 05:15:00,2023-06-23,5,0.9807852804032184,0.1950903220161884,174,0.1610447326029728,-0.9869471080563724,0.128,0.126,0.11,0.0963,0.116,
2023-06-23 05:30:00,2023-06-23,5,0.9914448613738084,0.1305261922200679,174,0.1608678734444233,-0.9869759507168698,0.149,0.156,0.12,0.0995,0.126,
2023-06-23 05:45:00,2023-06-23,5,0.9978589232386054,0.0654031292301148,174,0.1606910091202358,-0.987004761684522,0.086,0.113,0.0819,0.0653,0.0878,
2023-06-23 06:00:00,2023-06-23,6,1.0,-7.30291829705605e-14,174,0.160514139636089,-0.9870335409584045,0.118,0.121,0.106,0.0901,0.109,
2023-06-23 06:15:00,2023-06-23,6,0.9978589232386108,-0.0654031292300337,174,0.1603372649976633,-0.9870622885375924,0.137,0.162,0.136,0.107,0.143,
2023-06-23 06:30:00,2023-06-23,6,0.9914448613738188,-0.1305261922199873,174,0.160160385210638,-0.9870910044211628,0.224,0.407,0.298,0.206,0.328,
2023-06-23 06:45:00,2023-06-23,6,0.9807852804032344,-0.1950903220161086,174,0.1599835002806922,-0.987119688608194,0.211,0.225,0.203,0.174,0.211,
2023-06-23 07:00:00,2023-06-23,7,0.965925826289062,-0.2588190451025446,174,0.159806610213507,-0.9871483410977644,0.225,0.484,0.374,0.268,0.406,
2023-06-23 07:15:00,2023-06-23,7,0.9469301294951564,-0.3214394653030121,174,0.159629715014762,-0.9871769618889544,0.264,0.449,0.363,0.276,0.39,
2023-06-23 07:30:00,2023-06-23,7,0.92387953251133,-0.3826834323649853,174,0.159452814690137,-0.9872055509808444,0.371,0.419,0.363,0.302,0.384,
2023-06-23 07:45:00,2023-06-23,7,0.8968727415327185,-0.44228869021894,174,0.1592759092453134,-0.987234108372517,0.348,0.514,0.462,0.376,0.486,
2023-06-23 08:00:00,2023-06-23,8,0.8660254037844504,-0.4999999999999796,174,0.1590989986859713,-0.9872626340630548,0.28,0.658,0.587,0.47,0.617,
2023-06-23 08:15:00,2023-06-23,8,0.8314696123025335,-0.5555702330196199,174,0.1589220830177916,-0.987291128051542,0.243,0.494,0.473,0.394,0.489,
2023-06-23 08:30:00,2023-06-23,8,0.793353340291195,-0.6087614290087731,174,0.1587451622464548,-0.9873195903370634,0.255,0.737,0.677,0.552,0.706,
2023-06-23 08:45:00,2023-06-23,8,0.7518398074790542,-0.6593458150999812,174,0.1585682363776432,-0.9873480209187052,0.317,0.61,0.572,0.478,0.596,
2023-06-23 09:00:00,2023-06-23,9,0.7071067811865983,-0.7071067811864967,174,0.1583913054170364,-0.9873764197955543,0.336,0.71,0.686,0.579,0.71,
2023-06-23 09:15:00,2023-06-23,9,0.6593458151000892,-0.7518398074789596,174,0.1582143693703168,-0.9874047869666994,0.347,0.775,0.767,0.654,0.793,
2023-06-23 09:30:00,2023-06-23,9,0.6087614290087066,-0.7933533402912459,174,0.1580374282431663,-0.9874331224312288,0.333,0.743,0.753,0.651,0.778,
2023-06-23 09:45:00,2023-06-23,9,0.5555702330197393,-0.8314696123024536,174,0.1578604820412663,-0.987461426188233,0.303,0.673,0.696,0.612,0.719,
2023-06-23 10:00:00,2023-06-23,10,0.5000000000001039,-0.8660254037843786,174,0.1576835307702987,-0.987489698236803,0.27,0.937,0.933,0.833,0.99,
2023-06-23 10:15:00,2023-06-23,10,0.4422886902190688,-0.8968727415326551,174,0.1575065744359453,-0.9875179385760312,0.274,0.922,0.892,0.819,0.972,
2023-06-23 10:30:00,2023-06-23,10,0.3826834323651179,-0.9238795325112752,174,0.1573296130438895,-0.9875461472050104,0.243,0.83,0.807,0.759,0.891,
2023-06-23 10:45:00,2023-06-23,10,0.321439465303148,-0.9469301294951102,174,0.157152646599812,-0.9875743241228352,0.188,0.957,0.91,0.867,1.02,
2023-06-23 11:00:00,2023-06-23,11,0.2588190451024637,-0.9659258262890836,174,0.1569756751093963,-0.9876024693286004,0.193,0.893,0.857,0.813,0.953,
2023-06-23 11:15:00,2023-06-23,11,0.1950903220160264,-0.9807852804032507,174,0.1567986985783255,-0.9876305828214026,0.152,0.981,0.94,0.881,1.04,
2023-06-23 11:30:00,2023-06-23,11,0.1305261922201296,-0.9914448613738002,174,0.1566217170122821,-0.9876586646003388,0.14,0.98,0.952,0.872,1.02,
2023-06-23 11:45:00,2023-06-23,11,0.0654031292301769,-0.9978589232386011,174,0.1564447304169493,-0.9876867146645074,0.132,0.972,0.954,0.854,1.0,
2023-06-23 12:00:00,2023-06-23,12,-1.0795461251594359e-14,-1.0,174,0.1562677387980097,-0.9877147330130076,0.135,0.965,0.948,0.84,0.992,
2023-06-23 12:15:00,2023-06-23,12,-0.0654031292299716,-0.9978589232386148,174,0.1560907421611481,-0.9877427196449398,0.143,0.955,0.933,0.824,0.975,
2023-06-23 12:30:00,2023-06-23,12,-0.1305261922199256,-0.991444861373827,174,0.1559137405120463,-0.9877706745594051,0.17,0.968,0.949,0.84,0.992,
2023-06-23 12:45:00,2023-06-23,12,-0.1950903220160476,-0.9807852804032464,174,0.1557367338563888,-0.9877985977555062,0.161,0.942,0.904,0.797,0.951,
2023-06-23 13:00:00,2023-06-23,13,-0.2588190451024845,-0.965925826289078,174,0.1555597221998604,-0.987826489232346,0.16,0.914,0.868,0.765,0.916,
2023-06-23 13:15:00,2023-06-23,13,-0.3214394653031684,-0.9469301294951034,174,0.1553827055481435,-0.9878543489890294,0.158,0.889,0.838,0.743,0.886,
2023-06-23 13:30:00,2023-06-23,13,-0.3826834323651379,-0.9238795325112668,174,0.1552056839069234,-0.9878821770246612,0.153,0.861,0.801,0.716,0.85,
2023-06-23 13:45:00,2023-06-23,13,-0.4422886902190882,-0.8968727415326455,174,0.1550286572818837,-0.9879099733383484,0.148,0.834,0.764,0.688,0.813,
2023-06-23 14:00:00,2023-06-23,14,-0.4999999999999257,-0.8660254037844816,174,0.1548516256787102,-0.987937737929198,0.167,0.788,0.704,0.637,0.755,
2023-06-23 14:15:00,2023-06-23,14,-0.5555702330195682,-0.831469612302568,174,0.1546745891030859,-0.9879654707963188,0.149,0.772,0.679,0.616,0.731,
2023-06-23 14:30:00,2023-06-23,14,-0.6087614290087237,-0.7933533402912328,174,0.1544975475606963,-0.98799317193882,0.14,0.73,0.629,0.573,0.68,
2023-06-23 14:45:00,2023-06-23,14,-0.6593458150999344,-0.7518398074790953,174,0.1543205010572275,-0.9880208413558118,0.127,0.693,0.582,0.53,0.634,
2023-06-23 15:00:00,2023-06-23,15,-0.7071067811864528,-0.7071067811866423,174,0.1541434495983627,-0.9880484790464064,0.127,0.656,0.533,0.484,0.584,
2023-06-23 15:15:00,2023-06-23,15,-0.7518398074789185,-0.6593458151001359,174,0.1539663931897887,-0.988076085009716,0.126,0.608,0.475,0.431,0.529,
2023-06-23 15:30:00,2023-06-23,15,-0.7933533402912081,-0.608761429008756,174,0.15378933183719,-0.988103659244854,0.112,0.567,0.426,0.385,0.484,
2023-06-23 15:45:00,2023-06-23,15,-0.8314696123025455,-0.555570233019602,174,0.1536122655462536,-0.9881312017509352,0.108,0.519,0.371,0.334,0.427,
2023-06-23 16:00:00,2023-06-23,16,-0.8660254037844612,-0.4999999999999609,174,0.1534351943226634,-0.988158712527075,0.102,0.469,0.314,0.28,0.372,
2023-06-23 16:15:00,2023-06-23,16,-0.896872741532728,-0.4422886902189207,174,0.1532581181721063,-0.9881861915723902,0.0994,0.417,0.258,0.228,0.315,
2023-06-23 16:30:00,2023-06-23,16,-0.9238795325112512,-0.3826834323651754,174,0.1530810371002694,-0.988213638885998,0.0949,0.368,0.205,0.182,0.261,
2023-06-23 16:45:00,2023-06-23,16,-0.9469301294950904,-0.321439465303207,174,0.152903951112837,-0.9882410544670176,0.0887,0.324,0.157,0.138,0.21,
2023-06-23 17:00:00,2023-06-23,17,-0.9659258262890674,-0.2588190451025238,174,0.152726860215497,-0.9882684383145685,0.0798,0.277,0.114,0.0949,0.159,
2023-06-23 17:15:00,2023-06-23,17,-0.9807852804031942,-0.1950903220163104,174,0.1525497644139354,-0.988295790427771,0.0729,0.226,0.078,0.0691,0.113,
2023-06-23 17:30:00,2023-06-23,17,-0.991444861373792,-0.1305261922201913,174,0.1523726637138391,-0.9883231108057472,0.0659,0.186,0.068,0.0615,0.0783,
2023-06-23 17:45:00,2023-06-23,17,-0.9978589232385972,-0.065403129230239,174,0.1521955581208944,-0.9883503994476196,0.0557,0.145,0.054,0.0511,0.0566,
2023-06-23 18:00:00,2023-06-23,18,-1.0,-5.143826046737177e-14,174,0.1520184476407888,-0.9883776563525122,0.0462,0.106,0.0422,0.0412999999999999,0.0445,
2023-06-23 18:15:00,2023-06-23,18,-0.997858923238604,0.0654031292301364,174,0.1518413322792105,-0.9884048815195492,0.0338,0.0332,0.0281,0.028,0.0282,
2023-06-23 18:30:00,2023-06-23,18,-0.9914448613738054,0.1305261922200893,174,0.151664212041845,-0.9884320749478572,0.0214,0.0212,0.0182,0.0179,0.0178,
2023-06-23 18:45:00,2023-06-23,18,-0.9807852804032144,0.1950903220162095,174,0.1514870869343812,-0.9884592366365622,0.00938,0.0095299999999999,0.00877,0.00834,0.0081199999999999,
2023-06-23 19:00:00,2023-06-23,19,-0.965925826289094,0.2588190451024244,174,0.1513099569625063,-0.9884863665847924,9.51e-05,0.000443,0.0014399999999999,0.0011799999999999,0.000664,
2023-06-23 19:15:00,2023-06-23,19,-0.9469301294951232,0.3214394653031096,174,0.1511328221319081,-0.9885134647916765,-0.00291,-0.0025499999999999,-0.000882,-0.000917,-0.00181,
2023-06-23 19:30:00,2023-06-23,19,-0.9238795325112906,0.3826834323650804,174,0.1509556824482743,-0.9885405312563444,-0.00282,-0.0024,-0.00123,-0.0011,-0.00184,
2023-06-23 19:45:00,2023-06-23,19,-0.8968727415327735,0.4422886902188284,174,0.1507785379172937,-0.988567565977927,-0.00306,-0.00267,-0.00146,-0.00127,-0.00216,
2023-06-23 20:00:00,2023-06-23,20,-0.8660254037845126,0.4999999999998718,174,0.1506013885446543,-0.9885945689555564,-0.0028799999999999,-0.0025099999999999,-0.0012,-0.000921,-0.00178,
2023-06-23 20:15:00,2023-06-23,20,-0.8314696123026025,0.5555702330195165,174,0.150424234336044,-0.9886215401883648,-0.00287,-0.00254,-0.00111,-0.000891,-0.00174,
2023-06-23 20:30:00,2023-06-23,20,-0.7933533402912707,0.6087614290086742,174,0.1502470752971525,-0.988648479675487,-0.00289,-0.0025499999999999,-0.0011799999999999,-0.001,-0.00179,
2023-06-23 20:45:00,2023-06-23,20,-0.7518398074789864,0.6593458151000586,174,0.1500699114336679,-0.9886753874160572,-0.00271,-0.00247,-0.00123,-0.00105,-0.00189,
2023-06-23 21:00:00,2023-06-23,21,-0.7071067811865255,0.7071067811865696,174,0.1498927427512792,-0.988702263409212,-0.00241,-0.00216,-0.00107,-0.000979,-0.00154,
2023-06-23 21:15:00,2023-06-23,21,-0.6593458151000118,0.7518398074790275,174,0.1497155692556752,-0.988729107654088,-0.00261,-0.0023799999999999,-0.00116,-0.00106,-0.00173,
2023-06-23 21:30:00,2023-06-23,21,-0.6087614290088053,0.7933533402911702,174,0.1495383909525457,-0.9887559201498232,-0.00262,-0.0023,-0.00111,-0.00113,-0.00136,
2023-06-23 21:45:00,2023-06-23,21,-0.5555702330196537,0.8314696123025108,174,0.1493612078475799,-0.9887827008955568,-0.00306,-0.0027,-0.00127,-0.00127,-0.00178,
2023-06-23 22:00:00,2023-06-23,22,-0.5000000000000149,0.86602540378443,174,0.1491840199464668,-0.9888094498904288,-0.0030299999999999,-0.00277,-0.0015,-0.0015,-0.00237,
2023-06-23 22:15:00,2023-06-23,22,-0.4422886902189765,0.8968727415327006,174,0.1490068272548969,-0.98883616713358,-0.00272,-0.00227,-0.0011,-0.000807,-0.00176,
2023-06-23 22:30:00,2023-06-23,22,-0.3826834323652329,0.9238795325112276,174,0.1488296297785597,-0.9888628526241529,-0.00281,-0.00234,-0.000889,-0.00068,-0.0016899999999999,
2023-06-23 22:45:00,2023-06-23,22,-0.3214394653032659,0.9469301294950704,174,0.1486524275231452,-0.98888950636129,-0.00278,-0.00233,-0.000834,-0.000501,-0.00183,
2023-06-23 23:00:00,2023-06-23,23,-0.2588190451025839,0.9659258262890512,174,0.148475220494343,-0.9889161283441362,-0.00245,-0.0019299999999999,-0.000751,-0.000287,-0.00154,
2023-06-23 23:15:00,2023-06-23,23,-0.1950903220161485,0.9807852804032264,174,0.1482980086978445,-0.9889427185718362,-0.00246,-0.0019399999999999,-0.000648,-0.00057,-0.0018,
2023-06-23 23:30:00,2023-06-23,23,-0.1305261922200276,0.9914448613738136,174,0.1481207921393396,-0.988969277043536,-0.00172,-0.00139,-0.000724,-0.000646,-0.00179,
2023-06-23 23:45:00,2023-06-23,23,-0.0654031292300742,0.997858923238608,174,0.1479435708245184,-0.9889958037583834,-0.00398,-0.00285,-0.000472,-0.000264,-0.00175,
2023-06-24 00:00:00,2023-06-24,0,-1.1367198218633793e-13,1.0,175,0.147766344759073,-0.9890222987155258,-0.00227,-0.00183,-0.000758,-0.000474,-0.00178,
2023-06-24 00:15:00,2023-06-24,0,0.0654031292300743,0.997858923238608,175,0.1475891139486927,-0.9890487619141132,-0.0025499999999999,-0.00202,-0.000814,-0.000371,-0.00179,
2023-06-24 00:30:00,2023-06-24,0,0.1305261922200276,0.9914448613738136,175,0.1474118783990697,-0.989075193353295,-0.00268,-0.00216,-0.000786,-0.000638,-0.00187,
2023-06-24 00:45:00,2023-06-24,0,0.1950903220161485,0.9807852804032264,175,0.1472346381158945,-0.9891015930322232,-0.00242,-0.00188,-0.00071,-0.000558,-0.0018,
2023-06-24 01:00:00,2023-06-24,1,0.2588190451023643,0.9659258262891102,175,0.1470573931048593,-0.9891279609500496,-0.00127,-0.00126,-0.000882,-0.000684,-0.00183,
2023-06-24 01:15:00,2023-06-24,1,0.3214394653030506,0.9469301294951432,175,0.1468801433716552,-0.9891542971059276,-0.00349,-0.00261,-0.000334,-0.000401,-0.00146,
2023-06-24 01:30:00,2023-06-24,1,0.3826834323650229,0.9238795325113144,175,0.1467028889219733,-0.989180601499012,-0.00257,-0.00226,-0.000531,-0.000577,-0.00153,
2023-06-24 01:45:00,2023-06-24,1,0.4422886902189765,0.8968727415327005,175,0.146525629761507,-0.9892068741284574,-0.00244,-0.00181,-0.000624,-0.000329,-0.00163,
2023-06-24 02:00:00,2023-06-24,2,0.5000000000000149,0.86602540378443,175,0.1463483658959463,-0.9892331149934208,-0.00265,-0.00221,-0.000593,-0.000428,-0.00156,
2023-06-24 02:15:00,2023-06-24,2,0.5555702330196537,0.8314696123025108,175,0.1461710973309847,-0.989259324093059,-0.00161,-0.00128,-0.000714,-0.000524,-0.0018,
2023-06-24 02:30:00,2023-06-24,2,0.6087614290088053,0.7933533402911702,175,0.1459938240723137,-0.9892855014265308,-0.00131,-0.00117,-0.000769,-0.00065,-0.0018,
2023-06-24 02:45:00,2023-06-24,2,0.6593458151000118,0.7518398074790275,175,0.1458165461256265,-0.9893116469929952,-0.002,-0.00152,-0.000545,-0.000371,-0.00156,
2023-06-24 03:00:00,2023-06-24,3,0.7071067811865255,0.7071067811865696,175,0.1456392634966153,-0.9893377607916132,-0.00234,-0.00174,-0.000458,-0.000302,-0.00137,
2023-06-24 03:15:00,2023-06-24,3,0.7518398074789864,0.6593458151000586,175,0.1454619761909724,-0.989363842821546,-0.0023599999999999,-0.0016899999999999,-0.000255,-0.000138,-0.00133,
2023-06-24 03:30:00,2023-06-24,3,0.7933533402911324,0.6087614290088547,175,0.145284684214392,-0.989389893081956,-0.00213,-0.00131,4.48e-05,0.000256,-0.0009,
2023-06-24 03:45:00,2023-06-24,3,0.8314696123024763,0.5555702330197054,175,0.1451073875725653,-0.9894159115720068,0.0024,0.00264,0.00277,0.00279,0.00185,
2023-06-24 04:00:00,2023-06-24,4,0.866025403784399,0.5000000000000687,175,0.1449300862711869,-0.9894418982908628,0.00988,0.01,0.0095199999999999,0.00883,0.00875,
2023-06-24 04:15:00,2023-06-24,4,0.896872741532673,0.4422886902190323,175,0.1447527803159497,-0.9894678532376898,0.0212,0.0212,0.0193999999999999,0.0181,0.0188,
2023-06-24 04:30:00,2023-06-24,4,0.9238795325112906,0.3826834323650803,175,0.1445754697125466,-0.989493776411654,0.0349,0.0347,0.0314,0.0294,0.0313,
2023-06-24 04:45:00,2023-06-24,4,0.9469301294951232,0.3214394653031095,175,0.1443981544666723,-0.9895196678119234,0.0487999999999999,0.0485,0.0417,0.0382999999999999,0.0422,
2023-06-24 05:00:00,2023-06-24,5,0.965925826289094,0.2588190451024244,175,0.1442208345840196,-0.989545527437666,0.0611,0.133,0.0562,0.0547999999999999,0.0586,
2023-06-24 05:15:00,2023-06-24,5,0.9807852804032144,0.1950903220162095,175,0.1440435100702837,-0.989571355288052,0.0737,0.183,0.0729,0.0639,0.0654,
2023-06-24 05:30:00,2023-06-24,5,0.9914448613738054,0.1305261922200893,175,0.143866180931157,-0.9895971513622518,0.0851,0.231,0.0953,0.0764,0.0798,
2023-06-24 05:45:00,2023-06-24,5,0.997858923238604,0.0654031292301363,175,0.143688847172335,-0.989622915659437,0.0902999999999999,0.275,0.132,0.081,0.156,
2023-06-24 06:00:00,2023-06-24,6,1.0,1.7590570390530405e-13,175,0.1435115087995117,-0.9896486481787804,0.105,0.319,0.177,0.0920999999999999,0.206,
2023-06-24 06:15:00,2023-06-24,6,0.997858923238612,-0.0654031292300122,175,0.1433341658183811,-0.9896743489194558,0.1,0.362,0.221,0.113,0.254,
2023-06-24 06:30:00,2023-06-24,6,0.9914448613738216,-0.1305261922199659,175,0.1431568182346389,-0.9897000178806376,0.0985,0.402,0.265,0.15,0.3,
2023-06-24 06:45:00,2023-06-24,6,0.9807852804032384,-0.1950903220160875,175,0.1429794660539793,-0.989725655061502,0.105,0.449,0.316,0.194,0.352,
2023-06-24 07:00:00,2023-06-24,7,0.9659258262890674,-0.2588190451025238,175,0.1428021092820973,-0.9897512604612252,0.113,0.49,0.365,0.239,0.4,
2023-06-24 07:15:00,2023-06-24,7,0.9469301294950904,-0.321439465303207,175,0.1426247479246877,-0.9897768340789852,0.121,0.541,0.423,0.294,0.459,
2023-06-24 07:30:00,2023-06-24,7,0.9238795325112512,-0.3826834323651755,175,0.1424473819874465,-0.9898023759139613,0.121,0.577,0.468,0.338,0.504,
2023-06-24 07:45:00,2023-06-24,7,0.896872741532728,-0.4422886902189207,175,0.1422700114760687,-0.9898278859653324,0.123,0.619,0.517,0.385,0.554,
2023-06-24 08:00:00,2023-06-24,8,0.8660254037844611,-0.499999999999961,175,0.1420926363962495,-0.9898533642322802,0.128,0.65,0.559,0.426,0.595,
2023-06-24 08:15:00,2023-06-24,8,0.8314696123025453,-0.555570233019602,175,0.1419152567536854,-0.989878810713986,0.13,0.7,0.617,0.479,0.653,
2023-06-24 08:30:00,2023-06-24,8,0.7933533402913465,-0.6087614290085755,175,0.1417378725540718,-0.9899042254096332,0.133,0.736,0.661,0.523,0.697,
2023-06-24 08:45:00,2023-06-24,8,0.7518398074790684,-0.659345815099965,175,0.1415604838031048,-0.989929608318405,0.135,0.772,0.706,0.566,0.741,
2023-06-24 09:00:00,2023-06-24,9,0.7071067811866135,-0.7071067811864815,175,0.1413830905064799,-0.9899549594394872,0.135,0.804,0.747,0.606,0.781,
2023-06-24 09:15:00,2023-06-24,9,0.6593458151001054,-0.7518398074789454,175,0.1412056926698945,-0.9899802787720648,0.134,0.834,0.786,0.644,0.82,
2023-06-24 09:30:00,2023-06-24,9,0.6087614290087237,-0.7933533402912328,175,0.1410282902990444,-0.9900055663153255,0.138,0.859,0.817,0.678,0.853,
2023-06-24 09:45:00,2023-06-24,9,0.5555702330195681,-0.831469612302568,175,0.1408508833996259,-0.9900308220684572,0.145,0.879,0.838,0.708,0.881,
2023-06-24 10:00:00,2023-06-24,10,0.4999999999999257,-0.8660254037844816,175,0.1406734719773365,-0.9900560460306485,0.157,0.901,0.844,0.737,0.91,
2023-06-24 10:15:00,2023-06-24,10,0.4422886902190881,-0.8968727415326455,175,0.1404960560378727,-0.9900812382010896,0.204,0.895,0.815,0.738,0.904,
2023-06-24 10:30:00,2023-06-24,10,0.3826834323651378,-0.9238795325112668,175,0.1403186355869314,-0.990106398578972,0.164,0.938,0.846,0.791,0.961,
2023-06-24 10:45:00,2023-06-24,10,0.3214394653031684,-0.9469301294951034,175,0.1401412106302094,-0.9901315271634872,0.16,0.939,0.847,0.8,0.965,
2023-06-24 11:00:00,2023-06-24,11,0.2588190451027041,-0.9659258262890192,175,0.1399637811734053,-0.9901566239538284,0.156,0.947,0.864,0.814,0.977,
2023-06-24 11:15:00,2023-06-24,11,0.1950903220162705,-0.980785280403202,175,0.1397863472222149,-0.99018168894919,0.17,0.929,0.863,0.803,0.958,
2023-06-24 11:30:00,2023-06-24,11,0.130526192220151,-0.9914448613737972,175,0.1396089087823365,-0.9902067221487668,0.19,0.919,0.874,0.796,0.944,
2023-06-24 11:45:00,2023-06-24,11,0.0654031292301984,-0.9978589232386,175,0.1394314658594684,-0.9902317235517551,0.182,0.931,0.905,0.809,0.956,
2023-06-24 12:00:00,2023-06-24,12,1.0765750181038118e-14,-1.0,175,0.1392540184593079,-0.9902566931573524,0.196,0.921,0.896,0.793,0.939,
2023-06-24 12:15:00,2023-06-24,12,-0.065403129230177,-0.9978589232386011,175,0.1390765665875531,-0.9902816309647564,0.171,0.897,0.875,0.772,0.917,
2023-06-24 12:30:00,2023-06-24,12,-0.1305261922201297,-0.9914448613738002,175,0.1388991102499019,-0.9903065369731664,0.16,0.889,0.858,0.755,0.901,
2023-06-24 12:45:00,2023-06-24,12,-0.1950903220160264,-0.9807852804032507,175,0.1387216494520532,-0.9903314111817828,0.143,0.9,0.867,0.761,0.911,
2023-06-24 13:00:00,2023-06-24,13,-0.2588190451024637,-0.9659258262890836,175,0.1385441841997052,-0.9903562535898072,0.131,0.901,0.859,0.754,0.904,
2023-06-24 13:15:00,2023-06-24,13,-0.3214394653031481,-0.9469301294951102,175,0.138366714498556,-0.990381064196441,0.122,0.879,0.829,0.731,0.874,
2023-06-24 13:30:00,2023-06-24,13,-0.382683432365118,-0.9238795325112752,175,0.1381892403543052,-0.9904058430008882,0.118,0.852,0.793,0.706,0.839,
2023-06-24 13:45:00,2023-06-24,13,-0.4422886902188649,-0.8968727415327555,175,0.1380117617726513,-0.9904305900023528,0.116,0.825,0.757,0.68,0.802,
2023-06-24 14:00:00,2023-06-24,14,-0.4999999999999071,-0.8660254037844923,175,0.1378342787592933,-0.9904553052000404,0.111,0.798,0.717,0.647,0.765,
2023-06-24 14:15:00,2023-06-24,14,-0.5555702330195502,-0.83146961230258,175,0.1376567913199299,-0.9904799885931574,0.106,0.764,0.672,0.609,0.722,
2023-06-24 14:30:00,2023-06-24,14,-0.6087614290087066,-0.7933533402912459,175,0.1374792994602613,-0.9905046401809108,0.104,0.727,0.625,0.568,0.675,
2023-06-24 14:45:00,2023-06-24,14,-0.6593458151000892,-0.7518398074789596,175,0.1373018031859866,-0.9905292599625094,0.101,0.686,0.575,0.523,0.626,
2023-06-24 15:00:00,2023-06-24,15,-0.7071067811865983,-0.7071067811864967,175,0.1371243025028048,-0.9905538479371624,0.0982,0.648,0.525,0.475,0.577,
2023-06-24 15:15:00,2023-06-24,15,-0.7518398074789043,-0.6593458151001522,175,0.136946797416417,-0.9905784041040804,0.0940999999999999,0.606,0.473,0.426,0.527,
2023-06-24 15:30:00,2023-06-24,15,-0.793353340291195,-0.6087614290087731,175,0.1367692879325214,-0.9906029284624748,0.0905,0.563,0.419,0.378,0.477,
2023-06-24 15:45:00,2023-06-24,15,-0.8314696123025335,-0.5555702330196198,175,0.1365917740568193,-0.990627421011558,0.0884,0.519,0.367,0.329,0.422,
2023-06-24 16:00:00,2023-06-24,16,-0.8660254037844504,-0.4999999999999796,175,0.13641425579501,-0.990651881750544,0.0851,0.473,0.313,0.277,0.371,
2023-06-24 16:15:00,2023-06-24,16,-0.896872741532618,-0.4422886902191439,175,0.1362367331527946,-0.9906763106786466,0.0828,0.422,0.258,0.226,0.315,
2023-06-24 16:30:00,2023-06-24,16,-0.923879532511243,-0.3826834323651953,175,0.1360592061358732,-0.9907007077950818,0.0794,0.377,0.204,0.18,0.264,
2023-06-24 16:45:00,2023-06-24,16,-0.9469301294950834,-0.3214394653032274,175,0.1358816747499458,-0.990725073099066,0.0790999999999999,0.326,0.154,0.135,0.209,
2023-06-24 17:00:00,2023-06-24,17,-0.965925826289062,-0.2588190451025446,175,0.1357041390007146,-0.9907494065898172,0.077,0.278,0.111,0.0917,0.158,
2023-06-24 17:15:00,2023-06-24,17,-0.9807852804032344,-0.1950903220161086,175,0.1355265988938786,-0.9907737082665536,0.0723,0.231,0.0762,0.0664,0.113,
2023-06-24 17:30:00,2023-06-24,17,-0.9914448613738188,-0.1305261922199873,175,0.1353490544351402,-0.9907979781284948,0.0649,0.187,0.066,0.0594,0.0765,
2023-06-24 17:45:00,2023-06-24,17,-0.9978589232385958,-0.0654031292302605,175,0.1351715056302,-0.990822216174862,0.0588,0.145,0.0545,0.0511,0.0576,
2023-06-24 18:00:00,2023-06-24,18,-1.0,-7.299947190000427e-14,175,0.1349939524847589,-0.9908464224048764,0.0469,0.104,0.0426,0.0412999999999999,0.0452,
2023-06-24 18:15:00,2023-06-24,18,-0.9978589232386054,0.0654031292301149,175,0.1348163950045192,-0.9908705968177608,0.0355,0.0347,0.0289,0.0287,0.029,
2023-06-24 18:30:00,2023-06-24,18,-0.9914448613738084,0.130526192220068,175,0.1346388331951816,-0.9908947394127392,0.0236,0.0232,0.0197,0.0193999999999999,0.0192,
2023-06-24 18:45:00,2023-06-24,18,-0.9807852804032628,0.1950903220159654,175,0.134461267062449,-0.9909188501890358,0.0121999999999999,0.0121,0.0109,0.0104,0.01,
2023-06-24 19:00:00,2023-06-24,19,-0.9659258262890996,0.2588190451024036,175,0.1342836966120217,-0.990942929145877,0.00246,0.00267,0.00296,0.00271,0.00213,
2023-06-24 19:15:00,2023-06-24,19,-0.9469301294951302,0.3214394653030891,175,0.1341061218496027,-0.9909669762824892,-0.000633,-0.000454,-0.000658,-0.000302,-0.00146,
2023-06-24 19:30:00,2023-06-24,19,-0.9238795325112988,0.3826834323650604,175,0.133928542780894,-0.9909909915981004,-0.000509,-0.000319,-0.000979,-0.00078,-0.00135,
2023-06-24 19:45:00,2023-06-24,19,-0.8968727415326825,0.442288690219013,175,0.1337509594115972,-0.9910149750919394,-0.00429,-0.00398,-0.00105,-0.0014399999999999,-0.00154,
2023-06-24 20:00:00,2023-06-24,20,-0.8660254037844097,0.5000000000000501,175,0.1335733717474156,-0.991038926763236,-0.00331,-0.0030099999999999,-0.0011899999999999,-0.00138,-0.0014399999999999,
2023-06-24 20:15:00,2023-06-24,20,-0.8314696123024883,0.5555702330196876,175,0.1333957797940508,-0.9910628466112212,-0.00248,-0.0022,-0.000662,-0.000818,-0.000347,
2023-06-24 20:30:00,2023-06-24,20,-0.7933533402912839,0.6087614290086572,175,0.133218183557207,-0.9910867346351268,-0.000678,-0.000479,-0.00106,-0.000772,-0.000733,
2023-06-24 20:45:00,2023-06-24,20,-0.7518398074790006,0.6593458151000424,175,0.133040583042585,-0.9911105908341858,-0.00214,-0.00184,-0.0016699999999999,-0.0014299999999999,-0.00211,
2023-06-24 21:00:00,2023-06-24,21,-0.7071067811865408,0.7071067811865543,175,0.1328629782558892,-0.9911344152076322,-0.00246,-0.00189,-0.00152,-0.00123,-0.00232,
2023-06-24 21:15:00,2023-06-24,21,-0.659345815100199,0.7518398074788634,175,0.1326853692028221,-0.9911582077547008,-0.0016699999999999,-0.0012,-0.00103,-0.000268,-0.00188,
2023-06-24 21:30:00,2023-06-24,21,-0.6087614290088224,0.7933533402911571,175,0.1325077558890867,-0.991181968474628,-0.00299,-0.0024,-0.00126,-0.00103,-0.00207,
2023-06-24 21:45:00,2023-06-24,21,-0.5555702330196717,0.8314696123024988,175,0.132330138320387,-0.99120569736665,-0.0030299999999999,-0.0023,-0.000641,-0.000508,-0.00164,
2023-06-24 22:00:00,2023-06-24,22,-0.5000000000000335,0.8660254037844193,175,0.1321525165024262,-0.9912293944300058,-0.00239,-0.0018,-0.000696,-0.000183,-0.00173,
2023-06-24 22:15:00,2023-06-24,22,-0.4422886902189958,0.896872741532691,175,0.1319748904409079,-0.9912530596639338,-0.00263,-0.00213,-0.000796,-7.65e-05,-0.00157,
2023-06-24 22:30:00,2023-06-24,22,-0.3826834323650427,0.9238795325113062,175,0.1317972601415354,-0.9912766930676744,-0.00299,-0.00237,-0.000876,-0.000508,-0.00209,
2023-06-24 22:45:00,2023-06-24,22,-0.321439465303071,0.9469301294951364,175,0.1316196256100135,-0.9913002946404686,-0.00244,-0.00189,-0.000641,-9.56e-05,-0.00125,
2023-06-24 23:00:00,2023-06-24,23,-0.2588190451026048,0.9659258262890458,175,0.1314419868520457,-0.9913238643815584,-0.00244,-0.002,-0.000996,-0.000799,-0.00215,
2023-06-24 23:15:00,2023-06-24,23,-0.1950903220161696,0.9807852804032222,175,0.1312643438733358,-0.9913474022901874,-0.00239,-0.00196,-0.000955,-0.000734,-0.00195,
2023-06-24 23:30:00,2023-06-24,23,-0.130526192220049,0.9914448613738108,175,0.131086696679589,-0.9913709083655992,-0.00277,-0.0023599999999999,-0.000917,-0.001,-0.0020299999999999,
2023-06-24 23:45:00,2023-06-24,23,-0.0654031292303227,0.9978589232385916,175,0.1309090452765093,-0.9913943826070394,-0.0025099999999999,-0.0020099999999999,-0.00081,-0.000787,-0.0018,
2023-06-25 00:00:00,2023-06-25,0,-1.352331936189704e-13,1.0,176,0.1307313896698013,-0.991417825013754,-0.00227,-0.00181,-0.000814,-0.000657,-0.00175,
2023-06-25 00:15:00,2023-06-25,0,0.0654031292300528,0.9978589232386096,176,0.1305537298651692,-0.9914412355849904,-0.00239,-0.00186,-0.000676,-0.00055,-0.0017,
2023-06-25 00:30:00,2023-06-25,0,0.1305261922200063,0.9914448613738164,176,0.1303760658683187,-0.9914646143199968,-0.0031,-0.00252,-0.00071,-0.000615,-0.0017,
2023-06-25 00:45:00,2023-06-25,0,0.1950903220161274,0.9807852804032308,176,0.1301983976849544,-0.9914879612180224,-0.00232,-0.00158,-0.000355,-2.68e-05,-0.0014,
2023-06-25 01:00:00,2023-06-25,1,0.2588190451025631,0.9659258262890568,176,0.130020725320781,-0.9915112762783176,-0.0024,-0.0017,-0.000741,-0.000405,-0.00181,
2023-06-25 01:15:00,2023-06-25,1,0.3214394653032455,0.9469301294950772,176,0.1298430487815046,-0.9915345595001336,-0.00296,-0.0024,-0.000955,-0.000619,-0.00217,
2023-06-25 01:30:00,2023-06-25,1,0.3826834323650029,0.9238795325113228,176,0.1296653680728301,-0.9915578108827228,-0.00225,-0.00174,-0.000851,-0.000657,-0.00204,
2023-06-25 01:45:00,2023-06-25,1,0.4422886902189571,0.89687274153271,176,0.1294876832004631,-0.9915810304253388,-0.00247,-0.0019199999999999,-0.00082,-0.000619,-0.0020099999999999,
2023-06-25 02:00:00,2023-06-25,2,0.4999999999999961,0.8660254037844408,176,0.1293099941701087,-0.9916042181272356,-0.00244,-0.002,-0.000745,-0.000696,-0.00196,
2023-06-25 02:15:00,2023-06-25,2,0.5555702330194467,0.8314696123026492,176,0.1291323009874741,-0.991627373987669,-0.0024,-0.00186,-0.000596,-0.000352,-0.00145,
2023-06-25 02:30:00,2023-06-25,2,0.6087614290086079,0.7933533402913218,176,0.1289546036582634,-0.9916504980058952,-0.00224,-0.00171,-0.00061,-0.000291,-0.0016699999999999,
2023-06-25 02:45:00,2023-06-25,2,0.6593458150999956,0.7518398074790417,176,0.1287769021881836,-0.991673590181172,-0.00247,-0.0020499999999999,-0.00071,-0.000516,-0.0017,
2023-06-25 03:00:00,2023-06-25,3,0.7071067811865103,0.7071067811865848,176,0.1285991965829413,-0.9916966505127572,-0.0017,-0.00101,-0.000517,8.41e-05,-0.00126,
2023-06-25 03:15:00,2023-06-25,3,0.7518398074789722,0.6593458151000748,176,0.1284214868482423,-0.9917196789999112,-0.0035499999999999,-0.003,-0.000527,-0.000665,-0.00149,
2023-06-25 03:30:00,2023-06-25,3,0.7933533402912576,0.6087614290086913,176,0.1282437729897931,-0.9917426756418936,-0.00183,-0.0014,-0.000283,-0.00018,-0.00134,
2023-06-25 03:45:00,2023-06-25,3,0.8314696123025906,0.5555702330195343,176,0.1280660550132998,-0.9917656404379668,0.000988,0.0013,0.00228,0.00234,0.0013,
2023-06-25 04:00:00,2023-06-25,4,0.8660254037843882,0.5000000000000874,176,0.1278883329244705,-0.9917885733873928,0.00725,0.00741,0.0079,0.00766,0.00701,
2023-06-25 04:15:00,2023-06-25,4,0.8968727415326635,0.4422886902190516,176,0.1277106067290103,-0.9918114744894354,0.0143,0.0143,0.0157,0.015,0.0148,
2023-06-25 04:30:00,2023-06-25,4,0.9238795325112824,0.3826834323651003,176,0.127532876432627,-0.9918343437433592,0.0225,0.0224,0.023,0.0225,0.0224,
2023-06-25 04:45:00,2023-06-25,4,0.9469301294950432,0.3214394653033453,176,0.1273551420410286,-0.99185718114843,0.0291,0.029,0.0298,0.0287,0.0291,
2023-06-25 05:00:00,2023-06-25,5,0.9659258262890296,0.2588190451026649,176,0.1271774035599205,-0.9918799867039142,0.0364,0.134,0.0402999999999999,0.0428,0.0421,
2023-06-25 05:15:00,2023-06-25,5,0.98078528040321,0.1950903220162307,176,0.1269996609950116,-0.9919027604090797,0.0401,0.181,0.0559,0.0498,0.0439,
2023-06-25 05:30:00,2023-06-25,5,0.9914448613738026,0.1305261922201107,176,0.1268219143520083,-0.9919255022631952,0.0432,0.224,0.0696,0.054,0.0481,
2023-06-25 05:45:00,2023-06-25,5,0.9978589232386024,0.0654031292301579,176,0.1266441636366197,-0.99194821226553,0.0484,0.272,0.111,0.0581,0.139,
2023-06-25 06:00:00,2023-06-25,6,1.0,-2.990676010529554e-14,176,0.1264664088545517,-0.9919708904153556,0.0495,0.317,0.156,0.0594,0.189,
2023-06-25 06:15:00,2023-06-25,6,0.9978589232385986,-0.0654031292302175,176,0.1262886500115132,-0.9919935367119432,0.0523,0.362,0.205,0.0841,0.243,
2023-06-25 06:30:00,2023-06-25,6,0.9914448613738244,-0.1305261922199446,176,0.126110887113213,-0.992016151154566,0.0533,0.408,0.257,0.13,0.297,
2023-06-25 06:45:00,2023-06-25,6,0.9807852804032428,-0.1950903220160663,176,0.1259331201653575,-0.9920387337424974,0.0573,0.457,0.31,0.178,0.351,
2023-06-25 07:00:00,2023-06-25,7,0.9659258262890732,-0.258819045102503,176,0.1257553491736564,-0.9920612844750124,0.0581,0.504,0.364,0.226,0.405,
2023-06-25 07:15:00,2023-06-25,7,0.9469301294950973,-0.3214394653031865,176,0.1255775741438171,-0.9920838033513872,0.0608,0.551,0.419,0.279,0.459,
2023-06-25 07:30:00,2023-06-25,7,0.9238795325113466,-0.3826834323649454,176,0.1253997950815495,-0.9921062903708984,0.0645999999999999,0.598,0.473,0.332,0.513,
2023-06-25 07:45:00,2023-06-25,7,0.8968727415327375,-0.4422886902189014,176,0.1252220119925607,-0.992128745532824,0.0660999999999999,0.639,0.526,0.383,0.565,
2023-06-25 08:00:00,2023-06-25,8,0.866025403784472,-0.4999999999999423,176,0.1250442248825601,-0.9921511688364428,0.0679,0.68,0.576,0.431,0.615,
2023-06-25 08:15:00,2023-06-25,8,0.8314696123025573,-0.5555702330195841,176,0.1248664337572577,-0.9921735602810348,0.0704,0.719,0.626,0.48,0.662,
2023-06-25 08:30:00,2023-06-25,8,0.7933533402912212,-0.6087614290087389,176,0.1246886386223607,-0.9921959198658812,0.0733,0.755,0.672,0.525,0.709,
2023-06-25 08:45:00,2023-06-25,8,0.7518398074789328,-0.6593458151001198,176,0.1245108394835797,-0.992218247590264,0.0755,0.791,0.717,0.569,0.752,
2023-06-25 09:00:00,2023-06-25,9,0.7071067811866287,-0.7071067811864663,176,0.1243330363466235,-0.9922405434534658,0.0797,0.821,0.757,0.609,0.791,
2023-06-25 09:15:00,2023-06-25,9,0.6593458151001216,-0.7518398074789312,176,0.1241552292172016,-0.9922628074547712,0.0803,0.849,0.795,0.647,0.829,
2023-06-25 09:30:00,2023-06-25,9,0.6087614290087408,-0.7933533402912197,176,0.1239774181010231,-0.9922850395934648,0.082,0.873,0.826,0.681,0.862,
2023-06-25 09:45:00,2023-06-25,9,0.5555702330195861,-0.831469612302556,176,0.1237996030037982,-0.9923072398688332,0.0845,0.894,0.847,0.713,0.893,
2023-06-25 10:00:00,2023-06-25,10,0.5000000000001413,-0.8660254037843571,176,0.1236217839312375,-0.992329408280163,0.0862,0.911,0.848,0.74,0.917,
2023-06-25 10:15:00,2023-06-25,10,0.4422886902191074,-0.896872741532636,176,0.1234439608890493,-0.9923515448267428,0.0901,0.923,0.838,0.763,0.936,
2023-06-25 10:30:00,2023-06-25,10,0.3826834323651578,-0.9238795325112584,176,0.123266133882945,-0.9923736495078614,0.0872,0.941,0.84,0.788,0.961,
2023-06-25 10:45:00,2023-06-25,10,0.3214394653031889,-0.9469301294950964,176,0.1230883029186344,-0.9923957223228094,0.0892999999999999,0.949,0.846,0.803,0.973,
2023-06-25 11:00:00,2023-06-25,11,0.2588190451025053,-0.9659258262890724,176,0.1229104680018277,-0.9924177632708776,0.0887,0.955,0.862,0.815,0.981,
2023-06-25 11:15:00,2023-06-25,11,0.1950903220160687,-0.9807852804032424,176,0.1227326291382351,-0.9924397723513586,0.0906,0.961,0.884,0.825,0.987,
2023-06-25 11:30:00,2023-06-25,11,0.130526192219947,-0.991444861373824,176,0.1225547863335675,-0.9924617495635456,0.091,0.961,0.908,0.828,0.986,
2023-06-25 11:45:00,2023-06-25,11,0.06540312923022,-0.9978589232385984,176,0.1223769395935366,-0.9924836949067324,0.0930999999999999,0.958,0.924,0.824,0.979,
2023-06-25 12:00:00,2023-06-25,12,3.232696161367059e-14,-1.0,176,0.1221990889238514,-0.992505608380215,0.0991,0.951,0.921,0.813,0.966,
2023-06-25 12:15:00,2023-06-25,12,-0.0654031292301555,-0.9978589232386028,176,0.1220212343302243,-0.9925274899832892,0.125,0.967,0.925,0.814,0.972,
2023-06-25 12:30:00,2023-06-25,12,-0.1305261922198829,-0.9914448613738326,176,0.1218433758183658,-0.9925493397152528,0.166,0.951,0.899,0.79,0.947,
2023-06-25 12:45:00,2023-06-25,12,-0.1950903220160053,-0.9807852804032549,176,0.1216655133939873,-0.992571157575404,0.175,0.852,0.806,0.709,0.849,
2023-06-25 13:00:00,2023-06-25,13,-0.2588190451024429,-0.9659258262890892,176,0.1214876470627996,-0.9925929435630422,0.137,0.918,0.864,0.76,0.913,
2023-06-25 13:15:00,2023-06-25,13,-0.3214394653031276,-0.9469301294951172,176,0.1213097768305152,-0.9926146976774676,0.124,0.901,0.839,0.739,0.888,
2023-06-25 13:30:00,2023-06-25,13,-0.382683432365098,-0.9238795325112832,176,0.121131902702845,-0.992636419917982,0.107,0.858,0.79,0.702,0.84,
2023-06-25 13:45:00,2023-06-25,13,-0.4422886902190495,-0.8968727415326645,176,0.1209540246855005,-0.9926581102838878,0.125,0.817,0.737,0.658,0.786,
2023-06-25 14:00:00,2023-06-25,14,-0.5000000000000853,-0.8660254037843894,176,0.1207761427841944,-0.9926797687744884,0.105,0.799,0.717,0.644,0.766,
2023-06-25 14:15:00,2023-06-25,14,-0.5555702330195323,-0.831469612302592,176,0.1205982570046382,-0.9927013953890884,0.0923,0.763,0.67,0.604,0.72,
2023-06-25 14:30:00,2023-06-25,14,-0.6087614290086895,-0.7933533402912591,176,0.120420367352544,-0.9927229901269932,0.0892999999999999,0.725,0.621,0.561,0.671,
2023-06-25 14:45:00,2023-06-25,14,-0.659345815100073,-0.7518398074789738,176,0.1202424738336235,-0.9927445529875096,0.0864,0.694,0.577,0.521,0.628,
2023-06-25 15:00:00,2023-06-25,15,-0.7071067811864222,-0.7071067811866728,176,0.1200645764535902,-0.992766083969945,0.0804,0.653,0.526,0.473,0.578,
2023-06-25 15:15:00,2023-06-25,15,-0.7518398074788901,-0.6593458151001684,176,0.1198866752181558,-0.992787583073608,0.0775,0.614,0.477,0.427,0.53,
2023-06-25 15:30:00,2023-06-25,15,-0.7933533402911819,-0.6087614290087902,176,0.1197087701330327,-0.9928090502978086,0.0741,0.568,0.421,0.377,0.479,
2023-06-25 15:45:00,2023-06-25,15,-0.8314696123025215,-0.5555702330196378,176,0.1195308612039349,-0.992830485641857,0.0718,0.523,0.367,0.327,0.424,
2023-06-25 16:00:00,2023-06-25,16,-0.8660254037844396,-0.4999999999999983,176,0.1193529484365733,-0.9928518891050652,0.0684,0.477,0.314,0.277,0.373,
2023-06-25 16:15:00,2023-06-25,16,-0.896872741532709,-0.4422886902189593,176,0.1191750318366624,-0.9928732606867458,0.0683,0.43,0.258,0.225,0.317,
2023-06-25 16:30:00,2023-06-25,16,-0.9238795325113218,-0.3826834323650052,176,0.1189971114099144,-0.9928946003862124,0.0655,0.381,0.202,0.177,0.263,
2023-06-25 16:45:00,2023-06-25,16,-0.9469301294950764,-0.3214394653032478,176,0.1188191871620433,-0.99291590820278,0.0639,0.335,0.153,0.133,0.21,
2023-06-25 17:00:00,2023-06-25,17,-0.9659258262890564,-0.2588190451025655,176,0.118641259098762,-0.9929371841357642,0.0608,0.288,0.109,0.088,0.158,
2023-06-25 17:15:00,2023-06-25,17,-0.9807852804032302,-0.1950903220161297,176,0.1184633272257836,-0.992958428184482,0.0567999999999999,0.239,0.0714,0.0607,0.111,
2023-06-25 17:30:00,2023-06-25,17,-0.9914448613737864,-0.1305261922202341,176,0.1182853915488229,-0.9929796403482508,0.0521,0.193,0.0621,0.0546,0.0731,
2023-06-25 17:45:00,2023-06-25,17,-0.9978589232385944,-0.0654031292302821,176,0.1181074520735919,-0.99300082062639,0.0457,0.149,0.0508,0.0467,0.0526,
2023-06-25 18:00:00,2023-06-25,18,-1.0,-9.456068333263673e-14,176,0.1179295088058057,-0.9930219690182194,0.0385,0.108,0.0401,0.0382999999999999,0.0412999999999999,
2023-06-25 18:15:00,2023-06-25,18,-0.9978589232386068,0.0654031292300934,176,0.1177515617511775,-0.9930430855230596,0.0308999999999999,0.0306999999999999,0.028,0.0268,0.0271,
2023-06-25 18:30:00,2023-06-25,18,-0.991444861373811,0.1305261922200466,176,0.1175736109154221,-0.9930641701402326,0.0208,0.0208,0.0193,0.0184,0.0186999999999999,
2023-06-25 18:45:00,2023-06-25,18,-0.9807852804032228,0.1950903220161672,176,0.1173956563042533,-0.9930852228690616,0.011,0.0113,0.0109,0.0104,0.0101,
2023-06-25 19:00:00,2023-06-25,19,-0.9659258262890464,0.2588190451026024,176,0.117217697923385,-0.9931062437088702,0.00268,0.00289,0.00347,0.00341,0.00259,
2023-06-25 19:15:00,2023-06-25,19,-0.9469301294951372,0.3214394653030687,176,0.1170397357785329,-0.9931272326589836,-0.00225,-0.00162,-0.000431,-0.000313,-0.0015,
2023-06-25 19:30:00,2023-06-25,19,-0.9238795325113072,0.3826834323650405,176,0.1168617698754098,-0.993148189718728,-0.00343,-0.00252,-0.00114,-0.000986,-0.00254,
2023-06-25 19:45:00,2023-06-25,19,-0.896872741532692,0.4422886902189936,176,0.1166838002197318,-0.9931691148874304,-0.00292,-0.00188,-0.000707,-0.000382,-0.00184,
2023-06-25 20:00:00,2023-06-25,20,-0.8660254037845342,0.4999999999998345,176,0.1165058268172131,-0.9931900081644184,-0.00331,-0.00237,-0.00108,-0.000837,-0.00241,
2023-06-25 20:15:00,2023-06-25,20,-0.8314696123026265,0.5555702330194806,176,0.1163278496735683,-0.9932108695490216,-0.00277,-0.00189,-0.00108,-0.000684,-0.00197,
2023-06-25 20:30:00,2023-06-25,20,-0.793353340291297,0.60876142900864,176,0.1161498687945132,-0.99323169904057,-0.00297,-0.00209,-0.000938,-0.000508,-0.00186,
2023-06-25 20:45:00,2023-06-25,20,-0.7518398074790148,0.6593458151000262,176,0.1159718841857622,-0.9932524966383948,-0.00319,-0.00229,-0.00121,-0.000795,-0.00233,
2023-06-25 21:00:00,2023-06-25,21,-0.707106781186556,0.707106781186539,176,0.1157938958530317,-0.9932732623418276,-0.00364,-0.00266,-0.00141,-0.00106,-0.0023799999999999,
2023-06-25 21:15:00,2023-06-25,21,-0.6593458151000442,0.751839807478999,176,0.1156159038020356,-0.9932939961502024,-0.0036,-0.00265,-0.00125,-0.00102,-0.0025499999999999,
2023-06-25 21:30:00,2023-06-25,21,-0.6087614290086591,0.7933533402912823,176,0.1154379080384905,-0.9933146980628532,-0.00339,-0.0024,-0.0011799999999999,-0.000898,-0.00252,
2023-06-25 21:45:00,2023-06-25,21,-0.5555702330196896,0.8314696123024868,176,0.1152599085681118,-0.9933353680791148,-0.0032,-0.00208,-0.000924,-0.000612,-0.00199,
2023-06-25 22:00:00,2023-06-25,22,-0.5000000000000522,0.8660254037844085,176,0.1150819053966146,-0.993356006198324,-0.00313,-0.0019,-0.000986,-0.000562,-0.00257,
2023-06-25 22:15:00,2023-06-25,22,-0.4422886902190152,0.8968727415326815,176,0.1149038985297158,-0.9933766124198176,-0.00469,-0.00379,-0.000979,-0.00131,-0.00277,
2023-06-25 22:30:00,2023-06-25,22,-0.3826834323650627,0.923879532511298,176,0.1147258879731305,-0.9933971867429344,-0.00449,-0.0034,-0.00105,-0.00104,-0.00242,
2023-06-25 22:45:00,2023-06-25,22,-0.3214394653033067,0.9469301294950564,176,0.114547873732576,-0.9934177291670137,-0.00452,-0.0035099999999999,-0.0011799999999999,-0.00122,-0.00279,
2023-06-25 23:00:00,2023-06-25,23,-0.2588190451026256,0.9659258262890402,176,0.1143698558137669,-0.9934382396913952,-0.00431,-0.0038,-0.00266,-0.0025099999999999,-0.00457,
2023-06-25 23:15:00,2023-06-25,23,-0.1950903220161907,0.980785280403218,176,0.1141918342224209,-0.9934587183154212,-0.00373,-0.00361,-0.00177,-0.0022299999999999,-0.00335,
2023-06-25 23:30:00,2023-06-25,23,-0.1305261922200704,0.991444861373808,176,0.1140138089642538,-0.9934791650384334,-0.0023,-0.00212,-0.00109,-0.00114,-0.00231,
2023-06-25 23:45:00,2023-06-25,23,-0.0654031292301173,0.9978589232386053,176,0.113835780044982,-0.9934995798597756,-0.00429,-0.00401,-0.000982,-0.0017,-0.00215,
2023-06-26 00:00:00,2023-06-26,0,7.057927039162921e-14,1.0,177,0.1136577474703229,-0.993519962778792,-0.00222,-0.00165,-0.000807,-0.0006,-0.0019,
2023-06-26 00:15:00,2023-06-26,0,0.0654031292300312,0.9978589232386108,177,0.1134797112459929,-0.9935403137948284,-0.000232,0.000521,-0.000651,0.000375,-0.0017,
2023-06-26 00:30:00,2023-06-26,0,0.1305261922199849,0.9914448613738192,177,0.113301671377709,-0.9935606329072312,-0.00242,-0.00188,-0.000841,-0.000619,-0.00196,
2023-06-26 00:45:00,2023-06-26,0,0.1950903220161062,0.9807852804032348,177,0.1131236278711878,-0.9935809201153476,-0.0028799999999999,-0.00213,-0.000503,-0.000516,-0.00133,
2023-06-26 01:00:00,2023-06-26,1,0.2588190451025423,0.9659258262890624,177,0.1129455807321473,-0.9936011754185268,-0.00304,-0.00237,-0.00072,-0.000612,-0.00184,
2023-06-26 01:15:00,2023-06-26,1,0.3214394653030098,0.9469301294951572,177,0.1127675299663044,-0.9936213988161178,-0.00471,-0.00403,-0.000972,-0.00152,-0.00191,
2023-06-26 01:30:00,2023-06-26,1,0.382683432364983,0.9238795325113308,177,0.112589475579376,-0.9936415903074716,-0.00242,-0.00173,-0.000417,-0.000283,-0.00157,
2023-06-26 01:45:00,2023-06-26,1,0.4422886902189378,0.8968727415327196,177,0.1124114175770805,-0.9936617498919394,-0.00245,-0.00171,-0.000417,-0.00026,-0.00156,
2023-06-26 02:00:00,2023-06-26,2,0.4999999999999775,0.8660254037844516,177,0.1122333559651352,-0.9936818775688744,-0.00248,-0.0018,-0.000627,-0.00042,-0.00173,
2023-06-26 02:15:00,2023-06-26,2,0.5555702330196178,0.8314696123025348,177,0.1120552907492576,-0.9937019733376296,-0.00237,-0.0016799999999999,-0.000703,-0.000447,-0.00183,
2023-06-26 02:30:00,2023-06-26,2,0.6087614290087711,0.7933533402911964,177,0.1118772219351654,-0.9937220371975604,-0.00243,-0.00189,-0.000772,-0.000573,-0.00183,
2023-06-26 02:45:00,2023-06-26,2,0.6593458151001503,0.7518398074789059,177,0.1116991495285773,-0.9937420691480222,-0.00259,-0.00191,-0.000789,-0.000451,-0.00177,
2023-06-26 03:00:00,2023-06-26,3,0.7071067811864951,0.7071067811866,177,0.111521073535211,-0.9937620691883716,-0.0028,-0.00217,-0.000769,-0.000726,-0.0019199999999999,
2023-06-26 03:15:00,2023-06-26,3,0.751839807478958,0.659345815100091,177,0.1113429939607842,-0.9937820373179668,-0.00246,-0.00187,-0.000586,-0.000463,-0.00163,
2023-06-26 03:30:00,2023-06-26,3,0.7933533402912445,0.6087614290087084,177,0.1111649108110163,-0.9938019735361662,-0.00176,-0.0012,-0.000138,-7.259999999999999e-05,-0.00126,
2023-06-26 03:45:00,2023-06-26,3,0.8314696123024523,0.5555702330197413,177,0.1109868240916251,-0.9938218778423298,-5.38e-05,0.000238,0.00188,0.00141,0.000733,
2023-06-26 04:00:00,2023-06-26,4,0.8660254037843774,0.500000000000106,177,0.1108087338083292,-0.9938417502358184,0.0076,0.0079,0.0081999999999999,0.0079,0.00751,
2023-06-26 04:15:00,2023-06-26,4,0.896872741532654,0.4422886902190709,177,0.1106306399668468,-0.993861590715994,0.0163,0.0163999999999999,0.0165,0.0156,0.0158,
2023-06-26 04:30:00,2023-06-26,4,0.9238795325112742,0.3826834323651202,177,0.1104525425728977,-0.9938813992822192,0.0261999999999999,0.0261999999999999,0.0249,0.0236,0.0245,
2023-06-26 04:45:00,2023-06-26,4,0.9469301294951096,0.3214394653031504,177,0.1102744416322002,-0.9939011759338584,0.035,0.035,0.0326,0.031,0.0326,
2023-06-26 05:00:00,2023-06-26,5,0.965925826289083,0.258819045102466,177,0.110096337150473,-0.9939209206702762,0.0425,0.126,0.0424,0.0437,0.0443,
2023-06-26 05:15:00,2023-06-26,5,0.9807852804032502,0.1950903220160288,177,0.109918229133436,-0.9939406334908386,0.0472,0.172,0.0583,0.0514,0.0485,
2023-06-26 05:30:00,2023-06-26,5,0.9914448613737998,0.1305261922201321,177,0.109740117586808,-0.9939603143949126,0.0528999999999999,0.213,0.0727,0.0571,0.0542999999999999,
2023-06-26 05:45:00,2023-06-26,5,0.9978589232386011,0.0654031292301794,177,0.1095620025163084,-0.9939799633818664,0.0581,0.258,0.112,0.0617,0.138,
2023-06-26 06:00:00,2023-06-26,6,1.0,-8.345548672663064e-15,177,0.1093838839276562,-0.993999580451069,0.0631,0.305,0.156,0.0664,0.186,
2023-06-26 06:15:00,2023-06-26,6,0.9978589232386148,-0.0654031292299691,177,0.1092057618265719,-0.9940191656018902,0.0679,0.353,0.205,0.0916,0.24,
2023-06-26 06:30:00,2023-06-26,6,0.9914448613738271,-0.1305261922199232,177,0.1090276362187748,-0.9940387188337014,0.0699,0.4,0.256,0.136,0.293,
2023-06-26 06:45:00,2023-06-26,6,0.980785280403247,-0.1950903220160452,177,0.1088495071099841,-0.9940582401458748,0.0736,0.445,0.307,0.181,0.345,
2023-06-26 07:00:00,2023-06-26,7,0.9659258262890786,-0.2588190451024822,177,0.1086713745059211,-0.9940777295377832,0.0779,0.489,0.358,0.228,0.397,
2023-06-26 07:15:00,2023-06-26,7,0.946930129495104,-0.3214394653031662,177,0.1084932384123041,-0.9940971870088008,0.0815,0.537,0.413,0.279,0.451,
2023-06-26 07:30:00,2023-06-26,7,0.9238795325112678,-0.3826834323651356,177,0.1083150988348545,-0.9941166125583032,0.0856,0.582,0.467,0.332,0.504,
2023-06-26 07:45:00,2023-06-26,7,0.8968727415326465,-0.4422886902190859,177,0.1081369557792917,-0.9941360061856664,0.0889,0.625,0.52,0.382,0.556,
2023-06-26 08:00:00,2023-06-26,8,0.8660254037844828,-0.4999999999999236,177,0.107958809251337,-0.9941553678902676,0.0912999999999999,0.667,0.572,0.432,0.608,
2023-06-26 08:15:00,2023-06-26,8,0.8314696123025693,-0.5555702330195661,177,0.1077806592567104,-0.9941746976714853,0.0942,0.706,0.62,0.479,0.656,
2023-06-26 08:30:00,2023-06-26,8,0.7933533402912344,-0.6087614290087218,177,0.107602505801132,-0.9941939955286982,0.097,0.743,0.666,0.524,0.701,
2023-06-26 08:45:00,2023-06-26,8,0.7518398074790968,-0.6593458150999326,177,0.1074243488903239,-0.9942132614612872,0.0988,0.779,0.709,0.566,0.744,
2023-06-26 09:00:00,2023-06-26,9,0.707106781186644,-0.707106781186451,177,0.1072461885300051,-0.9942324954686336,0.101,0.81,0.749,0.606,0.784,
2023-06-26 09:15:00,2023-06-26,9,0.6593458151001378,-0.751839807478917,177,0.1070680247258978,-0.9942516975501196,0.104,0.836,0.785,0.641,0.82,
2023-06-26 09:30:00,2023-06-26,9,0.6087614290087578,-0.7933533402912066,177,0.1068898574837222,-0.9942708677051288,0.106,0.861,0.817,0.676,0.853,
2023-06-26 09:45:00,2023-06-26,9,0.555570233019604,-0.831469612302544,177,0.1067116868092003,-0.9942900059330452,0.107,0.882,0.838,0.706,0.882,
2023-06-26 10:00:00,2023-06-26,10,0.4999999999999631,-0.86602540378446,177,0.1065335127080529,-0.9943091122332548,0.107,0.901,0.842,0.735,0.91,
2023-06-26 10:15:00,2023-06-26,10,0.4422886902189228,-0.896872741532727,177,0.1063553351860009,-0.9943281866051435,0.108,0.918,0.837,0.761,0.933,
2023-06-26 10:30:00,2023-06-26,10,0.3826834323651777,-0.9238795325112504,177,0.1061771542487672,-0.9943472290480996,0.108,0.93,0.834,0.78,0.951,
2023-06-26 10:45:00,2023-06-26,10,0.3214394653032093,-0.9469301294950896,177,0.1059989699020714,-0.9943662395615108,0.11,0.939,0.841,0.797,0.964,
2023-06-26 11:00:00,2023-06-26,11,0.2588190451025262,-0.9659258262890668,177,0.1058207821516368,-0.994385218144767,0.11,0.945,0.857,0.809,0.973,
2023-06-26 11:15:00,2023-06-26,11,0.1950903220163128,-0.9807852804031936,177,0.1056425910031845,-0.9944041647972588,0.114,0.948,0.876,0.816,0.975,
2023-06-26 11:30:00,2023-06-26,11,0.1305261922201938,-0.9914448613737916,177,0.1054643964624362,-0.9944230795183778,0.115,0.948,0.899,0.819,0.973,
2023-06-26 11:45:00,2023-06-26,11,0.0654031292302415,-0.997858923238597,177,0.1052861985351145,-0.9944419623075168,0.113,0.946,0.916,0.818,0.969,
2023-06-26 12:00:00,2023-06-26,12,5.3888173046303073e-14,-1.0,177,0.105107997226941,-0.994460813164069,0.112,0.941,0.916,0.809,0.96,
2023-06-26 12:15:00,2023-06-26,12,-0.0654031292301339,-0.997858923238604,177,0.1049297925436389,-0.9944796320874294,0.111,0.935,0.906,0.797,0.949,
2023-06-26 12:30:00,2023-06-26,12,-0.1305261922200869,-0.9914448613738056,177,0.104751584490929,-0.9944984190769935,0.111,0.923,0.89,0.781,0.934,
2023-06-26 12:45:00,2023-06-26,12,-0.1950903220162071,-0.9807852804032148,177,0.1045733730745351,-0.9945171741321585,0.111,0.908,0.869,0.763,0.915,
2023-06-26 13:00:00,2023-06-26,13,-0.2588190451024221,-0.9659258262890948,177,0.1043951583001792,-0.9945358972523216,0.111,0.892,0.848,0.744,0.895,
2023-06-26 13:15:00,2023-06-26,13,-0.3214394653031072,-0.946930129495124,177,0.1042169401735835,-0.994554588436882,0.112,0.872,0.822,0.724,0.868,
2023-06-26 13:30:00,2023-06-26,13,-0.3826834323650781,-0.9238795325112916,177,0.1040387187004717,-0.9945732476852392,0.111,0.847,0.787,0.699,0.834,
2023-06-26 13:45:00,2023-06-26,13,-0.4422886902190301,-0.896872741532674,177,0.1038604938865659,-0.994591874996794,0.107,0.819,0.75,0.673,0.796,
2023-06-26 14:00:00,2023-06-26,14,-0.4999999999998697,-0.8660254037845139,177,0.1036822657375903,-0.9946104703709486,0.103,0.793,0.711,0.641,0.761,
2023-06-26 14:15:00,2023-06-26,14,-0.5555702330195144,-0.831469612302604,177,0.1035040342592662,-0.9946290338071055,0.101,0.76,0.669,0.605,0.717,
2023-06-26 14:30:00,2023-06-26,14,-0.6087614290086724,-0.7933533402912722,177,0.1033257994573182,-0.9946475653046692,0.0998,0.722,0.621,0.564,0.67,
2023-06-26 14:45:00,2023-06-26,14,-0.6593458151000567,-0.751839807478988,177,0.1031475613374692,-0.994666064863044,0.1,0.681,0.57,0.517,0.62,
2023-06-26 15:00:00,2023-06-26,15,-0.7071067811865678,-0.7071067811865273,177,0.1029693199054421,-0.994684532481636,0.0992,0.641,0.522,0.472,0.57,
2023-06-26 15:15:00,2023-06-26,15,-0.7518398074790258,-0.6593458151000137,177,0.1027910751669613,-0.9947029681598524,0.0998,0.598,0.47,0.424,0.52,
2023-06-26 15:30:00,2023-06-26,15,-0.7933533402911688,-0.6087614290088073,177,0.10261282712775,-0.9947213718971007,0.0999,0.553,0.416,0.375,0.471,
2023-06-26 15:45:00,2023-06-26,15,-0.8314696123025095,-0.5555702330196557,177,0.102434575793532,-0.9947397436927908,0.0992,0.508,0.363,0.326,0.416,
2023-06-26 16:00:00,2023-06-26,16,-0.8660254037844288,-0.500000000000017,177,0.1022563211700307,-0.994758083546332,0.0977,0.458,0.31,0.276,0.363,
2023-06-26 16:15:00,2023-06-26,16,-0.8968727415326995,-0.4422886902189787,177,0.1020780632629707,-0.994776391457136,0.0970999999999999,0.413,0.259,0.229,0.313,
2023-06-26 16:30:00,2023-06-26,16,-0.9238795325112266,-0.3826834323652352,177,0.1018998020780759,-0.9947946674246144,0.143,0.288,0.186,0.169,0.222,
2023-06-26 16:45:00,2023-06-26,16,-0.9469301294950696,-0.3214394653032682,177,0.1017215376210699,-0.9948129114481804,0.176,0.205,0.141,0.128,0.158,
2023-06-26 17:00:00,2023-06-26,17,-0.9659258262890508,-0.2588190451025863,177,0.1015432698976778,-0.9948311235272485,0.15,0.146,0.124,0.112,0.13,
2023-06-26 17:15:00,2023-06-26,17,-0.980785280403226,-0.1950903220161509,177,0.1013649989136235,-0.9948493036612336,0.177,0.242,0.136,0.12,0.163,
2023-06-26 17:30:00,2023-06-26,17,-0.9914448613738132,-0.1305261922200301,177,0.1011867246746317,-0.9948674518495518,0.11,0.107,0.0823,0.0734,0.0875,
2023-06-26 17:45:00,2023-06-26,17,-0.9978589232386078,-0.0654031292300767,177,0.1010084471864262,-0.9948855680916208,0.0849,0.0838,0.065,0.0594,0.0683,
2023-06-26 18:00:00,2023-06-26,18,-1.0,-1.161218947652692e-13,177,0.1008301664547333,-0.9949036523868584,0.0528,0.0554,0.0439,0.0402999999999999,0.0453,
2023-06-26 18:15:00,2023-06-26,18,-0.997858923238608,0.0654031292300718,177,0.1006518824852758,-0.9949217047346842,0.0392,0.0385,0.0325,0.0296,0.0332999999999999,
2023-06-26 18:30:00,2023-06-26,18,-0.9914448613738138,0.1305261922200252,177,0.1004735952837796,-0.9949397251345186,0.0215,0.0211,0.0182,0.0166,0.0182,
2023-06-26 18:45:00,2023-06-26,18,-0.9807852804032268,0.1950903220161461,177,0.1002953048559701,-0.9949577135857826,0.0106,0.0106,0.00805,0.00717,0.00777,
2023-06-26 19:00:00,2023-06-26,19,-0.9659258262891108,0.258819045102362,177,0.1001170112075719,-0.9949756700878988,0.00278,0.00281,0.00259,0.00226,0.00235,
2023-06-26 19:15:00,2023-06-26,19,-0.946930129495144,0.3214394653030483,177,0.0999387143443103,-0.9949935946402904,-3.72e-05,0.000121,0.00029,0.000252,4.28e-05,
2023-06-26 19:30:00,2023-06-26,19,-0.9238795325113154,0.3826834323650206,177,0.09976041427191,-0.995011487242382,-0.0005,-0.000443,0.000107,9.94e-05,-3e-05,
2023-06-26 19:45:00,2023-06-26,19,-0.8968727415327016,0.4422886902189743,177,0.0995821109960979,-0.995029347893599,-0.000145,-7.45e-05,0.000228,0.000245,0.000184,
2023-06-26 20:00:00,2023-06-26,20,-0.8660254037844313,0.5000000000000128,177,0.0994038045225977,-0.995047176593368,-0.000356,-0.000312,5.52e-05,8.790000000000001e-05,-6.429999999999999e-05,
2023-06-26 20:15:00,2023-06-26,20,-0.8314696123025122,0.5555702330196517,177,0.0992254948571359,-0.9950649733411164,-0.000186,-8.87e-05,0.000103,0.000157,3.43e-05,
2023-06-26 20:30:00,2023-06-26,20,-0.7933533402911717,0.6087614290088034,177,0.0990471820054385,-0.9950827381362726,-6.62e-05,-1.42e-05,0.000176,0.000248,0.000141,
2023-06-26 20:45:00,2023-06-26,20,-0.751839807479029,0.65934581510001,177,0.0988688659732311,-0.9951004709782664,-0.000285,-0.000238,0.000114,0.00013,0.0,
2023-06-26 21:00:00,2023-06-26,21,-0.7071067811865712,0.7071067811865238,177,0.0986905467662395,-0.995118171866528,-0.000844,-0.000734,-0.000276,-0.00026,-0.000608,
2023-06-26 21:15:00,2023-06-26,21,-0.6593458151000604,0.7518398074789848,177,0.0985122243901892,-0.9951358408004894,-0.00184,-0.00164,-0.000789,-0.000814,-0.00129,
2023-06-26 21:30:00,2023-06-26,21,-0.6087614290088565,0.7933533402911308,177,0.0983338988508078,-0.9951534777795832,-0.000505,-0.000436,-8.27e-05,-3.06e-05,-0.000201,
2023-06-26 21:45:00,2023-06-26,21,-0.5555702330197075,0.831469612302475,177,0.0981555701538197,-0.9951710828032428,-0.000405,-0.000323,-8.620000000000001e-05,-3.06e-05,-0.000227,
2023-06-26 22:00:00,2023-06-26,22,-0.5000000000000708,0.8660254037843977,177,0.0979772383049521,-0.995188655870903,4.14e-05,3.9e-05,0.000376,0.00044,0.000351,
2023-06-26 22:15:00,2023-06-26,22,-0.4422886902190345,0.8968727415326719,177,0.0977989033099323,-0.9952061969819996,0.000194,0.000199,0.000362,0.000443,0.00042,
2023-06-26 22:30:00,2023-06-26,22,-0.3826834323650826,0.9238795325112896,177,0.097620565174485,-0.9952237061359692,-6.62e-05,-6.03e-05,0.000238,0.000264,0.000257,
2023-06-26 22:45:00,2023-06-26,22,-0.3214394653031118,0.9469301294951226,177,0.0974422239043383,-0.9952411833322498,-0.000149,-8.87e-05,0.000165,0.000187,0.00012,
2023-06-26 23:00:00,2023-06-26,23,-0.2588190451024268,0.9659258262890936,177,0.0972638795052179,-0.99525862857028,-0.000335,-0.000259,-2.4100000000000003e-05,-7.65e-06,-0.000244,
2023-06-26 23:15:00,2023-06-26,23,-0.1950903220162119,0.9807852804032138,177,0.097085531982852,-0.9952760418494996,-0.000509,-0.000358,-0.000234,-0.000157,-0.000433,
2023-06-26 23:30:00,2023-06-26,23,-0.1305261922200918,0.9914448613738052,177,0.0969071813429658,-0.9952934231693492,-0.000376,-0.000234,2.76e-05,5.35e-05,-0.000167,
2023-06-26 23:45:00,2023-06-26,23,-0.0654031292301388,0.9978589232386038,177,0.0967288275912872,-0.9953107725292714,-0.00031,-0.000238,-0.000117,-8.41e-05,-0.000257,
2023-06-27 00:00:00,2023-06-27,0,-1.7835561648423533e-13,1.0,178,0.0965504707335442,-0.9953280899287084,-0.000207,-0.000195,2.4100000000000003e-05,4.97e-05,-0.000129,
2023-06-27 00:15:00,2023-06-27,0,0.0654031292300097,0.9978589232386122,178,0.0963721107754623,-0.9953453753671044,7.86e-05,4.96e-05,1.7199999999999998e-05,6.5e-05,-0.000129,
2023-06-27 00:30:00,2023-06-27,0,0.1305261922199635,0.991444861373822,178,0.0961937477227701,-0.9953626288439044,-0.000314,-0.000355,-4.83e-05,-9.17e-05,-0.00015,
2023-06-27 00:45:00,2023-06-27,0,0.1950903220160851,0.9807852804032392,178,0.0960153815811941,-0.995379850358554,-0.000823,-0.00066,-6.890000000000001e-05,-6.12e-05,-0.000257,
2023-06-27 01:00:00,2023-06-27,1,0.2588190451025214,0.965925826289068,178,0.0958370123564632,-0.9953970399105008,0.000583,0.000716,9.65e-05,0.00031,-8.14e-05,
2023-06-27 01:15:00,2023-06-27,1,0.3214394653032047,0.946930129495091,178,0.0956586400543033,-0.9954141974991924,0.000314,0.000482,-8.27e-05,0.000191,-0.000313,
2023-06-27 01:30:00,2023-06-27,1,0.3826834323651732,0.9238795325112522,178,0.0954802646804429,-0.995431323124078,-0.002,-0.00178,8.96e-05,-0.000168,-9e-05,
2023-06-27 01:45:00,2023-06-27,1,0.4422886902189185,0.8968727415327291,178,0.0953018862406109,-0.9954484167846076,-0.00177,-0.00146,0.000207,2.68e-05,0.00018,
2023-06-27 02:00:00,2023-06-27,2,0.4999999999999588,0.8660254037844624,178,0.0951235047405333,-0.9954654784802324,0.000575,0.000376,6.89e-06,3.44e-05,-3e-05,
2023-06-27 02:15:00,2023-06-27,2,0.5555702330196,0.8314696123025468,178,0.0949451201859394,-0.9954825082104042,-3.31e-05,0.000252,-7.93e-05,0.000119,-0.000257,
2023-06-27 02:30:00,2023-06-27,2,0.6087614290085736,0.793353340291348,178,0.094766732582557,-0.9954995059745766,-0.000629,-0.000706,8.620000000000001e-05,-8.03e-05,0.0,
2023-06-27 02:45:00,2023-06-27,2,0.6593458150999632,0.7518398074790701,178,0.0945883419361143,-0.9955164717722036,-0.00031,2.48e-05,0.000165,0.000291,4.2800000000000005e-06,
2023-06-27 03:00:00,2023-06-27,3,0.7071067811864797,0.7071067811866153,178,0.0944099482523391,-0.9955334056027404,-0.00136,-0.00145,-6.89e-06,-0.000275,-0.000214,
2023-06-27 03:15:00,2023-06-27,3,0.7518398074789437,0.6593458151001073,178,0.0942315515369602,-0.9955503074656434,0.000103,0.000131,1.7199999999999998e-05,6.5e-05,-0.000129,
2023-06-27 03:30:00,2023-06-27,3,0.7933533402912314,0.6087614290087255,178,0.0940531517957072,-0.9955671773603696,-0.000579,-0.00055,-0.0002,-0.000264,-0.000287,
2023-06-27 03:45:00,2023-06-27,3,0.8314696123025667,0.5555702330195702,178,0.0938747490343068,-0.9955840152863776,0.000943,0.00116,0.00145,0.00133,0.00122,
2023-06-27 04:00:00,2023-06-27,4,0.8660254037844803,0.4999999999999278,178,0.0936963432584891,-0.9956008212431262,0.00596,0.00596,0.0060199999999999,0.00547,0.00617,
2023-06-27 04:15:00,2023-06-27,4,0.8968727415326444,0.4422886902190903,178,0.0935179344739823,-0.9956175952300762,0.012,0.0118,0.0116999999999999,0.011,0.0121,
2023-06-27 04:30:00,2023-06-27,4,0.923879532511266,0.3826834323651401,178,0.0933395226865154,-0.9956343372466888,0.0243999999999999,0.024,0.0236,0.0218,0.0242,
2023-06-27 04:45:00,2023-06-27,4,0.9469301294951026,0.3214394653031708,178,0.093161107901817,-0.9956510472924266,0.0396,0.039,0.038,0.0349,0.0387999999999999,
2023-06-27 05:00:00,2023-06-27,5,0.9659258262890184,0.2588190451027065,178,0.092982690125617,-0.9956677253667529,0.068,0.0677,0.0533,0.0467999999999999,0.0554,
2023-06-27 05:15:00,2023-06-27,5,0.9807852804032016,0.1950903220162729,178,0.0928042693636442,-0.995684371469132,0.0855,0.105,0.0659,0.0561,0.0668,
2023-06-27 05:30:00,2023-06-27,5,0.991444861373797,0.1305261922201535,178,0.0926258456216274,-0.9957009855990292,0.0906,0.169,0.0825999999999999,0.0676,0.075,
2023-06-27 05:45:00,2023-06-27,5,0.9978589232385996,0.0654031292302009,178,0.0924474189052968,-0.9957175677559116,0.132,0.131,0.109,0.0934,0.112,
2023-06-27 06:00:00,2023-06-27,6,1.0,1.3215662759969412e-14,178,0.0922689892203816,-0.9957341179392464,0.192,0.214,0.156,0.124,0.169,
2023-06-27 06:15:00,2023-06-27,6,0.9978589232386016,-0.0654031292301745,178,0.0920905565726111,-0.995750636148502,0.187,0.19,0.157,0.134,0.164,
2023-06-27 06:30:00,2023-06-27,6,0.9914448613738004,-0.1305261922201272,178,0.0919121209677148,-0.9957671223831484,0.244,0.294,0.236,0.184,0.252,
2023-06-27 06:45:00,2023-06-27,6,0.9807852804032512,-0.195090322016024,178,0.0917336824114232,-0.995783576642656,0.167,0.438,0.324,0.217,0.356,
2023-06-27 07:00:00,2023-06-27,7,0.9659258262890842,-0.2588190451024614,178,0.0915552409094657,-0.9957999989264962,0.128,0.469,0.353,0.236,0.385,
2023-06-27 07:15:00,2023-06-27,7,0.946930129495111,-0.3214394653031457,178,0.0913767964675718,-0.9958163892341418,0.121,0.533,0.416,0.289,0.451,
2023-06-27 07:30:00,2023-06-27,7,0.923879532511276,-0.3826834323651157,178,0.0911983490914725,-0.9958327475650668,0.122,0.578,0.47,0.34,0.505,
2023-06-27 07:45:00,2023-06-27,7,0.8968727415327566,-0.4422886902188627,178,0.0910198987868974,-0.9958490739187454,0.128,0.622,0.522,0.389,0.557,
2023-06-27 08:00:00,2023-06-27,8,0.8660254037844936,-0.4999999999999049,178,0.0908414455595768,-0.9958653682946538,0.133,0.661,0.57,0.436,0.605,
2023-06-27 08:15:00,2023-06-27,8,0.8314696123025813,-0.5555702330195482,178,0.0906629894152406,-0.9958816306922684,0.139,0.694,0.614,0.48,0.648,
2023-06-27 08:30:00,2023-06-27,8,0.7933533402912475,-0.6087614290087047,178,0.09048453035962,-0.9958978611110676,0.141,0.735,0.662,0.526,0.698,
2023-06-27 08:45:00,2023-06-27,8,0.7518398074789612,-0.6593458151000874,178,0.0903060683984451,-0.9959140595505294,0.144,0.769,0.705,0.567,0.738,
2023-06-27 09:00:00,2023-06-27,9,0.7071067811864985,-0.7071067811865965,178,0.0901276035374461,-0.995930226010134,0.141,0.802,0.747,0.607,0.78,
2023-06-27 09:15:00,2023-06-27,9,0.659345815100154,-0.7518398074789028,178,0.0899491357823551,-0.9959463604893626,0.145,0.831,0.785,0.644,0.817,
2023-06-27 09:30:00,2023-06-27,9,0.608761429008775,-0.7933533402911935,178,0.0897706651389009,-0.9959624629876968,0.141,0.86,0.821,0.682,0.856,
2023-06-27 09:45:00,2023-06-27,9,0.5555702330196219,-0.831469612302532,178,0.0895921916128159,-0.9959785335046196,0.149,0.881,0.842,0.713,0.885,
2023-06-27 10:00:00,2023-06-27,10,0.4999999999999817,-0.8660254037844491,178,0.0894137152098302,-0.9959945720396148,0.148,0.902,0.849,0.744,0.914,
2023-06-27 10:15:00,2023-06-27,10,0.4422886902191461,-0.8968727415326169,178,0.0892352359356755,-0.9960105785921676,0.161,0.928,0.85,0.772,0.943,
2023-06-27 10:30:00,2023-06-27,10,0.3826834323651976,-0.923879532511242,178,0.0890567537960828,-0.9960265531617638,0.194,0.961,0.857,0.798,0.971,
2023-06-27 10:45:00,2023-06-27,10,0.3214394653032297,-0.9469301294950824,178,0.0888782687967828,-0.9960424957478908,0.434,0.917,0.816,0.752,0.908,
2023-06-27 11:00:00,2023-06-27,11,0.258819045102547,-0.9659258262890612,178,0.0886997809435082,-0.996058406350036,0.477,0.488,0.44,0.392,0.462,
2023-06-27 11:15:00,2023-06-27,11,0.195090322016111,-0.980785280403234,178,0.0885212902419886,-0.9960742849676892,0.453,0.471,0.434,0.393,0.453,
2023-06-27 11:30:00,2023-06-27,11,0.1305261922199897,-0.9914448613738186,178,0.0883427966979569,-0.9960901316003404,0.408,0.404,0.373,0.336,0.391,
2023-06-27 11:45:00,2023-06-27,11,0.0654031292300361,-0.9978589232386104,178,0.0881643003171438,-0.9961059462474804,0.553,0.609,0.568,0.511,0.599,
2023-06-27 12:00:00,2023-06-27,12,7.544938447893556e-14,-1.0,178,0.0879858011052819,-0.9961217289086016,0.415,0.42,0.385,0.348,0.405,
2023-06-27 12:15:00,2023-06-27,12,-0.0654031292301124,-0.9978589232386056,178,0.0878072990681026,-0.9961374795831972,0.395,0.397,0.352,0.312,0.372,
2023-06-27 12:30:00,2023-06-27,12,-0.1305261922200655,-0.9914448613738086,178,0.0876287942113373,-0.9961531982707617,0.451,0.447,0.392,0.35,0.416,
2023-06-27 12:45:00,2023-06-27,12,-0.195090322015963,-0.9807852804032632,178,0.0874502865407194,-0.9961688849707896,0.577,0.682,0.63,0.56,0.661,
2023-06-27 13:00:00,2023-06-27,13,-0.2588190451024013,-0.9659258262891004,178,0.087271776061979,-0.9961845396827778,0.446,0.888,0.847,0.751,0.892,
2023-06-27 13:15:00,2023-06-27,13,-0.3214394653030868,-0.946930129495131,178,0.0870932627808498,-0.9962001624062232,0.468,0.801,0.737,0.655,0.784,
2023-06-27 13:30:00,2023-06-27,13,-0.3826834323650582,-0.9238795325112998,178,0.0869147467030635,-0.9962157531406248,0.391,0.88,0.838,0.753,0.885,
2023-06-27 13:45:00,2023-06-27,13,-0.4422886902190108,-0.8968727415326836,178,0.086736227834352,-0.9962313118854814,0.301,0.786,0.731,0.664,0.776,
2023-06-27 14:00:00,2023-06-27,14,-0.500000000000048,-0.866025403784411,178,0.0865577061804487,-0.9962468386402936,0.193,0.797,0.723,0.657,0.773,
2023-06-27 14:15:00,2023-06-27,14,-0.5555702330196856,-0.8314696123024896,178,0.0863791817470851,-0.9962623334045628,0.197,0.75,0.663,0.604,0.712,
2023-06-27 14:30:00,2023-06-27,14,-0.6087614290086553,-0.7933533402912853,178,0.0862006545399953,-0.9962777961777912,0.219,0.647,0.564,0.516,0.606,
2023-06-27 14:45:00,2023-06-27,14,-0.6593458151000405,-0.7518398074790023,178,0.0860221245649101,-0.9962932269594826,0.327,0.497,0.425,0.387,0.456,
2023-06-27 15:00:00,2023-06-27,15,-0.7071067811865526,-0.7071067811865425,178,0.0858435918275636,-0.9963086257491414,0.296,0.539,0.446,0.404,0.485,
2023-06-27 15:15:00,2023-06-27,15,-0.7518398074788617,-0.6593458151002008,178,0.0856650563336883,-0.996323992546273,0.167,0.607,0.486,0.443,0.537,
2023-06-27 15:30:00,2023-06-27,15,-0.7933533402911556,-0.6087614290088244,178,0.0854865180890167,-0.9963393273503844,0.156,0.564,0.432,0.394,0.486,
2023-06-27 15:45:00,2023-06-27,15,-0.8314696123024975,-0.5555702330196737,178,0.0853079770992828,-0.9963546301609824,0.144,0.512,0.372,0.338,0.423,
2023-06-27 16:00:00,2023-06-27,16,-0.8660254037844181,-0.5000000000000356,178,0.0851294333702192,-0.9963699009775764,0.157,0.467,0.324,0.291,0.375,
2023-06-27 16:15:00,2023-06-27,16,-0.8968727415326899,-0.442288690218998,178,0.0849508869075592,-0.9963851397996756,0.152,0.381,0.245,0.219,0.291,
2023-06-27 16:30:00,2023-06-27,16,-0.9238795325113052,-0.382683432365045,178,0.0847723377170356,-0.9964003466267908,0.156,0.321,0.196,0.177,0.237,
2023-06-27 16:45:00,2023-06-27,16,-0.9469301294951356,-0.3214394653030733,178,0.0845937858043828,-0.9964155214584336,0.148,0.275,0.159,0.144,0.193,
2023-06-27 17:00:00,2023-06-27,17,-0.9659258262890452,-0.2588190451026071,178,0.0844152311753337,-0.9964306642941168,0.131,0.239,0.126,0.111,0.156,
2023-06-27 17:15:00,2023-06-27,17,-0.9807852804032218,-0.195090322016172,178,0.0842366738356215,-0.9964457751333542,0.11,0.194,0.0935,0.0847,0.117,
2023-06-27 17:30:00,2023-06-27,17,-0.9914448613738104,-0.1305261922200514,178,0.0840581137909809,-0.9964608539756604,0.094,0.146,0.0765,0.0703,0.0846,
2023-06-27 17:45:00,2023-06-27,17,-0.9978589232385916,-0.0654031292303251,178,0.083879551047145,-0.9964759008205514,0.0787,0.109,0.0601,0.0559,0.064,
2023-06-27 18:00:00,2023-06-27,18,-1.0,-1.3768310619790168e-13,178,0.0837009856098477,-0.996490915667544,0.0617999999999999,0.0875,0.0475,0.0446,0.0505,
2023-06-27 18:15:00,2023-06-27,18,-0.9978589232386096,0.0654031292300503,178,0.0835224174848225,-0.9965058985161558,0.0507,0.0503,0.0366,0.0346,0.0382,
2023-06-27 18:30:00,2023-06-27,18,-0.9914448613738168,0.1305261922200038,178,0.0833438466778043,-0.996520849365906,0.0311,0.031,0.0237,0.0222,0.0243,
2023-06-27 18:45:00,2023-06-27,18,-0.9807852804032312,0.1950903220161249,178,0.0831652731945268,-0.9965357682163144,0.0121,0.0121999999999999,0.0105,0.00965,0.0103,
2023-06-27 19:00:00,2023-06-27,19,-0.9659258262890577,0.2588190451025607,178,0.0829866970407236,-0.996550655066902,0.00122,0.0015,0.00198,0.00164,0.00136,
2023-06-27 19:15:00,2023-06-27,19,-0.946930129495078,0.3214394653032432,178,0.08280811822213,-0.9965655099171904,-0.00117,-0.000996,-0.00121,-0.00106,-0.00183,
2023-06-27 19:30:00,2023-06-27,19,-0.9238795325113236,0.3826834323650007,178,0.0826295367444799,-0.9965803327667032,-0.00269,-0.00233,-0.00115,-0.00114,-0.00163,
2023-06-27 19:45:00,2023-06-27,19,-0.8968727415327111,0.442288690218955,178,0.0824509526135077,-0.9965951236149638,-0.00316,-0.0028,-0.0012,-0.00125,-0.00148,
2023-06-27 20:00:00,2023-06-27,20,-0.866025403784442,0.499999999999994,178,0.0822723658349475,-0.9966098824614978,-0.0038399999999999,-0.00345,-0.0011,-0.00133,-0.0013,
2023-06-27 20:15:00,2023-06-27,20,-0.8314696123026505,0.5555702330194447,178,0.0820937764145347,-0.9966246093058312,-0.00216,-0.00188,-0.000907,-0.00094,-0.00101,
2023-06-27 20:30:00,2023-06-27,20,-0.7933533402913232,0.6087614290086059,178,0.0819151843580037,-0.9966393041474906,-0.004,-0.00366,-0.000845,-0.00111,-0.00114,
2023-06-27 20:45:00,2023-06-27,20,-0.7518398074790432,0.6593458150999938,178,0.0817365896710887,-0.9966539669860046,-0.00106,-0.00056,-0.000159,6.879999999999999e-05,-0.000197,
2023-06-27 21:00:00,2023-06-27,21,-0.7071067811865865,0.7071067811865086,178,0.0815579923595256,-0.9966685978209024,-0.00125,-0.00106,-0.000607,-0.000589,-0.000634,
2023-06-27 21:15:00,2023-06-27,21,-0.6593458151000766,0.7518398074789706,178,0.0813793924290488,-0.9966831966517138,-0.000897,-0.000684,-0.000331,-0.000248,-0.000244,
2023-06-27 21:30:00,2023-06-27,21,-0.6087614290086933,0.7933533402912561,178,0.0812007898853934,-0.9966977634779705,-0.000207,-0.000216,-6.2e-05,-3.06e-05,0.000163,
2023-06-27 21:45:00,2023-06-27,21,-0.5555702330195363,0.8314696123025892,178,0.081022184734294,-0.9967122982992044,-0.000682,-0.000582,-0.00031,-0.000226,-0.000287,
2023-06-27 22:00:00,2023-06-27,22,-0.5000000000000895,0.866025403784387,178,0.0808435769814867,-0.9967268011149488,-0.000476,-0.0005,-0.000107,-0.00013,-9e-05,
2023-06-27 22:15:00,2023-06-27,22,-0.4422886902190538,0.8968727415326624,178,0.0806649666327064,-0.996741271924738,-0.000819,-0.000766,-0.000524,-0.000512,-0.000681,
2023-06-27 22:30:00,2023-06-27,22,-0.3826834323651025,0.9238795325112814,178,0.080486353693688,-0.9967557107281074,-0.00183,-0.00166,-0.00091,-0.000956,-0.00141,
2023-06-27 22:45:00,2023-06-27,22,-0.3214394653031323,0.9469301294951156,178,0.0803077381701678,-0.9967701175245934,-0.0023799999999999,-0.00215,-0.00113,-0.0011799999999999,-0.00158,
2023-06-27 23:00:00,2023-06-27,23,-0.2588190451026672,0.965925826289029,178,0.080129120067881,-0.9967844923137332,-0.00163,-0.00145,-0.00092,-0.000929,-0.0011,
2023-06-27 23:15:00,2023-06-27,23,-0.195090322016233,0.9807852804032096,178,0.079950499392563,-0.9967988350950656,-0.00123,-0.0011,-0.000951,-0.000917,-0.00108,
2023-06-27 23:30:00,2023-06-27,23,-0.1305261922201131,0.9914448613738024,178,0.0797718761499493,-0.9968131458681296,-0.00199,-0.00189,-0.00127,-0.00128,-0.00173,
2023-06-27 23:45:00,2023-06-27,23,-0.0654031292301603,0.9978589232386024,178,0.0795932503457764,-0.996827424632466,-0.00277,-0.0023799999999999,-0.00132,-0.0014399999999999,-0.00165,
2023-06-28 00:00:00,2023-06-28,0,2.7456847526364246e-14,1.0,179,0.0794146219857798,-0.996841671387616,-0.00274,-0.00246,-0.00134,-0.00149,-0.0017,
2023-06-28 00:15:00,2023-06-28,0,0.0654031292302151,0.9978589232385988,179,0.079235991075695,-0.9968558861331224,-0.00256,-0.00229,-0.0011799999999999,-0.00131,-0.00131,
2023-06-28 00:30:00,2023-06-28,0,0.1305261922199421,0.9914448613738248,179,0.0790573576212593,-0.9968700688685282,-0.00224,-0.0019399999999999,-0.00112,-0.00113,-0.00117,
2023-06-28 00:45:00,2023-06-28,0,0.1950903220160639,0.9807852804032432,179,0.0788787216282072,-0.9968842195933788,-0.00244,-0.0021,-0.00104,-0.00125,-0.00115,
2023-06-28 01:00:00,2023-06-28,1,0.2588190451025006,0.9659258262890736,179,0.078700083102276,-0.9968983383072192,-0.00214,-0.0019299999999999,-0.00107,-0.00116,-0.00132,
2023-06-28 01:15:00,2023-06-28,1,0.3214394653031843,0.946930129495098,179,0.0785214420492012,-0.9969124250095964,-0.00209,-0.00188,-0.000972,-0.0011,-0.00114,
2023-06-28 01:30:00,2023-06-28,1,0.3826834323649432,0.9238795325113476,179,0.07834279847472,-0.9969264797000577,-0.0020499999999999,-0.00184,-0.000876,-0.000982,-0.000797,
2023-06-28 01:45:00,2023-06-28,1,0.4422886902188991,0.8968727415327387,179,0.0781641523845684,-0.996940502378152,-0.0021,-0.00186,-0.00092,-0.00102,-0.00111,
2023-06-28 02:00:00,2023-06-28,2,0.4999999999999401,0.8660254037844732,179,0.0779855037844825,-0.996954493043429,-0.0021,-0.00188,-0.00102,-0.0012,-0.00109,
2023-06-28 02:15:00,2023-06-28,2,0.555570233019582,0.8314696123025588,179,0.0778068526802003,-0.9969684516954394,-0.00213,-0.0019,-0.00113,-0.00121,-0.00146,
2023-06-28 02:30:00,2023-06-28,2,0.6087614290087369,0.7933533402912227,179,0.0776281990774565,-0.996982378333735,-0.00207,-0.00185,-0.00102,-0.00112,-0.00127,
2023-06-28 02:45:00,2023-06-28,2,0.6593458151001179,0.7518398074789344,179,0.0774495429819894,-0.9969962729578686,-0.00206,-0.00186,-0.00103,-0.0011799999999999,-0.00136,
2023-06-28 03:00:00,2023-06-28,3,0.7071067811864645,0.7071067811866305,179,0.0772708843995352,-0.9970101355673942,-0.00249,-0.00219,-0.00107,-0.00125,-0.00122,
2023-06-28 03:15:00,2023-06-28,3,0.7518398074789295,0.6593458151001235,179,0.0770922233358306,-0.9970239661618664,-0.00234,-0.0020099999999999,-0.000941,-0.00111,-0.00106,
2023-06-28 03:30:00,2023-06-28,3,0.7933533402912183,0.6087614290087426,179,0.0769135597966133,-0.997037764740841,-0.00254,-0.00224,-0.000982,-0.00117,-0.00126,
2023-06-28 03:45:00,2023-06-28,3,0.8314696123025547,0.5555702330195881,179,0.0767348937876195,-0.9970515313038754,-0.000103,0.000195,0.000431,0.000176,0.00054,
2023-06-28 04:00:00,2023-06-28,4,0.8660254037843559,0.5000000000001434,179,0.0765562253145877,-0.997065265850527,0.00499,0.00528,0.00424,0.00356,0.00467,
2023-06-28 04:15:00,2023-06-28,4,0.8968727415326349,0.4422886902191096,179,0.0763775543832535,-0.997078968380355,0.0173,0.0174,0.0143,0.0123,0.0149,
2023-06-28 04:30:00,2023-06-28,4,0.9238795325112577,0.38268343236516,179,0.0761988809993554,-0.9970926388929195,0.0332,0.033,0.0259,0.0225,0.0273999999999999,
2023-06-28 04:45:00,2023-06-28,4,0.9469301294950956,0.3214394653031912,179,0.0760202051686304,-0.9971062773877816,0.0511,0.0508,0.0391,0.0338,0.041,
2023-06-28 05:00:00,2023-06-28,5,0.9659258262890718,0.2588190451025077,179,0.0758415268968154,-0.9971198838645028,0.0706,0.0856,0.0544,0.0475,0.0577,
2023-06-28 05:15:00,2023-06-28,5,0.980785280403242,0.1950903220160711,179,0.0756628461896491,-0.9971334583226468,0.0882,0.124,0.0712,0.061,0.0714,
2023-06-28 05:30:00,2023-06-28,5,0.9914448613738238,0.1305261922199494,179,0.075484163052868,-0.9971470007617772,0.107,0.168,0.0915,0.0755,0.088,
2023-06-28 05:45:00,2023-06-28,5,0.9978589232385984,0.0654031292302224,179,0.0753054774922112,-0.9971605111814598,0.125,0.204,0.121,0.0892,0.135,
2023-06-28 06:00:00,2023-06-28,6,1.0,3.477687419260189e-14,179,0.0751267895134148,-0.99717398958126,0.14,0.243,0.153,0.101,0.17,
2023-06-28 06:15:00,2023-06-28,6,0.9978589232386028,-0.065403129230153,179,0.0749480991222178,-0.9971874359607455,0.152,0.284,0.189,0.121,0.21,
2023-06-28 06:30:00,2023-06-28,6,0.9914448613738328,-0.1305261922198804,179,0.0747694063243579,-0.9972008503194846,0.164,0.346,0.241,0.158,0.266,
2023-06-28 06:45:00,2023-06-28,6,0.9807852804032554,-0.1950903220160029,179,0.0745907111255726,-0.997214232657046,0.176,0.396,0.29,0.196,0.317,
2023-06-28 07:00:00,2023-06-28,7,0.9659258262890896,-0.2588190451024405,179,0.0744120135316008,-0.9972275829730006,0.188,0.431,0.33,0.232,0.358,
2023-06-28 07:15:00,2023-06-28,7,0.946930129495118,-0.3214394653031253,179,0.0742333135481804,-0.9972409012669192,0.2,0.475,0.379,0.275,0.406,
2023-06-28 07:30:00,2023-06-28,7,0.9238795325112844,-0.3826834323650958,179,0.0740546111810495,-0.9972541875383746,0.229,0.496,0.41,0.309,0.437,
2023-06-28 07:45:00,2023-06-28,7,0.8968727415326656,-0.4422886902190472,179,0.0738759064359459,-0.9972674417869398,0.232,0.566,0.479,0.367,0.508,
2023-06-28 08:00:00,2023-06-28,8,0.8660254037843906,-0.5000000000000832,179,0.0736971993186092,-0.9972806640121892,0.243,0.604,0.524,0.41,0.553,
2023-06-28 08:15:00,2023-06-28,8,0.8314696123025933,-0.5555702330195302,179,0.0735184898347771,-0.9972938542136984,0.25,0.646,0.574,0.457,0.604,
2023-06-28 08:30:00,2023-06-28,8,0.7933533402912606,-0.6087614290086875,179,0.0733397779901879,-0.997307012391044,0.26,0.668,0.606,0.489,0.635,
2023-06-28 08:45:00,2023-06-28,8,0.7518398074789754,-0.6593458151000712,179,0.073161063790581,-0.9973201385438032,0.254,0.722,0.667,0.544,0.697,
2023-06-28 09:00:00,2023-06-28,9,0.7071067811866745,-0.7071067811864206,179,0.0729823472416947,-0.9973332326715544,0.249,0.767,0.718,0.59,0.748,
2023-06-28 09:15:00,2023-06-28,9,0.6593458151001702,-0.7518398074788886,179,0.0728036283492679,-0.9973462947738772,0.258,0.792,0.75,0.621,0.782,
2023-06-28 09:30:00,2023-06-28,9,0.608761429008792,-0.7933533402911803,179,0.0726249071190388,-0.9973593248503524,0.271,0.804,0.77,0.647,0.802,
2023-06-28 09:45:00,2023-06-28,9,0.5555702330196398,-0.8314696123025201,179,0.0724461835567474,-0.9973723229005615,0.291,0.823,0.79,0.675,0.828,
2023-06-28 10:00:00,2023-06-28,10,0.5000000000000004,-0.8660254037844384,179,0.0722674576681321,-0.9973852889240872,0.296,0.833,0.793,0.696,0.847,
2023-06-28 10:15:00,2023-06-28,10,0.4422886902189615,-0.8968727415327079,179,0.0720887294589317,-0.9973982229205128,0.296,0.854,0.8,0.724,0.874,
2023-06-28 10:30:00,2023-06-28,10,0.3826834323650074,-0.9238795325113208,179,0.0719099989348861,-0.9974111248894232,0.296,0.874,0.811,0.751,0.901,
2023-06-28 10:45:00,2023-06-28,10,0.3214394653032501,-0.9469301294950756,179,0.0717312661017341,-0.9974239948304042,0.286,0.904,0.837,0.785,0.936,
2023-06-28 11:00:00,2023-06-28,11,0.2588190451025678,-0.9659258262890555,179,0.0715525309652151,-0.9974368327430424,0.299,0.893,0.834,0.781,0.926,
2023-06-28 11:15:00,2023-06-28,11,0.1950903220161321,-0.9807852804032297,179,0.071373793531068,-0.9974496386269256,0.306,0.892,0.849,0.789,0.927,
2023-06-28 11:30:00,2023-06-28,11,0.1305261922202365,-0.991444861373786,179,0.0711950538050335,-0.9974624124816426,0.309,0.904,0.877,0.802,0.939,
2023-06-28 11:45:00,2023-06-28,11,0.0654031292302845,-0.9978589232385944,179,0.0710163117928494,-0.9974751543067832,0.321,0.878,0.864,0.778,0.909,
2023-06-28 12:00:00,2023-06-28,12,9.701059591156802e-14,-1.0,179,0.0708375675002561,-0.997487864101938,0.317,0.872,0.86,0.769,0.898,
2023-06-28 12:15:00,2023-06-28,12,-0.0654031292300909,-0.9978589232386068,179,0.0706588209329939,-0.9975005418666996,0.291,0.892,0.876,0.78,0.915,
2023-06-28 12:30:00,2023-06-28,12,-0.1305261922200442,-0.9914448613738114,179,0.0704800720968019,-0.99751318760066,0.279,0.89,0.865,0.769,0.905,
2023-06-28 12:45:00,2023-06-28,12,-0.1950903220161648,-0.9807852804032232,179,0.0703013209974201,-0.9975258013034136,0.286,0.872,0.841,0.747,0.881,
2023-06-28 13:00:00,2023-06-28,13,-0.2588190451026,-0.965925826289047,179,0.0701225676405878,-0.9975383829745555,0.405,0.652,0.625,0.562,0.657,
2023-06-28 13:15:00,2023-06-28,13,-0.3214394653030664,-0.946930129495138,179,0.0699438120320463,-0.9975509326136816,0.453,0.659,0.609,0.545,0.645,
2023-06-28 13:30:00,2023-06-28,13,-0.3826834323650382,-0.923879532511308,179,0.069765054177534,-0.9975634502203886,0.39,0.874,0.795,0.709,0.844,
2023-06-28 13:45:00,2023-06-28,13,-0.4422886902189915,-0.8968727415326931,179,0.0695862940827917,-0.9975759357942748,0.333,0.769,0.698,0.63,0.739,
2023-06-28 14:00:00,2023-06-28,14,-0.4999999999998323,-0.8660254037845354,179,0.0694075317535606,-0.9975883893349392,0.329,0.813,0.729,0.661,0.778,
2023-06-28 14:15:00,2023-06-28,14,-0.5555702330194785,-0.8314696123026278,179,0.0692287671955791,-0.9976008108419822,0.295,0.709,0.629,0.575,0.671,
2023-06-28 14:30:00,2023-06-28,14,-0.6087614290086382,-0.7933533402912984,179,0.0690500004145888,-0.9976132003150044,0.316,0.74,0.651,0.597,0.697,
2023-06-28 14:45:00,2023-06-28,14,-0.6593458151000243,-0.7518398074790165,179,0.0688712314163294,-0.9976255577536084,0.31,0.671,0.58,0.533,0.626,
2023-06-28 15:00:00,2023-06-28,15,-0.7071067811865374,-0.7071067811865578,179,0.0686924602065425,-0.9976378831573972,0.294,0.632,0.517,0.47,0.562,
2023-06-28 15:15:00,2023-06-28,15,-0.7518398074789974,-0.6593458151000461,179,0.068513686790967,-0.9976501765259752,0.276,0.577,0.461,0.42,0.506,
2023-06-28 15:30:00,2023-06-28,15,-0.7933533402912809,-0.608761429008661,179,0.0683349111753442,-0.9976624378589471,0.267,0.404,0.326,0.298,0.356,
2023-06-28 15:45:00,2023-06-28,15,-0.8314696123024855,-0.5555702330196916,179,0.0681561333654159,-0.99767466715592,0.27,0.514,0.389,0.354,0.435,
2023-06-28 16:00:00,2023-06-28,16,-0.8660254037844073,-0.5000000000000543,179,0.0679773533669209,-0.9976868644165006,0.318,0.501,0.361,0.322,0.41,
2023-06-28 16:15:00,2023-06-28,16,-0.8968727415326804,-0.4422886902190173,179,0.0677985711856014,-0.9976990296402972,0.26,0.261,0.226,0.208,0.239,
2023-06-28 16:30:00,2023-06-28,16,-0.9238795325112972,-0.3826834323650649,179,0.0676197868271975,-0.9977111628269196,0.249,0.334,0.242,0.22,0.275,
2023-06-28 16:45:00,2023-06-28,16,-0.9469301294950556,-0.3214394653033091,179,0.0674410002974513,-0.997723263975978,0.207,0.276,0.182,0.161,0.213,
2023-06-28 17:00:00,2023-06-28,17,-0.9659258262890396,-0.2588190451026279,179,0.0672622116021021,-0.9977353330870838,0.115,0.113,0.091,0.0807,0.0975999999999999,
2023-06-28 17:15:00,2023-06-28,17,-0.9807852804032176,-0.1950903220161932,179,0.067083420746892,-0.9977473701598494,0.129,0.129,0.111,0.102,0.118,
2023-06-28 17:30:00,2023-06-28,17,-0.9914448613738076,-0.1305261922200728,179,0.0669046277375629,-0.997759375193888,0.107,0.113,0.0865,0.0787,0.093,
2023-06-28 17:45:00,2023-06-28,17,-0.997858923238605,-0.0654031292301197,179,0.0667258325798543,-0.9977713481888149,0.0765999999999999,0.0754,0.0665999999999999,0.0617,0.0695,
2023-06-28 18:00:00,2023-06-28,18,-1.0,6.81293578126979e-14,179,0.066547035279509,-0.9977832891442447,0.0608,0.0598,0.0508,0.0458,0.0533999999999999,
2023-06-28 18:15:00,2023-06-28,18,-0.997858923238611,0.0654031292300288,179,0.0663682358422677,-0.9977951980597948,0.0405,0.04,0.0327,0.0297,0.0343,
2023-06-28 18:30:00,2023-06-28,18,-0.9914448613738196,0.1305261922199825,179,0.0661894342738719,-0.9978070749350822,0.0298,0.0295,0.0236,0.0216,0.0245,
2023-06-28 18:45:00,2023-06-28,18,-0.9807852804032352,0.1950903220161038,179,0.0660106305800627,-0.9978189197697258,0.00897,0.00889,0.0094,0.00863,0.00916,
2023-06-28 19:00:00,2023-06-28,19,-0.9659258262890632,0.2588190451025399,179,0.0658318247665822,-0.9978307325633452,0.00136,0.00137,0.00196,0.0016699999999999,0.00165,
2023-06-28 19:15:00,2023-06-28,19,-0.946930129495158,0.3214394653030075,179,0.0656530168391728,-0.9978425133155608,-9.1e-05,1.06e-05,0.000407,0.000287,0.000141,
2023-06-28 19:30:00,2023-06-28,19,-0.923879532511332,0.3826834323649808,179,0.0654742068035744,-0.9978542620259948,-0.000571,-0.000397,-0.000138,-0.000164,-0.000488,
2023-06-28 19:45:00,2023-06-28,19,-0.8968727415327207,0.4422886902189356,179,0.0652953946655303,-0.9978659786942696,-0.000554,-0.000408,0.000114,0.000111,-0.000129,
2023-06-28 20:00:00,2023-06-28,20,-0.8660254037844528,0.4999999999999754,179,0.0651165804307817,-0.9978776633200092,-0.000331,-0.000106,0.000128,0.000226,-0.000129,
2023-06-28 20:15:00,2023-06-28,20,-0.8314696123025361,0.5555702330196158,179,0.0649377641050707,-0.997889315902838,-0.00127,-0.0011,0.000176,0.000172,-9e-05,
2023-06-28 20:30:00,2023-06-28,20,-0.793353340291198,0.6087614290087692,179,0.0647589456941387,-0.9979009364423824,-0.000318,-0.000142,0.000117,0.000229,-4.2800000000000005e-06,
2023-06-28 20:45:00,2023-06-28,20,-0.7518398074789076,0.6593458151001486,179,0.0645801252037283,-0.9979125249382688,-0.000314,-0.000209,9.65e-05,0.000149,-2.57e-05,
2023-06-28 21:00:00,2023-06-28,21,-0.7071067811866018,0.7071067811864933,179,0.0644013026395824,-0.997924081390125,-0.000583,-0.0005,0.000117,0.000149,0.0,
2023-06-28 21:15:00,2023-06-28,21,-0.6593458151000928,0.7518398074789564,179,0.0642224780074415,-0.9979356057975804,-0.000562,-0.000514,6.55e-05,0.000103,-0.000129,
2023-06-28 21:30:00,2023-06-28,21,-0.6087614290087104,0.793353340291243,179,0.0640436513130491,-0.9979470981602644,-5.79e-05,3.55e-05,4.48e-05,0.000126,-0.000129,
2023-06-28 21:45:00,2023-06-28,21,-0.5555702330197433,0.831469612302451,179,0.0638648225621471,-0.9979585584778085,-9.1e-05,7.09e-06,0.000128,0.000264,0.0,
2023-06-28 22:00:00,2023-06-28,22,-0.5000000000001082,0.8660254037843762,179,0.0636859917604779,-0.9979699867498444,-0.000471,-0.000337,0.000128,0.000264,0.0,
2023-06-28 22:15:00,2023-06-28,22,-0.4422886902190732,0.8968727415326528,179,0.0635071589137834,-0.9979813829760048,0.00124,0.0014199999999999,4.83e-05,0.00034,0.0,
2023-06-28 22:30:00,2023-06-28,22,-0.3826834323651225,0.9238795325112732,179,0.0633283240278072,-0.9979927471559245,-0.000405,-0.000365,6.890000000000001e-05,0.000115,-7.28e-05,
2023-06-28 22:45:00,2023-06-28,22,-0.3214394653031527,0.9469301294951088,179,0.0631494871082913,-0.998004079289238,-5.79e-05,-2.13e-05,-9.31e-05,3.44e-05,-0.000249,
2023-06-28 23:00:00,2023-06-28,23,-0.2588190451024684,0.9659258262890824,179,0.0629706481609779,-0.9980153793755816,-0.000744,-0.000613,6.55e-05,0.000149,-0.000129,
2023-06-28 23:15:00,2023-06-28,23,-0.1950903220160312,0.9807852804032496,179,0.0627918071916106,-0.9980266474145928,0.00126,0.0014299999999999,2.4100000000000003e-05,0.000325,0.0,
2023-06-28 23:30:00,2023-06-28,23,-0.1305261922201345,0.9914448613737996,179,0.0626129642059318,-0.9980378834059088,0.000364,0.000663,0.000193,0.000577,-1.29e-05,
2023-06-28 23:45:00,2023-06-28,23,-0.0654031292301818,0.9978589232386008,179,0.0624341192096842,-0.99804908734917,-0.000112,0.00011,-0.000155,0.000149,-0.000416,
2023-06-29 00:00:00,2023-06-29,0,5.895636093731769e-15,1.0,180,0.0622552722086104,-0.9980602592440156,-0.000459,-0.000369,8.27e-05,0.000176,-0.000129,
2023-06-29 00:15:00,2023-06-29,0,0.0654031292299667,0.997858923238615,180,0.0620764232084542,-0.9980713990900876,-0.000352,-0.000191,0.0002,0.000333,0.0,
2023-06-29 00:30:00,2023-06-29,0,0.1305261922199208,0.9914448613738276,180,0.0618975722149582,-0.9980825068870278,0.000112,0.00022,0.000124,0.000264,-3.86e-05,
2023-06-29 00:45:00,2023-06-29,0,0.1950903220160428,0.9807852804032474,180,0.061718719233865,-0.99809358263448,-6.62e-05,3.55e-06,0.0,0.000103,-0.000133,
2023-06-29 01:00:00,2023-06-29,1,0.2588190451024798,0.9659258262890792,180,0.0615398642709192,-0.998104626332088,-0.000877,-0.000713,-0.000324,-0.000218,-0.000638,
2023-06-29 01:15:00,2023-06-29,1,0.3214394653031638,0.9469301294951048,180,0.0613610073318621,-0.9981156379794974,-0.00248,-0.00216,-0.0011799999999999,-0.00102,-0.00186,
2023-06-29 01:30:00,2023-06-29,1,0.3826834323651333,0.9238795325112688,180,0.0611821484224384,-0.9981266175763548,-0.00265,-0.00235,-0.00115,-0.00102,-0.00206,
2023-06-29 01:45:00,2023-06-29,1,0.4422886902190837,0.8968727415326476,180,0.0610032875483906,-0.9981375651223072,-0.00219,-0.00195,-0.000955,-0.000956,-0.00179,
2023-06-29 02:00:00,2023-06-29,2,0.4999999999999215,0.866025403784484,180,0.0608244247154629,-0.9981484806170036,-0.00213,-0.00189,-0.000934,-0.000856,-0.00173,
2023-06-29 02:15:00,2023-06-29,2,0.5555702330195641,0.8314696123025708,180,0.0606455599293985,-0.9981593640600932,-0.00211,-0.00177,-0.000741,-0.000608,-0.00148,
2023-06-29 02:30:00,2023-06-29,2,0.6087614290087198,0.7933533402912358,180,0.0604666931959402,-0.9981702154512264,-0.00204,-0.00175,-0.000727,-0.000765,-0.0016699999999999,
2023-06-29 02:45:00,2023-06-29,2,0.6593458150999307,0.7518398074790985,180,0.0602878245208333,-0.9981810347900552,-0.00172,-0.0014,-0.000548,-0.000482,-0.00129,
2023-06-29 03:00:00,2023-06-29,3,0.7071067811864493,0.7071067811866457,180,0.0601089539098194,-0.9981918220762316,-0.00158,-0.00122,-0.000321,-0.000233,-0.000994,
2023-06-29 03:15:00,2023-06-29,3,0.7518398074789153,0.6593458151001397,180,0.0599300813686436,-0.9982025773094096,-0.000926,-0.000596,0.000124,0.000241,-0.00057,
2023-06-29 03:30:00,2023-06-29,3,0.7933533402912051,0.6087614290087598,180,0.0597512069030489,-0.9982133004892436,-2.48e-05,0.000167,0.0005,0.00081,0.000163,
2023-06-29 03:45:00,2023-06-29,3,0.8314696123025427,0.5555702330196061,180,0.05957233051878,-0.9982239916153895,0.00161,0.0016,0.0016799999999999,0.00189,0.00171,
2023-06-29 04:00:00,2023-06-29,4,0.8660254037844587,0.4999999999999652,180,0.0593934522215804,-0.9982346506875038,0.0055,0.00541,0.0047599999999999,0.00462,0.00492,
2023-06-29 04:15:00,2023-06-29,4,0.8968727415327259,0.4422886902189251,180,0.0592145720171936,-0.9982452777052444,0.0104,0.0101999999999999,0.00923,0.0086,0.00957,
2023-06-29 04:30:00,2023-06-29,4,0.9238795325112494,0.38268343236518,180,0.0590356899113649,-0.99825587266827,0.0237,0.0233999999999999,0.0188,0.0166,0.02,
2023-06-29 04:45:00,2023-06-29,4,0.9469301294950888,0.3214394653032116,180,0.0588568059098367,-0.9982664355762404,0.039,0.0384,0.0318,0.0282,0.0339,
2023-06-29 05:00:00,2023-06-29,5,0.9659258262890662,0.2588190451025285,180,0.0586779200183544,-0.998276966428816,0.0476,0.0469,0.0395,0.0357,0.0416,
2023-06-29 05:15:00,2023-06-29,5,0.9807852804031932,0.1950903220163152,180,0.0584990322426619,-0.9982874652256594,0.0402,0.0396,0.0322999999999999,0.0296,0.0342,
2023-06-29 05:30:00,2023-06-29,5,0.9914448613737914,0.1305261922201962,180,0.0583201425885029,-0.9982979319664328,0.059,0.0583,0.0487,0.0437,0.052,
2023-06-29 05:45:00,2023-06-29,5,0.9978589232385968,0.0654031292302439,180,0.0581412510616227,-0.9983083666508006,0.0673,0.0665999999999999,0.0567,0.0512,0.0598,
2023-06-29 06:00:00,2023-06-29,6,1.0,5.6338085625234373e-14,180,0.0579623576677648,-0.9983187692784274,0.0756,0.0749,0.0660999999999999,0.0597,0.0687,
2023-06-29 06:15:00,2023-06-29,6,0.9978589232386044,-0.0654031292301315,180,0.057783462412675,-0.9983291398489792,0.131,0.13,0.129,0.117,0.132,
2023-06-29 06:30:00,2023-06-29,6,0.991444861373806,-0.1305261922200845,180,0.057604565302096,-0.9983394783621232,0.133,0.133,0.125,0.111,0.129,
2023-06-29 06:45:00,2023-06-29,6,0.9807852804032152,-0.1950903220162047,180,0.0574256663417738,-0.9983497848175276,0.158,0.158,0.149,0.132,0.153,
2023-06-29 07:00:00,2023-06-29,7,0.9659258262890954,-0.2588190451024197,180,0.0572467655374525,-0.9983600592148606,0.225,0.37,0.285,0.209,0.308,
2023-06-29 07:15:00,2023-06-29,7,0.9469301294951248,-0.3214394653031049,180,0.0570678628948763,-0.998370301553793,0.24,0.409,0.324,0.242,0.349,
2023-06-29 07:30:00,2023-06-29,7,0.9238795325112924,-0.3826834323650758,180,0.056888958419791,-0.9983805118339956,0.253,0.259,0.223,0.19,0.236,
2023-06-29 07:45:00,2023-06-29,7,0.8968727415326752,-0.4422886902190279,180,0.0567100521179404,-0.9983906900551408,0.265,0.262,0.232,0.204,0.245,
2023-06-29 08:00:00,2023-06-29,8,0.8660254037845151,-0.4999999999998676,180,0.0565311439950707,-0.9984008362169016,0.12,0.118,0.126,0.118,0.126,
2023-06-29 08:15:00,2023-06-29,8,0.8314696123026053,-0.5555702330195124,180,0.0563522340569252,-0.9984109503189524,0.182,0.18,0.178,0.164,0.184,
2023-06-29 08:30:00,2023-06-29,8,0.7933533402912737,-0.6087614290086704,180,0.05617332230925,-0.998421032360968,0.169,0.167,0.169,0.158,0.172,
2023-06-29 08:45:00,2023-06-29,8,0.7518398074789896,-0.659345815100055,180,0.0559944087577899,-0.998431082342625,0.2,0.197,0.213,0.199,0.215,
2023-06-29 09:00:00,2023-06-29,9,0.7071067811865289,-0.7071067811865661,180,0.0558154934082895,-0.9984411002636006,0.292,0.291,0.281,0.252,0.291,
2023-06-29 09:15:00,2023-06-29,9,0.6593458151000154,-0.7518398074790242,180,0.0556365762664947,-0.9984510861235728,0.415,0.471,0.423,0.363,0.448,
2023-06-29 09:30:00,2023-06-29,9,0.6087614290088091,-0.7933533402911672,180,0.0554576573381505,-0.9984610399222216,0.339,0.392,0.373,0.326,0.389,
2023-06-29 09:45:00,2023-06-29,9,0.5555702330196578,-0.8314696123025082,180,0.0552787366290021,-0.9984709616592268,0.361,0.802,0.747,0.635,0.79,
2023-06-29 10:00:00,2023-06-29,10,0.5000000000000191,-0.8660254037844276,180,0.0550998141447943,-0.9984808513342702,0.291,0.837,0.796,0.696,0.849,
2023-06-29 10:15:00,2023-06-29,10,0.4422886902189809,-0.8968727415326984,180,0.0549208898912735,-0.998490708947034,0.298,0.906,0.837,0.755,0.918,
2023-06-29 10:30:00,2023-06-29,10,0.3826834323652374,-0.9238795325112256,180,0.0547419638741847,-0.9985005344972016,0.269,0.887,0.82,0.758,0.914,
2023-06-29 10:45:00,2023-06-29,10,0.3214394653032705,-0.9469301294950688,180,0.0545630360992729,-0.9985103279844578,0.293,0.92,0.851,0.795,0.95,
2023-06-29 11:00:00,2023-06-29,11,0.2588190451025887,-0.96592582628905,180,0.0543841065722845,-0.9985200894084878,0.302,0.921,0.853,0.795,0.946,
2023-06-29 11:15:00,2023-06-29,11,0.1950903220161533,-0.9807852804032254,180,0.0542051752989647,-0.9985298187689782,0.321,0.732,0.709,0.656,0.767,
2023-06-29 11:30:00,2023-06-29,11,0.1305261922200325,-0.9914448613738128,180,0.0540262422850593,-0.9985395160656168,0.29,0.917,0.889,0.81,0.951,
2023-06-29 11:45:00,2023-06-29,11,0.0654031292300791,-0.9978589232386076,180,0.0538473075363135,-0.998549181298092,0.287,0.914,0.901,0.808,0.946,
2023-06-29 12:00:00,2023-06-29,12,1.1857180734420051e-13,-1.0,180,0.0536683710584739,-0.9985588144660934,0.27,0.9,0.887,0.789,0.925,
2023-06-29 12:15:00,2023-06-29,12,-0.0654031292300694,-0.9978589232386084,180,0.053489432857286,-0.998568415569312,0.277,0.888,0.871,0.773,0.909,
2023-06-29 12:30:00,2023-06-29,12,-0.1305261922200228,-0.9914448613738142,180,0.0533104929384952,-0.998577984607439,0.271,0.883,0.86,0.762,0.898,
2023-06-29 12:45:00,2023-06-29,12,-0.1950903220161437,-0.9807852804032272,180,0.0531315513078483,-0.9985875215801676,0.272,0.868,0.84,0.744,0.879,
2023-06-29 13:00:00,2023-06-29,13,-0.2588190451023596,-0.9659258262891116,180,0.052952607971091,-0.9985970264871912,0.292,0.861,0.822,0.73,0.862,
2023-06-29 13:15:00,2023-06-29,13,-0.321439465303046,-0.9469301294951448,180,0.0527736629339692,-0.9986064993282048,0.295,0.849,0.801,0.714,0.842,
2023-06-29 13:30:00,2023-06-29,13,-0.3826834323650184,-0.9238795325113164,180,0.0525947162022287,-0.998615940102904,0.301,0.825,0.772,0.694,0.813,
2023-06-29 13:45:00,2023-06-29,13,-0.4422886902189721,-0.8968727415327027,180,0.0524157677816165,-0.998625348810986,0.307,0.801,0.731,0.661,0.773,
2023-06-29 14:00:00,2023-06-29,14,-0.5000000000000107,-0.8660254037844325,180,0.0522368176778783,-0.9986347254521484,0.318,0.781,0.693,0.628,0.738,
2023-06-29 14:15:00,2023-06-29,14,-0.5555702330196497,-0.8314696123025136,180,0.0520578658967601,-0.9986440700260903,0.295,0.738,0.646,0.588,0.691,
2023-06-29 14:30:00,2023-06-29,14,-0.6087614290088014,-0.7933533402911732,180,0.051878912444009,-0.9986533825325116,0.29,0.694,0.597,0.545,0.641,
2023-06-29 14:45:00,2023-06-29,14,-0.6593458151000081,-0.7518398074790307,180,0.051699957325371,-0.998662662971113,0.43,0.696,0.588,0.532,0.634,
2023-06-29 15:00:00,2023-06-29,15,-0.707106781186522,-0.707106781186573,180,0.0515210005465925,-0.9986719113415968,0.365,0.431,0.362,0.329,0.388,
2023-06-29 15:15:00,2023-06-29,15,-0.7518398074789832,-0.6593458151000623,180,0.0513420421134196,-0.9986811276436658,0.335,0.621,0.509,0.463,0.555,
2023-06-29 15:30:00,2023-06-29,15,-0.7933533402911294,-0.6087614290088585,180,0.0511630820315997,-0.9986903118770242,0.329,0.489,0.387,0.35,0.424,
2023-06-29 15:45:00,2023-06-29,15,-0.8314696123024735,-0.5555702330197095,180,0.0509841203068789,-0.998699464041377,0.262,0.502,0.377,0.34,0.42,
2023-06-29 16:00:00,2023-06-29,16,-0.8660254037843965,-0.5000000000000729,180,0.0508051569450035,-0.9987085841364304,0.238,0.445,0.318,0.284,0.359,
2023-06-29 16:15:00,2023-06-29,16,-0.8968727415326708,-0.4422886902190367,180,0.0506261919517214,-0.9987176721618916,0.197,0.377,0.258,0.232,0.296,
2023-06-29 16:30:00,2023-06-29,16,-0.9238795325112888,-0.3826834323650849,180,0.0504472253327778,-0.9987267281174684,0.183,0.328,0.209,0.189,0.246,
2023-06-29 16:45:00,2023-06-29,16,-0.9469301294951218,-0.3214394653031142,180,0.0502682570939206,-0.9987357520028706,0.161,0.274,0.165,0.15,0.197,
2023-06-29 17:00:00,2023-06-29,17,-0.9659258262890928,-0.2588190451024291,180,0.050089287240896,-0.998744743817808,0.144,0.225,0.131,0.117,0.155,
2023-06-29 17:15:00,2023-06-29,17,-0.9807852804032132,-0.1950903220162143,180,0.0499103157794516,-0.998753703561992,0.133,0.199,0.106,0.0954,0.127,
2023-06-29 17:30:00,2023-06-29,17,-0.9914448613738048,-0.1305261922200942,180,0.049731342715334,-0.9987626312351348,0.125,0.128,0.0916,0.0825,0.0988,
2023-06-29 17:45:00,2023-06-29,17,-0.9978589232386036,-0.0654031292301412,180,0.0495523680542898,-0.99877152683695,0.0994,0.0982,0.0780999999999999,0.0714,0.0824,
2023-06-29 18:00:00,2023-06-29,18,-1.0,-1.8080552906316666e-13,180,0.0493733918020674,-0.9987803903671516,0.0679,0.0673,0.0557,0.0507,0.0587,
2023-06-29 18:15:00,2023-06-29,18,-0.9978589232386124,0.0654031292300073,180,0.0491944139644121,-0.998789221825455,0.0387999999999999,0.0385,0.0321,0.0291,0.0336,
2023-06-29 18:30:00,2023-06-29,18,-0.9914448613738224,0.1305261922199611,180,0.0490154345470724,-0.9987980212115768,0.0277,0.0276,0.0208,0.019,0.0217,
2023-06-29 18:45:00,2023-06-29,18,-0.9807852804032396,0.1950903220160826,180,0.0488364535557947,-0.9988067885252346,0.0130999999999999,0.0129,0.0101999999999999,0.00913,0.0104,
2023-06-29 19:00:00,2023-06-29,19,-0.9659258262890688,0.2588190451025191,180,0.048657470996327,-0.9988155237661464,0.00215,0.00235,0.00246,0.00211,0.00198,
2023-06-29 19:15:00,2023-06-29,19,-0.9469301294950918,0.3214394653032024,180,0.0484784868744163,-0.9988242269340322,-0.00145,-0.00105,-0.000165,-2.29e-05,-0.000771,
2023-06-29 19:30:00,2023-06-29,19,-0.9238795325112532,0.3826834323651709,180,0.0482995011958096,-0.9988328980286122,-0.0022299999999999,-0.00174,-0.000865,-0.000787,-0.0018,
2023-06-29 19:45:00,2023-06-29,19,-0.8968727415327302,0.4422886902189163,180,0.0481205139662555,-0.998841537049608,-0.0016899999999999,-0.00134,-0.0007,-0.000554,-0.0012,
2023-06-29 20:00:00,2023-06-29,20,-0.8660254037844636,0.4999999999999567,180,0.0479415251914997,-0.9988501439967424,-0.00209,-0.0016799999999999,-0.000824,-0.000696,-0.00154,
2023-06-29 20:15:00,2023-06-29,20,-0.8314696123025481,0.555570233019598,180,0.0477625348772912,-0.9988587188697386,-0.0020299999999999,-0.00162,-0.0007,-0.000313,-0.00117,
2023-06-29 20:30:00,2023-06-29,20,-0.7933533402913495,0.6087614290085717,180,0.047583543029377,-0.9988672616683216,-0.00179,-0.00163,-0.000769,-0.000573,-0.00133,
2023-06-29 20:45:00,2023-06-29,20,-0.7518398074790716,0.6593458150999614,180,0.0474045496535042,-0.9988757723922173,-0.0022,-0.00184,-0.000882,-0.00081,-0.00162,
2023-06-29 21:00:00,2023-06-29,21,-0.707106781186617,0.7071067811864781,180,0.0472255547554216,-0.9988842510411516,-0.00244,-0.0019,-0.000834,-0.000807,-0.0018,
2023-06-29 21:15:00,2023-06-29,21,-0.659345815100109,0.7518398074789422,180,0.0470465583408758,-0.9988926976148532,-0.00226,-0.00182,-0.000869,-0.000822,-0.00181,
2023-06-29 21:30:00,2023-06-29,21,-0.6087614290087275,0.7933533402912298,180,0.046867560415616,-0.9989011121130502,-0.00178,-0.00134,-0.000517,-0.000463,-0.00139,
2023-06-29 21:45:00,2023-06-29,21,-0.5555702330195722,0.8314696123025653,180,0.0466885609853882,-0.9989094945354728,-0.00181,-0.0014399999999999,-0.000517,-0.000302,-0.00129,
2023-06-29 22:00:00,2023-06-29,22,-0.4999999999999299,0.8660254037844791,180,0.0465095600559417,-0.9989178448818516,-0.0018,-0.00135,-0.000507,-0.000294,-0.00117,
2023-06-29 22:15:00,2023-06-29,22,-0.4422886902190925,0.8968727415326433,180,0.0463305576330238,-0.9989261631519184,-0.00139,-0.00111,-0.000365,-1.91e-05,-0.000733,
2023-06-29 22:30:00,2023-06-29,22,-0.3826834323651424,0.923879532511265,180,0.0461515537223821,-0.9989344493454064,0.000538,0.000521,0.000917,0.00107,0.00101,
2023-06-29 22:45:00,2023-06-29,22,-0.3214394653031731,0.9469301294951018,180,0.0459725483297655,-0.998942703462049,0.000219,0.000252,0.000576,0.000742,0.00066,
2023-06-29 23:00:00,2023-06-29,23,-0.2588190451027089,0.965925826289018,180,0.0457935414609216,-0.9989509255015818,-0.000939,-0.000826,-0.000207,-0.000115,-0.000407,
2023-06-29 23:15:00,2023-06-29,23,-0.1950903220162753,0.9807852804032012,180,0.0456145331215985,-0.9989591154637404,-0.000997,-0.00077,-0.000421,-0.00031,-0.000703,
2023-06-29 23:30:00,2023-06-29,23,-0.1305261922201559,0.9914448613737968,180,0.0454355233175439,-0.998967273348262,-0.0023,-0.00197,-0.00102,-0.000898,-0.0018,
2023-06-29 23:45:00,2023-06-29,23,-0.0654031292302033,0.9978589232385996,180,0.0452565120545068,-0.9989753991548842,-0.00246,-0.00199,-0.000934,-0.000833,-0.00178,
