Time,date,hour,hour_sin,hour_cos,day_of_year,doy_sin,doy_cos,Diffus_kW,Global0_kW,Global45_kW,Global60_kW,Global30_kW,ClearSky0_kW
2023-01-06 00:00:00,2023-01-06,0,-4.777360477947854e-15,1.0,6,0.0859078639308598,0.9963030858703776,-0.00218,-0.00195,-0.00116,-0.00115,-0.0019,
2023-01-06 00:15:00,2023-01-06,0,0.0654031292301404,0.9978589232386036,6,0.0860863956744526,0.99628767556353,-0.0020099999999999,-0.00185,-0.000996,-0.000875,-0.00174,
2023-01-06 00:30:00,2023-01-06,0,0.1305261922200511,0.9914448613738104,6,0.0862649246537199,0.996272233264828,-0.00191,-0.00157,-0.000927,-0.000795,-0.00139,
2023-01-06 00:45:00,2023-01-06,0,0.1950903220161264,0.9807852804032308,6,0.0864434508629289,0.9962567589747676,-0.00145,-0.00114,-0.000376,-0.000333,-0.00105,
2023-01-06 01:00:00,2023-01-06,1,0.258819045102521,0.9659258262890682,6,0.0866219742963471,0.9962412526938458,-0.0012,-0.000982,-0.000524,-0.00039,-0.00084,
2023-01-06 01:15:00,2023-01-06,1,0.3214394653031605,0.946930129495106,6,0.0868004949482417,0.99622571442256,-0.00139,-0.00123,-0.000376,-0.000359,-0.00115,
2023-01-06 01:30:00,2023-01-06,1,0.3826834323650906,0.9238795325112864,6,0.0869790128128803,0.9962101441614096,-0.000823,-0.000691,1.38e-05,-1.53e-05,-0.000471,
2023-01-06 01:45:00,2023-01-06,1,0.4422886902189977,0.89687274153269,6,0.0871575278845305,0.9961945419108946,-0.000889,-0.000706,-3.1e-05,-0.000168,-0.000167,
2023-01-06 02:00:00,2023-01-06,2,0.4999999999999984,0.8660254037844396,6,0.0873360401574601,0.9961789076715158,-0.0011799999999999,-0.00107,-0.000648,-0.00055,-0.00081,
2023-01-06 02:15:00,2023-01-06,2,0.5555702330195995,0.831469612302547,6,0.0875145496259367,0.9961632414437752,-0.0005,-0.000496,0.000145,6.879999999999999e-05,-0.000407,
2023-01-06 02:30:00,2023-01-06,2,0.6087614290087198,0.7933533402912358,6,0.0876930562842282,0.9961475432281762,-0.000463,-0.000465,-0.000114,-0.000172,-0.000176,
2023-01-06 02:45:00,2023-01-06,2,0.6593458151000696,0.7518398074789767,6,0.0878715601266027,0.9961318130252224,0.000141,0.000227,0.000245,0.000191,-9e-05,
2023-01-06 03:00:00,2023-01-06,3,0.7071067811865448,0.7071067811865503,6,0.0880500611473282,0.9961160508354192,3.72e-05,0.000149,4.48e-05,8.03e-05,-0.000377,
2023-01-06 03:15:00,2023-01-06,3,0.7518398074789763,0.6593458151000702,6,0.0882285593406728,0.9961002566592728,-0.000376,-0.000298,-0.000317,-0.000126,-0.000283,
2023-01-06 03:30:00,2023-01-06,3,0.7933533402912354,0.6087614290087203,6,0.0884070547009047,0.9960844304972905,-0.00024,-0.00034,0.000214,0.000115,-0.000266,
2023-01-06 03:45:00,2023-01-06,3,0.8314696123025467,0.5555702330196002,6,0.0885855472222923,0.9960685723499798,-5.79e-05,7.8e-05,-0.000114,7.65e-05,-0.000317,
2023-01-06 04:00:00,2023-01-06,4,0.8660254037844374,0.5000000000000021,6,0.088764036899104,0.9960526822178506,-0.000749,-0.000617,-0.000393,-0.000352,-0.000754,
2023-01-06 04:15:00,2023-01-06,4,0.8968727415326881,0.4422886902190016,6,0.0889425237256082,0.996036760101413,-0.00108,-0.00102,-0.000534,-0.000558,-0.0011799999999999,
2023-01-06 04:30:00,2023-01-06,4,0.9238795325112849,0.3826834323650946,6,0.0891210076960737,0.996020806001178,-0.000984,-0.000901,-0.000379,-0.000375,-0.00099,
2023-01-06 04:45:00,2023-01-06,4,0.9469301294951048,0.3214394653031645,6,0.0892994888047691,0.9960048199176584,-0.00174,-0.00147,-0.00109,-0.00091,-0.00173,
2023-01-06 05:00:00,2023-01-06,5,0.965925826289068,0.2588190451025217,6,0.0894779670459631,0.995988801851367,-0.00242,-0.00213,-0.00132,-0.00116,-0.00209,
2023-01-06 05:15:00,2023-01-06,5,0.9807852804032308,0.1950903220161271,6,0.0896564424139246,0.9959727518028184,-0.00256,-0.0022299999999999,-0.00141,-0.0011,-0.00222,
2023-01-06 05:30:00,2023-01-06,5,0.9914448613738108,0.1305261922200483,6,0.0898349149029227,0.9959566697725282,-0.00287,-0.0025499999999999,-0.00151,-0.0011899999999999,-0.00272,
2023-01-06 05:45:00,2023-01-06,5,0.9978589232386034,0.0654031292301447,6,0.0900133845072263,0.9959405557610124,-0.00246,-0.0020499999999999,-0.00134,-0.000837,-0.00213,
2023-01-06 06:00:00,2023-01-06,6,1.0,-4.904777002955296e-16,6,0.0901918512211047,0.9959244097687888,-0.0022,-0.00184,-0.00111,-0.0007,-0.00174,
2023-01-06 06:15:00,2023-01-06,6,0.9978589232386038,-0.0654031292301386,6,0.090370315038827,0.9959082317963754,-0.000364,-0.000209,8.96e-05,0.000386,-0.000167,
2023-01-06 06:30:00,2023-01-06,6,0.9914448613738108,-0.1305261922200493,6,0.0905487759546626,0.9958920218442924,-0.000108,-2.84e-05,0.000262,0.000505,-2.14e-05,
2023-01-06 06:45:00,2023-01-06,6,0.9807852804032304,-0.195090322016128,6,0.0907272339628809,0.9958757799130596,0.000984,0.00125,0.00146,0.0014299999999999,0.000818,
2023-01-06 07:00:00,2023-01-06,7,0.9659258262890678,-0.2588190451025227,6,0.0909056890577515,0.995859506003199,0.00574,0.00595,0.00536,0.0048899999999999,0.00501,
2023-01-06 07:15:00,2023-01-06,7,0.9469301294951066,-0.3214394653031587,6,0.0910841412335439,0.9958432001152328,0.0163999999999999,0.0165,0.0156,0.0143,0.0155,
2023-01-06 07:30:00,2023-01-06,7,0.9238795325112872,-0.382683432365089,6,0.091262590484528,0.9958268622496852,0.0292,0.0295,0.0377,0.0361,0.0356,
2023-01-06 07:45:00,2023-01-06,7,0.8968727415326909,-0.4422886902189961,6,0.0914410368049734,0.9958104924070802,0.0462,0.0471,0.0645,0.061,0.0608,
2023-01-06 08:00:00,2023-01-06,8,0.8660254037844405,-0.4999999999999968,6,0.0916194801891501,0.9957940905879438,0.0693,0.102,0.216,0.212,0.196,
2023-01-06 08:15:00,2023-01-06,8,0.8314696123025461,-0.555570233019601,6,0.0917979206313281,0.9957776567928024,0.0844,0.131,0.272,0.267,0.255,
2023-01-06 08:30:00,2023-01-06,8,0.7933533402912348,-0.6087614290087211,6,0.0919763581257775,0.9957611910221842,0.0867,0.0862,0.109,0.102,0.106,
2023-01-06 08:45:00,2023-01-06,8,0.7518398074789756,-0.659345815100071,6,0.0921547926667684,0.9957446932766174,0.0790999999999999,0.0912999999999999,0.166,0.165,0.141,
2023-01-06 09:00:00,2023-01-06,9,0.7071067811865491,-0.707106781186546,6,0.0923332242485711,0.995728163556632,0.132,0.151,0.219,0.211,0.221,
2023-01-06 09:15:00,2023-01-06,9,0.659345815100069,-0.7518398074789774,6,0.0925116528654561,0.995711601862759,0.165,0.188,0.284,0.278,0.255,
2023-01-06 09:30:00,2023-01-06,9,0.6087614290087247,-0.7933533402912321,6,0.0926900785116937,0.9956950081955296,0.188,0.215,0.352,0.347,0.327,
2023-01-06 09:45:00,2023-01-06,9,0.5555702330196046,-0.8314696123025437,6,0.0928685011815545,0.9956783825554774,0.204,0.239,0.409,0.406,0.383,
2023-01-06 10:00:00,2023-01-06,10,0.5000000000000007,-0.8660254037844383,6,0.0930469208693093,0.9956617249431358,0.189,0.208,0.343,0.341,0.317,
2023-01-06 10:15:00,2023-01-06,10,0.442288690219,-0.8968727415326889,6,0.0932253375692287,0.9956450353590396,0.225,0.474,0.902,0.91,0.829,
2023-01-06 10:30:00,2023-01-06,10,0.382683432365093,-0.9238795325112854,6,0.0934037512755835,0.9956283138037252,0.209,0.208,0.228,0.214,0.23,
2023-01-06 10:45:00,2023-01-06,10,0.3214394653031629,-0.9469301294951052,6,0.0935821619826448,0.995611560277729,0.198,0.196,0.217,0.206,0.217,
2023-01-06 11:00:00,2023-01-06,11,0.2588190451025201,-0.9659258262890684,6,0.0937605696846837,0.9955947747815892,0.281,0.279,0.346,0.332,0.341,
2023-01-06 11:15:00,2023-01-06,11,0.1950903220161324,-0.9807852804032297,6,0.0939389743759711,0.9955779573158452,0.203,0.363,0.641,0.65,0.615,
2023-01-06 11:30:00,2023-01-06,11,0.1305261922200536,-0.9914448613738102,6,0.0941173760507784,0.9955611078810362,0.183,0.191,0.27,0.264,0.261,
2023-01-06 11:45:00,2023-01-06,11,0.065403129230143,-0.9978589232386036,6,0.0942957747033769,0.995544226477704,0.183,0.182,0.202,0.19,0.203,
2023-01-06 12:00:00,2023-01-06,12,-2.2056021997384123e-15,-1.0,6,0.094474170328038,0.9955273131063904,0.195,0.195,0.223,0.21,0.224,
2023-01-06 12:15:00,2023-01-06,12,-0.0654031292301403,-0.9978589232386036,6,0.0946525629190332,0.9955103677676382,0.18,0.178,0.165,0.149,0.173,
2023-01-06 12:30:00,2023-01-06,12,-0.130526192220051,-0.9914448613738104,6,0.0948309524706343,0.995493390461992,0.166,0.164,0.138,0.122,0.148,
2023-01-06 12:45:00,2023-01-06,12,-0.1950903220161228,-0.9807852804032317,6,0.0950093389771128,0.9954763811899968,0.151,0.15,0.121,0.106,0.13,
2023-01-06 13:00:00,2023-01-06,13,-0.2588190451025174,-0.9659258262890692,6,0.0951877224327406,0.9954593399521988,0.117,0.116,0.092,0.0803,0.0996,
2023-01-06 13:15:00,2023-01-06,13,-0.3214394653031603,-0.946930129495106,6,0.0953661028317897,0.9954422667491452,0.101,0.1,0.08,0.0702,0.0861,
2023-01-06 13:30:00,2023-01-06,13,-0.3826834323650905,-0.9238795325112864,6,0.0955444801685321,0.9954251615813844,0.11,0.109,0.0912,0.0809,0.0975999999999999,
2023-01-06 13:45:00,2023-01-06,13,-0.4422886902190039,-0.8968727415326869,6,0.0957228544372398,0.9954080244494652,0.0991,0.0983,0.0823,0.072,0.0885,
2023-01-06 14:00:00,2023-01-06,14,-0.4999999999999983,-0.8660254037844396,6,0.0959012256321851,0.9953908553539382,0.0635,0.0628,0.0554,0.0489,0.0584,
2023-01-06 14:15:00,2023-01-06,14,-0.5555702330196024,-0.8314696123025451,6,0.0960795937476402,0.9953736542953548,0.0517,0.0513,0.0416,0.0361,0.0445,
2023-01-06 14:30:00,2023-01-06,14,-0.6087614290087169,-0.793353340291238,6,0.0962579587778777,0.9953564212742672,0.0507,0.0502,0.0389,0.0329,0.0426,
2023-01-06 14:45:00,2023-01-06,14,-0.6593458151000668,-0.7518398074789792,6,0.09643632071717,0.9953391562912288,0.0243,0.0241,0.0192,0.0168,0.0202,
2023-01-06 15:00:00,2023-01-06,15,-0.7071067811865471,-0.7071067811865479,6,0.0966146795597897,0.995321859346794,0.0272,0.027,0.0226999999999999,0.02,0.0236,
2023-01-06 15:15:00,2023-01-06,15,-0.7518398074789785,-0.6593458151000676,6,0.0967930353000096,0.9953045304415182,0.0201,0.0198999999999999,0.0179,0.0161,0.0184,
2023-01-06 15:30:00,2023-01-06,15,-0.7933533402912332,-0.6087614290087232,6,0.0969713879321023,0.995287169575958,0.0132,0.0129,0.0113,0.0101,0.011,
2023-01-06 15:45:00,2023-01-06,15,-0.8314696123025446,-0.5555702330196032,6,0.097149737450341,0.9952697767506706,0.00523,0.00509,0.00487,0.00456,0.00409,
2023-01-06 16:00:00,2023-01-06,16,-0.8660254037844392,-0.4999999999999991,6,0.0973280838489984,0.9952523519662148,0.0034,0.00328,0.00374,0.00368,0.00295,
2023-01-06 16:15:00,2023-01-06,16,-0.8968727415326866,-0.4422886902190048,6,0.0975064271223479,0.99523489522315,0.00104,0.00107,0.00112,0.000986,0.000291,
2023-01-06 16:30:00,2023-01-06,16,-0.923879532511286,-0.3826834323650914,6,0.0976847672646625,0.9952174065220366,-0.000136,-0.000152,3.1e-05,3.06e-05,-0.000771,
2023-01-06 16:45:00,2023-01-06,16,-0.9469301294951058,-0.3214394653031613,6,0.0978631042702155,0.9951998858634364,-0.000145,-2.13e-05,0.000259,0.00021,-0.000527,
2023-01-06 17:00:00,2023-01-06,17,-0.9659258262890688,-0.2588190451025184,6,0.0980414381332805,0.995182333247912,-0.000385,-0.000248,0.000155,0.000111,-0.000771,
2023-01-06 17:15:00,2023-01-06,17,-0.98078528040323,-0.1950903220161307,6,0.0982197688481309,0.9951647486760268,-0.000744,-0.00061,-0.0003,-0.000302,-0.00126,
2023-01-06 17:30:00,2023-01-06,17,-0.9914448613738104,-0.1305261922200519,6,0.0983980964090402,0.9951471321483458,-0.000616,-0.000504,-0.000162,-0.000119,-0.00101,
2023-01-06 17:45:00,2023-01-06,17,-0.9978589232386031,-0.0654031292301483,6,0.0985764208102823,0.9951294836654344,-0.000385,-0.00033,-0.000183,-0.000176,-0.000823,
2023-01-06 18:00:00,2023-01-06,18,-1.0,-3.1847006584197066e-15,6,0.0987547420461309,0.9951118032278596,-0.000211,-7.8e-05,0.000124,3.82e-05,-0.000634,
2023-01-06 18:15:00,2023-01-06,18,-0.9978589232386036,0.065403129230142,6,0.09893306011086,0.9950940908361888,-0.00048,-0.000433,-4.14e-05,-0.000134,-0.000771,
2023-01-06 18:30:00,2023-01-06,18,-0.9914448613738104,0.1305261922200526,6,0.0991113749987435,0.9950763464909907,-0.000422,-0.000298,-0.000245,-0.000122,-0.00075,
2023-01-06 18:45:00,2023-01-06,18,-0.9807852804032298,0.1950903220161314,6,0.0992896867040557,0.9950585701928356,-0.000533,-0.000411,-0.00011,1.3e-20,-0.000617,
2023-01-06 19:00:00,2023-01-06,19,-0.9659258262890688,0.2588190451025191,6,0.0994679952210706,0.995040761942294,-0.00157,-0.00141,-0.00082,-0.000673,-0.00157,
2023-01-06 19:15:00,2023-01-06,19,-0.9469301294951056,0.321439465303162,6,0.0996463005440627,0.9950229217399378,-0.00133,-0.00111,-0.000627,-0.000623,-0.00141,
2023-01-06 19:30:00,2023-01-06,19,-0.9238795325112884,0.3826834323650855,6,0.0998246026673063,0.9950050495863396,-0.00103,-0.000954,-0.000507,-0.000558,-0.00117,
2023-01-06 19:45:00,2023-01-06,19,-0.8968727415326894,0.4422886902189991,6,0.1000029015850761,0.994987145482074,-0.000459,-0.000496,2.76e-05,0.000398,-0.000835,
2023-01-06 20:00:00,2023-01-06,20,-0.8660254037844388,0.4999999999999998,6,0.1001811972916465,0.994969209427715,0.000145,9.57e-05,0.000293,0.000558,-0.000514,
2023-01-06 20:15:00,2023-01-06,20,-0.8314696123025442,0.5555702330196038,6,0.1003594897812925,0.9949512414238392,0.000339,0.00055,0.000531,0.000768,-0.000381,
2023-01-06 20:30:00,2023-01-06,20,-0.793353340291237,0.6087614290087182,6,0.1005377790482887,0.9949332414710232,7.03e-05,0.000355,0.000455,0.000638,-0.000497,
2023-01-06 20:45:00,2023-01-06,20,-0.751839807478978,0.6593458151000682,6,0.1007160650869101,0.9949152095698454,-0.00103,-0.00104,-0.000624,-0.000455,-0.0011,
2023-01-06 21:00:00,2023-01-06,21,-0.7071067811865517,0.7071067811865434,6,0.1008943478914319,0.9948971457208844,-0.00125,-0.000989,-0.000514,-0.000298,-0.00151,
2023-01-06 21:15:00,2023-01-06,21,-0.6593458151000717,0.7518398074789749,6,0.1010726274561291,0.9948790499247204,-0.00164,-0.00139,-0.000817,-0.000593,-0.00198,
2023-01-06 21:30:00,2023-01-06,21,-0.6087614290087219,0.7933533402912342,6,0.1012509037752769,0.9948609221819348,-1.24e-05,4.26e-05,0.00011,0.000386,-0.000236,
2023-01-06 21:45:00,2023-01-06,21,-0.5555702330196017,0.8314696123025456,6,0.1014291768431509,0.9948427624931092,-0.00126,-0.00121,-0.000751,-0.000409,-0.00128,
2023-01-06 22:00:00,2023-01-06,22,-0.4999999999999976,0.86602540378444,6,0.1016074466540263,0.9948245708588268,-0.000583,-0.000592,-0.000265,-9.94e-05,-0.00108,
2023-01-06 22:15:00,2023-01-06,22,-0.4422886902190033,0.8968727415326873,6,0.1017857132021788,0.9948063472796722,-4.14e-05,-6.740000000000001e-05,-1.38e-05,0.000111,-0.00069,
2023-01-06 22:30:00,2023-01-06,22,-0.3826834323650899,0.9238795325112868,6,0.1019639764818841,0.9947880917562302,0.000157,8.87e-05,0.000152,0.000226,-0.000463,
2023-01-06 22:45:00,2023-01-06,22,-0.3214394653031664,0.946930129495104,6,0.1021422364874179,0.994769804289087,-0.00024,-0.000252,-8.620000000000001e-05,7.259999999999999e-05,-0.000698,
2023-01-06 23:00:00,2023-01-06,23,-0.2588190451025236,0.9659258262890676,6,0.1023204932130561,0.99475148487883,-0.000124,-8.87e-05,2.07e-05,0.000195,-0.000544,
2023-01-06 23:15:00,2023-01-06,23,-0.195090322016129,0.9807852804032304,6,0.1024987466530747,0.9947331335260472,-6.62e-05,-4.26e-05,3.79e-05,0.000233,-0.00054,
2023-01-06 23:30:00,2023-01-06,23,-0.1305261922200502,0.9914448613738106,6,0.1026769968017498,0.994714750231328,7.03e-05,1.06e-05,7.240000000000001e-05,0.000313,-0.000317,
2023-01-06 23:45:00,2023-01-06,23,-0.0654031292301466,0.9978589232386031,6,0.1028552436533576,0.994696334995263,-5.79e-05,-7.09e-05,5.86e-05,0.000149,-0.000548,
2023-01-07 00:00:00,2023-01-07,0,-1.469576158976824e-15,1.0,7,0.1030334872021744,0.9946778878184432,-0.000203,-0.000234,-8.27e-05,5.73e-05,-0.000643,
2023-01-07 00:15:00,2023-01-07,0,0.0654031292301437,0.9978589232386036,7,0.1032117274424765,0.994659408701461,-0.000269,-0.000309,-6.890000000000001e-05,-1.3e-20,-0.000677,
2023-01-07 00:30:00,2023-01-07,0,0.1305261922200473,0.9914448613738108,7,0.1033899643685406,0.9946408976449098,-0.00043,-0.000394,-0.000121,-2.29e-05,-0.000694,
2023-01-07 00:45:00,2023-01-07,0,0.1950903220161261,0.9807852804032308,7,0.1035681979746433,0.994622354649384,-0.000575,-0.000543,-0.0003,-1.53e-05,-0.000771,
2023-01-07 01:00:00,2023-01-07,1,0.2588190451025207,0.9659258262890684,7,0.1037464282550612,0.9946037797154792,-0.000707,-0.000699,-0.000376,-0.000134,-0.000977,
2023-01-07 01:15:00,2023-01-07,1,0.3214394653031636,0.946930129495105,7,0.1039246552040713,0.9945851728437916,-0.000868,-0.000812,-0.000431,-0.000195,-0.00103,
2023-01-07 01:30:00,2023-01-07,1,0.3826834323650872,0.9238795325112878,7,0.1041028788159503,0.9945665340349188,-0.00181,-0.00165,-0.00105,-0.000711,-0.0019399999999999,
2023-01-07 01:45:00,2023-01-07,1,0.4422886902190007,0.8968727415326886,7,0.1042810990849755,0.9945478632894597,-0.00249,-0.00213,-0.00139,-0.000975,-0.00235,
2023-01-07 02:00:00,2023-01-07,2,0.4999999999999951,0.8660254037844415,7,0.104459316005424,0.994529160608013,-0.00271,-0.00227,-0.00147,-0.0011,-0.00228,
2023-01-07 02:15:00,2023-01-07,2,0.5555702330195993,0.8314696123025471,7,0.104637529571573,0.99451042599118,-0.00267,-0.0023,-0.00138,-0.00103,-0.0023799999999999,
2023-01-07 02:30:00,2023-01-07,2,0.6087614290087195,0.7933533402912359,7,0.1048157397776999,0.994491659439562,-0.0025099999999999,-0.00208,-0.00127,-0.000745,-0.0019,
2023-01-07 02:45:00,2023-01-07,2,0.6593458151000695,0.7518398074789768,7,0.1049939466180821,0.9944728609537614,-0.00245,-0.00209,-0.0014,-0.000979,-0.00212,
2023-01-07 03:00:00,2023-01-07,3,0.7071067811865496,0.7071067811865455,7,0.1051721500869974,0.9944540305343824,-0.00156,-0.00132,-0.000996,-0.000654,-0.00148,
2023-01-07 03:15:00,2023-01-07,3,0.751839807478976,0.6593458151000704,7,0.1053503501787233,0.994435168182029,-0.00111,-0.00094,-0.000496,-0.000356,-0.0012,
2023-01-07 03:30:00,2023-01-07,3,0.7933533402912353,0.6087614290087205,7,0.1055285468875377,0.9944162738973076,-0.0014,-0.00124,-0.000648,-0.000394,-0.0016699999999999,
2023-01-07 03:45:00,2023-01-07,3,0.8314696123025426,0.5555702330196063,7,0.1057067402077185,0.9943973476808242,-0.00132,-0.00115,-0.000976,-0.000799,-0.00165,
2023-01-07 04:00:00,2023-01-07,4,0.8660254037844373,0.5000000000000023,7,0.1058849301335437,0.994378389533187,-0.0020299999999999,-0.00159,-0.000872,-0.000757,-0.0019,
2023-01-07 04:15:00,2023-01-07,4,0.896872741532688,0.4422886902190018,7,0.1060631166592914,0.9943593994550046,-0.00242,-0.00218,-0.000945,-0.000791,-0.0026,
2023-01-07 04:30:00,2023-01-07,4,0.9238795325112874,0.3826834323650883,7,0.10624129977924,0.994340377446887,-0.00245,-0.00214,-0.00139,-0.00122,-0.0025499999999999,
2023-01-07 04:45:00,2023-01-07,4,0.9469301294951046,0.3214394653031647,7,0.1064194794876676,0.9943213235094448,-0.00268,-0.00215,-0.00161,-0.00147,-0.00225,
2023-01-07 05:00:00,2023-01-07,5,0.965925826289068,0.2588190451025219,7,0.1065976557788529,0.9943022376432898,-0.00247,-0.00211,-0.000931,-0.000791,-0.00231,
2023-01-07 05:15:00,2023-01-07,5,0.9807852804032292,0.1950903220161343,7,0.1067758286470743,0.9942831198490352,-0.0023799999999999,-0.00195,-0.00101,-0.000887,-0.00224,
2023-01-07 05:30:00,2023-01-07,5,0.99144486137381,0.1305261922200556,7,0.1069539980866106,0.9942639701272944,-0.00227,-0.0018,-0.0011899999999999,-0.00101,-0.00199,
2023-01-07 05:45:00,2023-01-07,5,0.9978589232386034,0.0654031292301449,7,0.1071321640917406,0.9942447884786826,-0.00228,-0.00188,-0.000969,-0.000654,-0.00196,
2023-01-07 06:00:00,2023-01-07,6,1.0,-2.45548340466059e-16,7,0.107310326656743,0.9942255749038158,-0.00222,-0.00179,-0.0007,-0.000531,-0.00188,
2023-01-07 06:15:00,2023-01-07,6,0.9978589232386034,-0.0654031292301454,7,0.1074884857758971,0.9942063294033108,-0.00086,-0.000518,6.89e-06,0.000195,-0.000441,
2023-01-07 06:30:00,2023-01-07,6,0.9914448613738108,-0.130526192220049,7,0.1076666414434818,0.994187051977786,-0.00019,0.000188,0.000765,0.00083,0.000253,
2023-01-07 06:45:00,2023-01-07,6,0.9807852804032304,-0.1950903220161278,7,0.1078447936537764,0.9941677426278598,0.00114,0.0017,0.00175,0.0018,0.00158,
2023-01-07 07:00:00,2023-01-07,7,0.9659258262890696,-0.2588190451025156,7,0.1080229424010602,0.9941484013541526,0.00674,0.00731,0.00711,0.00698,0.00692,
2023-01-07 07:15:00,2023-01-07,7,0.9469301294951068,-0.3214394653031585,7,0.1082010876796128,0.9941290281572854,0.0197,0.0201,0.0218,0.0206,0.0214,
2023-01-07 07:30:00,2023-01-07,7,0.9238795325112872,-0.3826834323650887,7,0.1083792294837136,0.9941096230378804,0.0391,0.0407999999999999,0.0532,0.0506,0.0512,
2023-01-07 07:45:00,2023-01-07,7,0.8968727415326878,-0.4422886902190022,7,0.1085573678076424,0.9940901859965604,0.0527,0.0526,0.0629,0.0588,0.0616,
2023-01-07 08:00:00,2023-01-07,8,0.8660254037844406,-0.4999999999999966,7,0.1087355026456789,0.99407071703395,0.0436,0.117,0.331,0.33,0.286,
2023-01-07 08:15:00,2023-01-07,8,0.8314696123025462,-0.5555702330196007,7,0.108913633992103,0.9940512161506742,0.0492,0.173,0.484,0.486,0.423,
2023-01-07 08:30:00,2023-01-07,8,0.7933533402912349,-0.6087614290087209,7,0.1090917618411948,0.9940316833473588,0.0592,0.119,0.278,0.278,0.247,
2023-01-07 08:45:00,2023-01-07,8,0.7518398074789804,-0.6593458151000654,7,0.1092698861872344,0.9940121186246316,0.082,0.264,0.64,0.643,0.569,
2023-01-07 09:00:00,2023-01-07,9,0.7071067811865492,-0.7071067811865458,7,0.109448007024502,0.9939925219831206,0.178,0.223,0.392,0.387,0.365,
2023-01-07 09:15:00,2023-01-07,9,0.6593458151000691,-0.7518398074789772,7,0.109626124347278,0.9939728934234552,0.183,0.187,0.237,0.227,0.232,
2023-01-07 09:30:00,2023-01-07,9,0.6087614290087192,-0.7933533402912363,7,0.1098042381498428,0.9939532329462653,0.173,0.172,0.195,0.184,0.195,
2023-01-07 09:45:00,2023-01-07,9,0.5555702330196048,-0.8314696123025435,7,0.109982348426477,0.9939335405521824,0.192,0.194,0.221,0.209,0.221,
2023-01-07 10:00:00,2023-01-07,10,0.5000000000000009,-0.8660254037844382,7,0.1101604551714613,0.9939138162418392,0.177,0.175,0.169,0.155,0.175,
2023-01-07 10:15:00,2023-01-07,10,0.4422886902190066,-0.8968727415326857,7,0.1103385583790765,0.9938940600158688,0.188,0.186,0.19,0.176,0.194,
2023-01-07 10:30:00,2023-01-07,10,0.3826834323650933,-0.9238795325112852,7,0.1105166580436035,0.9938742718749052,0.236,0.234,0.257,0.24,0.259,
2023-01-07 10:45:00,2023-01-07,10,0.3214394653031631,-0.9469301294951052,7,0.1106947541593234,0.9938544518195844,0.222,0.22,0.224,0.206,0.229,
2023-01-07 11:00:00,2023-01-07,11,0.2588190451025203,-0.9659258262890684,7,0.1108728467205172,0.9938345998505428,0.197,0.194,0.184,0.167,0.191,
2023-01-07 11:15:00,2023-01-07,11,0.1950903220161257,-0.980785280403231,7,0.1110509357214664,0.9938147159684178,0.162,0.16,0.14,0.126,0.148,
2023-01-07 11:30:00,2023-01-07,11,0.1305261922200539,-0.9914448613738102,7,0.1112290211564521,0.9937948001738476,0.126,0.124,0.114,0.105,0.119,
2023-01-07 11:45:00,2023-01-07,11,0.0654031292301432,-0.9978589232386036,7,0.111407103019756,0.993774852467472,0.142,0.14,0.131,0.12,0.136,
2023-01-07 12:00:00,2023-01-07,12,5.14475451769206e-15,-1.0,7,0.1115851813056595,0.9937548728499312,0.161,0.159,0.148,0.135,0.154,
2023-01-07 12:15:00,2023-01-07,12,-0.06540312923014,-0.9978589232386036,7,0.1117632560084445,0.9937348613218672,0.142,0.141,0.13,0.119,0.136,
2023-01-07 12:30:00,2023-01-07,12,-0.1305261922200507,-0.9914448613738104,7,0.1119413271223928,0.9937148178839226,0.169,0.167,0.157,0.144,0.163,
2023-01-07 12:45:00,2023-01-07,12,-0.1950903220161295,-0.9807852804032302,7,0.1121193946417863,0.9936947425367408,0.174,0.172,0.166,0.154,0.172,
2023-01-07 13:00:00,2023-01-07,13,-0.2588190451025172,-0.9659258262890692,7,0.112297458560907,0.9936746352809664,0.207,0.277,0.4,0.406,0.382,
2023-01-07 13:15:00,2023-01-07,13,-0.3214394653031601,-0.946930129495106,7,0.1124755188740373,0.993654496117245,0.124,0.123,0.108,0.101,0.113,
2023-01-07 13:30:00,2023-01-07,13,-0.3826834323650903,-0.9238795325112864,7,0.1126535755754592,0.9936343250462236,0.0869,0.0859,0.0779,0.0729,0.0792,
2023-01-07 13:45:00,2023-01-07,13,-0.4422886902189973,-0.8968727415326903,7,0.1128316286594553,0.9936141220685496,0.0982,0.0970999999999999,0.0858,0.0789,0.0895,
2023-01-07 14:00:00,2023-01-07,14,-0.4999999999999981,-0.8660254037844397,7,0.1130096781203082,0.993593887184872,0.0975,0.0969,0.0945,0.0907,0.0968,
2023-01-07 14:15:00,2023-01-07,14,-0.5555702330196022,-0.8314696123025452,7,0.1131877239523003,0.9935736203958404,0.122,0.122,0.13,0.127,0.131,
2023-01-07 14:30:00,2023-01-07,14,-0.6087614290087223,-0.7933533402912339,7,0.1133657661497145,0.993553321702106,0.0909,0.0902999999999999,0.0866,0.0807,0.0896,
2023-01-07 14:45:00,2023-01-07,14,-0.6593458151000667,-0.7518398074789793,7,0.1135438047068337,0.9935329911043198,0.0542,0.0536,0.0453999999999999,0.0395,0.0481,
2023-01-07 15:00:00,2023-01-07,15,-0.707106781186547,-0.707106781186548,7,0.1137218396179409,0.9935126286031352,0.0281,0.0276,0.0214,0.0185,0.0226999999999999,
2023-01-07 15:15:00,2023-01-07,15,-0.7518398074789736,-0.6593458151000732,7,0.1138998708773191,0.993492234199206,0.0224,0.0221,0.0189,0.0171,0.0195,
2023-01-07 15:30:00,2023-01-07,15,-0.7933533402912331,-0.6087614290087234,7,0.1140778984792516,0.993471807893187,0.00982,0.0097899999999999,0.0101,0.00985,0.00966,
2023-01-07 15:45:00,2023-01-07,15,-0.8314696123025445,-0.5555702330196034,7,0.1142559224180217,0.9934513496857342,0.00733,0.00748,0.0094399999999999,0.00974,0.00884,
2023-01-07 16:00:00,2023-01-07,16,-0.866025403784439,-0.4999999999999994,7,0.114433942687913,0.9934308595775044,0.00179,0.0023,0.00841,0.0104,0.00675,
2023-01-07 16:15:00,2023-01-07,16,-0.8968727415326896,-0.4422886902189987,7,0.1146119592832089,0.9934103375691558,-0.00122,-0.000876,-0.000379,-0.000443,-0.000797,
2023-01-07 16:30:00,2023-01-07,16,-0.923879532511286,-0.3826834323650916,7,0.1147899721981933,0.9933897836613472,-0.00297,-0.00278,-0.00232,-0.0019199999999999,-0.00291,
2023-01-07 16:45:00,2023-01-07,16,-0.9469301294951056,-0.3214394653031615,7,0.1149679814271498,0.9933691978547384,-0.00235,-0.00215,-0.00156,-0.00121,-0.00197,
2023-01-07 17:00:00,2023-01-07,17,-0.965925826289067,-0.2588190451025255,7,0.1151459869643624,0.9933485801499908,-0.000993,-0.000801,-0.000517,-0.000359,-0.00087,
2023-01-07 17:15:00,2023-01-07,17,-0.98078528040323,-0.1950903220161309,7,0.1153239888041153,0.9933279305477664,-0.00072,-0.000599,-0.000345,-0.000405,-0.000608,
2023-01-07 17:30:00,2023-01-07,17,-0.9914448613738104,-0.1305261922200522,7,0.1155019869406925,0.993307249048728,-0.00133,-0.00117,-0.00072,-0.000726,-0.00117,
2023-01-07 17:45:00,2023-01-07,17,-0.9978589232386036,-0.0654031292301415,7,0.1156799813683783,0.9932865356535402,-0.00207,-0.00188,-0.00115,-0.000952,-0.00195,
2023-01-07 18:00:00,2023-01-07,18,-1.0,-3.4296300182491773e-15,7,0.1158579720814572,0.9932657903628676,-0.00231,-0.0020099999999999,-0.00131,-0.00101,-0.002,
2023-01-07 18:15:00,2023-01-07,18,-0.9978589232386036,0.0654031292301417,7,0.1160359590742137,0.9932450131773768,-0.00249,-0.00215,-0.00135,-0.00101,-0.00215,
2023-01-07 18:30:00,2023-01-07,18,-0.9914448613738112,0.1305261922200454,7,0.1162139423409324,0.9932242040977346,-0.00225,-0.0019199999999999,-0.00111,-0.00078,-0.00183,
2023-01-07 18:45:00,2023-01-07,18,-0.9807852804032312,0.1950903220161242,7,0.1163919218758981,0.9932033631246094,-0.0019399999999999,-0.0016899999999999,-0.000924,-0.000596,-0.00166,
2023-01-07 19:00:00,2023-01-07,19,-0.9659258262890688,0.2588190451025188,7,0.1165698976733957,0.9931824902586704,-0.00208,-0.0018,-0.0011899999999999,-0.000937,-0.0018,
2023-01-07 19:15:00,2023-01-07,19,-0.9469301294951056,0.3214394653031617,7,0.1167478697277103,0.993161585500588,-0.00242,-0.00207,-0.00124,-0.000902,-0.00191,
2023-01-07 19:30:00,2023-01-07,19,-0.923879532511286,0.3826834323650919,7,0.1169258380331269,0.993140648851033,-0.00247,-0.00208,-0.00134,-0.000982,-0.00183,
2023-01-07 19:45:00,2023-01-07,19,-0.8968727415326895,0.4422886902189989,7,0.1171038025839307,0.9931196803106782,-0.00252,-0.00218,-0.00112,-0.000994,-0.0018,
2023-01-07 20:00:00,2023-01-07,20,-0.8660254037844425,0.4999999999999934,7,0.1172817633744072,0.9930986798801968,-0.00126,-0.00104,-0.000186,-0.0006,-0.000566,
2023-01-07 20:15:00,2023-01-07,20,-0.8314696123025443,0.5555702330196036,7,0.1174597203988418,0.993077647560263,-0.00158,-0.00135,-0.000465,-0.000707,-0.00102,
2023-01-07 20:30:00,2023-01-07,20,-0.7933533402912372,0.608761429008718,7,0.1176376736515202,0.9930565833515522,-0.000844,-0.000667,-0.000334,-0.000459,-0.000313,
2023-01-07 20:45:00,2023-01-07,20,-0.7518398074789782,0.659345815100068,7,0.117815623126728,0.993035487254741,-0.000624,-0.000553,-0.000269,-0.000344,-0.000501,
2023-01-07 21:00:00,2023-01-07,21,-0.7071067811865519,0.7071067811865432,7,0.1179935688187512,0.9930143592705064,-0.000902,-0.000826,-0.000145,-0.000409,-0.000608,
2023-01-07 21:15:00,2023-01-07,21,-0.6593458151000665,0.7518398074789795,7,0.1181715107218757,0.9929931993995276,-0.000637,-0.000592,-0.000479,-0.000436,-0.000613,
2023-01-07 21:30:00,2023-01-07,21,-0.6087614290087221,0.793353340291234,7,0.1183494488303876,0.9929720076424832,-0.00146,-0.00141,-0.000941,-0.000887,-0.00105,
2023-01-07 21:45:00,2023-01-07,21,-0.5555702330196078,0.8314696123025415,7,0.1185273831385731,0.992950784000054,-0.00098,-0.000979,-0.000217,-0.000474,-0.000514,
2023-01-07 22:00:00,2023-01-07,22,-0.4999999999999979,0.8660254037844398,7,0.1187053136407187,0.9929295284729216,-0.000984,-0.000982,-0.000114,-0.000463,-0.000728,
2023-01-07 22:15:00,2023-01-07,22,-0.4422886902190035,0.8968727415326871,7,0.1188832403311106,0.9929082410617688,-0.000902,-0.000837,-0.00029,-0.000516,-0.00081,
2023-01-07 22:30:00,2023-01-07,22,-0.3826834323650901,0.9238795325112866,7,0.1190611632040355,0.9928869217672786,-0.00106,-0.00094,-0.00062,-0.000646,-0.00103,
2023-01-07 22:45:00,2023-01-07,22,-0.3214394653031666,0.946930129495104,7,0.1192390822537802,0.992865570590136,-0.00117,-0.000986,-0.000589,-0.000719,-0.000857,
2023-01-07 23:00:00,2023-01-07,23,-0.2588190451025169,0.9659258262890692,7,0.1194169974746314,0.9928441875310264,-0.000575,-0.000457,-0.000265,-0.000401,-0.00054,
2023-01-07 23:15:00,2023-01-07,23,-0.1950903220161292,0.9807852804032302,7,0.1195949088608761,0.9928227725906364,-0.00153,-0.00138,-0.00091,-0.00104,-0.00126,
2023-01-07 23:30:00,2023-01-07,23,-0.1305261922200575,0.9914448613738096,7,0.1197728164068014,0.992801325769654,-0.0014,-0.00123,-0.000586,-0.00081,-0.0011799999999999,
2023-01-07 23:45:00,2023-01-07,23,-0.0654031292301469,0.9978589232386031,7,0.1199507201066945,0.9927798470687677,-0.000819,-0.000702,-0.000596,-0.000631,-0.000844,
2023-01-08 00:00:00,2023-01-08,0,-1.7145055188062944e-15,1.0,8,0.1201286199548428,0.9927583364886668,-0.0015,-0.0013,-0.000934,-0.0011,-0.00131,
2023-01-08 00:15:00,2023-01-08,0,0.0654031292301434,0.9978589232386036,8,0.1203065159455335,0.9927367940300426,-0.00249,-0.00217,-0.00121,-0.0014399999999999,-0.0019399999999999,
2023-01-08 00:30:00,2023-01-08,0,0.1305261922200471,0.991444861373811,8,0.1204844080730544,0.9927152196935864,-0.000554,-0.000465,-0.000231,-0.000371,-0.000437,
2023-01-08 00:45:00,2023-01-08,0,0.1950903220161328,0.9807852804032297,8,0.1206622963316931,0.9926936134799914,-0.000703,-0.000645,-0.000331,-0.000428,-0.000608,
2023-01-08 01:00:00,2023-01-08,1,0.2588190451025205,0.9659258262890684,8,0.1208401807157374,0.9926719753899512,-0.000393,-0.000316,-8.620000000000001e-05,-0.000233,-0.00039,
2023-01-08 01:15:00,2023-01-08,1,0.3214394653031566,0.9469301294951074,8,0.1210180612194753,0.9926503054241606,-0.000521,-0.000475,-0.000221,-0.000306,-0.000407,
2023-01-08 01:30:00,2023-01-08,1,0.3826834323650869,0.923879532511288,8,0.1211959378371949,0.9926286035833154,-0.000558,-0.000511,-0.000231,-0.000333,-0.000643,
2023-01-08 01:45:00,2023-01-08,1,0.4422886902190004,0.8968727415326887,8,0.1213738105631843,0.9926068698681126,-0.000525,-0.000415,-0.000228,-0.000333,-0.000493,
2023-01-08 02:00:00,2023-01-08,2,0.5000000000000011,0.866025403784438,8,0.1215516793917319,0.99258510427925,-0.000608,-0.000543,-0.000228,-0.000333,-0.000578,
2023-01-08 02:15:00,2023-01-08,2,0.5555702330195991,0.8314696123025473,8,0.1217295443171261,0.9925633068174264,-0.000443,-0.000461,-0.000259,-0.000294,-0.00066,
2023-01-08 02:30:00,2023-01-08,2,0.6087614290087138,0.7933533402912405,8,0.1219074053336554,0.9925414774833422,-0.000856,-0.000713,-0.00041,-0.000489,-0.000754,
2023-01-08 02:45:00,2023-01-08,2,0.6593458151000693,0.751839807478977,8,0.1220852624356086,0.9925196162776978,-0.000993,-0.000862,-0.000489,-0.000612,-0.000746,
2023-01-08 03:00:00,2023-01-08,3,0.7071067811865444,0.7071067811865507,8,0.1222631156172745,0.9924977232011956,-0.00153,-0.00134,-0.00061,-0.000803,-0.00114,
2023-01-08 03:15:00,2023-01-08,3,0.7518398074789759,0.6593458151000706,8,0.1224409648729421,0.9924757982545382,-0.000571,-0.000457,-0.000224,-0.000356,-0.000441,
2023-01-08 03:30:00,2023-01-08,3,0.793353340291235,0.6087614290087208,8,0.1226188101969003,0.99245384143843,-0.000728,-0.000645,-0.000393,-0.000478,-0.000746,
2023-01-08 03:45:00,2023-01-08,3,0.8314696123025463,0.5555702330196005,8,0.1227966515834385,0.992431852753576,-0.00098,-0.000816,-0.000434,-0.000566,-0.000686,
2023-01-08 04:00:00,2023-01-08,4,0.8660254037844372,0.5000000000000026,8,0.1229744890268458,0.992409832200682,-0.000604,-0.000528,-0.000269,-0.000367,-0.000398,
2023-01-08 04:15:00,2023-01-08,4,0.8968727415326848,0.4422886902190083,8,0.1231523225214119,0.9923877797804556,-0.000459,-0.000387,-0.000228,-0.000275,-0.000501,
2023-01-08 04:30:00,2023-01-08,4,0.9238795325112872,0.3826834323650885,8,0.1233301520614262,0.9923656954936044,-0.000463,-0.000394,-0.0002,-0.000268,-0.000501,
2023-01-08 04:45:00,2023-01-08,4,0.9469301294951044,0.321439465303165,8,0.1235079776411785,0.992343579340838,-0.000372,-0.000305,-0.000165,-0.000203,-0.000313,
2023-01-08 05:00:00,2023-01-08,5,0.965925826289068,0.2588190451025222,8,0.1236857992549585,0.9923214313228664,-0.000414,-0.000433,-0.000245,-0.000287,-0.000514,
2023-01-08 05:15:00,2023-01-08,5,0.9807852804032292,0.1950903220161345,8,0.1238636168970563,0.9922992514404004,-0.000988,-0.00078,-0.00129,-0.000841,-0.00183,
2023-01-08 05:30:00,2023-01-08,5,0.9914448613738108,0.1305261922200488,8,0.124041430561762,0.9922770396941528,-0.00112,-0.00114,-0.000741,-0.000707,-0.00155,
2023-01-08 05:45:00,2023-01-08,5,0.9978589232386034,0.0654031292301452,8,0.1242192402433657,0.9922547960848368,-7.86e-05,-0.000149,-9.31e-05,-0.000138,-0.000206,
2023-01-08 06:00:00,2023-01-08,6,1.0,7.1048083769644134e-15,8,0.1243970459361578,0.9922325206131662,0.000289,0.000113,0.000162,4.59e-05,-0.000116,
2023-01-08 06:15:00,2023-01-08,6,0.9978589232386034,-0.0654031292301452,8,0.1245748476344288,0.9922102132798568,0.000236,9.22e-05,7.93e-05,7.65e-05,-0.00027,
2023-01-08 06:30:00,2023-01-08,6,0.9914448613738108,-0.1305261922200488,8,0.1247526453324692,0.9921878740856246,4.14e-05,1.77e-05,0.000148,0.000103,-0.000373,
2023-01-08 06:45:00,2023-01-08,6,0.9807852804032304,-0.1950903220161276,8,0.1249304390245699,0.9921655030311868,0.000931,0.000957,0.00133,0.00114,0.000913,
2023-01-08 07:00:00,2023-01-08,7,0.9659258262890698,-0.2588190451025153,8,0.1251082287050215,0.9921431001172624,0.0049299999999999,0.0049299999999999,0.00522,0.00496,0.00533,
2023-01-08 07:15:00,2023-01-08,7,0.9469301294951044,-0.321439465303165,8,0.1252860143681153,0.99212066534457,0.0146,0.0145,0.0134,0.0119,0.0141,
2023-01-08 07:30:00,2023-01-08,7,0.9238795325112872,-0.3826834323650885,8,0.1254637960081421,0.9920981987138306,0.0145,0.0143,0.0153,0.0138,0.0148,
2023-01-08 07:45:00,2023-01-08,7,0.8968727415326911,-0.4422886902189956,8,0.1256415736193933,0.9920757002257652,0.0297,0.0292,0.0294,0.027,0.0295,
2023-01-08 08:00:00,2023-01-08,8,0.8660254037844407,-0.4999999999999964,8,0.1258193471961603,0.9920531698810968,0.0843,0.083,0.0807,0.0742,0.0831,
2023-01-08 08:15:00,2023-01-08,8,0.8314696123025463,-0.5555702330196005,8,0.1259971167327346,0.9920306076805482,0.161,0.224,0.403,0.393,0.37,
2023-01-08 08:30:00,2023-01-08,8,0.793353340291235,-0.6087614290087208,8,0.1261748822234078,0.9920080136248444,0.0819,0.0825999999999999,0.0955,0.0881,0.095,
2023-01-08 08:45:00,2023-01-08,8,0.7518398074789806,-0.6593458151000652,8,0.1263526436624716,0.9919853877147105,0.114,0.113,0.106,0.0965999999999999,0.11,
2023-01-08 09:00:00,2023-01-08,9,0.7071067811865444,-0.7071067811865507,8,0.126530401044218,0.9919627299508734,0.14,0.226,0.399,0.391,0.37,
2023-01-08 09:15:00,2023-01-08,9,0.6593458151000693,-0.751839807478977,8,0.1267081543629389,0.9919400403340606,0.176,0.216,0.328,0.322,0.309,
2023-01-08 09:30:00,2023-01-08,9,0.608761429008725,-0.7933533402912318,8,0.1268859036129266,0.9919173188650006,0.126,0.125,0.132,0.121,0.134,
2023-01-08 09:45:00,2023-01-08,9,0.5555702330196051,-0.8314696123025433,8,0.1270636487884733,0.9918945655444228,0.154,0.153,0.159,0.148,0.162,
2023-01-08 10:00:00,2023-01-08,10,0.5000000000000011,-0.866025403784438,8,0.1272413898838713,0.9918717803730585,0.127,0.125,0.111,0.1,0.117,
2023-01-08 10:15:00,2023-01-08,10,0.4422886902190004,-0.8968727415326887,8,0.1274191268934134,0.9918489633516386,0.0684,0.0675,0.0659,0.0608,0.0676,
2023-01-08 10:30:00,2023-01-08,10,0.3826834323650935,-0.9238795325112852,8,0.1275968598113921,0.9918261144808964,0.0731,0.0726,0.0842,0.0809,0.0832,
2023-01-08 10:45:00,2023-01-08,10,0.3214394653031566,-0.9469301294951074,8,0.1277745886321002,0.991803233761565,0.253,0.358,0.513,0.501,0.494,
2023-01-08 11:00:00,2023-01-08,11,0.2588190451025205,-0.9659258262890684,8,0.1279523133498308,0.9917803211943796,0.122,0.132,0.17,0.165,0.165,
2023-01-08 11:15:00,2023-01-08,11,0.1950903220161328,-0.9807852804032297,8,0.1281300339588768,0.9917573767800756,0.0432,0.0426,0.0472999999999999,0.0458,0.0464,
2023-01-08 11:30:00,2023-01-08,11,0.1305261922200541,-0.99144486137381,8,0.1283077504535314,0.9917344005193902,0.0765999999999999,0.0752999999999999,0.0631,0.0587,0.0670999999999999,
2023-01-08 11:45:00,2023-01-08,11,0.0654031292301434,-0.9978589232386036,8,0.128485462828088,0.9917113924130608,0.115,0.114,0.13,0.125,0.13,
2023-01-08 12:00:00,2023-01-08,12,-1.7157434800794713e-15,-1.0,8,0.1286631710768401,0.9916883524618264,0.0959,0.0947,0.0856,0.0768,0.0892,
2023-01-08 12:15:00,2023-01-08,12,-0.0654031292301398,-0.9978589232386036,8,0.1288408751940813,0.9916652806664268,0.175,0.173,0.164,0.149,0.171,
2023-01-08 12:30:00,2023-01-08,12,-0.1305261922200434,-0.9914448613738116,8,0.1290185751741052,0.9916421770276028,0.0957,0.0945999999999999,0.0906,0.0828,0.0935999999999999,
2023-01-08 12:45:00,2023-01-08,12,-0.1950903220161293,-0.9807852804032302,8,0.1291962710112058,0.9916190415460964,0.0455,0.045,0.0419,0.038,0.0434,
2023-01-08 13:00:00,2023-01-08,13,-0.2588190451025169,-0.9659258262890692,8,0.1293739626996771,0.9915958742226504,0.0322999999999999,0.032,0.0324,0.0304,0.0329,
2023-01-08 13:15:00,2023-01-08,13,-0.3214394653031599,-0.9469301294951062,8,0.1295516502338132,0.991572675058009,0.0922,0.0911,0.0875,0.0790999999999999,0.0907999999999999,
2023-01-08 13:30:00,2023-01-08,13,-0.3826834323650901,-0.9238795325112866,8,0.1297293336079083,0.9915494440529168,0.0339,0.0336,0.0368,0.0352,0.0367,
2023-01-08 13:45:00,2023-01-08,13,-0.4422886902190035,-0.8968727415326871,8,0.1299070128162569,0.9915261812081196,0.0344,0.034,0.0334,0.031,0.0342,
2023-01-08 14:00:00,2023-01-08,14,-0.4999999999999979,-0.8660254037844398,8,0.1300846878531534,0.9915028865243648,0.0322999999999999,0.0319,0.0298,0.0272,0.0306999999999999,
2023-01-08 14:15:00,2023-01-08,14,-0.5555702330195961,-0.8314696123025493,8,0.1302623587128926,0.9914795600024005,0.0386,0.0381,0.0368,0.0335,0.0378999999999999,
2023-01-08 14:30:00,2023-01-08,14,-0.6087614290087221,-0.793353340291234,8,0.1304400253897693,0.9914562016429754,0.0178,0.0176,0.0173,0.0159,0.0175,
2023-01-08 14:45:00,2023-01-08,14,-0.6593458151000665,-0.7518398074789795,8,0.1306176878780783,0.9914328114468396,0.00749,0.00748,0.00813,0.00764,0.0080399999999999,
2023-01-08 15:00:00,2023-01-08,15,-0.7071067811865468,-0.7071067811865482,8,0.1307953461721148,0.9914093894147444,0.00529,0.00523,0.00537,0.00494,0.00526,
2023-01-08 15:15:00,2023-01-08,15,-0.7518398074789735,-0.6593458151000733,8,0.1309730002661739,0.991385935547442,0.00671,0.00665,0.00566,0.00494,0.00566,
2023-01-08 15:30:00,2023-01-08,15,-0.7933533402912372,-0.608761429008718,8,0.1311506501545511,0.9913624498456852,0.00241,0.00219,0.000996,0.000688,0.000548,
2023-01-08 15:45:00,2023-01-08,15,-0.8314696123025443,-0.5555702330196036,8,0.1313282958315416,0.9913389323102282,0.00079,0.000635,-0.000265,-0.000413,-0.000686,
2023-01-08 16:00:00,2023-01-08,16,-0.8660254037844354,-0.5000000000000058,8,0.1315059372914414,0.9913153829418262,0.000653,0.000429,0.000893,0.00094,-0.000167,
2023-01-08 16:15:00,2023-01-08,16,-0.8968727415326895,-0.4422886902189989,8,0.1316835745285459,0.9912918017412354,0.000161,9.57e-05,0.000396,0.000474,4.71e-05,
2023-01-08 16:30:00,2023-01-08,16,-0.923879532511286,-0.3826834323650919,8,0.1318612075371511,0.9912681887092132,0.000178,0.00011,1.38e-05,3.7e-21,-4.28e-05,
2023-01-08 16:45:00,2023-01-08,16,-0.9469301294951056,-0.3214394653031617,8,0.132038836311553,0.9912445438465176,3.31e-05,0.000216,2.76e-05,3.82e-06,-3e-05,
2023-01-08 17:00:00,2023-01-08,17,-0.965925826289067,-0.2588190451025257,8,0.1322164608460478,0.991220867153908,0.0016899999999999,0.000961,0.000465,0.000505,0.000574,
2023-01-08 17:15:00,2023-01-08,17,-0.9807852804032312,-0.1950903220161242,8,0.1323940811349317,0.9911971586321447,0.00116,0.000514,1.7199999999999998e-05,0.000168,-0.00018,
2023-01-08 17:30:00,2023-01-08,17,-0.9914448613738104,-0.1305261922200524,8,0.1325716971725013,0.9911734182819888,0.000116,-9.93e-05,-0.00051,-0.000417,-0.00096,
2023-01-08 17:45:00,2023-01-08,17,-0.9978589232386031,-0.0654031292301488,8,0.132749308953053,0.991149646104203,5.38e-05,-2.48e-05,-0.000369,-0.00026,-0.00027,
2023-01-08 18:00:00,2023-01-08,18,-1.0,-3.674559378078648e-15,8,0.1329269164708835,0.9911258420995503,0.000289,0.000287,-0.000431,-0.000417,-0.000141,
2023-01-08 18:15:00,2023-01-08,18,-0.9978589232386036,0.0654031292301415,8,0.1331045197202897,0.9911020062687952,0.000132,0.000128,-2.07e-05,1.15e-05,-0.000146,
2023-01-08 18:30:00,2023-01-08,18,-0.9914448613738104,0.1305261922200522,8,0.1332821186955685,0.9910781386127032,-2.89e-05,-0.00016,-2.76e-05,1.91e-05,-0.000257,
2023-01-08 18:45:00,2023-01-08,18,-0.9807852804032312,0.195090322016124,8,0.1334597133910171,0.9910542391320404,9.93e-05,6.379999999999999e-05,2.76e-05,4.2e-05,-0.000236,
2023-01-08 19:00:00,2023-01-08,19,-0.965925826289067,0.2588190451025255,8,0.1336373038009327,0.9910303078275746,9.1e-05,5.3200000000000006e-05,5.17e-05,8.41e-05,-0.000189,
2023-01-08 19:15:00,2023-01-08,19,-0.9469301294951056,0.3214394653031615,8,0.1338148899196126,0.991006344700074,0.000149,5.3200000000000006e-05,9.65e-05,0.000107,-0.000141,
2023-01-08 19:30:00,2023-01-08,19,-0.9238795325112886,0.3826834323650851,8,0.1339924717413545,0.9909823497503084,9.51e-05,6.740000000000001e-05,2.4100000000000003e-05,1.91e-05,-0.000107,
2023-01-08 19:45:00,2023-01-08,19,-0.8968727415326896,0.4422886902189987,8,0.1341700492604559,0.9909583229790478,0.000219,0.000177,0.000131,0.00013,-0.000159,
2023-01-08 20:00:00,2023-01-08,20,-0.866025403784439,0.4999999999999994,8,0.1343476224712147,0.990934264387064,0.000207,0.000128,3.79e-05,7.259999999999999e-05,-0.000167,
2023-01-08 20:15:00,2023-01-08,20,-0.8314696123025445,0.5555702330196034,8,0.1345251913679288,0.9909101739751298,0.000273,0.000294,-6.890000000000001e-05,-3.44e-05,-0.000124,
2023-01-08 20:30:00,2023-01-08,20,-0.7933533402912373,0.6087614290087178,8,0.1347027559448962,0.9908860517440184,0.000178,9.22e-05,1.7199999999999998e-05,6.12e-05,-0.000129,
2023-01-08 20:45:00,2023-01-08,20,-0.751839807478983,0.6593458151000625,8,0.1348803161964153,0.9908618976945046,0.000227,0.000216,5.86e-05,9.17e-05,-8.570000000000001e-05,
2023-01-08 21:00:00,2023-01-08,21,-0.707106781186547,0.707106781186548,8,0.1350578721167843,0.990837711827364,0.000372,0.000248,3.79e-05,9.56e-05,-8.14e-05,
2023-01-08 21:15:00,2023-01-08,21,-0.6593458151000721,0.7518398074789746,8,0.1352354237003017,0.990813494143373,0.000323,0.000209,-2.76e-05,3.06e-05,-0.000129,
2023-01-08 21:30:00,2023-01-08,21,-0.6087614290087223,0.7933533402912339,8,0.1354129709412661,0.9907892446433096,0.000372,0.000241,3.45e-05,3.44e-05,-0.000129,
2023-01-08 21:45:00,2023-01-08,21,-0.5555702330196022,0.8314696123025452,8,0.1355905138339764,0.990764963327952,0.000339,0.000206,-2.4100000000000003e-05,3.44e-05,-0.000129,
2023-01-08 22:00:00,2023-01-08,22,-0.4999999999999981,0.8660254037844397,8,0.1357680523727314,0.9907406501980804,0.000687,0.000188,0.000128,0.000141,-7.28e-05,
2023-01-08 22:15:00,2023-01-08,22,-0.4422886902190037,0.896872741532687,8,0.1359455865518302,0.9907163052544754,0.000856,0.000511,0.000586,0.00068,0.000201,
2023-01-08 22:30:00,2023-01-08,22,-0.3826834323650969,0.923879532511284,8,0.136123116365572,0.9906919284979184,0.000182,0.000184,2.07e-05,6.879999999999999e-05,-0.000219,
2023-01-08 22:45:00,2023-01-08,22,-0.3214394653031601,0.946930129495106,8,0.1363006418082561,0.9906675199291928,0.000236,0.000142,2.4100000000000003e-05,0.000119,-0.00021,
2023-01-08 23:00:00,2023-01-08,23,-0.258819045102524,0.9659258262890674,8,0.136478162874182,0.9906430795490816,0.001,0.000723,0.000472,0.000715,0.000437,
2023-01-08 23:15:00,2023-01-08,23,-0.1950903220161295,0.9807852804032302,8,0.1366556795576492,0.9906186073583704,0.000997,0.000766,0.000593,0.000726,0.000356,
2023-01-08 23:30:00,2023-01-08,23,-0.1305261922200578,0.9914448613738096,8,0.1368331918529576,0.9905941033578444,0.000893,0.000621,0.000562,0.000654,0.000257,
2023-01-08 23:45:00,2023-01-08,23,-0.06540312923014,0.9978589232386036,8,0.137010699754407,0.9905695675482908,0.000136,1.77e-05,-0.000152,-0.000115,-0.000257,
2023-01-09 00:00:00,2023-01-09,0,-1.959434878635765e-15,1.0,9,0.1371882032562975,0.9905449999304972,0.000744,0.000387,0.000217,0.000268,3.86e-05,
2023-01-09 00:15:00,2023-01-09,0,0.0654031292301361,0.997858923238604,9,0.1373657023529291,0.9905204005052528,0.000823,0.000443,0.000603,0.0007,0.000257,
2023-01-09 00:30:00,2023-01-09,0,0.1305261922200539,0.9914448613738102,9,0.1375431970386024,0.9904957692733474,0.00072,0.000397,0.000386,0.000455,0.000116,
2023-01-09 00:45:00,2023-01-09,0,0.1950903220161257,0.980785280403231,9,0.1377206873076176,0.9904711062355718,0.000401,0.000128,1.03e-05,6.879999999999999e-05,-0.000141,
2023-01-09 01:00:00,2023-01-09,1,0.2588190451025203,0.9659258262890684,9,0.1378981731542755,0.9904464113927182,0.00048,0.000305,6.89e-06,1.15e-05,-0.000129,
2023-01-09 01:15:00,2023-01-09,1,0.3214394653031564,0.9469301294951076,9,0.1380756545728766,0.9904216847455792,0.000232,0.000284,5.86e-05,0.000172,-0.000257,
2023-01-09 01:30:00,2023-01-09,1,0.3826834323650933,0.9238795325112852,9,0.1382531315577221,0.9903969262949492,0.000579,0.000333,0.000352,0.000405,-3.86e-05,
2023-01-09 01:45:00,2023-01-09,1,0.4422886902190002,0.8968727415326888,9,0.1384306041031128,0.9903721360416232,0.000533,0.000461,0.000193,0.000298,-0.000223,
2023-01-09 02:00:00,2023-01-09,2,0.4999999999999946,0.8660254037844417,9,0.1386080722033499,0.9903473139863967,0.000587,0.00044,0.000214,0.000375,-0.000368,
2023-01-09 02:15:00,2023-01-09,2,0.555570233019599,0.8314696123025475,9,0.1387855358527347,0.9903224601300676,-0.000314,-0.000546,-0.000159,8.790000000000001e-05,-0.00101,
2023-01-09 02:30:00,2023-01-09,2,0.6087614290087192,0.7933533402912363,9,0.1389629950455687,0.9902975744734334,2.89e-05,5.550000000000001e-21,-3.45e-06,0.000229,-0.00051,
2023-01-09 02:45:00,2023-01-09,2,0.6593458151000691,0.7518398074789772,9,0.1391404497761535,0.9902726570172932,-0.000331,-0.000309,-0.000183,5.35e-05,-0.000874,
2023-01-09 03:00:00,2023-01-09,3,0.7071067811865442,0.7071067811865508,9,0.1393179000387909,0.9902477077624474,0.000289,-1.42e-05,-6.2e-05,0.000183,-0.000338,
2023-01-09 03:15:00,2023-01-09,3,0.7518398074789804,0.6593458151000654,9,0.1394953458277827,0.990222726709697,4.55e-05,-0.000227,-0.0003,-0.000164,-0.000831,
2023-01-09 03:30:00,2023-01-09,3,0.7933533402912349,0.6087614290087209,9,0.1396727871374308,0.9901977138598442,-0.00146,-0.00141,-0.00135,-0.000818,-0.0018,
2023-01-09 03:45:00,2023-01-09,3,0.8314696123025422,0.5555702330196066,9,0.1398502239620376,0.9901726692136922,-0.000447,-0.000766,-0.000431,-9.17e-05,-0.000998,
2023-01-09 04:00:00,2023-01-09,4,0.866025403784437,0.5000000000000028,9,0.1400276562959053,0.9901475927720452,-0.000471,-0.000603,-0.000452,-3.82e-06,-0.00099,
2023-01-09 04:15:00,2023-01-09,4,0.8968727415326878,0.4422886902190022,9,0.1402050841333365,0.9901224845357084,-0.000641,-0.00067,-0.000979,-0.000654,-0.0016799999999999,
2023-01-09 04:30:00,2023-01-09,4,0.9238795325112872,0.3826834323650887,9,0.1403825074686335,0.990097344505488,-0.000988,-0.000972,-0.000862,-0.000275,-0.00156,
2023-01-09 04:45:00,2023-01-09,4,0.9469301294951044,0.3214394653031652,9,0.1405599262960994,0.9900721726821914,-0.0014,-0.00126,-0.000865,-1.53e-05,-0.00163,
2023-01-09 05:00:00,2023-01-09,5,0.965925826289066,0.2588190451025293,9,0.1407373406100368,0.9900469690666268,-0.000658,-0.000727,-0.000772,-0.000325,-0.00146,
2023-01-09 05:15:00,2023-01-09,5,0.9807852804032304,0.1950903220161278,9,0.1409147504047489,0.9900217336596036,-0.000343,-0.000294,-0.000717,-0.000268,-0.00103,
2023-01-09 05:30:00,2023-01-09,5,0.9914448613738098,0.1305261922200561,9,0.1410921556745389,0.9899964664619322,-0.000422,-0.00023,-0.00041,0.000164,-0.000411,
2023-01-09 05:45:00,2023-01-09,5,0.9978589232386034,0.0654031292301454,9,0.14126955641371,0.9899711674744238,-0.000232,-0.000316,-0.0003,3.06e-05,-0.000823,
2023-01-09 06:00:00,2023-01-09,6,1.0,2.443103791928823e-16,9,0.1414469526165658,0.9899458366978908,-0.000476,-0.000365,0.000186,0.000818,-0.000471,
2023-01-09 06:15:00,2023-01-09,6,0.9978589232386034,-0.0654031292301449,9,0.1416243442774099,0.9899204741331464,-0.000666,-0.000553,-0.000238,0.000409,-0.000728,
2023-01-09 06:30:00,2023-01-09,6,0.9914448613738108,-0.1305261922200485,9,0.141801731390546,0.9898950797810055,-0.000463,-0.000496,-0.000555,-9.94e-05,-0.00115,
2023-01-09 06:45:00,2023-01-09,6,0.980785280403232,-0.1950903220161204,9,0.1419791139502781,0.9898696536422832,0.000471,0.000628,0.000631,0.0011799999999999,0.00039,
2023-01-09 07:00:00,2023-01-09,7,0.965925826289068,-0.2588190451025219,9,0.1421564919509102,0.989844195717796,0.00357,0.00354,0.00307,0.00323,0.0029,
2023-01-09 07:15:00,2023-01-09,7,0.9469301294951068,-0.321439465303158,9,0.1423338653867464,0.9898187060083616,0.0121999999999999,0.0118,0.00967,0.00916,0.00945,
2023-01-09 07:30:00,2023-01-09,7,0.9238795325112874,-0.3826834323650883,9,0.1425112342520913,0.9897931845147984,0.0236,0.0232,0.0214,0.0197,0.0222,
2023-01-09 07:45:00,2023-01-09,7,0.8968727415326913,-0.4422886902189954,9,0.1426885985412492,0.9897676312379255,0.0325,0.0319,0.0301999999999999,0.0282,0.0317,
2023-01-09 08:00:00,2023-01-09,8,0.8660254037844373,-0.5000000000000023,9,0.1428659582485248,0.989742046178564,0.0358,0.0348,0.03,0.0282,0.0317,
2023-01-09 08:15:00,2023-01-09,8,0.8314696123025465,-0.5555702330196003,9,0.1430433133682229,0.9897164293375352,0.0742,0.0729,0.0584,0.0511,0.0638,
2023-01-09 08:30:00,2023-01-09,8,0.7933533402912396,-0.6087614290087149,9,0.1432206638946484,0.9896907807156616,0.0498,0.0492,0.0474,0.0434,0.0481,
2023-01-09 08:45:00,2023-01-09,8,0.751839807478976,-0.6593458151000704,9,0.1433980098221065,0.9896651003137672,0.0726,0.0718,0.0622,0.0547999999999999,0.066,
2023-01-09 09:00:00,2023-01-09,9,0.7071067811865496,-0.7071067811865455,9,0.1435753511449023,0.9896393881326764,0.0721,0.0712,0.061,0.0542,0.065,
2023-01-09 09:15:00,2023-01-09,9,0.6593458151000695,-0.7518398074789768,9,0.1437526878573412,0.9896136441732146,0.0409,0.0402999999999999,0.037,0.0338,0.0382999999999999,
2023-01-09 09:30:00,2023-01-09,9,0.6087614290087252,-0.7933533402912316,9,0.1439300199537289,0.9895878684362088,0.0606,0.0598,0.0479,0.0418,0.0527,
2023-01-09 09:45:00,2023-01-09,9,0.5555702330195993,-0.8314696123025471,9,0.1441073474283709,0.9895620609224864,0.0412999999999999,0.0405,0.0358,0.0322,0.0381,
2023-01-09 10:00:00,2023-01-09,10,0.5000000000000012,-0.8660254037844379,9,0.144284670275573,0.9895362216328764,0.0246,0.0241,0.0221,0.0203,0.0235,
2023-01-09 10:15:00,2023-01-09,10,0.4422886902190071,-0.8968727415326855,9,0.1444619884896412,0.9895103505682084,0.0531,0.0527,0.0429,0.0381,0.0455,
2023-01-09 10:30:00,2023-01-09,10,0.3826834323650937,-0.9238795325112852,9,0.1446393020648818,0.9894844477293132,0.0713,0.0703,0.0598,0.0531,0.0637,
2023-01-09 10:45:00,2023-01-09,10,0.3214394653031636,-0.946930129495105,9,0.1448166109956009,0.9894585131170224,0.104,0.102,0.0793,0.0706,0.0846,
2023-01-09 11:00:00,2023-01-09,11,0.2588190451025207,-0.9659258262890684,9,0.144993915276105,0.989432546732169,0.122,0.121,0.11,0.0999,0.114,
2023-01-09 11:15:00,2023-01-09,11,0.1950903220161331,-0.9807852804032294,9,0.1451712149007006,0.9894065485755866,0.176,0.204,0.273,0.267,0.264,
2023-01-09 11:30:00,2023-01-09,11,0.1305261922200473,-0.9914448613738108,9,0.1453485098636945,0.9893805186481102,0.213,0.222,0.273,0.263,0.27,
2023-01-09 11:45:00,2023-01-09,11,0.0654031292301437,-0.9978589232386036,9,0.1455258001593934,0.9893544569505756,0.182,0.51,1.05,1.09,0.95,
2023-01-09 12:00:00,2023-01-09,12,5.6346132373510016e-15,-1.0,9,0.1457030857821045,0.9893283634838196,0.122,0.322,0.69,0.728,0.646,
2023-01-09 12:15:00,2023-01-09,12,-0.0654031292301395,-0.9978589232386036,9,0.145880366726135,0.98930223824868,0.223,0.387,0.723,0.752,0.686,
2023-01-09 12:30:00,2023-01-09,12,-0.1305261922200502,-0.9914448613738106,9,0.1460576429857921,0.9892760812459962,0.209,0.451,0.893,0.94,0.808,
2023-01-09 12:45:00,2023-01-09,12,-0.195090322016129,-0.9807852804032304,9,0.1462349145553834,0.9892498924766076,0.135,0.431,0.93,0.996,0.843,
2023-01-09 13:00:00,2023-01-09,13,-0.2588190451025167,-0.9659258262890692,9,0.1464121814292163,0.9892236719413554,0.216,0.45,0.864,0.914,0.792,
2023-01-09 13:15:00,2023-01-09,13,-0.3214394653031529,-0.9469301294951086,9,0.1465894436015987,0.9891974196410814,0.16,0.369,0.782,0.841,0.716,
2023-01-09 13:30:00,2023-01-09,13,-0.3826834323650899,-0.9238795325112868,9,0.1467667010668386,0.9891711355766288,0.184,0.374,0.774,0.828,0.702,
2023-01-09 13:45:00,2023-01-09,13,-0.4422886902189969,-0.8968727415326905,9,0.146943953819244,0.9891448197488414,0.192,0.373,0.75,0.808,0.689,
2023-01-09 14:00:00,2023-01-09,14,-0.4999999999999976,-0.86602540378444,9,0.1471212018531232,0.9891184721585644,0.196,0.35,0.703,0.762,0.644,
2023-01-09 14:15:00,2023-01-09,14,-0.5555702330196017,-0.8314696123025456,9,0.1472984451627844,0.9890920928066436,0.137,0.289,0.641,0.716,0.579,
2023-01-09 14:30:00,2023-01-09,14,-0.6087614290087219,-0.7933533402912342,9,0.1474756837425363,0.9890656816939264,0.166,0.286,0.604,0.667,0.548,
2023-01-09 14:45:00,2023-01-09,14,-0.6593458151000663,-0.7518398074789796,9,0.1476529175866875,0.9890392388212608,0.157,0.255,0.515,0.57,0.468,
2023-01-09 15:00:00,2023-01-09,15,-0.7071067811865417,-0.7071067811865535,9,0.1478301466895468,0.9890127641894956,0.129,0.178,0.358,0.399,0.323,
2023-01-09 15:15:00,2023-01-09,15,-0.751839807478978,-0.6593458151000682,9,0.1480073710454233,0.9889862577994816,0.112,0.154,0.316,0.357,0.282,
2023-01-09 15:30:00,2023-01-09,15,-0.7933533402912327,-0.6087614290087239,9,0.148184590648626,0.9889597196520692,0.0685,0.0960999999999999,0.237,0.276,0.208,
2023-01-09 15:45:00,2023-01-09,15,-0.8314696123025442,-0.5555702330196038,9,0.1483618054934644,0.9889331497481108,0.043,0.05,0.101,0.117,0.0897,
2023-01-09 16:00:00,2023-01-09,16,-0.8660254037844388,-0.4999999999999998,9,0.1485390155742477,0.98890654808846,0.0238999999999999,0.0236,0.0258,0.0252,0.026,
2023-01-09 16:15:00,2023-01-09,16,-0.8968727415326894,-0.4422886902189991,9,0.1487162208852857,0.9888799146739704,0.00148,0.00155,0.00271,0.0028399999999999,0.00199,
2023-01-09 16:30:00,2023-01-09,16,-0.9238795325112856,-0.3826834323650921,9,0.1488934214208879,0.9888532495054976,-0.00134,-0.00111,-0.000555,-0.00047,-0.000883,
2023-01-09 16:45:00,2023-01-09,16,-0.9469301294951032,-0.3214394653031687,9,0.1490706171753645,0.9888265525838976,-0.00133,-0.00113,-0.000903,-0.000849,-0.00123,
2023-01-09 17:00:00,2023-01-09,17,-0.9659258262890688,-0.2588190451025191,9,0.1492478081430254,0.9887998239100282,-0.00162,-0.0014299999999999,-0.001,-0.000963,-0.0015,
2023-01-09 17:15:00,2023-01-09,17,-0.9807852804032298,-0.1950903220161314,9,0.1494249943181808,0.988773063484747,-0.00226,-0.00197,-0.00135,-0.00122,-0.0018,
2023-01-09 17:30:00,2023-01-09,17,-0.9914448613738104,-0.1305261922200526,9,0.149602175695141,0.9887462713089138,-0.0014399999999999,-0.0011899999999999,-0.000941,-0.000837,-0.00128,
2023-01-09 17:45:00,2023-01-09,17,-0.9978589232386031,-0.0654031292301491,9,0.1497793522682167,0.9887194473833888,-0.00131,-0.00111,-0.000772,-0.000696,-0.00103,
2023-01-09 18:00:00,2023-01-09,18,-1.0,3.1859386196928828e-15,9,0.1499565240317185,0.988692591709033,-0.00145,-0.00116,-0.00092,-0.000818,-0.000977,
2023-01-09 18:15:00,2023-01-09,18,-0.9978589232386036,0.0654031292301413,9,0.1501336909799571,0.9886657042867092,-0.00146,-0.00133,-0.00103,-0.00104,-0.00164,
2023-01-09 18:30:00,2023-01-09,18,-0.9914448613738112,0.1305261922200449,9,0.1503108531072437,0.9886387851172806,-0.00127,-0.001,-0.000776,-0.000619,-0.000973,
2023-01-09 18:45:00,2023-01-09,18,-0.98078528040323,0.1950903220161307,9,0.1504880104078893,0.9886118342016116,-0.000728,-0.000635,-0.000424,-0.000363,-0.000587,
2023-01-09 19:00:00,2023-01-09,19,-0.9659258262890688,0.2588190451025184,9,0.1506651628762052,0.988584851540568,-0.000972,-0.000911,-0.000548,-0.000562,-0.0016799999999999,
2023-01-09 19:15:00,2023-01-09,19,-0.9469301294951058,0.3214394653031613,9,0.1508423105065028,0.9885578371350154,-0.0015,-0.00117,-0.000579,-0.000566,-0.000608,
2023-01-09 19:30:00,2023-01-09,19,-0.9238795325112888,0.3826834323650849,9,0.1510194532930938,0.988530790985822,-0.000571,-0.000674,-0.000993,-0.000948,-0.00116,
2023-01-09 19:45:00,2023-01-09,19,-0.8968727415326866,0.4422886902190048,9,0.15119659123029,0.988503713093856,-0.000575,-0.000543,-0.000707,-0.000669,-0.000874,
2023-01-09 20:00:00,2023-01-09,20,-0.8660254037844392,0.4999999999999991,9,0.1513737243124032,0.9884766034599872,-0.000757,-0.000713,-0.00104,-0.000891,-0.00115,
2023-01-09 20:15:00,2023-01-09,20,-0.8314696123025486,0.5555702330195973,9,0.1515508525337454,0.9884494620850856,-0.000769,-0.000645,-0.000579,-0.00057,-0.00075,
2023-01-09 20:30:00,2023-01-09,20,-0.7933533402912375,0.6087614290087177,9,0.151727975888629,0.9884222889700228,-0.000443,-0.000436,-0.000369,-0.000413,-0.000861,
2023-01-09 20:45:00,2023-01-09,20,-0.7518398074789785,0.6593458151000676,9,0.1519050943713663,0.988395084115672,-0.00171,-0.00135,-0.000279,-0.000375,-0.000805,
2023-01-09 21:00:00,2023-01-09,21,-0.7071067811865471,0.7071067811865479,9,0.1520822079762699,0.988367847522906,-0.000335,-0.000316,-0.00041,-0.000398,-0.000608,
2023-01-09 21:15:00,2023-01-09,21,-0.6593458151000722,0.7518398074789745,9,0.1522593166976523,0.9883405791926,-0.00139,-0.00121,-0.000703,-0.000749,-0.0012,
2023-01-09 21:30:00,2023-01-09,21,-0.6087614290087169,0.793353340291238,9,0.1524364205298266,0.9883132791256292,-0.0014199999999999,-0.00124,-0.000882,-0.000906,-0.00145,
2023-01-09 21:45:00,2023-01-09,21,-0.5555702330196024,0.8314696123025451,9,0.1526135194671057,0.9882859473228705,-0.00137,-0.00116,-0.000896,-0.000856,-0.00128,
2023-01-09 22:00:00,2023-01-09,22,-0.5000000000000044,0.866025403784436,9,0.1527906135038027,0.9882585837852012,-0.000902,-0.000723,-0.000327,-0.000191,-0.000621,
2023-01-09 22:15:00,2023-01-09,22,-0.4422886902190039,0.8968727415326869,9,0.152967702634231,0.9882311885135004,-0.000434,-0.000394,-0.000379,-0.00039,-0.000638,
2023-01-09 22:30:00,2023-01-09,22,-0.3826834323650905,0.9238795325112864,9,0.1531447868527041,0.9882037615086474,-0.000815,-0.000667,-0.000434,-0.000367,-0.000643,
2023-01-09 22:45:00,2023-01-09,22,-0.3214394653031603,0.946930129495106,9,0.1533218661535356,0.9881763027715234,-0.000612,-0.000521,-0.000352,-0.000298,-0.000737,
2023-01-09 23:00:00,2023-01-09,23,-0.2588190451025243,0.9659258262890672,9,0.1534989405310393,0.9881488123030095,-0.000612,-0.000514,-0.000259,-0.000233,-0.00057,
2023-01-09 23:15:00,2023-01-09,23,-0.1950903220161367,0.9807852804032288,9,0.1536760099795291,0.9881212901039892,-0.000438,-0.00039,-0.000272,-0.000279,-0.000523,
2023-01-09 23:30:00,2023-01-09,23,-0.130526192220051,0.9914448613738104,9,0.1538530744933192,0.9880937361753456,-0.00055,-0.000496,-0.00031,-0.000359,-0.000724,
2023-01-09 23:45:00,2023-01-09,23,-0.0654031292301474,0.9978589232386031,9,0.1540301340667239,0.9880661505179636,-0.000443,-0.000422,-0.000259,-0.000333,-0.000733,
2023-01-10 00:00:00,2023-01-10,0,-2.204364238465236e-15,1.0,10,0.1542071886940575,0.9880385331327292,-0.000914,-0.000773,-0.000583,-0.000619,-0.000943,
2023-01-10 00:15:00,2023-01-10,0,0.065403129230143,0.9978589232386036,10,0.1543842383696347,0.9880108840205292,-0.000918,-0.000784,-0.000627,-0.000615,-0.000947,
2023-01-10 00:30:00,2023-01-10,0,0.1305261922200536,0.9914448613738102,10,0.1545612830877701,0.9879832031822516,-0.000649,-0.000528,-0.000414,-0.000409,-0.000698,
2023-01-10 00:45:00,2023-01-10,0,0.1950903220161254,0.980785280403231,10,0.1547383228427788,0.9879554906187848,-0.00074,-0.000617,-0.00051,-0.00047,-0.000716,
2023-01-10 01:00:00,2023-01-10,1,0.2588190451025132,0.9659258262890704,10,0.1549153576289757,0.9879277463310192,-0.000773,-0.000645,-0.000465,-0.000455,-0.000775,
2023-01-10 01:15:00,2023-01-10,1,0.3214394653031629,0.9469301294951052,10,0.1550923874406762,0.9878999703198452,-0.000703,-0.000578,-0.000486,-0.000463,-0.000724,
2023-01-10 01:30:00,2023-01-10,1,0.3826834323650865,0.923879532511288,10,0.1552694122721954,0.9878721625861552,-0.00055,-0.00044,-0.000365,-0.000344,-0.000518,
2023-01-10 01:45:00,2023-01-10,1,0.442288690219,0.8968727415326889,10,0.1554464321178492,0.9878443231308418,-0.000525,-0.000461,-0.000321,-0.000352,-0.00069,
2023-01-10 02:00:00,2023-01-10,2,0.4999999999999945,0.8660254037844418,10,0.155623446971953,0.987816451954799,-0.000562,-0.000461,-0.000345,-0.000302,-0.00057,
2023-01-10 02:15:00,2023-01-10,2,0.5555702330196046,0.8314696123025437,10,0.1558004568288229,0.987788549058922,-0.000571,-0.000486,-0.00029,-0.000279,-0.000523,
2023-01-10 02:30:00,2023-01-10,2,0.608761429008719,0.7933533402912364,10,0.1559774616827748,0.9877606144441065,-0.000604,-0.000528,-0.000369,-0.000375,-0.000724,
2023-01-10 02:45:00,2023-01-10,2,0.6593458151000636,0.751839807478982,10,0.1561544615281249,0.9877326481112496,-0.000579,-0.000493,-0.00039,-0.000394,-0.000647,
2023-01-10 03:00:00,2023-01-10,3,0.7071067811865491,0.707106781186546,10,0.1563314563591896,0.9877046500612492,-0.000757,-0.000667,-0.000462,-0.000516,-0.00102,
2023-01-10 03:15:00,2023-01-10,3,0.7518398074789756,0.659345815100071,10,0.1565084461702853,0.9876766202950048,-0.000645,-0.000546,-0.000355,-0.000325,-0.000707,
2023-01-10 03:30:00,2023-01-10,3,0.7933533402912348,0.6087614290087211,10,0.1566854309557288,0.987648558813416,-0.000778,-0.000691,-0.000452,-0.00047,-0.000913,
2023-01-10 03:45:00,2023-01-10,3,0.8314696123025421,0.5555702330196068,10,0.1568624107098368,0.987620465617384,-0.000496,-0.00045,-0.000421,-0.000482,-0.000754,
2023-01-10 04:00:00,2023-01-10,4,0.8660254037844405,0.4999999999999968,10,0.1570393854269264,0.9875923407078112,-0.00105,-0.000848,0.000228,0.000333,-0.000698,
2023-01-10 04:15:00,2023-01-10,4,0.8968727415326877,0.4422886902190024,10,0.1572163551013146,0.9875641840856002,0.000227,0.000156,-0.000714,-0.000818,-0.000698,
2023-01-10 04:30:00,2023-01-10,4,0.9238795325112844,0.3826834323650955,10,0.157393319727319,0.9875359957516556,0.000232,0.000195,-0.000521,-0.000543,-0.000514,
2023-01-10 04:45:00,2023-01-10,4,0.9469301294951044,0.3214394653031655,10,0.1575702792992568,0.9875077757068824,-0.0011,-0.000936,-0.000393,-0.000264,-0.000716,
2023-01-10 05:00:00,2023-01-10,5,0.9659258262890678,0.2588190451025227,10,0.1577472338114458,0.9874795239521866,-0.000852,-0.00083,-0.000224,-0.000451,-0.00104,
2023-01-10 05:15:00,2023-01-10,5,0.9807852804032304,0.195090322016128,10,0.1579241832582037,0.9874512404884755,-0.000521,-0.00044,-0.000424,-0.000336,-0.000673,
2023-01-10 05:30:00,2023-01-10,5,0.9914448613738098,0.1305261922200563,10,0.1581011276338485,0.9874229253166577,-0.000529,-0.000426,-0.000334,-0.000283,-0.000467,
2023-01-10 05:45:00,2023-01-10,5,0.9978589232386038,0.0654031292301386,10,0.1582780669326984,0.9873945784376418,-0.00105,-0.000965,3.45e-06,-7.65e-06,-0.000771,
2023-01-10 06:00:00,2023-01-10,6,1.0,4.892397390223529e-16,10,0.1584550011490716,0.9873661998523384,-0.000695,-0.000635,-0.000679,-0.000635,-0.000835,
2023-01-10 06:15:00,2023-01-10,6,0.9978589232386038,-0.0654031292301376,10,0.1586319302772866,0.9873377895616586,-0.00159,-0.00153,-0.000734,-0.000577,-0.00124,
2023-01-10 06:30:00,2023-01-10,6,0.9914448613738108,-0.1305261922200483,10,0.1588088543116619,0.9873093475665148,-0.00148,-0.00123,-0.000483,-0.000436,-0.0012,
2023-01-10 06:45:00,2023-01-10,6,0.9807852804032308,-0.1950903220161271,10,0.1589857732465165,0.9872808738678204,0.00106,0.00141,0.00234,0.00229,0.00175,
2023-01-10 07:00:00,2023-01-10,7,0.965925826289068,-0.2588190451025217,10,0.1591626870761693,0.9872523684664896,0.0182,0.0181,0.017,0.0153,0.0172,
2023-01-10 07:15:00,2023-01-10,7,0.9469301294951068,-0.3214394653031578,10,0.1593395957949392,0.9872238313634376,0.0458,0.047,0.0552999999999999,0.0511,0.0527,
2023-01-10 07:30:00,2023-01-10,7,0.9238795325112902,-0.3826834323650815,10,0.1595164993971457,0.9871952625595812,0.0808,0.0905,0.141,0.134,0.13,
2023-01-10 07:45:00,2023-01-10,7,0.8968727415326881,-0.4422886902190016,10,0.1596933978771081,0.9871666620558373,0.0809,0.0955999999999999,0.165,0.158,0.154,
2023-01-10 08:00:00,2023-01-10,8,0.8660254037844409,-0.4999999999999959,10,0.1598702912291461,0.9871380298531244,0.104,0.148,0.306,0.297,0.273,
2023-01-10 08:15:00,2023-01-10,8,0.8314696123025467,-0.5555702330196002,10,0.1600471794475794,0.987109365952362,0.134,0.157,0.236,0.225,0.22,
2023-01-10 08:30:00,2023-01-10,8,0.7933533402912354,-0.6087614290087203,10,0.160224062526728,0.9870806703544708,0.126,0.135,0.188,0.179,0.18,
2023-01-10 08:45:00,2023-01-10,8,0.7518398074789763,-0.6593458151000702,10,0.1604009404609119,0.9870519430603716,0.121,0.216,0.471,0.467,0.43,
2023-01-10 09:00:00,2023-01-10,9,0.7071067811865498,-0.7071067811865452,10,0.1605778132444514,0.9870231840709872,0.118,0.117,0.143,0.136,0.14,
2023-01-10 09:15:00,2023-01-10,9,0.659345815100075,-0.751839807478972,10,0.160754680871667,0.9869943933872414,0.137,0.136,0.143,0.132,0.144,
2023-01-10 09:30:00,2023-01-10,9,0.6087614290087198,-0.7933533402912358,10,0.1609315433368792,0.9869655710100582,0.112,0.111,0.126,0.118,0.124,
2023-01-10 09:45:00,2023-01-10,9,0.5555702330196054,-0.8314696123025431,10,0.1611084006344087,0.9869367169403632,0.128,0.126,0.124,0.117,0.126,
2023-01-10 10:00:00,2023-01-10,10,0.5000000000000014,-0.8660254037844378,10,0.1612852527585766,0.9869078311790832,0.216,0.217,0.25,0.237,0.245,
2023-01-10 10:15:00,2023-01-10,10,0.4422886902190073,-0.8968727415326854,10,0.1614620997037039,0.9868789137271458,0.292,0.545,1.01,1.01,0.938,
2023-01-10 10:30:00,2023-01-10,10,0.3826834323650874,-0.9238795325112876,10,0.1616389414641119,0.9868499645854792,0.15,0.442,0.938,0.956,0.845,
2023-01-10 10:45:00,2023-01-10,10,0.3214394653031638,-0.9469301294951048,10,0.1618157780341219,0.986820983755013,0.136,0.467,0.989,1.01,0.891,
2023-01-10 11:00:00,2023-01-10,11,0.2588190451025278,-0.9659258262890664,10,0.1619926094080557,0.9867919712366782,0.115,0.462,0.998,1.03,0.901,
2023-01-10 11:15:00,2023-01-10,11,0.1950903220161264,-0.9807852804032308,10,0.1621694355802349,0.986762927031406,0.136,0.471,0.997,1.03,0.902,
2023-01-10 11:30:00,2023-01-10,11,0.1305261922200546,-0.99144486137381,10,0.1623462565449814,0.9867338511401296,0.128,0.47,1.02,1.06,0.922,
2023-01-10 11:45:00,2023-01-10,11,0.0654031292301439,-0.9978589232386036,10,0.1625230722966173,0.9867047435637818,0.12,0.328,0.715,0.748,0.626,
2023-01-10 12:00:00,2023-01-10,12,5.879542597180472e-15,-1.0,10,0.162699882829465,0.986675604303298,0.102,0.455,1.0,1.06,0.908,
2023-01-10 12:15:00,2023-01-10,12,-0.0654031292301464,-0.9978589232386031,10,0.1628766881378468,0.9866464333596136,0.108,0.448,0.973,1.03,0.885,
2023-01-10 12:30:00,2023-01-10,12,-0.13052619222005,-0.9914448613738106,10,0.1630534882160854,0.9866172307336656,0.107,0.428,0.93,0.997,0.846,
2023-01-10 12:45:00,2023-01-10,12,-0.1950903220161218,-0.9807852804032318,10,0.1632302830585034,0.9865879964263912,0.0997,0.403,0.894,0.965,0.812,
2023-01-10 13:00:00,2023-01-10,13,-0.2588190451025165,-0.9659258262890694,10,0.1634070726594238,0.9865587304387295,0.0985,0.388,0.867,0.942,0.788,
2023-01-10 13:15:00,2023-01-10,13,-0.3214394653031594,-0.9469301294951064,10,0.1635838570131698,0.9865294327716204,0.0929,0.37,0.843,0.92,0.763,
2023-01-10 13:30:00,2023-01-10,13,-0.3826834323650896,-0.9238795325112868,10,0.1637606361140645,0.986500103426004,0.0869,0.343,0.81,0.882,0.723,
2023-01-10 13:45:00,2023-01-10,13,-0.4422886902189967,-0.8968727415326906,10,0.1639374099564315,0.9864707424028232,0.0788,0.314,0.765,0.838,0.675,
2023-01-10 14:00:00,2023-01-10,14,-0.5000000000000036,-0.8660254037844366,10,0.1641141785345943,0.9864413497030198,0.0735,0.286,0.717,0.793,0.623,
2023-01-10 14:15:00,2023-01-10,14,-0.5555702330196015,-0.8314696123025457,10,0.1642909418428767,0.986411925327538,0.0645,0.251,0.654,0.745,0.556,
2023-01-10 14:30:00,2023-01-10,14,-0.6087614290087161,-0.7933533402912387,10,0.1644676998756026,0.9863824692773228,0.0591,0.218,0.593,0.676,0.489,
2023-01-10 14:45:00,2023-01-10,14,-0.6593458151000662,-0.7518398074789798,10,0.1646444526270961,0.98635298155332,0.0533999999999999,0.181,0.515,0.598,0.419,
2023-01-10 15:00:00,2023-01-10,15,-0.7071067811865465,-0.7071067811865486,10,0.1648212000916817,0.9863234621564764,0.0466,0.145,0.436,0.515,0.352,
2023-01-10 15:15:00,2023-01-10,15,-0.7518398074789778,-0.6593458151000684,10,0.1649979422636836,0.9862939110877396,0.0362,0.107,0.344,0.414,0.273,
2023-01-10 15:30:00,2023-01-10,15,-0.7933533402912325,-0.608761429008724,10,0.1651746791374265,0.9862643283480592,0.0277,0.0697,0.239,0.296,0.19,
2023-01-10 15:45:00,2023-01-10,15,-0.8314696123025401,-0.55557023301961,10,0.1653514107072352,0.9862347139383846,0.0188,0.0391,0.147,0.188,0.119,
2023-01-10 16:00:00,2023-01-10,16,-0.8660254037844386,-0.5,10,0.1655281369674346,0.9862050678596668,0.0085399999999999,0.0134,0.0565,0.0731,0.0469,
2023-01-10 16:15:00,2023-01-10,16,-0.8968727415326861,-0.4422886902190057,10,0.16570485791235,0.9861753901128582,-0.000947,-0.000702,0.00178,0.00141,-0.000651,
2023-01-10 16:30:00,2023-01-10,16,-0.9238795325112856,-0.3826834323650924,10,0.1658815735363066,0.9861456806989112,-0.00366,-0.003,-0.00158,-0.00175,-0.00362,
2023-01-10 16:45:00,2023-01-10,16,-0.9469301294951056,-0.3214394653031622,10,0.1660582838336298,0.9861159396187802,-0.00363,-0.00287,-0.00206,-0.0020499999999999,-0.0035099999999999,
2023-01-10 17:00:00,2023-01-10,17,-0.9659258262890686,-0.2588190451025193,10,0.1662349887986453,0.98608616687342,-0.00372,-0.00295,-0.0018,-0.00179,-0.00327,
2023-01-10 17:15:00,2023-01-10,17,-0.9807852804032298,-0.1950903220161317,10,0.166411688425679,0.9860563624637868,-0.00368,-0.00273,-0.0016,-0.00154,-0.00323,
2023-01-10 17:30:00,2023-01-10,17,-0.9914448613738092,-0.1305261922200599,10,0.1665883827090567,0.9860265263908374,-0.00347,-0.00258,-0.00174,-0.00157,-0.00314,
2023-01-10 17:45:00,2023-01-10,17,-0.9978589232386036,-0.0654031292301422,10,0.1667650716431048,0.9859966586555302,-0.00357,-0.00261,-0.00148,-0.00137,-0.0028399999999999,
2023-01-10 18:00:00,2023-01-10,18,-1.0,-4.164418097737589e-15,10,0.1669417552221495,0.985966759258824,-0.00358,-0.00248,-0.00139,-0.00131,-0.0029,
2023-01-10 18:15:00,2023-01-10,18,-0.9978589232386036,0.065403129230141,10,0.1671184334405172,0.9859368282016792,-0.00377,-0.00268,-0.00137,-0.00136,-0.00326,
2023-01-10 18:30:00,2023-01-10,18,-0.9914448613738112,0.1305261922200446,10,0.1672951062925348,0.9859068654850566,-0.00374,-0.00256,-0.00126,-0.0014,-0.00287,
2023-01-10 18:45:00,2023-01-10,18,-0.98078528040323,0.1950903220161305,10,0.167471773772529,0.9858768711099184,-0.0039,-0.00277,-0.00135,-0.00145,-0.00339,
2023-01-10 19:00:00,2023-01-10,19,-0.965925826289069,0.2588190451025182,10,0.1676484358748268,0.985846845077228,-0.00458,-0.00357,-0.00224,-0.0022,-0.00467,
2023-01-10 19:15:00,2023-01-10,19,-0.946930129495108,0.3214394653031543,10,0.1678250925937555,0.9858167873879494,-0.00492,-0.00396,-0.0028399999999999,-0.0027,-0.00533,
2023-01-10 19:30:00,2023-01-10,19,-0.9238795325112862,0.3826834323650912,10,0.1680017439236424,0.9857866980430476,-0.00376,-0.00317,-0.00173,-0.0019299999999999,-0.00392,
2023-01-10 19:45:00,2023-01-10,19,-0.8968727415326898,0.4422886902189982,10,0.168178389858815,0.9857565770434892,-0.00319,-0.00265,-0.00164,-0.00166,-0.00306,
2023-01-10 20:00:00,2023-01-10,20,-0.8660254037844393,0.4999999999999989,10,0.1683550303936012,0.985726424390241,-0.003,-0.00263,-0.00161,-0.00157,-0.0028399999999999,
2023-01-10 20:15:00,2023-01-10,20,-0.8314696123025487,0.5555702330195971,10,0.1685316655223286,0.9856962400842716,-0.0028799999999999,-0.00233,-0.00121,-0.00114,-0.00241,
2023-01-10 20:30:00,2023-01-10,20,-0.7933533402912333,0.6087614290087231,10,0.1687082952393255,0.98566602412655,-0.00297,-0.00228,-0.00129,-0.00114,-0.00237,
2023-01-10 20:45:00,2023-01-10,20,-0.7518398074789786,0.6593458151000674,10,0.16888491953892,0.9856357765180463,-0.0028799999999999,-0.00232,-0.00132,-0.00115,-0.0025299999999999,
2023-01-10 21:00:00,2023-01-10,21,-0.7071067811865523,0.7071067811865427,10,0.1690615384154405,0.9856054972597325,-0.00293,-0.00241,-0.00127,-0.00101,-0.00234,
2023-01-10 21:15:00,2023-01-10,21,-0.6593458151000724,0.7518398074789743,10,0.1692381518632156,0.9855751863525802,-0.00329,-0.0019199999999999,-0.000876,-0.000688,-0.00196,
2023-01-10 21:30:00,2023-01-10,21,-0.6087614290087227,0.7933533402912336,10,0.1694147598765742,0.9855448437975628,-0.00275,-0.00218,-0.00117,-0.000822,-0.00214,
2023-01-10 21:45:00,2023-01-10,21,-0.5555702330196026,0.831469612302545,10,0.169591362449845,0.985514469595655,-0.00275,-0.00224,-0.0014299999999999,-0.000902,-0.00229,
2023-01-10 22:00:00,2023-01-10,22,-0.5000000000000047,0.8660254037844359,10,0.1697679595773573,0.985484063747832,-0.00292,-0.00244,-0.00149,-0.0013,-0.00244,
2023-01-10 22:15:00,2023-01-10,22,-0.4422886902189978,0.89687274153269,10,0.1699445512534402,0.9854536262550698,-0.00276,-0.0022,-0.00125,-0.00065,-0.00202,
2023-01-10 22:30:00,2023-01-10,22,-0.3826834323650908,0.9238795325112864,10,0.1701211374724233,0.9854231571183462,-0.00299,-0.0025,-0.00158,-0.0012,-0.00273,
2023-01-10 22:45:00,2023-01-10,22,-0.3214394653031673,0.9469301294951036,10,0.1702977182286361,0.9853926563386396,-0.0029,-0.00224,-0.00148,-0.000765,-0.0020099999999999,
2023-01-10 23:00:00,2023-01-10,23,-0.2588190451025245,0.9659258262890672,10,0.1704742935164085,0.985362123916929,-0.00311,-0.00261,-0.0018,-0.00126,-0.00281,
2023-01-10 23:15:00,2023-01-10,23,-0.19509032201613,0.98078528040323,10,0.1706508633300706,0.9853315598541952,-0.00342,-0.00298,-0.00202,-0.00153,-0.00326,
2023-01-10 23:30:00,2023-01-10,23,-0.1305261922200512,0.9914448613738104,10,0.1708274276639523,0.9853009641514195,-0.00337,-0.00262,-0.00147,-0.0014,-0.00285,
2023-01-10 23:45:00,2023-01-10,23,-0.0654031292301476,0.9978589232386031,10,0.171003986512384,0.9852703368095846,-0.00285,-0.00227,-0.00135,-0.00105,-0.00247,
2023-03-11 00:00:00,2023-03-11,0,-6.66381173314405e-14,1.0,70,0.92724667319331,0.3744510743100344,-0.000893,-0.00095,-0.000334,-0.000466,-0.000527,
2023-03-11 00:15:00,2023-03-11,0,0.0654031292301212,0.9978589232386048,70,0.927313758288412,0.3742849097799968,0.000463,0.000564,-0.000279,-4.97e-05,-0.000626,
2023-03-11 00:30:00,2023-03-11,0,0.1305261922200179,0.9914448613738148,70,0.9273808136064856,0.3741187332312739,0.00121,0.00129,-0.000262,3.82e-05,-0.000548,
2023-03-11 00:45:00,2023-03-11,0,0.1950903220161389,0.9807852804032284,70,0.927447839145377,0.3739525446692013,0.00012,0.000223,-0.000193,-7.65e-05,-0.000261,
2023-03-11 01:00:00,2023-03-11,1,0.2588190451025196,0.9659258262890686,70,0.9275148349029344,0.3737863440991157,-0.00115,-0.00108,-0.000234,-0.000336,-0.00042,
2023-03-11 01:15:00,2023-03-11,1,0.3214394653030952,0.9469301294951282,70,0.927581800877006,0.3736201315263542,-0.000513,-0.000454,-0.000221,-0.000226,-0.000596,
2023-03-11 01:30:00,2023-03-11,1,0.3826834323650663,0.9238795325112964,70,0.9276487370654422,0.3734539069562537,-6.2e-05,-4.61e-05,-0.000314,-0.000279,-0.00072,
2023-03-11 01:45:00,2023-03-11,1,0.4422886902189677,0.8968727415327049,70,0.9277156434660928,0.3732876703941521,-0.000778,-0.000635,-0.000548,-0.000478,-0.000827,
2023-03-11 02:00:00,2023-03-11,2,0.5000000000000063,0.8660254037844349,70,0.9277825200768102,0.3731214218453872,-0.00197,-0.00173,-0.001,-0.001,-0.0016,
2023-03-11 02:15:00,2023-03-11,2,0.5555702330195983,0.8314696123025479,70,0.9278493668954462,0.3729551613152978,-0.00198,-0.00163,-0.000996,-0.000979,-0.00161,
2023-03-11 02:30:00,2023-03-11,2,0.6087614290086623,0.79335334029128,70,0.9279161839198544,0.3727888888092222,-0.0016,-0.00128,-0.000862,-0.000799,-0.0011899999999999,
2023-03-11 02:45:00,2023-03-11,2,0.6593458151000472,0.7518398074789964,70,0.9279829711478896,0.3726226043324998,-0.00154,-0.00123,-0.000807,-0.000726,-0.00115,
2023-03-11 03:00:00,2023-03-11,3,0.7071067811865186,0.7071067811865764,70,0.9280497285774072,0.3724563078904705,-0.00177,-0.0014299999999999,-0.000896,-0.00078,-0.00123,
2023-03-11 03:15:00,2023-03-11,3,0.7518398074789799,0.659345815100066,70,0.928116456206263,0.3722899994884737,0.000554,0.000688,3.1e-05,0.000248,0.000137,
2023-03-11 03:30:00,2023-03-11,3,0.7933533402912302,0.6087614290087271,70,0.9281831540323148,0.3721236791318503,-4.55e-05,1.42e-05,-2.4100000000000003e-05,9.94e-05,0.000103,
2023-03-11 03:45:00,2023-03-11,3,0.8314696123025656,0.5555702330195719,70,0.9282498220534208,0.3719573468259404,-0.000579,-0.000262,2.07e-05,0.000214,0.00015,
2023-03-11 04:00:00,2023-03-11,4,0.8660254037844225,0.500000000000028,70,0.9283164602674396,0.3717910025760857,-0.000893,-0.000699,-0.000376,-0.000279,-0.000398,
2023-03-11 04:15:00,2023-03-11,4,0.8968727415326687,0.4422886902190411,70,0.9283830686722324,0.3716246463876272,-0.00173,-0.00145,-0.000986,-0.00091,-0.00151,
2023-03-11 04:30:00,2023-03-11,4,0.9238795325112868,0.3826834323650894,70,0.9284496472656596,0.371458278265907,-0.00174,-0.0015,-0.000972,-0.000982,-0.00174,
2023-03-11 04:45:00,2023-03-11,4,0.946930129495102,0.3214394653031726,70,0.9285161960455836,0.3712918982162677,-0.00183,-0.00156,-0.00101,-0.001,-0.00173,
2023-03-11 05:00:00,2023-03-11,5,0.9659258262890767,0.2588190451024888,70,0.9285827150098674,0.3711255062440512,-0.00184,-0.00154,-0.000924,-0.000925,-0.00164,
2023-03-11 05:15:00,2023-03-11,5,0.9807852804032234,0.1950903220161634,70,0.9286492041563748,0.3709591023546012,-0.000521,-0.00034,-0.000141,-7.259999999999999e-05,-0.000253,
2023-03-11 05:30:00,2023-03-11,5,0.9914448613738042,0.130526192220099,70,0.9287156634829712,0.3707926865532608,-0.000447,-0.000184,9.65e-05,6.5e-05,-0.000227,
2023-03-11 05:45:00,2023-03-11,5,0.9978589232386031,0.0654031292301461,70,0.928782092987522,0.3706262588453737,0.0038399999999999,0.0040599999999999,0.00373,0.00333,0.00373,
2023-03-11 06:00:00,2023-03-11,6,1.0,1.5185001328790593e-14,70,0.9288484926678944,0.3704598192362841,0.0213,0.0213,0.021,0.0189,0.021,
2023-03-11 06:15:00,2023-03-11,6,0.9978589232386016,-0.0654031292301726,70,0.9289148625219564,0.3702933677313367,0.034,0.0337,0.029,0.0256,0.0306,
2023-03-11 06:30:00,2023-03-11,6,0.9914448613738156,-0.1305261922200126,70,0.9289812025475762,0.3701269043358765,0.0472,0.0465,0.0433,0.0384,0.0455,
2023-03-11 06:45:00,2023-03-11,6,0.9807852804032404,-0.1950903220160778,70,0.929047512742624,0.3699604290552487,0.0785999999999999,0.0772,0.0683,0.0608999999999999,0.0716,
2023-03-11 07:00:00,2023-03-11,7,0.96592582628907,-0.2588190451025143,70,0.9291137931049708,0.3697939418947988,0.113,0.111,0.0963,0.0843,0.102,
2023-03-11 07:15:00,2023-03-11,7,0.9469301294951116,-0.3214394653031439,70,0.9291800436324872,0.3696274428598733,0.189,0.201,0.203,0.177,0.203,
2023-03-11 07:30:00,2023-03-11,7,0.9238795325112767,-0.3826834323651139,70,0.929246264323047,0.3694609319558182,0.216,0.359,0.461,0.406,0.44,
2023-03-11 07:45:00,2023-03-11,7,0.8968727415327072,-0.4422886902189629,70,0.9293124551745232,0.3692944091879805,0.163,0.347,0.487,0.437,0.461,
2023-03-11 08:00:00,2023-03-11,8,0.8660254037844377,-0.5000000000000017,70,0.9293786161847906,0.3691278745617076,0.131,0.409,0.606,0.55,0.568,
2023-03-11 08:15:00,2023-03-11,8,0.8314696123025509,-0.5555702330195939,70,0.9294447473517244,0.3689613280823471,0.146,0.457,0.67,0.613,0.63,
2023-03-11 08:30:00,2023-03-11,8,0.7933533402912487,-0.608761429008703,70,0.929510848673201,0.368794769755247,0.212,0.433,0.602,0.554,0.573,
2023-03-11 08:45:00,2023-03-11,8,0.7518398074789625,-0.6593458151000858,70,0.9295769201470984,0.3686281995857552,0.323,0.384,0.47,0.429,0.462,
2023-03-11 09:00:00,2023-03-11,9,0.7071067811865802,-0.7071067811865148,70,0.929642961771294,0.3684616175792211,0.392,0.532,0.646,0.593,0.629,
2023-03-11 09:15:00,2023-03-11,9,0.6593458151000701,-0.7518398074789764,70,0.9297089735436682,0.3682950237409932,0.362,0.373,0.407,0.37,0.4,
2023-03-11 09:30:00,2023-03-11,9,0.6087614290087314,-0.7933533402912268,70,0.9297749554621008,0.3681284180764214,0.317,0.312,0.299,0.268,0.306,
2023-03-11 09:45:00,2023-03-11,9,0.5555702330196236,-0.831469612302531,70,0.9298409075244728,0.3679618005908557,0.371,0.367,0.382,0.352,0.387,
2023-03-11 10:00:00,2023-03-11,10,0.4999999999999834,-0.8660254037844483,70,0.929906829728667,0.3677951712896459,0.425,0.426,0.442,0.404,0.449,
2023-03-11 10:15:00,2023-03-11,10,0.4422886902190459,-0.8968727415326663,70,0.929972722072566,0.3676285301781432,0.292,0.288,0.274,0.248,0.281,
2023-03-11 10:30:00,2023-03-11,10,0.3826834323650944,-0.9238795325112849,70,0.9300385845540544,0.367461877261698,0.371,0.39,0.393,0.356,0.401,
2023-03-11 10:45:00,2023-03-11,10,0.3214394653031777,-0.9469301294951,70,0.9301044171710168,0.3672952125456624,0.332,0.328,0.3,0.266,0.311,
2023-03-11 11:00:00,2023-03-11,11,0.2588190451025489,-0.9659258262890608,70,0.9301702199213394,0.3671285360353877,0.318,0.313,0.278,0.245,0.29,
2023-03-11 11:15:00,2023-03-11,11,0.1950903220161129,-0.9807852804032337,70,0.9302359928029096,0.3669618477362258,0.312,0.309,0.272,0.24,0.284,
2023-03-11 11:30:00,2023-03-11,11,0.1305261922201044,-0.9914448613738036,70,0.930301735813615,0.36679514765353,0.329,0.336,0.326,0.296,0.333,
2023-03-11 11:45:00,2023-03-11,11,0.0654031292301515,-0.9978589232386028,70,0.9303674489513446,0.3666284357926527,0.342,0.342,0.34,0.31,0.348,
2023-03-11 12:00:00,2023-03-11,12,2.0575304186948712e-14,-1.0,70,0.9304331322139882,0.3664617121589474,0.319,0.317,0.313,0.287,0.319,
2023-03-11 12:15:00,2023-03-11,12,-0.0654031292301104,-0.9978589232386056,70,0.9304987855994368,0.3662949767577678,0.311,0.31,0.315,0.291,0.321,
2023-03-11 12:30:00,2023-03-11,12,-0.1305261922200636,-0.9914448613738088,70,0.930564409105582,0.3661282295944676,0.292,0.288,0.284,0.262,0.289,
2023-03-11 12:45:00,2023-03-11,12,-0.1950903220160725,-0.9807852804032416,70,0.9306300027303166,0.3659614706744017,0.289,0.285,0.283,0.261,0.289,
2023-03-11 13:00:00,2023-03-11,13,-0.2588190451025092,-0.9659258262890714,70,0.9306955664715346,0.3657947000029243,0.29,0.286,0.269,0.245,0.277,
2023-03-11 13:15:00,2023-03-11,13,-0.3214394653031387,-0.9469301294951132,70,0.9307611003271304,0.3656279175853913,0.271,0.267,0.244,0.22,0.253,
2023-03-11 13:30:00,2023-03-11,13,-0.3826834323651089,-0.9238795325112787,70,0.9308266042949996,0.3654611234271578,0.256,0.252,0.213,0.188,0.225,
2023-03-11 13:45:00,2023-03-11,13,-0.442288690219009,-0.8968727415326845,70,0.9308920783730388,0.36529431753358,0.222,0.218,0.184,0.16,0.194,
2023-03-11 14:00:00,2023-03-11,14,-0.4999999999999478,-0.8660254037844688,70,0.930957522559146,0.3651274999100141,0.221,0.217,0.181,0.157,0.19,
2023-03-11 14:15:00,2023-03-11,14,-0.5555702330195893,-0.8314696123025539,70,0.9310229368512192,0.3649606705618166,0.233,0.229,0.199,0.177,0.209,
2023-03-11 14:30:00,2023-03-11,14,-0.6087614290086988,-0.7933533402912519,70,0.931088321247158,0.3647938294943449,0.206,0.203,0.179,0.158,0.187,
2023-03-11 14:45:00,2023-03-11,14,-0.6593458151000818,-0.7518398074789661,70,0.9311536757448632,0.3646269767129559,0.168,0.165,0.148,0.13,0.155,
2023-03-11 15:00:00,2023-03-11,15,-0.7071067811865511,-0.7071067811865439,70,0.9312190003422356,0.3644601122230081,0.117,0.115,0.106,0.0939,0.11,
2023-03-11 15:15:00,2023-03-11,15,-0.7518398074789353,-0.6593458151001168,70,0.9312842950371776,0.3642932360298595,0.091,0.0895,0.0873,0.0780999999999999,0.09,
2023-03-11 15:30:00,2023-03-11,15,-0.7933533402912236,-0.6087614290087358,70,0.9313495598275932,0.3641263481388684,0.0392999999999999,0.0387,0.0407,0.0377,0.0406,
2023-03-11 15:45:00,2023-03-11,15,-0.831469612302528,-0.555570233019628,70,0.931414794711386,0.363959448555394,0.0291,0.0287,0.0273999999999999,0.0251,0.0278,
2023-03-11 16:00:00,2023-03-11,16,-0.8660254037844455,-0.4999999999999881,70,0.9314799996864616,0.3637925372847954,0.0236,0.0232,0.0219,0.02,0.0223,
2023-03-11 16:15:00,2023-03-11,16,-0.896872741532689,-0.4422886902189998,70,0.9315451747507262,0.3636256143324327,0.0136999999999999,0.0136,0.0121999999999999,0.0111,0.0125,
2023-03-11 16:30:00,2023-03-11,16,-0.923879532511261,-0.3826834323651519,70,0.9316103199020868,0.3634586797036654,0.0136999999999999,0.0136,0.0103,0.00925,0.0107,
2023-03-11 16:45:00,2023-03-11,16,-0.9469301294950984,-0.3214394653031828,70,0.9316754351384514,0.3632917334038543,0.0113,0.0112,0.00958,0.00861,0.0104,
2023-03-11 17:00:00,2023-03-11,17,-0.9659258262890592,-0.2588190451025541,70,0.9317405204577294,0.3631247754383603,0.0124,0.0126,0.00977,0.00929,0.0097899999999999,
2023-03-11 17:15:00,2023-03-11,17,-0.9807852804032324,-0.1950903220161182,70,0.9318055758578306,0.3629578058125444,0.0129,0.0129,0.0136999999999999,0.0138,0.0135,
2023-03-11 17:30:00,2023-03-11,17,-0.9914448613738102,-0.1305261922200534,70,0.931870601336666,0.3627908245317683,0.00375,0.00399,0.00366,0.00343,0.00404,
2023-03-11 17:45:00,2023-03-11,17,-0.9978589232385988,-0.0654031292302136,70,0.9319355968921478,0.362623831601394,-0.00179,-0.00166,-0.000396,-0.000459,-0.00051,
2023-03-11 18:00:00,2023-03-11,18,-1.0,-2.5965607045106828e-14,70,0.9320005625221888,0.3624568270267833,-0.000794,-0.000546,-0.000489,-0.000359,-0.000583,
2023-03-11 18:15:00,2023-03-11,18,-0.997858923238606,0.0654031292301051,70,0.9320654982247027,0.3622898108132997,-0.000653,-0.000436,-0.000534,-0.00042,-0.000613,
2023-03-11 18:30:00,2023-03-11,18,-0.9914448613738096,0.1305261922200583,70,0.9321304039976048,0.3621227829663057,-0.00111,-0.00101,-0.000489,-0.000539,-0.00117,
2023-03-11 18:45:00,2023-03-11,18,-0.9807852804032317,0.195090322016123,70,0.9321952798388105,0.3619557434911651,-0.00129,-0.0011899999999999,-0.000569,-0.000589,-0.00129,
2023-03-11 19:00:00,2023-03-11,19,-0.965925826289058,0.2588190451025589,70,0.9322601257462364,0.3617886923932413,-0.0016899999999999,-0.00149,-0.000872,-0.000799,-0.00149,
2023-03-11 19:15:00,2023-03-11,19,-0.9469301294951152,0.3214394653031336,70,0.9323249417178008,0.361621629677899,-0.0022299999999999,-0.00198,-0.00128,-0.00128,-0.00214,
2023-03-11 19:30:00,2023-03-11,19,-0.9238795325113026,0.3826834323650514,70,0.9323897277514218,0.3614545553505024,-0.00221,-0.0019299999999999,-0.0014399999999999,-0.00127,-0.00209,
2023-03-11 19:45:00,2023-03-11,19,-0.8968727415326868,0.4422886902190042,70,0.9324544838450196,0.3612874694164161,-0.00229,-0.00198,-0.00121,-0.0011,-0.0016799999999999,
2023-03-11 20:00:00,2023-03-11,20,-0.866025403784443,0.4999999999999923,70,0.9325192099965146,0.3611203718810063,-0.00289,-0.00239,-0.00117,-0.00105,-0.00139,
2023-03-11 20:15:00,2023-03-11,20,-0.8314696123025253,0.5555702330196322,70,0.9325839062038284,0.3609532627496379,-0.00174,-0.00133,-0.00114,-0.000852,-0.0014199999999999,
2023-03-11 20:30:00,2023-03-11,20,-0.7933533402912553,0.6087614290086945,70,0.9326485724648832,0.3607861420276776,-0.00256,-0.00229,-0.00156,-0.0014399999999999,-0.00226,
2023-03-11 20:45:00,2023-03-11,20,-0.751839807479007,0.659345815100035,70,0.9327132087776028,0.3606190097204914,-0.00249,-0.00216,-0.0015,-0.00133,-0.00218,
2023-03-11 21:00:00,2023-03-11,21,-0.7071067811865477,0.7071067811865474,70,0.9327778151399118,0.3604518658334459,-0.00323,-0.00276,-0.00172,-0.00152,-0.0025099999999999,
2023-03-11 21:15:00,2023-03-11,21,-0.6593458151000782,0.7518398074789693,70,0.9328423915497354,0.3602847103719088,-0.00178,-0.0013,-0.00122,-0.000818,-0.00075,
2023-03-11 21:30:00,2023-03-11,21,-0.6087614290086949,0.7933533402912549,70,0.932906938005,0.360117543341247,-0.00265,-0.00226,-0.0015,-0.00124,-0.00189,
2023-03-11 21:45:00,2023-03-11,21,-0.5555702330196325,0.831469612302525,70,0.9329714545036332,0.3599503647468292,-0.00249,-0.00212,-0.00134,-0.0011799999999999,-0.0016699999999999,
2023-03-11 22:00:00,2023-03-11,22,-0.500000000000042,0.8660254037844144,70,0.9330359410435628,0.3597831745940232,-0.00246,-0.00202,-0.00179,-0.0015,-0.00269,
2023-03-11 22:15:00,2023-03-11,22,-0.4422886902190046,0.8968727415326867,70,0.9331003976227183,0.3596159728881976,-0.0033,-0.00279,-0.00177,-0.0016699999999999,-0.00272,
2023-03-11 22:30:00,2023-03-11,22,-0.3826834323651044,0.9238795325112809,70,0.93316482423903,0.3594487596347216,-0.00304,-0.0027,-0.00151,-0.00174,-0.00197,
2023-03-11 22:45:00,2023-03-11,22,-0.3214394653031341,0.946930129495115,70,0.9332292208904294,0.3592815348389645,-0.00198,-0.00154,-0.0014399999999999,-0.00175,-0.00162,
2023-03-11 23:00:00,2023-03-11,23,-0.2588190451025593,0.965925826289058,70,0.933293587574848,0.3591142985062963,-0.0016799999999999,-0.00138,-0.00127,-0.00124,-0.0019299999999999,
2023-03-11 23:15:00,2023-03-11,23,-0.1950903220161792,0.9807852804032204,70,0.9333579242902196,0.3589470506420867,-0.00394,-0.00357,-0.0021,-0.00215,-0.0030499999999999,
2023-03-11 23:30:00,2023-03-11,23,-0.1305261922200587,0.9914448613738096,70,0.9334222310344776,0.3587797912517064,-0.00364,-0.003,-0.00152,-0.0014299999999999,-0.00171,
2023-03-11 23:45:00,2023-03-11,23,-0.0654031292301623,0.9978589232386024,70,0.9334865078055576,0.3586125203405266,-0.00298,-0.00249,-0.00151,-0.00135,-0.00199,
2023-03-12 00:00:00,2023-03-12,0,2.5487508957543062e-14,1.0,71,0.9335507546013954,0.3584452379139181,-0.00212,-0.00164,-0.00124,-0.000952,-0.00165,
2023-03-12 00:15:00,2023-03-12,0,0.0654031292300997,0.9978589232386064,71,0.9336149714199278,0.3582779439772529,-0.00295,-0.00256,-0.0014,-0.0011899999999999,-0.0018,
2023-03-12 00:30:00,2023-03-12,0,0.1305261922200529,0.9914448613738104,71,0.9336791582590928,0.3581106385359024,-0.00309,-0.00276,-0.00186,-0.00164,-0.00276,
2023-03-12 00:45:00,2023-03-12,0,0.1950903220161177,0.9807852804032324,71,0.9337433151168296,0.3579433215952397,-0.0019399999999999,-0.0016699999999999,-0.0011899999999999,-0.00102,-0.0018,
2023-03-12 01:00:00,2023-03-12,1,0.2588190451024987,0.9659258262890742,71,0.9338074419910776,0.3577759931606369,-0.00198,-0.00152,-0.00153,-0.00117,-0.00195,
2023-03-12 01:15:00,2023-03-12,1,0.3214394653031824,0.9469301294950986,71,0.933871538879778,0.3576086532374674,-0.00378,-0.00342,-0.00225,-0.00202,-0.00327,
2023-03-12 01:30:00,2023-03-12,1,0.3826834323650464,0.9238795325113048,71,0.9339356057808724,0.3574413018311048,-0.0031,-0.00256,-0.00184,-0.00152,-0.00237,
2023-03-12 01:45:00,2023-03-12,1,0.4422886902189993,0.8968727415326893,71,0.9339996426923036,0.3572739389469225,-0.00151,-0.00114,-0.00135,-0.00109,-0.00229,
2023-03-12 02:00:00,2023-03-12,2,0.4999999999999877,0.8660254037844457,71,0.9340636496120152,0.3571065645902951,-0.0033799999999999,-0.00296,-0.0019299999999999,-0.00179,-0.00304,
2023-03-12 02:15:00,2023-03-12,2,0.5555702330195804,0.8314696123025598,71,0.9341276265379518,0.3569391787665971,-0.00393,-0.00333,-0.00204,-0.00187,-0.0033,
2023-03-12 02:30:00,2023-03-12,2,0.6087614290087353,0.793353340291224,71,0.9341915734680594,0.3567717814812031,-0.00278,-0.0023,-0.0011,-0.00108,-0.00224,
2023-03-12 02:45:00,2023-03-12,2,0.659345815100031,0.7518398074790106,71,0.9342554904002844,0.3566043727394887,-0.00275,-0.00215,-0.00103,-0.000952,-0.0023,
2023-03-12 03:00:00,2023-03-12,3,0.7071067811865436,0.7071067811865515,71,0.9343193773325742,0.3564369525468295,-0.0014,-0.00109,-0.00109,-0.000547,-0.00081,
2023-03-12 03:15:00,2023-03-12,3,0.7518398074789657,0.6593458151000822,71,0.9343832342628776,0.3562695209086017,-0.00218,-0.00176,-0.00147,-0.000791,-0.0012,
2023-03-12 03:30:00,2023-03-12,3,0.7933533402912171,0.6087614290087443,71,0.9344470611891436,0.3561020778301817,-0.00332,-0.00291,-0.00221,-0.0019,-0.00328,
2023-03-12 03:45:00,2023-03-12,3,0.8314696123025536,0.5555702330195897,71,0.9345108581093232,0.3559346233169458,-0.0033799999999999,-0.00283,-0.00176,-0.00165,-0.00283,
2023-03-12 04:00:00,2023-03-12,4,0.8660254037844117,0.5000000000000466,71,0.9345746250213676,0.3557671573742718,-0.00275,-0.00226,-0.00172,-0.0015,-0.00263,
2023-03-12 04:15:00,2023-03-12,4,0.8968727415326843,0.4422886902190094,71,0.9346383619232294,0.3555996800075367,-0.00316,-0.00258,-0.00145,-0.00136,-0.00256,
2023-03-12 04:30:00,2023-03-12,4,0.9238795325112786,0.3826834323651093,71,0.9347020688128616,0.3554321912221185,-0.00323,-0.00269,-0.00149,-0.00138,-0.00254,
2023-03-12 04:45:00,2023-03-12,4,0.946930129495095,0.321439465303193,71,0.9347657456882184,0.3552646910233958,-0.00327,-0.00266,-0.00164,-0.00154,-0.00287,
2023-03-12 05:00:00,2023-03-12,5,0.9659258262890712,0.2588190451025096,71,0.9348293925472556,0.3550971794167467,-0.00444,-0.00365,-0.00147,-0.0016,-0.0028399999999999,
2023-03-12 05:15:00,2023-03-12,5,0.9807852804032192,0.1950903220161845,71,0.9348930093879289,0.3549296564075506,-0.00313,-0.00267,-0.0015,-0.0014299999999999,-0.00341,
2023-03-12 05:30:00,2023-03-12,5,0.9914448613738088,0.1305261922200641,71,0.9349565962081958,0.3547621220011864,-0.00225,-0.0016,0.000196,1.91e-05,-0.000994,
2023-03-12 05:45:00,2023-03-12,5,0.997858923238602,0.0654031292301677,71,0.9350201530060144,0.3545945762030342,0.00405,0.0044,0.00574,0.00537,0.00442,
2023-03-12 06:00:00,2023-03-12,6,1.0,-2.0097206099384943e-14,71,0.9350836797793438,0.3544270190184738,0.0181,0.0184,0.0223,0.0202,0.0201,
2023-03-12 06:15:00,2023-03-12,6,0.997858923238603,-0.065403129230151,71,0.935147176526144,0.3542594504528858,0.0348,0.038,0.0504,0.0444,0.0452,
2023-03-12 06:30:00,2023-03-12,6,0.9914448613738184,-0.1305261922199912,71,0.9352106432443764,0.3540918705116511,0.0486,0.0938,0.151,0.124,0.133,
2023-03-12 06:45:00,2023-03-12,6,0.9807852804032337,-0.1950903220161124,71,0.9352740799320024,0.3539242792001506,0.0629,0.14,0.227,0.191,0.205,
2023-03-12 07:00:00,2023-03-12,7,0.9659258262890756,-0.2588190451024935,71,0.9353374865869856,0.3537566765237661,0.0752,0.184,0.294,0.253,0.271,
2023-03-12 07:15:00,2023-03-12,7,0.9469301294951004,-0.3214394653031773,71,0.9354008632072895,0.3535890624878792,0.0920999999999999,0.232,0.362,0.317,0.338,
2023-03-12 07:30:00,2023-03-12,7,0.9238795325112852,-0.3826834323650939,71,0.9354642097908794,0.3534214370978726,0.1,0.281,0.434,0.386,0.406,
2023-03-12 07:45:00,2023-03-12,7,0.8968727415327168,-0.4422886902189435,71,0.9355275263357208,0.3532538003591286,0.0923,0.336,0.516,0.464,0.484,
2023-03-12 08:00:00,2023-03-12,8,0.8660254037844485,-0.499999999999983,71,0.935590812839781,0.3530861522770299,0.0919,0.388,0.592,0.538,0.556,
2023-03-12 08:15:00,2023-03-12,8,0.8314696123025628,-0.5555702330195759,71,0.9356540693010272,0.3529184928569606,0.0947,0.432,0.655,0.6,0.615,
2023-03-12 08:30:00,2023-03-12,8,0.7933533402912272,-0.6087614290087311,71,0.9357172957174288,0.3527508221043037,0.0948,0.475,0.714,0.659,0.672,
2023-03-12 08:45:00,2023-03-12,8,0.7518398074789767,-0.6593458151000696,71,0.9357804920869548,0.352583140024444,0.0909,0.517,0.772,0.717,0.731,
2023-03-12 09:00:00,2023-03-12,9,0.7071067811865955,-0.7071067811864995,71,0.9358436584075764,0.3524154466227655,0.0869,0.556,0.826,0.772,0.784,
2023-03-12 09:15:00,2023-03-12,9,0.6593458151000863,-0.7518398074789622,71,0.9359067946772652,0.3522477419046529,0.0911,0.588,0.871,0.818,0.827,
2023-03-12 09:30:00,2023-03-12,9,0.6087614290087485,-0.7933533402912137,71,0.935969900893994,0.3520800258754916,0.096,0.62,0.916,0.865,0.872,
2023-03-12 09:45:00,2023-03-12,9,0.5555702330195942,-0.8314696123025506,71,0.9360329770557362,0.3519122985406671,0.0927,0.65,0.956,0.908,0.914,
2023-03-12 10:00:00,2023-03-12,10,0.5000000000000021,-0.8660254037844374,71,0.9360960231604664,0.3517445599055654,0.0912999999999999,0.676,0.993,0.946,0.95,
2023-03-12 10:15:00,2023-03-12,10,0.4422886902190652,-0.8968727415326567,71,0.9361590392061596,0.3515768099755728,0.0897999999999999,0.701,1.03,0.982,0.983,
2023-03-12 10:30:00,2023-03-12,10,0.3826834323651143,-0.9238795325112766,71,0.9362220251907932,0.3514090487560755,0.0933,0.72,1.05,1.01,1.01,
2023-03-12 10:45:00,2023-03-12,10,0.3214394653031981,-0.9469301294950933,71,0.936284981112344,0.3512412762524611,0.0960999999999999,0.735,1.07,1.03,1.03,
2023-03-12 11:00:00,2023-03-12,11,0.2588190451025148,-0.96592582628907,71,0.9363479069687908,0.3510734924701164,0.0939,0.75,1.09,1.05,1.05,
2023-03-12 11:15:00,2023-03-12,11,0.195090322016134,-0.9807852804032292,71,0.9364108027581126,0.3509056974144293,0.0825,0.757,1.1,1.07,1.06,
2023-03-12 11:30:00,2023-03-12,11,0.130526192220013,-0.9914448613738156,71,0.9364736684782902,0.3507378910907879,0.0822,0.761,1.1,1.08,1.06,
2023-03-12 11:45:00,2023-03-12,11,0.065403129230173,-0.9978589232386016,71,0.9365365041273044,0.350570073504581,0.0729,0.76,1.1,1.07,1.06,
2023-03-12 12:00:00,2023-03-12,12,4.2136515619581194e-14,-1.0,71,0.936599309703138,0.350402244661197,0.0719,0.754,1.09,1.07,1.05,
2023-03-12 12:15:00,2023-03-12,12,-0.0654031292301457,-0.9978589232386034,71,0.936662085203774,0.350234404566025,0.0686,0.751,1.08,1.07,1.04,
2023-03-12 12:30:00,2023-03-12,12,-0.1305261922200422,-0.9914448613738116,71,0.9367248306271964,0.3500665532244548,0.0718,0.733,1.06,1.05,1.02,
2023-03-12 12:45:00,2023-03-12,12,-0.1950903220161629,-0.9807852804032235,71,0.9367875459713908,0.349898690641876,0.0775999999999999,0.719,1.04,1.03,1.0,
2023-03-12 13:00:00,2023-03-12,13,-0.2588190451024883,-0.965925826289077,71,0.9368502312343432,0.3497308168236789,0.0803,0.698,1.01,1.01,0.972,
2023-03-12 13:15:00,2023-03-12,13,-0.3214394653031184,-0.9469301294951205,71,0.9369128864140404,0.3495629317752545,0.0769,0.677,0.98,0.986,0.947,
2023-03-12 13:30:00,2023-03-12,13,-0.382683432365089,-0.9238795325112872,71,0.936975511508471,0.3493950355019932,0.0733,0.65,0.94,0.951,0.91,
2023-03-12 13:45:00,2023-03-12,13,-0.4422886902189897,-0.896872741532694,71,0.9370381065156236,0.3492271280092868,0.0722,0.623,0.899,0.915,0.873,
2023-03-12 14:00:00,2023-03-12,14,-0.5000000000000276,-0.8660254037844227,71,0.9371006714334884,0.3490592093025266,0.0714,0.587,0.846,0.868,0.822,
2023-03-12 14:15:00,2023-03-12,14,-0.5555702330195714,-0.8314696123025658,71,0.9371632062600564,0.348891279387105,0.0705,0.554,0.803,0.831,0.781,
2023-03-12 14:30:00,2023-03-12,14,-0.6087614290086817,-0.793353340291265,71,0.9372257109933194,0.3487233382684143,0.0667,0.515,0.747,0.782,0.727,
2023-03-12 14:45:00,2023-03-12,14,-0.6593458151000656,-0.7518398074789803,71,0.9372881856312706,0.3485553859518467,0.0643,0.476,0.693,0.736,0.676,
2023-03-12 15:00:00,2023-03-12,15,-0.7071067811865359,-0.7071067811865591,71,0.9373506301719036,0.3483874224427963,0.0736,0.433,0.634,0.684,0.621,
2023-03-12 15:15:00,2023-03-12,15,-0.7518398074789961,-0.6593458151000475,71,0.9374130446132132,0.348219447746656,0.0626,0.361,0.532,0.582,0.521,
2023-03-12 15:30:00,2023-03-12,15,-0.7933533402912105,-0.6087614290087529,71,0.9374754289531952,0.3480514618688198,0.0528999999999999,0.335,0.494,0.549,0.484,
2023-03-12 15:45:00,2023-03-12,15,-0.831469612302516,-0.5555702330196459,71,0.9375377831898468,0.3478834648146819,0.0523999999999999,0.286,0.42,0.476,0.411,
2023-03-12 16:00:00,2023-03-12,16,-0.8660254037844347,-0.5000000000000068,71,0.9376001073211652,0.3477154565896367,0.0584,0.247,0.357,0.412,0.35,
2023-03-12 16:15:00,2023-03-12,16,-0.8968727415326795,-0.4422886902190191,71,0.9376624013451492,0.3475474371990794,0.0702,0.214,0.302,0.352,0.297,
2023-03-12 16:30:00,2023-03-12,16,-0.9238795325112964,-0.3826834323650668,71,0.937724665259799,0.3473794066484048,0.0443,0.0953,0.135,0.158,0.13,
2023-03-12 16:45:00,2023-03-12,16,-0.9469301294950916,-0.3214394653032033,71,0.9377868990631149,0.3472113649430092,0.0348,0.0573,0.0775,0.0909,0.0742,
2023-03-12 17:00:00,2023-03-12,17,-0.9659258262890684,-0.2588190451025201,71,0.937849102753098,0.3470433120882881,0.0223,0.0467,0.0655,0.0861,0.0645999999999999,
2023-03-12 17:15:00,2023-03-12,17,-0.9807852804032282,-0.1950903220161393,71,0.9379112763277516,0.3468752480896382,0.0114,0.0116999999999999,0.0139,0.0141,0.0124,
2023-03-12 17:30:00,2023-03-12,17,-0.9914448613738074,-0.1305261922200747,71,0.9379734197850788,0.3467071729524561,-0.00183,-0.00151,0.000548,0.000566,-0.000818,
2023-03-12 17:45:00,2023-03-12,17,-0.9978589232386048,-0.0654031292301217,71,0.9380355331230844,0.3465390866821386,-0.00389,-0.00348,-0.0020499999999999,-0.00206,-0.0035,
2023-03-12 18:00:00,2023-03-12,18,-1.0,-4.75268184777393e-14,71,0.9380976163397736,0.3463709892840835,-0.00368,-0.00335,-0.00204,-0.00212,-0.00344,
2023-03-12 18:15:00,2023-03-12,18,-0.9978589232386036,0.0654031292301403,71,0.9381596694331532,0.346202880763688,-0.00415,-0.0036,-0.0020499999999999,-0.00217,-0.0035299999999999,
2023-03-12 18:30:00,2023-03-12,18,-0.9914448613738124,0.1305261922200369,71,0.9382216924012304,0.3460347611263512,-0.00231,-0.0020099999999999,-0.00133,-0.00136,-0.0016699999999999,
2023-03-12 18:45:00,2023-03-12,18,-0.9807852804032356,0.1950903220161019,71,0.9382836852420136,0.3458666303774709,-0.0033599999999999,-0.00299,-0.00188,-0.00195,-0.00287,
2023-03-12 19:00:00,2023-03-12,19,-0.9659258262890636,0.258819045102538,71,0.938345647953512,0.345698488522446,-0.00279,-0.00246,-0.0016799999999999,-0.00153,-0.00232,
2023-03-12 19:15:00,2023-03-12,19,-0.946930129495122,0.3214394653031133,71,0.938407580533736,0.345530335566676,-0.0032,-0.00287,-0.00178,-0.0016899999999999,-0.00258,
2023-03-12 19:30:00,2023-03-12,19,-0.9238795325112892,0.382683432365084,71,0.938469482980697,0.3453621715155602,-0.00266,-0.0023799999999999,-0.00147,-0.00132,-0.00231,
2023-03-12 19:45:00,2023-03-12,19,-0.8968727415326964,0.4422886902189848,71,0.9385313552924072,0.3451939963744988,-0.0033,-0.00295,-0.00175,-0.00154,-0.00271,
2023-03-12 20:00:00,2023-03-12,20,-0.8660254037844538,0.4999999999999737,71,0.9385931974668796,0.3450258101488916,-0.00311,-0.00265,-0.00161,-0.0013,-0.00232,
2023-03-12 20:15:00,2023-03-12,20,-0.8314696123025372,0.5555702330196142,71,0.9386550095021288,0.3448576128441397,-0.00273,-0.00231,-0.0016799999999999,-0.00184,-0.00133,
2023-03-12 20:30:00,2023-03-12,20,-0.7933533402912684,0.6087614290086774,71,0.9387167913961696,0.3446894044656441,-0.00329,-0.00291,-0.00213,-0.00226,-0.00266,
2023-03-12 20:45:00,2023-03-12,20,-0.7518398074789838,0.6593458151000615,71,0.938778543147018,0.3445211850188058,-0.0047199999999999,-0.00418,-0.00244,-0.0023,-0.00326,
2023-03-12 21:00:00,2023-03-12,21,-0.7071067811865629,0.7071067811865321,71,0.9388402647526916,0.3443529545090269,-0.00356,-0.00316,-0.00226,-0.00222,-0.00332,
2023-03-12 21:15:00,2023-03-12,21,-0.6593458151000944,0.7518398074789551,71,0.938901956211208,0.3441847129417093,-0.00294,-0.0025,-0.00166,-0.00206,-0.00115,
2023-03-12 21:30:00,2023-03-12,21,-0.608761429008712,0.7933533402912418,71,0.9389636175205864,0.3440164603222551,-0.00335,-0.00278,-0.00181,-0.002,-0.00196,
2023-03-12 21:45:00,2023-03-12,21,-0.5555702330196505,0.831469612302513,71,0.939025248678847,0.3438481966560674,-0.00377,-0.00329,-0.00176,-0.00218,-0.00207,
2023-03-12 22:00:00,2023-03-12,22,-0.5000000000000114,0.866025403784432,71,0.9390868496840103,0.3436799219485493,-0.00377,-0.00341,-0.00221,-0.00216,-0.00312,
2023-03-12 22:15:00,2023-03-12,22,-0.4422886902190239,0.8968727415326772,71,0.9391484205340984,0.3435116362051044,-0.00306,-0.00257,-0.0014199999999999,-0.00158,-0.00164,
2023-03-12 22:30:00,2023-03-12,22,-0.3826834323650718,0.9238795325112942,71,0.9392099612271344,0.3433433394311362,-0.00318,-0.00292,-0.00157,-0.00135,-0.0023799999999999,
2023-03-12 22:45:00,2023-03-12,22,-0.3214394653031545,0.946930129495108,71,0.939271471761142,0.3431750316320492,-0.00392,-0.00363,-0.0019299999999999,-0.002,-0.0030499999999999,
2023-03-12 23:00:00,2023-03-12,23,-0.2588190451025801,0.9659258262890524,71,0.939332952134146,0.3430067128132479,-0.00374,-0.00332,-0.00176,-0.00154,-0.00267,
2023-03-12 23:15:00,2023-03-12,23,-0.1950903220161446,0.9807852804032272,71,0.9393944023441724,0.3428383829801369,-0.00349,-0.00296,-0.00152,-0.0016,-0.00185,
2023-03-12 23:30:00,2023-03-12,23,-0.1305261922200801,0.9914448613738066,71,0.9394558223892476,0.3426700421381217,-0.00356,-0.00322,-0.00153,-0.0019399999999999,-0.00148,
2023-03-12 23:45:00,2023-03-12,23,-0.0654031292301271,0.9978589232386046,71,0.9395172122674,0.3425016902926078,-0.00281,-0.0027,-0.00185,-0.0020499999999999,-0.00239,
2023-03-13 00:00:00,2023-03-13,0,3.92629752491059e-15,1.0,72,0.9395785719766574,0.3423333274490014,-0.00471,-0.0040599999999999,-0.00181,-0.00185,-0.00233,
2023-03-13 00:15:00,2023-03-13,0,0.0654031292300782,0.9978589232386078,72,0.93963990151505,0.3421649536127087,-0.00347,-0.00311,-0.00172,-0.00179,-0.00228,
2023-03-13 00:30:00,2023-03-13,0,0.1305261922200315,0.991444861373813,72,0.9397012008806084,0.3419965687891361,-0.00182,-0.00185,-0.00176,-0.00161,-0.00243,
2023-03-13 00:45:00,2023-03-13,0,0.1950903220160966,0.9807852804032368,72,0.9397624700713644,0.341828172983691,-0.00267,-0.00248,-0.00156,-0.00174,-0.00207,
2023-03-13 01:00:00,2023-03-13,1,0.2588190451025328,0.9659258262890652,72,0.93982370908535,0.3416597662017804,-0.000893,-0.00122,-0.00174,-0.0019199999999999,-0.00213,
2023-03-13 01:15:00,2023-03-13,1,0.321439465303162,0.9469301294951056,72,0.9398849179205996,0.3414913484488121,-0.00271,-0.00273,-0.00149,-0.00179,-0.00189,
2023-03-13 01:30:00,2023-03-13,1,0.3826834323650265,0.9238795325113128,72,0.9399460965751468,0.3413229197301946,-0.00414,-0.00346,-0.00166,-0.0020499999999999,-0.00174,
2023-03-13 01:45:00,2023-03-13,1,0.44228869021898,0.8968727415326988,72,0.9400072450470276,0.3411544800513357,-0.00295,-0.00272,-0.00148,-0.00177,-0.00174,
2023-03-13 02:00:00,2023-03-13,2,0.499999999999969,0.8660254037844566,72,0.9400683633342786,0.3409860294176446,-0.00322,-0.00279,-0.0016799999999999,-0.00197,-0.0020499999999999,
2023-03-13 02:15:00,2023-03-13,2,0.5555702330196097,0.8314696123025402,72,0.9401294514349368,0.3408175678345302,-0.00287,-0.00254,-0.00151,-0.00188,-0.00164,
2023-03-13 02:30:00,2023-03-13,2,0.6087614290087182,0.793353340291237,72,0.940190509347041,0.3406490953074023,-0.00291,-0.0025499999999999,-0.00151,-0.00184,-0.00161,
2023-03-13 02:45:00,2023-03-13,2,0.6593458151000148,0.7518398074790249,72,0.9402515370686304,0.3404806118416703,-0.00309,-0.00271,-0.00152,-0.0019299999999999,-0.00189,
2023-03-13 03:00:00,2023-03-13,3,0.7071067811865283,0.7071067811865668,72,0.9403125345977452,0.3403121174427446,-0.00297,-0.00257,-0.00151,-0.00182,-0.00175,
2023-03-13 03:15:00,2023-03-13,3,0.7518398074789515,0.6593458151000984,72,0.9403735019324267,0.3401436121160359,-0.00317,-0.0028,-0.00165,-0.00185,-0.00218,
2023-03-13 03:30:00,2023-03-13,3,0.7933533402912385,0.6087614290087162,72,0.9404344390707174,0.3399750958669547,-0.00311,-0.00272,-0.00153,-0.00181,-0.00184,
2023-03-13 03:45:00,2023-03-13,3,0.8314696123025416,0.5555702330196076,72,0.9404953460106604,0.3398065687009127,-0.00354,-0.00318,-0.00214,-0.00226,-0.0030099999999999,
2023-03-13 04:00:00,2023-03-13,4,0.8660254037844578,0.4999999999999669,72,0.9405562227503,0.339638030623321,-0.00291,-0.0027,-0.00179,-0.00199,-0.0023599999999999,
2023-03-13 04:15:00,2023-03-13,4,0.8968727415326747,0.4422886902190288,72,0.9406170692876814,0.3394694816395919,-0.00302,-0.00282,-0.00182,-0.00181,-0.00269,
2023-03-13 04:30:00,2023-03-13,4,0.9238795325112704,0.3826834323651292,72,0.9406778856208506,0.3393009217551375,-0.00276,-0.00237,-0.00149,-0.00129,-0.00216,
2023-03-13 04:45:00,2023-03-13,4,0.9469301294951064,0.3214394653031596,72,0.9407386717478547,0.3391323509753704,-0.00273,-0.00244,-0.00149,-0.0012,-0.00224,
2023-03-13 05:00:00,2023-03-13,5,0.9659258262890656,0.2588190451025304,72,0.940799427666742,0.3389637693057039,-0.00347,-0.0030099999999999,-0.00159,-0.00138,-0.00271,
2023-03-13 05:15:00,2023-03-13,5,0.9807852804032372,0.1950903220160942,72,0.9408601533755616,0.3387951767515509,-0.00109,-0.00127,-0.00116,-0.00107,-0.00212,
2023-03-13 05:30:00,2023-03-13,5,0.991444861373806,0.1305261922200854,72,0.9409208488723632,0.3386265733183256,-0.000314,6.379999999999999e-05,0.00165,0.00162,0.000656,
2023-03-13 05:45:00,2023-03-13,5,0.9978589232386004,0.0654031292301892,72,0.9409815141551982,0.3384579590114416,0.00433,0.00454,0.00598,0.0055,0.0048,
2023-03-13 06:00:00,2023-03-13,6,1.0,1.4640053332475289e-15,72,0.9410421492221182,0.3382893338363133,0.0129,0.013,0.0155,0.0141,0.0141,
2023-03-13 06:15:00,2023-03-13,6,0.9978589232386044,-0.0654031292301295,72,0.9411027540711764,0.3381206977983556,0.0226,0.0231,0.0294,0.0266999999999999,0.0271,
2023-03-13 06:30:00,2023-03-13,6,0.9914448613738064,-0.1305261922200825,72,0.9411633287004266,0.3379520509029834,0.0226,0.0293,0.0412,0.0355,0.0377,
2023-03-13 06:45:00,2023-03-13,6,0.9807852804032378,-0.1950903220160913,72,0.9412238731079235,0.3377833931556126,0.0381,0.0385,0.0465,0.0431,0.0448,
2023-03-13 07:00:00,2023-03-13,7,0.9659258262890812,-0.2588190451024727,72,0.9412843872917236,0.3376147245616586,0.0576,0.0713,0.0904,0.0802,0.0861,
2023-03-13 07:15:00,2023-03-13,7,0.9469301294951072,-0.3214394653031568,72,0.9413448712498832,0.3374460451265373,0.0868,0.101,0.122,0.107,0.118,
2023-03-13 07:30:00,2023-03-13,7,0.9238795325112932,-0.382683432365074,72,0.94140532498046,0.3372773548556658,0.0744,0.134,0.189,0.169,0.179,
2023-03-13 07:45:00,2023-03-13,7,0.896872741532676,-0.4422886902190261,72,0.941465748481513,0.3371086537544603,0.0704,0.354,0.535,0.477,0.502,
2023-03-13 08:00:00,2023-03-13,8,0.8660254037844592,-0.4999999999999643,72,0.941526141751102,0.3369399418283382,0.0691,0.399,0.597,0.539,0.564,
2023-03-13 08:15:00,2023-03-13,8,0.8314696123025748,-0.555570233019558,72,0.9415865047872872,0.3367712190827174,0.0694,0.44,0.654,0.596,0.619,
2023-03-13 08:30:00,2023-03-13,8,0.7933533402912403,-0.6087614290087139,72,0.9416468375881312,0.3366024855230151,0.079,0.474,0.701,0.644,0.661,
2023-03-13 08:45:00,2023-03-13,8,0.7518398074789909,-0.6593458151000534,72,0.941707140151696,0.3364337411546501,0.0833,0.519,0.769,0.706,0.725,
2023-03-13 09:00:00,2023-03-13,9,0.7071067811865304,-0.7071067811865647,72,0.9417674124760452,0.3362649859830405,0.0901,0.562,0.828,0.769,0.784,
2023-03-13 09:15:00,2023-03-13,9,0.6593458151001025,-0.751839807478948,72,0.9418276545592436,0.3360962200136056,0.097,0.588,0.858,0.804,0.815,
2023-03-13 09:30:00,2023-03-13,9,0.6087614290087205,-0.7933533402912353,72,0.9418878663993568,0.3359274432517643,0.0947,0.609,0.892,0.842,0.853,
2023-03-13 09:45:00,2023-03-13,9,0.5555702330196122,-0.8314696123025386,72,0.9419480479944512,0.3357586557029363,0.104,0.649,0.948,0.9,0.905,
2023-03-13 10:00:00,2023-03-13,10,0.5000000000000208,-0.8660254037844266,72,0.9420081993425944,0.3355898573725419,0.168,0.571,0.846,0.808,0.809,
2023-03-13 10:15:00,2023-03-13,10,0.4422886902189826,-0.8968727415326975,72,0.9420683204418548,0.3354210482660009,0.198,0.598,0.876,0.838,0.84,
2023-03-13 10:30:00,2023-03-13,10,0.3826834323651342,-0.9238795325112684,72,0.9421284112903016,0.3352522283887343,0.21,0.581,0.861,0.83,0.825,
2023-03-13 10:45:00,2023-03-13,10,0.3214394653031647,-0.9469301294951046,72,0.942188471886006,0.3350833977461628,0.128,0.689,1.01,0.975,0.967,
2023-03-13 11:00:00,2023-03-13,11,0.2588190451025356,-0.9659258262890644,72,0.9422485022270384,0.334914556343708,0.353,0.58,0.85,0.827,0.821,
2023-03-13 11:15:00,2023-03-13,11,0.1950903220161552,-0.9807852804032252,72,0.9423085023114718,0.3347457041867915,0.414,0.617,0.853,0.822,0.825,
2023-03-13 11:30:00,2023-03-13,11,0.1305261922200344,-0.9914448613738128,72,0.9423684721373796,0.3345768412808348,0.114,0.751,1.08,1.05,1.04,
2023-03-13 11:45:00,2023-03-13,11,0.0654031292301945,-0.9978589232386,72,0.9424284117028356,0.3344079676312612,0.11,0.74,1.06,1.04,1.02,
2023-03-13 12:00:00,2023-03-13,12,6.854308191405648e-15,-1.0,72,0.9424883210059156,0.3342390832434926,0.13,0.751,1.05,1.04,1.02,
2023-03-13 12:15:00,2023-03-13,12,-0.0654031292301241,-0.9978589232386048,72,0.9425482000446952,0.3340701881229528,0.166,0.735,1.02,1.01,0.993,
2023-03-13 12:30:00,2023-03-13,12,-0.1305261922200208,-0.9914448613738144,72,0.9426080488172524,0.3339012822750647,0.12,0.711,1.01,1.0,0.977,
2023-03-13 12:45:00,2023-03-13,12,-0.1950903220161418,-0.9807852804032278,72,0.9426678673216649,0.3337323657052519,0.0907999999999999,0.71,1.01,1.01,0.981,
2023-03-13 13:00:00,2023-03-13,13,-0.2588190451024675,-0.9659258262890824,72,0.942727655556012,0.333563438418939,0.0975999999999999,0.688,0.975,0.982,0.948,
2023-03-13 13:15:00,2023-03-13,13,-0.3214394653031517,-0.946930129495109,72,0.9427874135183738,0.3333945004215498,0.0987,0.65,0.918,0.927,0.893,
2023-03-13 13:30:00,2023-03-13,13,-0.3826834323650691,-0.9238795325112952,72,0.9428471412068314,0.3332255517185098,0.0725,0.638,0.912,0.928,0.887,
2023-03-13 13:45:00,2023-03-13,13,-0.4422886902189704,-0.8968727415327036,72,0.9429068386194668,0.3330565923152438,0.0761,0.599,0.861,0.883,0.838,
2023-03-13 14:00:00,2023-03-13,14,-0.5000000000000089,-0.8660254037844335,72,0.9429665057543636,0.332887622217177,0.066,0.577,0.832,0.859,0.81,
2023-03-13 14:15:00,2023-03-13,14,-0.5555702330195534,-0.8314696123025778,72,0.9430261426096048,0.3327186414297357,0.0785,0.515,0.743,0.768,0.72,
2023-03-13 14:30:00,2023-03-13,14,-0.6087614290087097,-0.7933533402912436,72,0.9430857491832764,0.3325496499583456,0.0985,0.504,0.72,0.746,0.699,
2023-03-13 14:45:00,2023-03-13,14,-0.6593458151000494,-0.7518398074789945,72,0.943145325473464,0.3323806478084335,0.0729,0.47,0.676,0.709,0.655,
2023-03-13 15:00:00,2023-03-13,15,-0.7071067811865609,-0.7071067811865341,72,0.9432048714782544,0.3322116349854259,0.0805999999999999,0.413,0.587,0.626,0.572,
2023-03-13 15:15:00,2023-03-13,15,-0.7518398074789819,-0.6593458151000637,72,0.9432643871957354,0.3320426114947505,0.118,0.192,0.245,0.258,0.24,
2023-03-13 15:30:00,2023-03-13,15,-0.7933533402911973,-0.60876142900877,72,0.9433238726239962,0.3318735773418346,0.141,0.18,0.196,0.201,0.198,
2023-03-13 15:45:00,2023-03-13,15,-0.8314696123025356,-0.5555702330196166,72,0.9433833277611264,0.3317045325321057,0.134,0.171,0.201,0.205,0.202,
2023-03-13 16:00:00,2023-03-13,16,-0.8660254037844239,-0.5000000000000254,72,0.9434427526052174,0.3315354770709926,0.099,0.11,0.126,0.129,0.124,
2023-03-13 16:15:00,2023-03-13,16,-0.8968727415326951,-0.4422886902189875,72,0.9435021471543604,0.3313664109639233,0.108,0.183,0.232,0.258,0.235,
2023-03-13 16:30:00,2023-03-13,16,-0.923879532511288,-0.3826834323650867,72,0.9435615114066482,0.3311973342163272,0.0653,0.123,0.163,0.191,0.163,
2023-03-13 16:45:00,2023-03-13,16,-0.9469301294950846,-0.3214394653032237,72,0.943620845360175,0.3310282468336331,0.0409,0.0795999999999999,0.113,0.133,0.104,
2023-03-13 17:00:00,2023-03-13,17,-0.9659258262890628,-0.2588190451025409,72,0.9436801490130352,0.3308591488212707,0.0192,0.0205,0.0271,0.0287,0.0246,
2023-03-13 17:15:00,2023-03-13,17,-0.980785280403224,-0.1950903220161605,72,0.9437394223633244,0.3306900401846703,0.00691,0.00716,0.0094399999999999,0.00972,0.00778,
2023-03-13 17:30:00,2023-03-13,17,-0.991444861373812,-0.1305261922200398,72,0.9437986654091396,0.3305209209292615,-0.0015,-0.0012,0.000169,0.000157,-0.00106,
2023-03-13 17:45:00,2023-03-13,17,-0.9978589232386036,-0.0654031292301432,72,0.943857878148578,0.3303517910604756,-0.00269,-0.00231,-0.0011899999999999,-0.00094,-0.0022299999999999,
2023-03-13 18:00:00,2023-03-13,18,-1.0,-6.908802991037178e-14,72,0.9439170605797386,0.3301826505837431,-0.0025,-0.0021,-0.00124,-0.00101,-0.00211,
2023-03-13 18:15:00,2023-03-13,18,-0.9978589232386053,0.0654031292301188,72,0.9439762127007209,0.3300134995044951,-0.00242,-0.00209,-0.00109,-0.000933,-0.0016,
2023-03-13 18:30:00,2023-03-13,18,-0.9914448613738152,0.1305261922200155,72,0.9440353345096254,0.3298443378281635,-0.00256,-0.00219,-0.00121,-0.00128,-0.00165,
2023-03-13 18:45:00,2023-03-13,18,-0.9807852804032288,0.1950903220161365,72,0.9440944260045536,0.3296751655601803,-0.00373,-0.00332,-0.00164,-0.00188,-0.00254,
2023-03-13 19:00:00,2023-03-13,19,-0.9659258262890692,0.2588190451025172,72,0.9441534871836084,0.3295059827059778,-0.00283,-0.00243,-0.00102,-0.00148,-0.00125,
2023-03-13 19:15:00,2023-03-13,19,-0.946930129495129,0.3214394653030928,72,0.9442125180448924,0.3293367892709887,-0.0028399999999999,-0.00256,-0.0014199999999999,-0.00162,-0.0020299999999999,
2023-03-13 19:30:00,2023-03-13,19,-0.9238795325112974,0.3826834323650641,72,0.944271518586511,0.3291675852606456,-0.00212,-0.0019,-0.000969,-0.000917,-0.00126,
2023-03-13 19:45:00,2023-03-13,19,-0.8968727415327059,0.4422886902189655,72,0.9443304888065692,0.3289983706803824,-0.00235,-0.00199,-0.000924,-0.000814,-0.00108,
2023-03-13 20:00:00,2023-03-13,20,-0.8660254037844362,0.5000000000000042,72,0.9443894287031732,0.3288291455356321,-0.00277,-0.00247,-0.00138,-0.00147,-0.00181,
2023-03-13 20:15:00,2023-03-13,20,-0.8314696123025492,0.5555702330195963,72,0.944448338274431,0.3286599098318291,-0.00309,-0.00279,-0.0017,-0.00202,-0.00225,
2023-03-13 20:30:00,2023-03-13,20,-0.7933533402912123,0.6087614290087505,72,0.9445072175184503,0.3284906635744077,-0.0035,-0.00332,-0.00208,-0.00211,-0.0031,
2023-03-13 20:45:00,2023-03-13,20,-0.751839807478998,0.6593458151000453,72,0.9445660664333408,0.3283214067688027,-0.0042,-0.00408,-0.00173,-0.00182,-0.00289,
2023-03-13 21:00:00,2023-03-13,21,-0.7071067811865782,0.7071067811865168,72,0.9446248850172126,0.3281521394204491,-0.00317,-0.00263,-0.00124,-0.00138,-0.0025499999999999,
2023-03-13 21:15:00,2023-03-13,21,-0.6593458151000678,0.7518398074789784,72,0.9446836732681771,0.3279828615347818,-0.00304,-0.00248,-0.000807,-0.000986,-0.00199,
2023-03-13 21:30:00,2023-03-13,21,-0.6087614290087291,0.7933533402912287,72,0.9447424311843466,0.327813573117237,-0.00234,-0.0019299999999999,-0.001,-0.0012,-0.0024,
2023-03-13 21:45:00,2023-03-13,21,-0.5555702330195739,0.8314696123025642,72,0.9448011587638342,0.3276442741732504,-0.00254,-0.00199,-0.00147,-0.00154,-0.00319,
2023-03-13 22:00:00,2023-03-13,22,-0.5000000000000301,0.8660254037844213,72,0.9448598560047542,0.3274749647082585,-0.00425,-0.00319,-0.00137,-0.00149,-0.00266,
2023-03-13 22:15:00,2023-03-13,22,-0.4422886902190433,0.8968727415326676,72,0.9449185229052216,0.3273056447276982,-0.00197,-0.0016799999999999,-0.000745,-0.00114,-0.0013,
2023-03-13 22:30:00,2023-03-13,22,-0.3826834323650916,0.923879532511286,72,0.9449771594633528,0.3271363142370062,-0.000947,-0.000642,-0.000286,-0.000982,0.00103,
2023-03-13 22:45:00,2023-03-13,22,-0.3214394653031749,0.9469301294951012,72,0.9450357656772644,0.3269669732416203,-0.000662,-0.00055,-0.000493,-0.000971,0.000176,
2023-03-13 23:00:00,2023-03-13,23,-0.2588190451024911,0.9659258262890762,72,0.9450943415450752,0.3267976217469777,-0.0025099999999999,-0.00206,-0.00146,-0.0018,-0.0020099999999999,
2023-03-13 23:15:00,2023-03-13,23,-0.1950903220161658,0.980785280403223,72,0.9451528870649036,0.3266282597585169,-0.00247,-0.00198,-0.00102,-0.00127,-0.00204,
2023-03-13 23:30:00,2023-03-13,23,-0.1305261922201015,0.9914448613738038,72,0.9452114022348704,0.326458887281676,-0.00225,-0.00173,-0.000641,-0.00078,-0.0017,
2023-03-13 23:45:00,2023-03-13,23,-0.0654031292301486,0.9978589232386031,72,0.945269887053096,0.3262895043218938,-0.00218,-0.0016799999999999,-0.000779,-0.000814,-0.0014199999999999,
2023-03-14 00:00:00,2023-03-14,0,-1.7634913907721887e-14,1.0,73,0.9453283415177024,0.3261201108846096,-0.00204,-0.00171,-0.000731,-0.00113,-0.0009,
2023-03-14 00:15:00,2023-03-14,0,0.0654031292301701,0.9978589232386016,73,0.945386765626813,0.3259507069752624,-0.00233,-0.00208,-0.0009,-0.00137,-0.00112,
2023-03-14 00:30:00,2023-03-14,0,0.1305261922200102,0.9914448613738158,73,0.9454451593785512,0.3257812925992924,-0.00266,-0.0024,-0.00141,-0.00166,-0.00196,
2023-03-14 00:45:00,2023-03-14,0,0.1950903220160754,0.980785280403241,73,0.9455035227710424,0.3256118677621395,-0.00329,-0.00318,-0.00188,-0.00207,-0.00315,
2023-03-14 01:00:00,2023-03-14,1,0.258819045102512,0.9659258262890706,73,0.945561855802412,0.3254424324692437,-0.00254,-0.00239,-0.00111,-0.00132,-0.00195,
2023-03-14 01:15:00,2023-03-14,1,0.3214394653031416,0.9469301294951123,73,0.9456201584707876,0.3252729867260462,-0.00332,-0.00277,-0.00173,-0.00188,-0.00289,
2023-03-14 01:30:00,2023-03-14,1,0.3826834323651116,0.9238795325112776,73,0.9456784307742964,0.3251035305379879,-0.00259,-0.0020499999999999,-0.000889,-0.000967,-0.00209,
2023-03-14 01:45:00,2023-03-14,1,0.4422886902189606,0.8968727415327084,73,0.9457366727110672,0.3249340639105106,-0.00335,-0.0028,-0.00134,-0.0014199999999999,-0.0028,
2023-03-14 02:00:00,2023-03-14,2,0.4999999999999995,0.8660254037844389,73,0.94579488427923,0.3247645868490554,-0.00246,-0.0020099999999999,-0.000841,-0.000799,-0.00171,
2023-03-14 02:15:00,2023-03-14,2,0.5555702330195917,0.8314696123025522,73,0.9458530654769156,0.324595099359065,-0.0014399999999999,-0.00066,-0.000521,-0.000153,-0.000891,
2023-03-14 02:30:00,2023-03-14,2,0.6087614290087011,0.7933533402912502,73,0.9459112163022558,0.3244256014459816,-0.00299,-0.00263,-0.00131,-0.0014299999999999,-0.00226,
2023-03-14 02:45:00,2023-03-14,2,0.659345815100084,0.7518398074789641,73,0.9459693367533832,0.3242560931152476,-0.00267,-0.00187,-0.000458,-0.000738,-0.00112,
2023-03-14 03:00:00,2023-03-14,3,0.707106781186513,0.707106781186582,73,0.9460274268284316,0.3240865743723065,0.0014299999999999,0.002,0.00152,0.00183,0.00171,
2023-03-14 03:15:00,2023-03-14,3,0.7518398074789747,0.6593458151000718,73,0.9460854865255354,0.3239170452226016,-0.000848,-0.000543,0.000414,0.000405,-4.28e-05,
2023-03-14 03:30:00,2023-03-14,3,0.7933533402912254,0.6087614290087333,73,0.9461435158428304,0.3237475056715769,0.000385,0.000635,-0.000245,-0.000153,-0.000317,
2023-03-14 03:45:00,2023-03-14,3,0.8314696123025296,0.5555702330196256,73,0.9462015147784532,0.3235779557246763,8.27e-05,0.000333,-0.000465,-0.00039,-0.00069,
2023-03-14 04:00:00,2023-03-14,4,0.866025403784447,0.4999999999999855,73,0.9462594833305416,0.323408395387344,-0.0026,-0.00221,-0.0014399999999999,-0.00159,-0.0023,
2023-03-14 04:15:00,2023-03-14,4,0.8968727415326652,0.4422886902190481,73,0.9463174214972336,0.3232388246650252,-0.0033,-0.00327,-0.0016899999999999,-0.0020099999999999,-0.00202,
2023-03-14 04:30:00,2023-03-14,4,0.923879532511284,0.3826834323650966,73,0.9463753292766696,0.3230692435631646,9.51e-05,6.03e-05,-0.000159,-0.000218,-0.000437,
2023-03-14 04:45:00,2023-03-14,4,0.9469301294950994,0.32143946530318,73,0.9464332066669894,0.3228996520872077,-0.000393,-0.000426,-0.000321,-0.000375,-0.000771,
2023-03-14 05:00:00,2023-03-14,5,0.96592582628906,0.2588190451025512,73,0.9464910536663348,0.3227300502426006,-0.000323,-0.000287,-0.00029,-0.000275,-0.000767,
2023-03-14 05:15:00,2023-03-14,5,0.980785280403233,0.1950903220161153,73,0.946548870272848,0.322560438034789,-0.000922,-0.000794,-0.000462,-0.00042,-0.000895,
2023-03-14 05:30:00,2023-03-14,5,0.9914448613738032,0.1305261922201068,73,0.9466066564846728,0.3223908154692197,-0.000711,-0.00061,-0.000234,-0.000229,-0.000591,
2023-03-14 05:45:00,2023-03-14,5,0.9978589232386028,0.065403129230154,73,0.9466644122999536,0.322221182551339,0.000736,0.00073,0.000824,0.000722,0.000634,
2023-03-14 06:00:00,2023-03-14,6,1.0,2.302521676588001e-14,73,0.9467221377168356,0.3220515392865945,0.00128,0.00133,0.00117,0.0011,0.000973,
2023-03-14 06:15:00,2023-03-14,6,0.9978589232386058,-0.065403129230108,73,0.9467798327334652,0.3218818856804333,0.0050999999999999,0.0050999999999999,0.00496,0.00453,0.00492,
2023-03-14 06:30:00,2023-03-14,6,0.9914448613738092,-0.1305261922200612,73,0.94683749734799,0.3217122217383029,0.0057199999999999,0.00562,0.00535,0.00482,0.00532,
2023-03-14 06:45:00,2023-03-14,6,0.980785280403242,-0.1950903220160701,73,0.946895131558558,0.3215425474656521,0.0128,0.0125,0.0108,0.0097799999999999,0.0112,
2023-03-14 07:00:00,2023-03-14,7,0.965925826289072,-0.2588190451025068,73,0.9469527353633188,0.3213728628679287,0.0426,0.042,0.0389,0.0351,0.041,
2023-03-14 07:15:00,2023-03-14,7,0.9469301294951142,-0.3214394653031365,73,0.9470103087604222,0.3212031679505819,0.0465,0.0457,0.0429,0.0391,0.0444,
2023-03-14 07:30:00,2023-03-14,7,0.9238795325112796,-0.3826834323651066,73,0.94706785174802,0.3210334627190603,0.136,0.134,0.128,0.11,0.131,
2023-03-14 07:45:00,2023-03-14,7,0.8968727415326856,-0.4422886902190068,73,0.9471253643242642,0.3208637471788139,0.216,0.434,0.547,0.477,0.531,
2023-03-14 08:00:00,2023-03-14,8,0.86602540378447,-0.4999999999999457,73,0.947182846487308,0.3206940213352921,0.153,0.49,0.65,0.575,0.621,
2023-03-14 08:15:00,2023-03-14,8,0.8314696123025552,-0.5555702330195873,73,0.9472402982353056,0.3205242851939446,0.12,0.376,0.532,0.48,0.504,
2023-03-14 08:30:00,2023-03-14,8,0.7933533402912535,-0.6087614290086968,73,0.9472977195664124,0.3203545387602226,0.14,0.3,0.431,0.395,0.408,
2023-03-14 08:45:00,2023-03-14,8,0.7518398074789676,-0.65934581510008,73,0.947355110478784,0.3201847820395763,0.085,0.552,0.811,0.747,0.768,
2023-03-14 09:00:00,2023-03-14,9,0.7071067811865456,-0.7071067811865495,73,0.947412470970578,0.3200150150374571,0.083,0.586,0.851,0.789,0.808,
2023-03-14 09:15:00,2023-03-14,9,0.6593458151001187,-0.7518398074789338,73,0.9474698010399522,0.3198452377593162,0.102,0.625,0.897,0.836,0.853,
2023-03-14 09:30:00,2023-03-14,9,0.6087614290087376,-0.7933533402912221,73,0.9475271006850658,0.3196754502106051,0.127,0.667,0.951,0.892,0.908,
2023-03-14 09:45:00,2023-03-14,9,0.55557023301963,-0.8314696123025266,73,0.9475843699040788,0.3195056523967765,0.143,0.706,1.0,0.944,0.96,
2023-03-14 10:00:00,2023-03-14,10,0.4999999999999902,-0.8660254037844443,73,0.9476416086951526,0.3193358443232818,0.117,0.715,1.02,0.97,0.98,
2023-03-14 10:15:00,2023-03-14,10,0.4422886902190019,-0.8968727415326879,73,0.9476988170564488,0.3191660259955748,0.116,0.734,1.05,1.0,1.01,
2023-03-14 10:30:00,2023-03-14,10,0.3826834323651542,-0.92387953251126,73,0.94775599498613,0.3189961974191081,0.173,0.778,1.09,1.04,1.05,
2023-03-14 10:45:00,2023-03-14,10,0.3214394653031852,-0.9469301294950976,73,0.947813142482361,0.3188263585993348,0.42,0.618,0.776,0.736,0.754,
2023-03-14 11:00:00,2023-03-14,11,0.2588190451025565,-0.9659258262890588,73,0.9478702595433062,0.318656509541709,0.432,0.593,0.703,0.661,0.702,
2023-03-14 11:15:00,2023-03-14,11,0.1950903220161206,-0.980785280403232,73,0.9479273461671316,0.3184866502516844,0.457,0.564,0.657,0.62,0.654,
2023-03-14 11:30:00,2023-03-14,11,0.1305261922200558,-0.9914448613738098,73,0.9479844023520044,0.3183167807347157,0.306,0.357,0.414,0.396,0.403,
2023-03-14 11:45:00,2023-03-14,11,0.0654031292302161,-0.9978589232385988,73,0.948041428096092,0.3181469009962573,0.349,0.344,0.335,0.305,0.342,
2023-03-14 12:00:00,2023-03-14,12,2.8415519624038125e-14,-1.0,73,0.9480984233975636,0.3179770110417643,0.26,0.256,0.215,0.188,0.227,
2023-03-14 12:15:00,2023-03-14,12,-0.0654031292301026,-0.997858923238606,73,0.9481553882545888,0.3178071108766924,0.467,0.527,0.602,0.572,0.609,
2023-03-14 12:30:00,2023-03-14,12,-0.1305261922200558,-0.9914448613738098,73,0.9482123226653384,0.3176372005064966,0.463,0.526,0.592,0.565,0.6,
2023-03-14 12:45:00,2023-03-14,12,-0.1950903220161206,-0.980785280403232,73,0.948269226627984,0.3174672799366336,0.489,0.66,0.795,0.771,0.791,
2023-03-14 13:00:00,2023-03-14,13,-0.2588190451025565,-0.9659258262890588,73,0.948326100140699,0.3172973491725591,0.401,0.493,0.579,0.562,0.575,
2023-03-14 13:15:00,2023-03-14,13,-0.3214394653031314,-0.946930129495116,73,0.9483829432016564,0.3171274082197303,0.318,0.369,0.426,0.413,0.426,
2023-03-14 13:30:00,2023-03-14,13,-0.3826834323650491,-0.9238795325113036,73,0.9484397558090316,0.3169574570836038,0.415,0.761,0.982,0.982,0.977,
2023-03-14 13:45:00,2023-03-14,13,-0.442288690219002,-0.8968727415326879,73,0.9484965379609998,0.316787495769637,0.318,0.324,0.353,0.339,0.357,
2023-03-14 14:00:00,2023-03-14,14,-0.4999999999999902,-0.8660254037844443,73,0.9485532896557376,0.3166175242832878,0.334,0.417,0.541,0.544,0.537,
2023-03-14 14:15:00,2023-03-14,14,-0.55557023301963,-0.8314696123025266,73,0.9486100108914228,0.3164475426300137,0.245,0.592,0.792,0.814,0.78,
2023-03-14 14:30:00,2023-03-14,14,-0.6087614290086926,-0.7933533402912567,73,0.9486667016662343,0.3162775508152735,0.265,0.346,0.413,0.417,0.412,
2023-03-14 14:45:00,2023-03-14,14,-0.6593458151000332,-0.7518398074790087,73,0.9487233619783514,0.3161075488445256,0.305,0.401,0.473,0.479,0.473,
2023-03-14 15:00:00,2023-03-14,15,-0.7071067811865456,-0.7071067811865495,73,0.9487799918259546,0.3159375367232286,0.243,0.424,0.533,0.557,0.53,
2023-03-14 15:15:00,2023-03-14,15,-0.7518398074789676,-0.65934581510008,73,0.9488365912072256,0.3157675144568422,0.299,0.434,0.512,0.526,0.514,
2023-03-14 15:30:00,2023-03-14,15,-0.7933533402912535,-0.6087614290086968,73,0.9488931601203472,0.3155974820508258,0.208,0.335,0.42,0.446,0.42,
2023-03-14 15:45:00,2023-03-14,15,-0.8314696123025236,-0.5555702330196346,73,0.9489496985635022,0.3154274395106396,0.186,0.283,0.354,0.381,0.353,
2023-03-14 16:00:00,2023-03-14,16,-0.8660254037844132,-0.5000000000000441,73,0.9490062065348756,0.3152573868417437,0.13,0.244,0.32,0.357,0.315,
2023-03-14 16:15:00,2023-03-14,16,-0.8968727415326856,-0.4422886902190068,73,0.949062684032653,0.3150873240495983,0.0969,0.172,0.227,0.26,0.224,
2023-03-14 16:30:00,2023-03-14,16,-0.9238795325112796,-0.3826834323651066,73,0.9491191310550204,0.3149172511396649,0.0736,0.13,0.172,0.204,0.172,
2023-03-14 16:45:00,2023-03-14,16,-0.9469301294951142,-0.3214394653031364,73,0.9491755476001658,0.3147471681174042,0.053,0.0877,0.114,0.135,0.114,
2023-03-14 17:00:00,2023-03-14,17,-0.9659258262890572,-0.2588190451025617,73,0.949231933666277,0.3145770749882779,0.0331,0.046,0.0585,0.068,0.0561,
2023-03-14 17:15:00,2023-03-14,17,-0.9807852804032198,-0.1950903220161816,73,0.9492882892515436,0.3144069717577483,0.0175,0.0178,0.0185,0.0193999999999999,0.0178,
2023-03-14 17:30:00,2023-03-14,17,-0.9914448613738092,-0.1305261922200611,73,0.9493446143541562,0.3142368584312769,0.00195,0.0020499999999999,0.00304,0.0030299999999999,0.00262,
2023-03-14 17:45:00,2023-03-14,17,-0.997858923238602,-0.0654031292301647,73,0.949400908972306,0.3140667350143269,-0.003,-0.00282,-0.000862,-0.000879,-0.00115,
2023-03-14 18:00:00,2023-03-14,18,-1.0,2.303759637861177e-14,73,0.949457173104185,0.3138966015123605,-0.00234,-0.00211,-0.0011899999999999,-0.00109,-0.00141,
2023-03-14 18:15:00,2023-03-14,18,-0.9978589232386064,0.0654031292300972,73,0.9495134067479868,0.3137264579308415,-0.00276,-0.0025,-0.00114,-0.00104,-0.00138,
2023-03-14 18:30:00,2023-03-14,18,-0.9914448613738106,0.1305261922200505,73,0.949569609901906,0.3135563042752327,-0.0019299999999999,-0.0016799999999999,-0.00116,-0.000986,-0.00147,
2023-03-14 18:45:00,2023-03-14,18,-0.980785280403233,0.1950903220161153,73,0.9496257825641372,0.3133861405509983,-0.0019299999999999,-0.0016,-0.00124,-0.00108,-0.00149,
2023-03-14 19:00:00,2023-03-14,19,-0.9659258262890748,0.2588190451024963,73,0.9496819247328768,0.3132159667636027,-0.00148,-0.00123,-0.00109,-0.00099,-0.0014399999999999,
2023-03-14 19:15:00,2023-03-14,19,-0.9469301294950994,0.32143946530318,73,0.9497380364063224,0.3130457829185099,-0.00158,-0.00138,-0.00104,-0.00099,-0.00146,
2023-03-14 19:30:00,2023-03-14,19,-0.9238795325113056,0.3826834323650441,73,0.949794117582672,0.3128755890211849,-0.00126,-0.00111,-0.00114,-0.00102,-0.0014199999999999,
2023-03-14 19:45:00,2023-03-14,19,-0.8968727415326904,0.4422886902189972,73,0.9498501682601248,0.3127053850770927,-0.00257,-0.00229,-0.00114,-0.00111,-0.00153,
2023-03-14 20:00:00,2023-03-14,20,-0.8660254037844469,0.4999999999999855,73,0.9499061884368806,0.312535171091699,-0.00196,-0.00175,-0.00112,-0.00103,-0.00149,
2023-03-14 20:15:00,2023-03-14,20,-0.8314696123025612,0.5555702330195783,73,0.9499621781111408,0.3123649470704691,-0.0020299999999999,-0.00177,-0.0011799999999999,-0.00107,-0.00134,
2023-03-14 20:30:00,2023-03-14,20,-0.7933533402912254,0.6087614290087334,73,0.9500181372811078,0.3121947130188693,-0.00159,-0.00134,-0.00111,-0.00102,-0.00147,
2023-03-14 20:45:00,2023-03-14,20,-0.7518398074790122,0.6593458151000291,73,0.9500740659449842,0.3120244689423663,-0.00128,-0.000947,-0.0011,-0.000948,-0.00141,
2023-03-14 21:00:00,2023-03-14,21,-0.7071067811865532,0.7071067811865418,73,0.9501299641009744,0.3118542148464263,-0.00204,-0.0018,-0.00114,-0.00112,-0.00151,
2023-03-14 21:15:00,2023-03-14,21,-0.659345815100084,0.7518398074789641,73,0.9501858317472832,0.3116839507365167,-0.00206,-0.00188,-0.00115,-0.00107,-0.00158,
2023-03-14 21:30:00,2023-03-14,21,-0.6087614290087462,0.7933533402912155,73,0.9502416688821168,0.3115136766181048,-0.002,-0.00177,-0.00115,-0.00108,-0.00151,
2023-03-14 21:45:00,2023-03-14,21,-0.5555702330195917,0.8314696123025522,73,0.9502974755036824,0.311343392496658,-0.00213,-0.00189,-0.0012,-0.00112,-0.0016799999999999,
2023-03-14 22:00:00,2023-03-14,22,-0.5000000000000488,0.8660254037844105,73,0.9503532516101876,0.3111730983776445,-0.00231,-0.00207,-0.00124,-0.00116,-0.00164,
2023-03-14 22:15:00,2023-03-14,22,-0.4422886902190117,0.8968727415326831,73,0.9504089971998416,0.3110027942665327,-0.00269,-0.00252,-0.00145,-0.00139,-0.0018,
2023-03-14 22:30:00,2023-03-14,22,-0.3826834323651116,0.9238795325112776,73,0.9504647122708544,0.3108324801687914,-0.0030099999999999,-0.00282,-0.00139,-0.00135,-0.00176,
2023-03-14 22:45:00,2023-03-14,22,-0.3214394653031954,0.946930129495094,73,0.9505203968214364,0.3106621560898894,-0.00136,-0.000798,-0.00135,-0.00105,-0.0015,
2023-03-14 23:00:00,2023-03-14,23,-0.258819045102512,0.9659258262890706,73,0.9505760508498003,0.3104918220352957,-0.00266,-0.00242,-0.0014,-0.00133,-0.00179,
2023-03-14 23:15:00,2023-03-14,23,-0.1950903220161869,0.9807852804032188,73,0.9506316743541584,0.3103214780104803,-0.00263,-0.00232,-0.00145,-0.0014,-0.00198,
2023-03-14 23:30:00,2023-03-14,23,-0.1305261922200665,0.9914448613738084,73,0.9506872673327252,0.3101511240209128,-0.00164,-0.00128,-0.00109,-0.000933,-0.0013,
2023-03-14 23:45:00,2023-03-14,23,-0.0654031292301701,0.9978589232386016,73,0.9507428297837148,0.3099807600720637,-0.002,-0.0017,-0.00113,-0.00112,-0.00157,
2023-03-15 00:00:00,2023-03-15,0,1.7647293520453652e-14,1.0,74,0.9507983617053436,0.3098103861694034,-0.00315,-0.00279,-0.00174,-0.00172,-0.00237,
2023-03-15 00:15:00,2023-03-15,0,0.0654031292301486,0.9978589232386031,74,0.950853863095828,0.3096400023184031,-0.00221,-0.00185,-0.00139,-0.00125,-0.00172,
2023-03-15 00:30:00,2023-03-15,0,0.1305261922199888,0.9914448613738188,74,0.9509093339533856,0.3094696085245339,-0.0025099999999999,-0.00224,-0.00135,-0.0013,-0.00191,
2023-03-15 00:45:00,2023-03-15,0,0.19509032201611,0.980785280403234,74,0.9509647742762362,0.3092992047932669,-0.0022,-0.00186,-0.00138,-0.0012,-0.00163,
2023-03-15 01:00:00,2023-03-15,1,0.2588190451024912,0.9659258262890762,74,0.9510201840625984,0.3091287911300745,-0.00237,-0.0020299999999999,-0.0014399999999999,-0.00126,-0.00172,
2023-03-15 01:15:00,2023-03-15,1,0.3214394653031749,0.9469301294951012,74,0.9510755633106938,0.3089583675404284,-0.00226,-0.00197,-0.00129,-0.00117,-0.00171,
2023-03-15 01:30:00,2023-03-15,1,0.3826834323650917,0.923879532511286,74,0.9511309120187436,0.3087879340298013,-0.00145,-0.000943,-0.00127,-0.00112,-0.00198,
2023-03-15 01:45:00,2023-03-15,1,0.4422886902189413,0.8968727415327179,74,0.9511862301849706,0.3086174906036663,-0.00243,-0.00212,-0.0014,-0.00127,-0.00185,
2023-03-15 02:00:00,2023-03-15,2,0.4999999999999809,0.8660254037844497,74,0.9512415178075986,0.3084470372674959,-0.00273,-0.0023599999999999,-0.00171,-0.00161,-0.00257,
2023-03-15 02:15:00,2023-03-15,2,0.5555702330195739,0.8314696123025642,74,0.951296774884852,0.3082765740267641,-0.00324,-0.00283,-0.0019199999999999,-0.00181,-0.00273,
2023-03-15 02:30:00,2023-03-15,2,0.6087614290087291,0.7933533402912287,74,0.9513520014149568,0.3081061008869443,-0.0028,-0.00239,-0.00179,-0.00156,-0.00234,
2023-03-15 02:45:00,2023-03-15,2,0.6593458151000678,0.7518398074789783,74,0.9514071973961394,0.3079356178535108,-0.00289,-0.00257,-0.00155,-0.00133,-0.00185,
2023-03-15 03:00:00,2023-03-15,3,0.7071067811864978,0.7071067811865972,74,0.9514623628266272,0.3077651249319379,-0.00278,-0.0024,-0.00166,-0.00146,-0.00231,
2023-03-15 03:15:00,2023-03-15,3,0.7518398074789605,0.659345815100088,74,0.9515174977046494,0.3075946221276999,-0.00291,-0.0025099999999999,-0.00153,-0.00135,-0.0020099999999999,
2023-03-15 03:30:00,2023-03-15,3,0.7933533402912123,0.6087614290087505,74,0.951572602028435,0.3074241094462726,-0.00325,-0.00287,-0.00186,-0.00166,-0.00257,
2023-03-15 03:45:00,2023-03-15,3,0.8314696123025492,0.5555702330195963,74,0.9516276757962144,0.3072535868931308,-0.00306,-0.00263,-0.0016799999999999,-0.00146,-0.00218,
2023-03-15 04:00:00,2023-03-15,4,0.8660254037844362,0.5000000000000042,74,0.9516827190062198,0.3070830544737505,-0.00307,-0.00264,-0.00185,-0.00151,-0.00239,
2023-03-15 04:15:00,2023-03-15,4,0.8968727415326556,0.4422886902190674,74,0.9517377316566832,0.3069125121936075,-0.00318,-0.00276,-0.00188,-0.0017,-0.00275,
2023-03-15 04:30:00,2023-03-15,4,0.9238795325112756,0.3826834323651166,74,0.9517927137458384,0.3067419600581779,-0.00345,-0.00302,-0.00209,-0.00185,-0.00293,
2023-03-15 04:45:00,2023-03-15,4,0.9469301294950924,0.3214394653032005,74,0.9518476652719192,0.3065713980729387,-0.00383,-0.00349,-0.00231,-0.00221,-0.00326,
2023-03-15 05:00:00,2023-03-15,5,0.9659258262890692,0.2588190451025172,74,0.951902586233162,0.3064008262433662,-0.0037,-0.00329,-0.00226,-0.00234,-0.00364,
2023-03-15 05:15:00,2023-03-15,5,0.9807852804032288,0.1950903220161365,74,0.9519574766278026,0.3062302445749384,-0.00333,-0.00277,-0.0016799999999999,-0.00185,-0.00312,
2023-03-15 05:30:00,2023-03-15,5,0.9914448613738152,0.1305261922200155,74,0.9520123364540786,0.3060596530731325,-0.0005,-9.93e-05,0.0013,0.00117,-0.000231,
2023-03-15 05:45:00,2023-03-15,5,0.9978589232386014,0.0654031292301755,74,0.9520671657102284,0.3058890517434265,0.00926,0.00967,0.0116999999999999,0.0107,0.0101,
2023-03-15 06:00:00,2023-03-15,6,1.0,4.458642819851248e-14,74,0.9521219643944911,0.3057184405912985,0.0261,0.0261,0.0316,0.029,0.0292,
2023-03-15 06:15:00,2023-03-15,6,0.9978589232386036,-0.0654031292301432,74,0.9521767325051076,0.3055478196222268,0.0412,0.0634,0.0914,0.0737999999999999,0.0795,
2023-03-15 06:30:00,2023-03-15,6,0.991444861373812,-0.1305261922200398,74,0.9522314700403188,0.3053771888416906,0.0552999999999999,0.114,0.175,0.141,0.157,
2023-03-15 06:45:00,2023-03-15,6,0.980785280403224,-0.1950903220161605,74,0.9522861769983672,0.3052065482551684,0.0657,0.161,0.25,0.208,0.227,
2023-03-15 07:00:00,2023-03-15,7,0.9659258262890776,-0.258819045102486,74,0.952340853377496,0.3050358978681406,0.0784,0.216,0.329,0.281,0.306,
2023-03-15 07:15:00,2023-03-15,7,0.9469301294951212,-0.321439465303116,74,0.9523954991759496,0.3048652376860865,0.0904,0.268,0.404,0.352,0.38,
2023-03-15 07:30:00,2023-03-15,7,0.923879532511288,-0.3826834323650867,74,0.952450114391973,0.3046945677144859,0.109,0.322,0.483,0.428,0.455,
2023-03-15 07:45:00,2023-03-15,7,0.8968727415326951,-0.4422886902189875,74,0.9525046990238129,0.3045238879588196,0.124,0.37,0.547,0.49,0.52,
2023-03-15 08:00:00,2023-03-15,8,0.8660254037844239,-0.5000000000000254,74,0.952559253069716,0.304353198424568,0.152,0.425,0.618,0.56,0.587,
2023-03-15 08:15:00,2023-03-15,8,0.8314696123025672,-0.5555702330195694,74,0.9526137765279312,0.3041824991172124,0.151,0.41,0.596,0.545,0.569,
2023-03-15 08:30:00,2023-03-15,8,0.7933533402912666,-0.6087614290086797,74,0.952668269396707,0.3040117900422339,0.204,0.52,0.729,0.669,0.695,
2023-03-15 08:45:00,2023-03-15,8,0.7518398074789818,-0.6593458151000637,74,0.952722731674294,0.3038410712051142,0.252,0.474,0.647,0.595,0.61,
2023-03-15 09:00:00,2023-03-15,9,0.7071067811865609,-0.7071067811865341,74,0.952777163358943,0.3036703426113356,0.221,0.418,0.578,0.535,0.551,
2023-03-15 09:15:00,2023-03-15,9,0.6593458151000494,-0.7518398074789945,74,0.9528315644489066,0.3034996042663798,0.188,0.592,0.855,0.797,0.811,
2023-03-15 09:30:00,2023-03-15,9,0.6087614290087547,-0.793353340291209,74,0.9528859349424376,0.3033288561757299,0.163,0.653,0.944,0.886,0.899,
2023-03-15 09:45:00,2023-03-15,9,0.555570233019648,-0.8314696123025146,74,0.95294027483779,0.3031580983448686,0.16,0.681,0.978,0.922,0.933,
2023-03-15 10:00:00,2023-03-15,10,0.5000000000000089,-0.8660254037844335,74,0.9529945841332194,0.302987330779279,0.154,0.713,1.02,0.97,0.977,
2023-03-15 10:15:00,2023-03-15,10,0.4422886902190213,-0.8968727415326784,74,0.9530488628269814,0.3028165534844446,0.195,0.722,1.02,0.973,0.985,
2023-03-15 10:30:00,2023-03-15,10,0.3826834323650691,-0.9238795325112952,74,0.9531031109173334,0.3026457664658494,0.216,0.701,0.994,0.95,0.954,
2023-03-15 10:45:00,2023-03-15,10,0.3214394653032056,-0.9469301294950908,74,0.953157328402533,0.3024749697289777,0.221,0.683,0.973,0.934,0.935,
2023-03-15 11:00:00,2023-03-15,11,0.2588190451025224,-0.965925826289068,74,0.9532115152808396,0.3023041632793136,0.205,0.732,1.04,1.01,1.0,
2023-03-15 11:15:00,2023-03-15,11,0.1950903220161418,-0.9807852804032278,74,0.9532656715505128,0.3021333471223423,0.219,0.783,1.11,1.08,1.08,
2023-03-15 11:30:00,2023-03-15,11,0.1305261922200772,-0.991444861373807,74,0.953319797209814,0.3019625212635486,0.222,0.775,1.1,1.08,1.07,
2023-03-15 11:45:00,2023-03-15,11,0.0654031292301241,-0.9978589232386048,74,0.9533738922570052,0.3017916857084178,0.198,0.757,1.07,1.05,1.04,
2023-03-15 12:00:00,2023-03-15,12,4.99767310566706e-14,-1.0,74,0.953427956690349,0.3016208404624358,0.197,0.741,1.05,1.03,1.01,
2023-03-15 12:15:00,2023-03-15,12,-0.0654031292301378,-0.9978589232386038,74,0.9534819905081094,0.3014499855310885,0.198,0.731,1.03,1.02,1.0,
2023-03-15 12:30:00,2023-03-15,12,-0.1305261922200344,-0.9914448613738128,74,0.9535359937085516,0.3012791209198626,0.197,0.743,1.05,1.04,1.02,
2023-03-15 12:45:00,2023-03-15,12,-0.1950903220160995,-0.9807852804032362,74,0.9535899662899412,0.3011082466342444,0.185,0.71,1.01,1.0,0.976,
2023-03-15 13:00:00,2023-03-15,13,-0.2588190451025356,-0.9659258262890644,74,0.9536439082505452,0.3009373626797207,0.223,0.622,0.877,0.875,0.853,
2023-03-15 13:15:00,2023-03-15,13,-0.3214394653031109,-0.9469301294951228,74,0.9536978195886314,0.3007664690617793,0.195,0.685,0.97,0.973,0.943,
2023-03-15 13:30:00,2023-03-15,13,-0.3826834323650817,-0.92387953251129,74,0.9537517003024688,0.3005955657859071,0.193,0.638,0.908,0.916,0.882,
2023-03-15 13:45:00,2023-03-15,13,-0.4422886902189826,-0.8968727415326975,74,0.9538055503903272,0.3004246528575924,0.233,0.581,0.813,0.82,0.79,
2023-03-15 14:00:00,2023-03-15,14,-0.4999999999999716,-0.866025403784455,74,0.9538593698504771,0.3002537302823236,0.239,0.516,0.716,0.724,0.699,
2023-03-15 14:15:00,2023-03-15,14,-0.5555702330196122,-0.8314696123025386,74,0.953913158681191,0.3000827980655887,0.235,0.483,0.662,0.671,0.646,
2023-03-15 14:30:00,2023-03-15,14,-0.6087614290086755,-0.7933533402912698,74,0.953966916880741,0.2999118562128769,0.227,0.396,0.527,0.536,0.519,
2023-03-15 14:45:00,2023-03-15,14,-0.6593458151000597,-0.7518398074789854,74,0.9540206444474012,0.2997409047296771,0.248,0.372,0.472,0.483,0.463,
2023-03-15 15:00:00,2023-03-15,15,-0.7071067811865304,-0.7071067811865647,74,0.954074341379446,0.299569943621479,0.218,0.402,0.523,0.546,0.519,
2023-03-15 15:15:00,2023-03-15,15,-0.7518398074789534,-0.6593458151000962,74,0.9541280076751516,0.2993989728937719,0.232,0.436,0.557,0.586,0.561,
2023-03-15 15:30:00,2023-03-15,15,-0.7933533402912403,-0.6087614290087139,74,0.9541816433327948,0.2992279925520461,0.146,0.353,0.48,0.522,0.477,
2023-03-15 15:45:00,2023-03-15,15,-0.8314696123025117,-0.5555702330196525,74,0.9542352483506528,0.2990570026017922,0.122,0.239,0.319,0.35,0.315,
2023-03-15 16:00:00,2023-03-15,16,-0.8660254037844308,-0.5000000000000135,74,0.9542888227270044,0.2988860030485004,0.119,0.187,0.242,0.266,0.24,
2023-03-15 16:15:00,2023-03-15,16,-0.896872741532676,-0.4422886902190261,74,0.9543423664601292,0.2987149938976621,0.113,0.187,0.23,0.261,0.232,
2023-03-15 16:30:00,2023-03-15,16,-0.9238795325112932,-0.382683432365074,74,0.9543958795483084,0.2985439751547682,0.0909,0.144,0.177,0.203,0.18,
2023-03-15 16:45:00,2023-03-15,16,-0.9469301294951072,-0.3214394653031568,74,0.954449361989823,0.2983729468253108,0.0667,0.109,0.133,0.155,0.133,
2023-03-15 17:00:00,2023-03-15,17,-0.9659258262890518,-0.2588190451025825,74,0.954502813782956,0.2982019089147812,0.0436,0.0613999999999999,0.074,0.0852,0.0725,
2023-03-15 17:15:00,2023-03-15,17,-0.9807852804032268,-0.195090322016147,74,0.954556234925991,0.298030861428672,0.0177,0.018,0.0217,0.0226,0.0206,
2023-03-15 17:30:00,2023-03-15,17,-0.9914448613738064,-0.1305261922200825,74,0.9546096254172124,0.2978598043724758,0.00136,0.00161,0.00315,0.0030099999999999,0.00199,
2023-03-15 17:45:00,2023-03-15,17,-0.9978589232386044,-0.0654031292301295,74,0.9546629852549058,0.297688737751685,-0.00356,-0.00292,-0.0014,-0.00157,-0.00261,
2023-03-15 18:00:00,2023-03-15,18,-1.0,1.4763849459792957e-15,74,0.9547163144373578,0.2975176615717931,-0.00347,-0.00307,-0.0016899999999999,-0.00172,-0.00332,
2023-03-15 18:15:00,2023-03-15,18,-0.997858923238608,0.0654031292300757,74,0.954769612962856,0.2973465758382935,-0.00315,-0.00269,-0.00134,-0.00138,-0.0025499999999999,
2023-03-15 18:30:00,2023-03-15,18,-0.9914448613738134,0.1305261922200291,74,0.954822880829689,0.2971754805566797,-0.00292,-0.00233,-0.00127,-0.00136,-0.00262,
2023-03-15 18:45:00,2023-03-15,18,-0.9807852804032372,0.1950903220160942,74,0.954876118036146,0.2970043757324458,-0.0027,-0.00216,-0.00109,-0.000795,-0.00164,
2023-03-15 19:00:00,2023-03-15,19,-0.9659258262890656,0.2588190451025304,74,0.954929324580518,0.2968332613710864,-0.00246,-0.002,-0.00116,-0.000868,-0.0018,
2023-03-15 19:15:00,2023-03-15,19,-0.9469301294951064,0.3214394653031597,74,0.954982500461096,0.2966621374780961,-0.00302,-0.00252,-0.00137,-0.00104,-0.00206,
2023-03-15 19:30:00,2023-03-15,19,-0.923879532511314,0.3826834323650242,74,0.9550356456761726,0.2964910040589699,-0.00282,-0.00241,-0.0014199999999999,-0.00117,-0.00218,
2023-03-15 19:45:00,2023-03-15,19,-0.8968727415326999,0.4422886902189778,74,0.9550887602240414,0.2963198611192027,-0.00315,-0.00279,-0.00159,-0.00136,-0.00279,
2023-03-15 20:00:00,2023-03-15,20,-0.8660254037844578,0.4999999999999669,74,0.9551418441029966,0.2961487086642906,-0.00291,-0.00254,-0.00136,-0.00112,-0.00216,
2023-03-15 20:15:00,2023-03-15,20,-0.8314696123025416,0.5555702330196077,74,0.955194897311334,0.295977546699729,-0.00319,-0.00271,-0.00141,-0.00146,-0.00273,
2023-03-15 20:30:00,2023-03-15,20,-0.7933533402912385,0.6087614290087163,74,0.9552479198473496,0.2958063752310144,-0.00312,-0.00242,-0.000931,-0.00111,-0.00228,
2023-03-15 20:45:00,2023-03-15,20,-0.7518398074790265,0.6593458151000129,74,0.9553009117093408,0.2956351942636434,-0.00312,-0.00208,-0.00107,-0.00121,-0.00267,
2023-03-15 21:00:00,2023-03-15,21,-0.7071067811865684,0.7071067811865266,74,0.9553538728956064,0.2954640038031124,-0.00291,-0.0023,-0.00109,-0.00113,-0.0025099999999999,
2023-03-15 21:15:00,2023-03-15,21,-0.6593458151001003,0.7518398074789499,74,0.9554068034044452,0.2952928038549189,-0.00329,-0.00266,-0.00102,-0.000975,-0.00197,
2023-03-15 21:30:00,2023-03-15,21,-0.6087614290087182,0.793353340291237,74,0.955459703234158,0.2951215944245601,-0.00256,-0.00191,-0.000989,-0.000615,-0.0016799999999999,
2023-03-15 21:45:00,2023-03-15,21,-0.5555702330196097,0.8314696123025402,74,0.955512572383046,0.2949503755175339,-0.0028399999999999,-0.00247,-0.00114,-0.000849,-0.0016899999999999,
2023-03-15 22:00:00,2023-03-15,22,-0.499999999999969,0.8660254037844566,74,0.9555654108494116,0.2947791471393379,-0.00289,-0.00237,-0.00138,-0.00102,-0.00218,
2023-03-15 22:15:00,2023-03-15,22,-0.442288690219031,0.8968727415326736,74,0.9556182186315576,0.2946079092954708,-0.00277,-0.00237,-0.00145,-0.00121,-0.00231,
2023-03-15 22:30:00,2023-03-15,22,-0.3826834323651315,0.9238795325112694,74,0.9556709957277888,0.2944366619914314,-0.00304,-0.00244,-0.00129,-0.00099,-0.00196,
2023-03-15 22:45:00,2023-03-15,22,-0.321439465303162,0.9469301294951056,74,0.9557237421364104,0.2942654052327181,-0.00287,-0.00234,-0.00125,-0.00107,-0.00219,
2023-03-15 23:00:00,2023-03-15,23,-0.2588190451025328,0.9659258262890652,74,0.9557764578557288,0.2940941390248307,-0.00287,-0.00235,-0.00131,-0.0012,-0.00225,
2023-03-15 23:15:00,2023-03-15,23,-0.1950903220160966,0.9807852804032368,74,0.9558291428840509,0.2939228633732682,-0.00265,-0.00229,-0.00138,-0.0012,-0.00263,
2023-03-15 23:30:00,2023-03-15,23,-0.1305261922200879,0.9914448613738056,74,0.9558817972196848,0.2937515782835309,-0.00281,-0.00232,-0.00122,-0.000917,-0.00178,
2023-03-15 23:45:00,2023-03-15,23,-0.0654031292301916,0.9978589232386004,74,0.9559344208609402,0.2935802837611187,-0.00259,-0.00226,-0.0013,-0.00111,-0.00177,
2023-06-10 00:00:00,2023-06-10,0,-1.5287553529433133e-13,1.0,161,0.3794005517019145,-0.9252325228656216,-0.00146,-0.00152,2.76e-05,4.59e-05,-0.00081,
2023-06-10 00:15:00,2023-06-10,0,0.0654031292300352,0.9978589232386106,161,0.3792347480192738,-0.9253004949176012,-0.000806,-0.000734,-0.000448,-0.000256,-0.00124,
2023-06-10 00:30:00,2023-06-10,0,0.1305261922199888,0.9914448613738188,161,0.3790689321590035,-0.9253684372572002,-0.000955,-0.000309,-0.000521,9.17e-05,-0.00116,
2023-06-10 00:45:00,2023-06-10,0,0.19509032201611,0.980785280403234,161,0.3789031041264271,-0.9254363498822368,-0.00212,-0.0014299999999999,-0.000624,-0.000604,-0.00174,
2023-06-10 01:00:00,2023-06-10,1,0.2588190451024363,0.965925826289091,161,0.3787372639268708,-0.9255042327905302,-0.00146,-0.0013,-0.000545,-0.000482,-0.00148,
2023-06-10 01:15:00,2023-06-10,1,0.3214394653031212,0.9469301294951192,161,0.3785714115656583,-0.9255720859799008,-0.00158,-0.00139,-0.000531,-0.000505,-0.0014399999999999,
2023-06-10 01:30:00,2023-06-10,1,0.3826834323650917,0.923879532511286,161,0.3784055470481165,-0.9256399094481697,-0.00147,-0.00123,-0.00041,-0.000348,-0.00129,
2023-06-10 01:45:00,2023-06-10,1,0.4422886902189413,0.8968727415327179,161,0.3782396703795711,-0.9257077031931588,-0.00182,-0.00141,-0.000265,-0.000237,-0.00131,
2023-06-10 02:00:00,2023-06-10,2,0.4999999999999809,0.8660254037844497,161,0.3780737815653481,-0.9257754672126915,-0.00132,-0.00095,-0.00041,-0.000287,-0.00128,
2023-06-10 02:15:00,2023-06-10,2,0.5555702330196212,0.8314696123025326,161,0.3779078806107753,-0.9258432015045917,-0.00125,-0.000957,-0.000303,-0.000222,-0.00129,
2023-06-10 02:30:00,2023-06-10,2,0.6087614290087742,0.7933533402911941,161,0.3777419675211791,-0.9259109060666844,-0.00108,-0.000638,-9.31e-05,0.00013,-0.000805,
2023-06-10 02:45:00,2023-06-10,2,0.6593458150999824,0.7518398074790533,161,0.3775760423018883,-0.9259785808967952,-0.00121,-0.000915,-0.000341,-0.000153,-0.00133,
2023-06-10 03:00:00,2023-06-10,3,0.7071067811864978,0.7071067811865972,161,0.3774101049582294,-0.9260462259927515,-0.0016899999999999,-0.00133,-0.000562,-0.000359,-0.0015,
2023-06-10 03:15:00,2023-06-10,3,0.7518398074789605,0.659345815100088,161,0.3772441554955319,-0.9261138413523808,-0.0015,-0.0011899999999999,-0.000558,-0.000401,-0.00153,
2023-06-10 03:30:00,2023-06-10,3,0.7933533402911777,0.6087614290087956,161,0.3770781939191244,-0.926181426973512,-0.0011,-0.000613,-2.07e-05,0.000203,-0.000668,
2023-06-10 03:45:00,2023-06-10,3,0.8314696123025176,0.5555702330196435,161,0.3769122202343355,-0.9262489828539752,0.0016,0.00188,0.002,0.00217,0.00122,
2023-06-10 04:00:00,2023-06-10,4,0.8660254037844362,0.5000000000000042,161,0.3767462344464957,-0.9263165089916006,0.0101999999999999,0.0103,0.00902,0.00825,0.00852,
2023-06-10 04:15:00,2023-06-10,4,0.8968727415326556,0.4422886902190674,161,0.3765802365609347,-0.92638400538422,0.028,0.0278,0.0224,0.0198999999999999,0.0229,
2023-06-10 04:30:00,2023-06-10,4,0.9238795325112756,0.3826834323651166,161,0.3764142265829826,-0.926451472029666,0.0349,0.0345,0.0301,0.0272,0.0308,
2023-06-10 04:45:00,2023-06-10,4,0.9469301294951108,0.3214394653031466,161,0.37624820451797,-0.9265189089257724,0.0469,0.0464,0.038,0.0343,0.0397999999999999,
2023-06-10 05:00:00,2023-06-10,5,0.965925826289084,0.2588190451024623,161,0.3760821703712287,-0.9265863160703736,0.0547,0.0919,0.0457,0.0425,0.047,
2023-06-10 05:15:00,2023-06-10,5,0.9807852804032068,0.1950903220162479,161,0.3759161241480899,-0.9266536934613048,0.06,0.173,0.0631,0.0542,0.0542999999999999,
2023-06-10 05:30:00,2023-06-10,5,0.9914448613738004,0.1305261922201282,161,0.375750065853885,-0.926721041096403,0.0667,0.219,0.0831,0.0594,0.0617999999999999,
2023-06-10 05:45:00,2023-06-10,5,0.9978589232386014,0.0654031292301755,161,0.3755839954939473,-0.9267883589735052,0.0737,0.266,0.123,0.0643,0.149,
2023-06-10 06:00:00,2023-06-10,6,1.0,1.0142241929168144e-13,161,0.375417913073609,-0.9268556470904497,0.0815999999999999,0.312,0.169,0.0707,0.197,
2023-06-10 06:15:00,2023-06-10,6,0.9978589232386073,-0.0654031292300865,161,0.3752518185982031,-0.926922905445076,0.0854,0.357,0.218,0.106,0.253,
2023-06-10 06:30:00,2023-06-10,6,0.991444861373812,-0.1305261922200398,161,0.3750857120730628,-0.9269901340352243,0.0927,0.404,0.271,0.153,0.304,
2023-06-10 06:45:00,2023-06-10,6,0.980785280403224,-0.1950903220161605,161,0.3749195935035228,-0.927057332858736,0.1,0.461,0.332,0.207,0.367,
2023-06-10 07:00:00,2023-06-10,7,0.9659258262890776,-0.258819045102486,161,0.3747534628949168,-0.927124501913453,0.149,0.463,0.362,0.25,0.392,
2023-06-10 07:15:00,2023-06-10,7,0.9469301294951028,-0.3214394653031699,161,0.374587320252579,-0.9271916411972186,0.312,0.497,0.373,0.274,0.408,
2023-06-10 07:30:00,2023-06-10,7,0.9238795325112664,-0.3826834323651392,161,0.3744211655818453,-0.9272587507078768,0.366,0.565,0.472,0.374,0.502,
2023-06-10 07:45:00,2023-06-10,7,0.8968727415327454,-0.4422886902188855,161,0.3742549988880508,-0.9273258304432724,0.29,0.427,0.36,0.29,0.381,
2023-06-10 08:00:00,2023-06-10,8,0.8660254037844808,-0.499999999999927,161,0.3740888201765311,-0.927392880401252,0.348,0.524,0.457,0.372,0.483,
2023-06-10 08:15:00,2023-06-10,8,0.8314696123025672,-0.5555702330195694,161,0.3739226294526221,-0.9274599005796622,0.295,0.324,0.307,0.265,0.318,
2023-06-10 08:30:00,2023-06-10,8,0.7933533402913011,-0.6087614290086346,161,0.3737564267216616,-0.9275268909763508,0.186,0.718,0.672,0.544,0.696,
2023-06-10 08:45:00,2023-06-10,8,0.7518398074790194,-0.659345815100021,161,0.3735902119889848,-0.9275938515891669,0.152,0.778,0.734,0.599,0.765,
2023-06-10 09:00:00,2023-06-10,9,0.7071067811865609,-0.7071067811865341,161,0.3734239852599299,-0.9276607824159604,0.266,0.935,0.865,0.714,0.904,
2023-06-10 09:15:00,2023-06-10,9,0.6593458151000494,-0.7518398074789945,161,0.373257746539835,-0.9277276834545816,0.358,0.758,0.726,0.609,0.755,
2023-06-10 09:30:00,2023-06-10,9,0.6087614290087547,-0.793353340291209,161,0.3730914958340379,-0.9277945547028824,0.153,0.904,0.869,0.728,0.904,
2023-06-10 09:45:00,2023-06-10,9,0.5555702330196007,-0.8314696123025462,161,0.372925233147877,-0.927861396158716,0.14,0.915,0.866,0.728,0.903,
2023-06-10 10:00:00,2023-06-10,10,0.4999999999999597,-0.8660254037844619,161,0.3727589584866908,-0.9279282078199356,0.147,0.942,0.892,0.755,0.931,
2023-06-10 10:15:00,2023-06-10,10,0.4422886902191232,-0.8968727415326282,161,0.3725926718558197,-0.9279949896843956,0.182,0.99,0.923,0.783,0.965,
2023-06-10 10:30:00,2023-06-10,10,0.3826834323651741,-0.923879532511252,161,0.3724263732606017,-0.9280617417499522,0.136,0.967,0.931,0.799,0.971,
2023-06-10 10:45:00,2023-06-10,10,0.3214394653032056,-0.9469301294950908,161,0.3722600627063777,-0.9281284640144616,0.131,0.978,0.945,0.817,0.986,
2023-06-10 11:00:00,2023-06-10,11,0.2588190451025224,-0.965925826289068,161,0.3720937401984886,-0.928195156475781,0.131,0.985,0.955,0.83,0.996,
2023-06-10 11:15:00,2023-06-10,11,0.1950903220161975,-0.9807852804032168,161,0.3719274057422747,-0.9282618191317692,0.138,0.987,0.956,0.835,0.999,
2023-06-10 11:30:00,2023-06-10,11,0.1305261922200772,-0.991444861373807,161,0.3717610593430771,-0.9283284519802856,0.146,0.993,0.954,0.838,0.998,
2023-06-10 11:45:00,2023-06-10,11,0.0654031292301241,-0.9978589232386048,161,0.3715947010062371,-0.9283950550191902,0.15,0.986,0.945,0.834,0.99,
2023-06-10 12:00:00,2023-06-10,12,4.996930328903154e-14,-1.0,161,0.3714283307370978,-0.9284616282463444,0.145,0.979,0.937,0.83,0.983,
2023-06-10 12:15:00,2023-06-10,12,-0.0654031292301378,-0.9978589232386038,161,0.3712619485409998,-0.928528171659611,0.19,1.01,0.937,0.826,0.992,
2023-06-10 12:30:00,2023-06-10,12,-0.1305261922200908,-0.9914448613738052,161,0.3710955544232868,-0.9285946852568528,0.224,1.02,0.944,0.831,1.0,
2023-06-10 12:45:00,2023-06-10,12,-0.195090322015988,-0.9807852804032584,161,0.3709291483893026,-0.9286611690359337,0.233,1.02,0.943,0.833,1.0,
2023-06-10 13:00:00,2023-06-10,13,-0.2588190451024258,-0.9659258262890936,161,0.370762730444389,-0.9287276229947192,0.286,0.981,0.894,0.789,0.952,
2023-06-10 13:15:00,2023-06-10,13,-0.3214394653031109,-0.9469301294951228,161,0.3705963005938912,-0.9287940471310754,0.255,0.944,0.867,0.771,0.927,
2023-06-10 13:30:00,2023-06-10,13,-0.3826834323650817,-0.92387953251129,161,0.3704298588431526,-0.9288604414428692,0.265,0.819,0.76,0.681,0.807,
2023-06-10 13:45:00,2023-06-10,13,-0.4422886902189317,-0.8968727415327227,161,0.370263405197519,-0.9289268059279686,0.22,0.703,0.653,0.589,0.692,
2023-06-10 14:00:00,2023-06-10,14,-0.4999999999999716,-0.866025403784455,161,0.3700969396623337,-0.9289931405842428,0.276,0.587,0.544,0.492,0.576,
2023-06-10 14:15:00,2023-06-10,14,-0.5555702330196122,-0.8314696123025386,161,0.369930462242943,-0.9290594454095618,0.224,0.471,0.422,0.382,0.449,
2023-06-10 14:30:00,2023-06-10,14,-0.6087614290086755,-0.7933533402912698,161,0.3697639729446936,-0.9291257204017958,0.162,0.751,0.652,0.592,0.707,
2023-06-10 14:45:00,2023-06-10,14,-0.6593458151000597,-0.7518398074789854,161,0.3695974717729298,-0.9291919655588172,0.132,0.611,0.518,0.47,0.565,
2023-06-10 15:00:00,2023-06-10,15,-0.7071067811865706,-0.7071067811865245,161,0.3694309587329994,-0.9292581808784988,0.11,0.645,0.526,0.477,0.58,
2023-06-10 15:15:00,2023-06-10,15,-0.7518398074788785,-0.6593458151001816,161,0.369264433830249,-0.9293243663587142,0.112,0.606,0.476,0.432,0.531,
2023-06-10 15:30:00,2023-06-10,15,-0.7933533402911711,-0.6087614290088041,161,0.3690978970700257,-0.9293905219973382,0.118,0.57,0.427,0.388,0.483,
2023-06-10 15:45:00,2023-06-10,15,-0.8314696123025117,-0.5555702330196525,161,0.368931348457677,-0.9294566477922463,0.114,0.523,0.371,0.336,0.427,
2023-06-10 16:00:00,2023-06-10,16,-0.8660254037844308,-0.5000000000000135,161,0.3687647879985513,-0.9295227437413156,0.0965,0.469,0.312,0.281,0.368,
2023-06-10 16:15:00,2023-06-10,16,-0.8968727415326508,-0.4422886902190771,161,0.3685982156979978,-0.9295888098424228,0.0839,0.421,0.256,0.229,0.313,
2023-06-10 16:30:00,2023-06-10,16,-0.9238795325112716,-0.3826834323651265,161,0.3684316315613636,-0.9296548460934476,0.0747,0.374,0.201,0.177,0.257,
2023-06-10 16:45:00,2023-06-10,16,-0.9469301294951072,-0.3214394653031568,161,0.3682650355939992,-0.9297208524922684,0.0698,0.325,0.148,0.128,0.202,
2023-06-10 17:00:00,2023-06-10,17,-0.9659258262890518,-0.2588190451025825,161,0.3680984278012538,-0.9297868290367663,0.0724,0.175,0.0833,0.0732,0.108,
2023-06-10 17:15:00,2023-06-10,17,-0.9807852804032268,-0.195090322016147,161,0.3679318081884773,-0.9298527757248228,0.0691,0.194,0.0705,0.0627,0.0955,
2023-06-10 17:30:00,2023-06-10,17,-0.9914448613738136,-0.1305261922200262,161,0.3677651767610198,-0.92991869255432,0.0627,0.101,0.0559,0.0531,0.0573,
2023-06-10 17:45:00,2023-06-10,17,-0.997858923238608,-0.0654031292300728,161,0.3675985335242321,-0.9299845795231414,0.0561,0.117,0.0518,0.0498,0.0535,
2023-06-10 18:00:00,2023-06-10,18,-1.0,-1.122030250079977e-13,161,0.3674318784834663,-0.9300504366291708,0.0433,0.0955999999999999,0.0376,0.0373,0.0391,
2023-06-10 18:15:00,2023-06-10,18,-0.997858923238608,0.0654031292300757,161,0.3672652116440722,-0.9301162638702942,0.0293,0.0293,0.0254,0.0246,0.0247,
2023-06-10 18:30:00,2023-06-10,18,-0.9914448613738134,0.1305261922200291,161,0.3670985330114029,-0.9301820612443974,0.0167,0.0167,0.0147,0.0141999999999999,0.0139,
2023-06-10 18:45:00,2023-06-10,18,-0.9807852804032484,0.1950903220160384,161,0.3669318425908102,-0.9302478287493676,0.00654,0.00661,0.00666,0.00609,0.00619,
2023-06-10 19:00:00,2023-06-10,19,-0.9659258262890804,0.2588190451024755,161,0.3667651403876467,-0.9303135663830931,0.00179,0.00189,0.00109,0.00121,0.000506,
2023-06-10 19:15:00,2023-06-10,19,-0.9469301294951064,0.3214394653031597,161,0.366598426407265,-0.930379274143463,-0.00165,-0.000918,-0.00041,2.29e-05,-0.00108,
2023-06-10 19:30:00,2023-06-10,19,-0.923879532511314,0.3826834323650243,161,0.3664317006550193,-0.9304449520283672,-0.00211,-0.00157,-0.000627,-0.00047,-0.00123,
2023-06-10 19:45:00,2023-06-10,19,-0.8968727415326999,0.4422886902189778,161,0.3662649631362629,-0.9305106000356964,-0.0023,-0.00178,-0.00102,-0.000822,-0.00189,
2023-06-10 20:00:00,2023-06-10,20,-0.8660254037844294,0.5000000000000161,161,0.3660982138563495,-0.9305762181633436,-0.0030299999999999,-0.00191,-0.000517,-0.000195,-0.0016699999999999,
2023-06-10 20:15:00,2023-06-10,20,-0.83146961230251,0.5555702330196549,161,0.3659314528206344,-0.9306418064092004,-0.0040999999999999,-0.00352,-0.00072,-0.000998,-0.00183,
2023-06-10 20:30:00,2023-06-10,20,-0.7933533402913078,0.6087614290086261,161,0.365764680034472,-0.9307073647711616,-0.0028599999999999,-0.0021,-0.000693,-0.000604,-0.00184,
2023-06-10 20:45:00,2023-06-10,20,-0.7518398074790265,0.6593458151000129,161,0.3655978955032177,-0.930772893247122,-0.00282,-0.00197,-0.001,-0.000826,-0.00222,
2023-06-10 21:00:00,2023-06-10,21,-0.7071067811865684,0.7071067811865266,161,0.3654310992322268,-0.9308383918349772,-0.00275,-0.00206,-0.00092,-0.000696,-0.0022,
2023-06-10 21:15:00,2023-06-10,21,-0.659345815100143,0.7518398074789124,161,0.3652642912268558,-0.9309038605326238,-0.00232,-0.00191,-0.00092,-0.00083,-0.00202,
2023-06-10 21:30:00,2023-06-10,21,-0.6087614290087633,0.7933533402912024,161,0.3650974714924609,-0.9309692993379596,-0.00221,-0.00148,-0.000493,-0.000447,-0.0014199999999999,
2023-06-10 21:45:00,2023-06-10,21,-0.5555702330196097,0.8314696123025402,161,0.3649306400343984,-0.931034708248884,-0.00208,-0.00158,-0.000717,-0.000497,-0.00179,
2023-06-10 22:00:00,2023-06-10,22,-0.499999999999969,0.8660254037844566,161,0.3647637968580263,-0.9311000872632956,-0.00209,-0.0016699999999999,-0.000703,-0.000405,-0.00171,
2023-06-10 22:15:00,2023-06-10,22,-0.442288690219031,0.8968727415326736,161,0.3645969419687016,-0.9311654363790954,-0.00182,-0.00117,-0.000317,-0.000176,-0.00162,
2023-06-10 22:30:00,2023-06-10,22,-0.382683432365079,0.9238795325112912,161,0.3644300753717823,-0.9312307555941852,-0.00228,-0.00176,-0.000655,-0.000516,-0.00177,
2023-06-10 22:45:00,2023-06-10,22,-0.3214394653031081,0.9469301294951238,161,0.3642631970726261,-0.9312960449064674,-0.00212,-0.00115,1.03e-05,4.59e-05,-0.00122,
2023-06-10 23:00:00,2023-06-10,23,-0.2588190451026426,0.9659258262890356,161,0.3640963070765927,-0.9313613043138456,-0.0025099999999999,-0.00162,-0.000265,-0.000252,-0.00177,
2023-06-10 23:15:00,2023-06-10,23,-0.1950903220162081,0.9807852804032146,161,0.3639294053890405,-0.9314265338142238,-0.0025099999999999,-0.00161,-0.000445,-0.000401,-0.0018,
2023-06-10 23:30:00,2023-06-10,23,-0.1305261922200879,0.9914448613738056,161,0.3637624920153285,-0.931491733405508,-0.00257,-0.00161,-0.000252,-0.000275,-0.00165,
2023-06-10 23:45:00,2023-06-10,23,-0.0654031292302483,0.9978589232385966,161,0.3635955669608178,-0.931556903085604,-0.0025299999999999,-0.00176,-0.000424,-0.000417,-0.00182,
2023-06-11 00:00:00,2023-06-11,0,-6.074990900534777e-14,1.0,162,0.3634286302308668,-0.9316220428524198,-0.00359,-0.00328,-0.000945,-0.00105,-0.00209,
2023-06-11 00:15:00,2023-06-11,0,0.0654031292301271,0.9978589232386046,162,0.3632616818308373,-0.931687152703863,-0.000447,-0.000255,-0.000838,-0.000612,-0.00172,
2023-06-11 00:30:00,2023-06-11,0,0.1305261922200801,0.9914448613738066,162,0.3630947217660894,-0.9317522326378436,-0.0018,-0.00146,-0.000634,-0.000367,-0.00129,
2023-06-11 00:45:00,2023-06-11,0,0.1950903220160889,0.9807852804032384,162,0.3629277500419851,-0.931817282652271,-0.00136,-0.00107,-0.0002,-0.000199,-0.000891,
2023-06-11 01:00:00,2023-06-11,1,0.2588190451025253,0.9659258262890672,162,0.3627607666638857,-0.9318823027450568,-0.000782,-0.000504,0.000103,0.000103,-0.00039,
2023-06-11 01:15:00,2023-06-11,1,0.3214394653032084,0.9469301294950898,162,0.3625937716371527,-0.9319472929141134,-0.00187,-0.0015,-0.000672,-0.000455,-0.00151,
2023-06-11 01:30:00,2023-06-11,1,0.3826834323649667,0.9238795325113376,162,0.3624267649671499,-0.9320122531573533,-0.00215,-0.00185,-0.000776,-0.000715,-0.00178,
2023-06-11 01:45:00,2023-06-11,1,0.442288690218922,0.8968727415327274,162,0.3622597466592382,-0.932077183472691,-0.0019399999999999,-0.00153,-0.000596,-0.000482,-0.00138,
2023-06-11 02:00:00,2023-06-11,2,0.4999999999999622,0.8660254037844605,162,0.3620927167187822,-0.9321420838580412,-0.00196,-0.00148,-0.000348,-0.000168,-0.00116,
2023-06-11 02:15:00,2023-06-11,2,0.5555702330195087,0.8314696123026077,162,0.3619256751511447,-0.9322069543113204,-0.00197,-0.00153,-0.000593,-0.000222,-0.00137,
2023-06-11 02:30:00,2023-06-11,2,0.6087614290086669,0.7933533402912764,162,0.3617586219616895,-0.9322717948304452,-0.00184,-0.00156,-0.000727,-0.000669,-0.0016799999999999,
2023-06-11 02:45:00,2023-06-11,2,0.6593458151000516,0.7518398074789925,162,0.3615915571557815,-0.9323366054133332,-0.00188,-0.00149,-0.000455,-0.000375,-0.00129,
2023-06-11 03:00:00,2023-06-11,3,0.707106781186563,0.7071067811865321,162,0.3614244807387844,-0.9324013860579036,-0.0022299999999999,-0.00154,-0.000265,-0.000122,-0.00128,
2023-06-11 03:15:00,2023-06-11,3,0.7518398074789463,0.6593458151001043,162,0.3612573927160648,-0.932466136762076,-0.00235,-0.00187,-0.000527,-0.000482,-0.00159,
2023-06-11 03:30:00,2023-06-11,3,0.7933533402912337,0.6087614290087224,162,0.361090293092986,-0.932530857523772,-0.00157,-0.00113,-0.000103,-0.000122,-0.00101,
2023-06-11 03:45:00,2023-06-11,3,0.8314696123025689,0.5555702330195669,162,0.3609231818749148,-0.9325955483409124,0.00219,0.00232,0.00243,0.00225,0.00212,
2023-06-11 04:00:00,2023-06-11,4,0.8660254037843685,0.5000000000001213,162,0.3607560590672182,-0.93266020921142,0.0121999999999999,0.0116999999999999,0.0091799999999999,0.0088,0.00948,
2023-06-11 04:15:00,2023-06-11,4,0.8968727415326462,0.4422886902190868,162,0.3605889246752608,-0.9327248401332192,0.0221,0.0224,0.0208,0.0192,0.021,
2023-06-11 04:30:00,2023-06-11,4,0.9238795325112674,0.3826834323651365,162,0.3604217787044109,-0.9327894411042336,0.0511,0.0501,0.0418,0.0366,0.0432,
2023-06-11 04:45:00,2023-06-11,4,0.9469301294951038,0.3214394653031671,162,0.3602546211600349,-0.9328540121223896,0.0691,0.0687,0.0569,0.0502,0.0591,
2023-06-11 05:00:00,2023-06-11,5,0.965925826289049,0.2588190451025929,162,0.3600874520475016,-0.9329185531856136,0.0779,0.151,0.0664,0.0637,0.07,
2023-06-11 05:15:00,2023-06-11,5,0.9807852804032248,0.1950903220161576,162,0.3599202713721773,-0.9329830642918328,0.08,0.17,0.0722,0.0624,0.0669,
2023-06-11 05:30:00,2023-06-11,5,0.9914448613738124,0.1305261922200369,162,0.3597530791394312,-0.933047545438976,0.145,0.144,0.105,0.0891,0.112,
2023-06-11 05:45:00,2023-06-11,5,0.9978589232386,0.065403129230197,162,0.3595858753546329,-0.9331119966249724,0.16,0.16,0.128,0.107,0.135,
2023-06-11 06:00:00,2023-06-11,6,1.0,9.296793002697884e-15,162,0.3594186600231497,-0.9331764178477528,0.104,0.104,0.0899,0.0800999999999999,0.0917,
2023-06-11 06:15:00,2023-06-11,6,0.9978589232386011,-0.0654031292301784,162,0.3592514331503524,-0.933240809105248,0.108,0.338,0.205,0.107,0.237,
2023-06-11 06:30:00,2023-06-11,6,0.9914448613738296,-0.1305261922199057,162,0.3590841947416104,-0.9333051703953906,0.104,0.4,0.262,0.151,0.294,
2023-06-11 06:45:00,2023-06-11,6,0.9807852804032504,-0.1950903220160278,162,0.358916944802294,-0.933369501716114,0.0916,0.388,0.281,0.179,0.309,
2023-06-11 07:00:00,2023-06-11,7,0.9659258262890832,-0.2588190451024652,162,0.3587496833377732,-0.9334338030653526,0.106,0.516,0.382,0.254,0.42,
2023-06-11 07:15:00,2023-06-11,7,0.9469301294951098,-0.3214394653031495,162,0.3585824103534194,-0.9334980744410412,0.143,0.599,0.447,0.31,0.49,
2023-06-11 07:30:00,2023-06-11,7,0.923879532511318,-0.3826834323650143,162,0.3584151258546048,-0.933562315841116,0.203,0.443,0.353,0.269,0.382,
2023-06-11 07:45:00,2023-06-11,7,0.8968727415327047,-0.4422886902189681,162,0.3582478298466994,-0.9336265272635148,0.241,0.763,0.648,0.503,0.691,
2023-06-11 08:00:00,2023-06-11,8,0.8660254037844347,-0.5000000000000068,162,0.3580805223350765,-0.9336907087061748,0.235,0.327,0.292,0.241,0.306,
2023-06-11 08:15:00,2023-06-11,8,0.8314696123025792,-0.5555702330195514,162,0.357913203325108,-0.9337548601670356,0.206,0.312,0.28,0.234,0.289,
2023-06-11 08:30:00,2023-06-11,8,0.793353340291245,-0.6087614290087078,162,0.3577458728221669,-0.9338189816440368,0.166,0.787,0.693,0.549,0.732,
2023-06-11 08:45:00,2023-06-11,8,0.7518398074789586,-0.6593458151000903,162,0.3575785308316258,-0.93388307313512,0.235,0.426,0.363,0.291,0.388,
2023-06-11 09:00:00,2023-06-11,9,0.7071067811864957,-0.7071067811865993,162,0.3574111773588587,-0.933947134638227,0.232,0.819,0.736,0.599,0.779,
2023-06-11 09:15:00,2023-06-11,9,0.6593458151001511,-0.7518398074789053,162,0.3572438124092402,-0.9340111661513,0.191,0.922,0.835,0.685,0.878,
2023-06-11 09:30:00,2023-06-11,9,0.6087614290087718,-0.7933533402911959,162,0.3570764359881431,-0.934075167672284,0.299,0.692,0.628,0.521,0.661,
2023-06-11 09:45:00,2023-06-11,9,0.5555702330196186,-0.8314696123025342,162,0.3569090481009431,-0.9341391391991232,0.236,0.954,0.877,0.729,0.923,
2023-06-11 10:00:00,2023-06-11,10,0.5000000000000768,-0.8660254037843943,162,0.356741648753015,-0.9342030807297632,0.276,1.02,0.95,0.795,1.0,
2023-06-11 10:15:00,2023-06-11,10,0.4422886902190406,-0.8968727415326689,162,0.356574237949734,-0.9342669922621512,0.176,0.991,0.938,0.794,0.984,
2023-06-11 10:30:00,2023-06-11,10,0.3826834323650889,-0.9238795325112872,162,0.3564068156964754,-0.934330873794235,0.216,0.985,0.93,0.789,0.975,
2023-06-11 10:45:00,2023-06-11,10,0.321439465303226,-0.9469301294950838,162,0.3562393819986162,-0.9343947253239628,0.247,1.09,1.02,0.866,1.07,
2023-06-11 11:00:00,2023-06-11,11,0.2588190451025432,-0.9659258262890624,162,0.3560719368615326,-0.9344585468492846,0.19,1.02,0.966,0.832,1.01,
2023-06-11 11:15:00,2023-06-11,11,0.1950903220161071,-0.9807852804032346,162,0.3559044802906008,-0.9345223383681512,0.155,1.0,0.973,0.847,1.02,
2023-06-11 11:30:00,2023-06-11,11,0.1305261922199858,-0.991444861373819,162,0.355737012291199,-0.9345860998785138,0.143,0.999,0.961,0.841,1.01,
2023-06-11 11:45:00,2023-06-11,11,0.0654031292302591,-0.997858923238596,162,0.3555695328687042,-0.934649831378325,0.144,0.993,0.952,0.838,1.0,
2023-06-11 12:00:00,2023-06-11,12,7.153051472166401e-14,-1.0,162,0.3554020420284944,-0.9347135328655386,0.155,1.01,0.952,0.841,1.0,
2023-06-11 12:15:00,2023-06-11,12,-0.0654031292301163,-0.9978589232386053,162,0.3552345397759476,-0.934777204338109,0.155,0.995,0.94,0.831,0.992,
2023-06-11 12:30:00,2023-06-11,12,-0.1305261922199567,-0.9914448613738228,162,0.3550670261164432,-0.9348408457939912,0.282,0.806,0.754,0.667,0.803,
2023-06-11 12:45:00,2023-06-11,12,-0.1950903220160783,-0.9807852804032404,162,0.3548995010553599,-0.9349044572311422,0.286,0.675,0.637,0.564,0.668,
2023-06-11 13:00:00,2023-06-11,13,-0.2588190451025148,-0.96592582628907,162,0.3547319645980766,-0.9349680386475192,0.337,0.641,0.6,0.538,0.632,
2023-06-11 13:15:00,2023-06-11,13,-0.3214394653030905,-0.9469301294951298,162,0.3545644167499744,-0.93503159004108,0.37,0.562,0.513,0.459,0.549,
2023-06-11 13:30:00,2023-06-11,13,-0.3826834323650618,-0.9238795325112984,162,0.3543968575164317,-0.9350951114097849,0.23,0.811,0.768,0.697,0.811,
2023-06-11 13:45:00,2023-06-11,13,-0.4422886902190143,-0.8968727415326819,162,0.3542292869028303,-0.9351586027515932,0.219,0.757,0.706,0.644,0.745,
2023-06-11 14:00:00,2023-06-11,14,-0.5000000000000514,-0.866025403784409,162,0.3540617049145503,-0.935222064064467,0.297,0.613,0.578,0.529,0.607,
2023-06-11 14:15:00,2023-06-11,14,-0.5555702330194997,-0.8314696123026137,162,0.3538941115569736,-0.9352854953463676,0.291,0.57,0.523,0.479,0.556,
2023-06-11 14:30:00,2023-06-11,14,-0.6087614290086584,-0.793353340291283,162,0.3537265068354815,-0.9353488965952588,0.279,0.834,0.714,0.651,0.775,
2023-06-11 14:45:00,2023-06-11,14,-0.6593458151000435,-0.7518398074789996,162,0.3535588907554556,-0.9354122678091044,0.324,0.524,0.457,0.416,0.492,
2023-06-11 15:00:00,2023-06-11,15,-0.707106781186475,-0.7071067811866201,162,0.3533912633222795,-0.9354756089858696,0.297,0.387,0.331,0.3,0.354,
2023-06-11 15:15:00,2023-06-11,15,-0.7518398074789392,-0.6593458151001124,162,0.353223624541334,-0.9355389201235204,0.274,0.465,0.388,0.357,0.421,
2023-06-11 15:30:00,2023-06-11,15,-0.7933533402912272,-0.608761429008731,162,0.3530559744180035,-0.9356022012200238,0.255,0.253,0.219,0.199,0.23,
2023-06-11 15:45:00,2023-06-11,15,-0.8314696123025629,-0.5555702330195759,162,0.3528883129576708,-0.935665452273348,0.283,0.465,0.363,0.329,0.402,
2023-06-11 16:00:00,2023-06-11,16,-0.8660254037844201,-0.5000000000000322,162,0.3527206401657203,-0.9357286732814616,0.204,0.324,0.247,0.228,0.274,
2023-06-11 16:15:00,2023-06-11,16,-0.8968727415326917,-0.4422886902189945,162,0.3525529560475358,-0.9357918642423348,0.183,0.181,0.153,0.14,0.161,
2023-06-11 16:30:00,2023-06-11,16,-0.9238795325113068,-0.3826834323650414,162,0.3523852606085014,-0.9358550251539384,0.208,0.235,0.176,0.157,0.194,
2023-06-11 16:45:00,2023-06-11,16,-0.9469301294950638,-0.3214394653032849,162,0.3522175538540032,-0.9359181560142438,0.156,0.169,0.141,0.13,0.149,
2023-06-11 17:00:00,2023-06-11,17,-0.965925826289046,-0.2588190451026033,162,0.3520498357894248,-0.9359812568212243,0.149,0.198,0.126,0.113,0.146,
2023-06-11 17:15:00,2023-06-11,17,-0.9807852804032224,-0.1950903220161682,162,0.3518821064201531,-0.9360443275728538,0.127,0.161,0.107,0.0982,0.119,
2023-06-11 17:30:00,2023-06-11,17,-0.991444861373796,-0.1305261922201603,162,0.3517143657515736,-0.9361073682671066,0.12,0.122,0.0924,0.085,0.0977,
2023-06-11 17:45:00,2023-06-11,17,-0.9978589232385991,-0.0654031292302077,162,0.3515466137890722,-0.9361703789019586,0.0994,0.128,0.0785999999999999,0.0735,0.0829,
2023-06-11 18:00:00,2023-06-11,18,-1.0,-2.0077398719014122e-14,162,0.3513788505380364,-0.9362333594753864,0.0798,0.12,0.0655,0.0616,0.0692,
2023-06-11 18:15:00,2023-06-11,18,-0.997858923238602,0.0654031292301677,162,0.3512110760038525,-0.9362963099853678,0.0428,0.0423,0.0347,0.0326,0.0351,
2023-06-11 18:30:00,2023-06-11,18,-0.9914448613738162,0.1305261922200077,162,0.3510432901919092,-0.936359230429881,0.0150999999999999,0.015,0.0156,0.0149,0.0148,
2023-06-11 18:45:00,2023-06-11,18,-0.9807852804032304,0.1950903220161288,162,0.3508754931075925,-0.936422120806906,0.00335,0.00356,0.00488,0.00448,0.00408,
2023-06-11 19:00:00,2023-06-11,19,-0.9659258262890564,0.2588190451025645,162,0.3507076847562919,-0.9364849811144232,-0.000649,-0.000475,0.000689,0.00044,0.000133,
2023-06-11 19:15:00,2023-06-11,19,-0.9469301294951498,0.3214394653030316,162,0.3505398651433953,-0.9365478113504138,-0.00189,-0.0016799999999999,-0.000586,-0.000696,-0.00106,
2023-06-11 19:30:00,2023-06-11,19,-0.9238795325113222,0.3826834323650043,162,0.3503720342742914,-0.9366106115128606,-0.00154,-0.0013,-0.000607,-0.000684,-0.000784,
2023-06-11 19:45:00,2023-06-11,19,-0.8968727415327093,0.4422886902189585,162,0.3502041921543701,-0.9366733815997468,-0.000815,-0.000716,-0.000269,-0.000271,-0.000261,
2023-06-11 20:00:00,2023-06-11,20,-0.8660254037844402,0.4999999999999974,162,0.3500363387890202,-0.9367361216090572,-0.00155,-0.00135,-0.000731,-0.000692,-0.00102,
2023-06-11 20:15:00,2023-06-11,20,-0.8314696123025851,0.5555702330195424,162,0.3498684741836329,-0.9367988315387764,-0.00217,-0.00191,-0.000972,-0.000948,-0.00152,
2023-06-11 20:30:00,2023-06-11,20,-0.7933533402912516,0.6087614290086991,162,0.3497005983435968,-0.9368615113868912,-0.00174,-0.00152,-0.000958,-0.000948,-0.00129,
2023-06-11 20:45:00,2023-06-11,20,-0.7518398074789657,0.6593458151000822,162,0.3495327112743039,-0.9369241611513892,-0.00159,-0.0013,-0.00121,-0.000986,-0.0016699999999999,
2023-06-11 21:00:00,2023-06-11,21,-0.7071067811865838,0.7071067811865114,162,0.3493648129811448,-0.936986780830258,-0.00259,-0.0022,-0.00104,-0.000898,-0.00165,
2023-06-11 21:15:00,2023-06-11,21,-0.6593458151000737,0.7518398074789732,162,0.3491969034695105,-0.9370493704214872,-0.00258,-0.00225,-0.000882,-0.000925,-0.0014199999999999,
2023-06-11 21:30:00,2023-06-11,21,-0.6087614290086902,0.7933533402912585,162,0.3490289827447934,-0.9371119299230668,-0.00132,-0.0011799999999999,-0.000796,-0.000933,-0.000801,
2023-06-11 21:45:00,2023-06-11,21,-0.5555702330197222,0.8314696123024651,162,0.3488610508123854,-0.937174459332988,-0.00157,-0.00136,-0.000917,-0.000979,-0.000835,
2023-06-11 22:00:00,2023-06-11,22,-0.5000000000000862,0.866025403784389,162,0.3486931076776789,-0.9372369586492428,-0.00179,-0.00157,-0.000927,-0.000971,-0.00125,
2023-06-11 22:15:00,2023-06-11,22,-0.4422886902190503,0.8968727415326642,162,0.3485251533460664,-0.9372994278698248,-0.00079,-0.000709,-0.000372,-0.000313,-0.000351,
2023-06-11 22:30:00,2023-06-11,22,-0.3826834323650989,0.923879532511283,162,0.3483571878229418,-0.9373618669927276,-0.00134,-0.00124,-0.000986,-0.000937,-0.00125,
2023-06-11 22:45:00,2023-06-11,22,-0.3214394653032362,0.9469301294950804,162,0.3481892111136982,-0.937424276015946,-0.00157,-0.00138,-0.000889,-0.000761,-0.0012,
2023-06-11 23:00:00,2023-06-11,23,-0.2588190451025536,0.9659258262890594,162,0.3480212232237293,-0.9374866549374764,-0.00239,-0.0020499999999999,-0.00105,-0.000898,-0.00165,
2023-06-11 23:15:00,2023-06-11,23,-0.1950903220161177,0.9807852804032324,162,0.34785322415843,-0.9375490037553156,-0.00116,-0.000879,-0.000379,-0.000153,-0.000775,
2023-06-11 23:30:00,2023-06-11,23,-0.1305261922201092,0.9914448613738028,162,0.3476852139231946,-0.9376113224674616,-0.0014299999999999,-0.0011799999999999,-0.000541,-0.000356,-0.000968,
2023-06-11 23:45:00,2023-06-11,23,-0.0654031292301564,0.9978589232386026,162,0.3475171925234181,-0.9376736110719132,-0.000976,-0.000819,-0.000114,8.41e-05,-0.000351,
2023-06-12 00:00:00,2023-06-12,0,3.1375717283635774e-14,1.0,163,0.3473491599644954,-0.9377358695666704,-0.000806,-0.000546,0.000193,0.00031,-0.000146,
2023-06-12 00:15:00,2023-06-12,0,0.0654031292299921,0.9978589232386134,163,0.3471811162518234,-0.9377980979497336,-0.000562,-0.000514,0.000259,0.000203,0.000266,
2023-06-12 00:30:00,2023-06-12,0,0.130526192219946,0.9914448613738244,163,0.3470130613907967,-0.9378602962191048,-0.000256,-0.000301,-0.000234,-0.000264,-0.000206,
2023-06-12 00:45:00,2023-06-12,0,0.1950903220160678,0.9807852804032424,163,0.3468449953868123,-0.9379224643727871,-0.00182,-0.0015,-0.000772,-0.000711,-0.00117,
2023-06-12 01:00:00,2023-06-12,1,0.2588190451025044,0.9659258262890726,163,0.3466769182452675,-0.9379846024087838,-0.0011899999999999,-0.00108,-0.000396,-0.000485,-0.000441,
2023-06-12 01:15:00,2023-06-12,1,0.3214394653030803,0.9469301294951332,163,0.3465088299715591,-0.9380467103250996,-0.00213,-0.00185,-0.000917,-0.000937,-0.00136,
2023-06-12 01:30:00,2023-06-12,1,0.3826834323650518,0.9238795325113024,163,0.3463407305710844,-0.9381087881197402,-0.00179,-0.00156,-0.000917,-0.000872,-0.00132,
2023-06-12 01:45:00,2023-06-12,1,0.4422886902190046,0.8968727415326866,163,0.346172620049241,-0.9381708357907124,-0.00182,-0.00162,-0.000996,-0.000914,-0.00153,
2023-06-12 02:00:00,2023-06-12,2,0.4999999999999435,0.8660254037844712,163,0.3460044984114283,-0.9382328533360234,-0.0019299999999999,-0.0016699999999999,-0.000703,-0.000642,-0.00109,
2023-06-12 02:15:00,2023-06-12,2,0.5555702330195853,0.8314696123025566,163,0.3458363656630432,-0.9382948407536822,-0.00123,-0.000996,-0.000362,-0.00034,-0.00054,
2023-06-12 02:30:00,2023-06-12,2,0.60876142900874,0.7933533402912203,163,0.3456682218094855,-0.938356798041698,-0.00111,-0.000982,-0.000531,-0.000436,-0.000865,
2023-06-12 02:45:00,2023-06-12,2,0.6593458151001209,0.7518398074789318,163,0.3455000668561548,-0.9384187251980816,-0.0020099999999999,-0.00179,-0.000948,-0.000765,-0.00145,
2023-06-12 03:00:00,2023-06-12,3,0.7071067811864673,0.7071067811866277,163,0.3453319008084504,-0.938480622220844,-0.00206,-0.00183,-0.001,-0.000849,-0.0016899999999999,
2023-06-12 03:15:00,2023-06-12,3,0.7518398074789321,0.6593458151001205,163,0.3451637236717723,-0.938542489107998,-0.00173,-0.00151,-0.000858,-0.000615,-0.0014399999999999,
2023-06-12 03:30:00,2023-06-12,3,0.7933533402912206,0.6087614290087395,163,0.3449955354515203,-0.9386043258575568,-0.00084,-0.000635,-0.000121,3.44e-05,-0.000647,
2023-06-12 03:45:00,2023-06-12,3,0.8314696123024937,0.5555702330196793,163,0.3448273361530964,-0.9386661324675348,0.00182,0.0020499999999999,0.00231,0.00226,0.00181,
2023-06-12 04:00:00,2023-06-12,4,0.8660254037844146,0.5000000000000415,163,0.3446591257819001,-0.9387279089359474,0.00835,0.00843,0.00821,0.00773,0.0075899999999999,
2023-06-12 04:15:00,2023-06-12,4,0.8968727415326869,0.4422886902190042,163,0.3444909043433336,-0.9387896552608108,0.0179,0.0179,0.0167,0.0157,0.0163999999999999,
2023-06-12 04:30:00,2023-06-12,4,0.9238795325112592,0.3826834323651564,163,0.3443226718427995,-0.9388513714401422,0.0282,0.0281,0.0257,0.0241,0.0255,
2023-06-12 04:45:00,2023-06-12,4,0.9469301294950968,0.3214394653031875,163,0.3441544282856982,-0.93891305747196,0.0366,0.0364,0.0334,0.0312,0.0334,
2023-06-12 05:00:00,2023-06-12,5,0.9659258262890728,0.2588190451025039,163,0.3439861736774335,-0.9389747133542832,0.0445,0.139,0.0443,0.0452,0.0467999999999999,
2023-06-12 05:15:00,2023-06-12,5,0.9807852804032424,0.1950903220160672,163,0.3438179080234073,-0.9390363390851324,0.0511,0.183,0.0608,0.0528,0.0502,
2023-06-12 05:30:00,2023-06-12,5,0.9914448613737948,0.1305261922201709,163,0.3436496313290241,-0.939097934662528,0.0552,0.228,0.0802,0.0572,0.0562,
2023-06-12 05:45:00,2023-06-12,5,0.9978589232385986,0.0654031292302185,163,0.3434813435996859,-0.9391595000844928,0.0643,0.269,0.121,0.0619,0.148,
2023-06-12 06:00:00,2023-06-12,6,1.0,3.085800443533036e-14,163,0.3433130448407972,-0.9392210353490495,0.0685,0.318,0.166,0.0654,0.197,
2023-06-12 06:15:00,2023-06-12,6,0.99785892323861,-0.0654031292300435,163,0.3431447350577633,-0.939282540454222,0.0699,0.368,0.219,0.101,0.256,
2023-06-12 06:30:00,2023-06-12,6,0.9914448613738176,-0.130526192219997,163,0.3429764142559869,-0.939344015398036,0.0742,0.417,0.272,0.148,0.308,
2023-06-12 06:45:00,2023-06-12,6,0.9807852804032324,-0.1950903220161182,163,0.3428080824408744,-0.9394054601785168,0.0838,0.463,0.325,0.199,0.361,
2023-06-12 07:00:00,2023-06-12,7,0.9659258262890592,-0.2588190451025541,163,0.3426397396178303,-0.9394668747936914,0.105,0.499,0.371,0.245,0.406,
2023-06-12 07:15:00,2023-06-12,7,0.9469301294951168,-0.321439465303129,163,0.3424713857922614,-0.9395282592415876,0.121,0.545,0.424,0.296,0.46,
2023-06-12 07:30:00,2023-06-12,7,0.9238795325112829,-0.3826834323650994,163,0.3423030209695721,-0.9395896135202352,0.211,0.503,0.399,0.291,0.435,
2023-06-12 07:45:00,2023-06-12,7,0.8968727415326639,-0.4422886902190508,163,0.3421346451551696,-0.9396509376276628,0.112,0.637,0.532,0.396,0.571,
2023-06-12 08:00:00,2023-06-12,8,0.8660254037845023,-0.4999999999998897,163,0.3419662583544615,-0.939712231561902,0.123,0.69,0.593,0.452,0.631,
2023-06-12 08:15:00,2023-06-12,8,0.8314696123025911,-0.5555702330195336,163,0.3417978605728531,-0.9397734953209844,0.111,0.724,0.636,0.495,0.673,
2023-06-12 08:30:00,2023-06-12,8,0.7933533402912581,-0.6087614290086906,163,0.3416294518157532,-0.9398347289029428,0.127,0.747,0.657,0.521,0.694,
2023-06-12 08:45:00,2023-06-12,8,0.7518398074790478,-0.6593458150999886,163,0.3414610320885691,-0.9398959323058108,0.129,0.811,0.725,0.583,0.762,
2023-06-12 09:00:00,2023-06-12,9,0.7071067811865913,-0.7071067811865037,163,0.341292601396709,-0.939957105527623,0.119,0.838,0.765,0.622,0.802,
2023-06-12 09:15:00,2023-06-12,9,0.6593458151000818,-0.7518398074789661,163,0.3411241597455809,-0.9400182485664156,0.112,0.862,0.804,0.662,0.84,
2023-06-12 09:30:00,2023-06-12,9,0.6087614290086988,-0.7933533402912519,163,0.3409557071405941,-0.9400793614202246,0.126,0.9,0.844,0.704,0.882,
2023-06-12 09:45:00,2023-06-12,9,0.5555702330196366,-0.8314696123025223,163,0.3407872435871586,-0.9401404440870876,0.29,0.639,0.627,0.536,0.649,
2023-06-12 10:00:00,2023-06-12,10,0.499999999999997,-0.8660254037844404,163,0.3406187690906823,-0.940201496565044,0.218,0.908,0.917,0.792,0.946,
2023-06-12 10:15:00,2023-06-12,10,0.442288690218958,-0.8968727415327097,163,0.3404502836565763,-0.9402625188521324,0.318,1.01,0.981,0.84,1.02,
2023-06-12 10:30:00,2023-06-12,10,0.3826834323652139,-0.9238795325112352,163,0.3402817872902505,-0.9403235109463938,0.345,0.662,0.653,0.562,0.676,
2023-06-12 10:45:00,2023-06-12,10,0.3214394653032464,-0.9469301294950768,163,0.3401132799971151,-0.9403844728458696,0.11,0.97,0.951,0.821,0.991,
2023-06-12 11:00:00,2023-06-12,11,0.258819045102564,-0.9659258262890568,163,0.3399447617825817,-0.940445404548602,0.109,0.969,0.95,0.824,0.99,
2023-06-12 11:15:00,2023-06-12,11,0.1950903220162398,-0.9807852804032082,163,0.3397762326520614,-0.9405063060526349,0.251,1.07,0.989,0.851,1.04,
2023-06-12 11:30:00,2023-06-12,11,0.1305261922201199,-0.9914448613738014,163,0.3396076926109658,-0.940567177356012,0.339,0.903,0.823,0.714,0.872,
2023-06-12 11:45:00,2023-06-12,11,0.0654031292301672,-0.997858923238602,163,0.3394391416647064,-0.9406280184567796,0.3,0.327,0.313,0.285,0.324,
2023-06-12 12:00:00,2023-06-12,12,-2.0595111567319542e-14,-1.0,163,0.3392705798186964,-0.940688829352983,0.292,0.318,0.307,0.276,0.319,
2023-06-12 12:15:00,2023-06-12,12,-0.0654031292300948,-0.9978589232386068,163,0.3391020070783481,-0.94074961004267,0.256,0.573,0.568,0.507,0.591,
2023-06-12 12:30:00,2023-06-12,12,-0.130526192220048,-0.9914448613738108,163,0.3389334234490741,-0.9408103605238892,0.263,0.735,0.724,0.646,0.756,
2023-06-12 12:45:00,2023-06-12,12,-0.1950903220161687,-0.9807852804032224,163,0.3387648289362888,-0.9408710807946894,0.305,0.368,0.348,0.312,0.359,
2023-06-12 13:00:00,2023-06-12,13,-0.2588190451023842,-0.9659258262891048,163,0.3385962235454053,-0.9409317708531209,0.315,0.677,0.607,0.541,0.644,
2023-06-12 13:15:00,2023-06-12,13,-0.3214394653030701,-0.9469301294951368,163,0.3384276072818378,-0.9409924306972348,0.324,0.751,0.679,0.607,0.728,
2023-06-12 13:30:00,2023-06-12,13,-0.3826834323650419,-0.9238795325113066,163,0.3382589801510003,-0.9410530603250834,0.294,0.891,0.79,0.705,0.846,
2023-06-12 13:45:00,2023-06-12,13,-0.442288690218995,-0.8968727415326914,163,0.3380903421583086,-0.9411136597347196,0.337,0.718,0.658,0.595,0.698,
2023-06-12 14:00:00,2023-06-12,14,-0.4999999999999342,-0.8660254037844766,163,0.3379216933091772,-0.941174228924198,0.319,0.494,0.426,0.381,0.458,
2023-06-12 14:15:00,2023-06-12,14,-0.5555702330195763,-0.8314696123025626,163,0.3377530336090213,-0.941234767891573,0.264,0.281,0.258,0.239,0.271,
2023-06-12 14:30:00,2023-06-12,14,-0.6087614290087314,-0.7933533402912268,163,0.3375843630632575,-0.941295276634901,0.259,0.305,0.283,0.262,0.295,
2023-06-12 14:45:00,2023-06-12,14,-0.6593458151000273,-0.7518398074790139,163,0.3374156816773017,-0.9413557551522388,0.235,0.234,0.215,0.199,0.222,
2023-06-12 15:00:00,2023-06-12,15,-0.7071067811865401,-0.707106781186555,163,0.3372469894565703,-0.9414162034416446,0.192,0.372,0.304,0.277,0.33,
2023-06-12 15:15:00,2023-06-12,15,-0.751839807479,-0.6593458151000431,163,0.3370782864064797,-0.9414766215011774,0.204,0.291,0.239,0.219,0.259,
2023-06-12 15:30:00,2023-06-12,15,-0.7933533402911449,-0.6087614290088383,163,0.3369095725324487,-0.9415370093288966,0.228,0.606,0.437,0.387,0.5,
2023-06-12 15:45:00,2023-06-12,15,-0.8314696123024877,-0.5555702330196883,163,0.3367408478398929,-0.9415973669228638,0.168,0.566,0.385,0.344,0.45,
2023-06-12 16:00:00,2023-06-12,16,-0.8660254037844093,-0.500000000000051,163,0.3365721123342313,-0.9416576942811404,0.225,0.219,0.188,0.175,0.197,
2023-06-12 16:15:00,2023-06-12,16,-0.8968727415326821,-0.4422886902190138,163,0.3364033660208824,-0.9417179914017892,0.16,0.157,0.145,0.137,0.149,
2023-06-12 16:30:00,2023-06-12,16,-0.923879532511255,-0.3826834323651664,163,0.3362346089052644,-0.941778258282874,0.195,0.209,0.158,0.146,0.174,
2023-06-12 16:45:00,2023-06-12,16,-0.9469301294950934,-0.3214394653031977,163,0.3360658409927965,-0.94183849492246,0.152,0.154,0.134,0.127,0.142,
2023-06-12 17:00:00,2023-06-12,17,-0.96592582628907,-0.2588190451025143,163,0.3358970622888974,-0.9418987013186124,0.102,0.249,0.114,0.099,0.153,
2023-06-12 17:15:00,2023-06-12,17,-0.9807852804032184,-0.1950903220161893,163,0.3357282727989881,-0.941958877469398,0.0765999999999999,0.231,0.0767,0.0679,0.109,
2023-06-12 17:30:00,2023-06-12,17,-0.9914448613738082,-0.1305261922200689,163,0.3355594725284868,-0.9420190233728848,0.0673,0.178,0.0591,0.0533,0.0658,
2023-06-12 17:45:00,2023-06-12,17,-0.9978589232386053,-0.0654031292301158,163,0.3353906614828149,-0.9420791390271414,0.0442,0.106,0.0407999999999999,0.0384,0.0434,
2023-06-12 18:00:00,2023-06-12,18,-1.0,7.204822756996945e-14,163,0.3352218396673934,-0.9421392244302368,0.0312,0.0322,0.0282,0.0277,0.0277,
2023-06-12 18:15:00,2023-06-12,18,-0.9978589232386108,0.0654031292300327,163,0.3350530070876429,-0.9421992795802424,0.0261,0.0256,0.0245,0.0236,0.024,
2023-06-12 18:30:00,2023-06-12,18,-0.991444861373819,0.1305261922199863,163,0.3348841637489849,-0.9422593044752294,0.0211,0.0209,0.0186999999999999,0.0178,0.0181,
2023-06-12 18:45:00,2023-06-12,18,-0.9807852804032344,0.1950903220161076,163,0.3347153096568407,-0.9423192991132704,0.00658,0.00673,0.0068,0.0065899999999999,0.0058099999999999,
2023-06-12 19:00:00,2023-06-12,19,-0.9659258262890916,0.2588190451024339,163,0.3345464448166335,-0.9423792634924388,-0.000682,-0.000585,0.000924,0.000833,-0.000308,
2023-06-12 19:15:00,2023-06-12,19,-0.94693012949512,0.3214394653031188,163,0.3343775692337842,-0.9424391976108092,-0.00273,-0.00243,-0.000903,-0.000814,-0.00188,
2023-06-12 19:30:00,2023-06-12,19,-0.9238795325112868,0.3826834323650894,163,0.3342086829137164,-0.9424991014664572,-0.0027,-0.00239,-0.00107,-0.00104,-0.00207,
2023-06-12 19:45:00,2023-06-12,19,-0.8968727415327189,0.4422886902189392,163,0.334039785861854,-0.9425589750574586,-0.00232,-0.00199,-0.000848,-0.000665,-0.0018,
2023-06-12 20:00:00,2023-06-12,20,-0.8660254037844509,0.4999999999999788,163,0.3338708780836188,-0.9426188183818917,-0.00228,-0.0019299999999999,-0.000779,-0.000791,-0.00182,
2023-06-12 20:15:00,2023-06-12,20,-0.8314696123025339,0.555570233019619,163,0.3337019595844359,-0.942678631437834,-0.00224,-0.00187,-0.000634,-0.000577,-0.00163,
2023-06-12 20:30:00,2023-06-12,20,-0.7933533402911955,0.6087614290087723,163,0.3335330303697286,-0.9427384142233656,-0.00211,-0.00173,-0.000634,-0.000512,-0.00156,
2023-06-12 20:45:00,2023-06-12,20,-0.7518398074790549,0.6593458150999805,163,0.3333640904449226,-0.942798166736566,-0.00225,-0.00182,-0.000651,-0.00068,-0.00171,
2023-06-12 21:00:00,2023-06-12,21,-0.707106781186599,0.7071067811864961,163,0.3331951398154411,-0.9428578889755173,-0.00174,-0.00135,-0.000617,-0.000191,-0.00126,
2023-06-12 21:15:00,2023-06-12,21,-0.6593458151000899,0.751839807478959,163,0.3330261784867102,-0.9429175809383012,-0.00187,-0.00155,-0.000641,-0.000245,-0.0011799999999999,
2023-06-12 21:30:00,2023-06-12,21,-0.6087614290087975,0.7933533402911762,163,0.3328572064641562,-0.942977242623001,-0.00208,-0.00175,-0.000748,-0.000409,-0.00136,
2023-06-12 21:45:00,2023-06-12,21,-0.5555702330196456,0.8314696123025163,163,0.3326882237532032,-0.9430368740277012,-0.00211,-0.00174,-0.000807,-0.000451,-0.00135,
2023-06-12 22:00:00,2023-06-12,22,-0.5000000000000063,0.8660254037844349,163,0.3325192303592788,-0.9430964751504868,-0.00209,-0.00175,-0.000831,-0.000474,-0.00156,
2023-06-12 22:15:00,2023-06-12,22,-0.4422886902190697,0.8968727415326546,163,0.3323502262878092,-0.943156045989444,-0.0022,-0.0019299999999999,-0.000831,-0.000711,-0.00165,
2023-06-12 22:30:00,2023-06-12,22,-0.3826834323651188,0.9238795325112747,163,0.3321812115442211,-0.9432155865426596,-0.0016,-0.00126,-0.000531,-0.000233,-0.000805,
2023-06-12 22:45:00,2023-06-12,22,-0.321439465303149,0.94693012949511,163,0.3320121861339414,-0.9432750968082222,-0.00106,-0.000801,-0.000169,-0.000203,-3.43e-05,
2023-06-12 23:00:00,2023-06-12,23,-0.2588190451024647,0.9659258262890832,163,0.3318431500623982,-0.9433345767842206,-0.000443,-0.000365,0.000228,9.56e-05,0.000656,
2023-06-12 23:15:00,2023-06-12,23,-0.1950903220162504,0.980785280403206,163,0.3316741033350202,-0.9433940264687446,0.000649,0.000564,0.000369,0.000382,0.000677,
2023-06-12 23:30:00,2023-06-12,23,-0.1305261922200179,0.9914448613738148,163,0.3315050459572339,-0.9434534458598856,3.72e-05,9.22e-05,7.240000000000001e-05,0.000122,0.000257,
2023-06-12 23:45:00,2023-06-12,23,-0.0654031292300645,0.9978589232386088,163,0.3313359779344693,-0.9435128349557356,-8.68e-05,-0.000117,9.65e-05,9.17e-05,0.000137,
2023-06-13 00:00:00,2023-06-13,0,-1.0387233187061273e-13,1.0,164,0.331166899272155,-0.943572193754387,-0.00175,-0.00161,-0.000779,-0.000883,-0.00116,
2023-06-13 00:15:00,2023-06-13,0,0.0654031292300841,0.9978589232386074,164,0.33099780997572,-0.9436315222539342,-0.000893,-0.00083,-0.000521,-0.000589,-0.000775,
2023-06-13 00:30:00,2023-06-13,0,0.1305261922200374,0.9914448613738124,164,0.3308287100505938,-0.9436908204524722,-0.00182,-0.00148,-0.000786,-0.000795,-0.00114,
2023-06-13 00:45:00,2023-06-13,0,0.1950903220161581,0.9807852804032244,164,0.3306595995022067,-0.9437500883480966,-0.00186,-0.00162,-0.000662,-0.000742,-0.00103,
2023-06-13 01:00:00,2023-06-13,1,0.2588190451023738,0.9659258262891076,164,0.3304904783359899,-0.943809325938904,-0.000678,-0.000663,-0.000183,-0.000237,-0.000381,
2023-06-13 01:15:00,2023-06-13,1,0.3214394653030599,0.9469301294951402,164,0.3303213465573723,-0.943868533222993,-0.0028399999999999,-0.0023,-0.000951,-0.000868,-0.00146,
2023-06-13 01:30:00,2023-06-13,1,0.3826834323650319,0.9238795325113108,164,0.3301522041717862,-0.9439277101984618,-0.00216,-0.0019299999999999,-0.00105,-0.00105,-0.00151,
2023-06-13 01:45:00,2023-06-13,1,0.4422886902189853,0.8968727415326961,164,0.3299830511846625,-0.94398685686341,-0.00279,-0.00239,-0.00103,-0.000929,-0.00166,
2023-06-13 02:00:00,2023-06-13,2,0.5000000000000233,0.8660254037844252,164,0.329813887601433,-0.944045973215939,-0.00218,-0.00185,-0.00092,-0.000768,-0.00149,
2023-06-13 02:15:00,2023-06-13,2,0.5555702330196619,0.8314696123025054,164,0.3296447134275291,-0.94410505925415,-0.0020299999999999,-0.00184,-0.000807,-0.00073,-0.00128,
2023-06-13 02:30:00,2023-06-13,2,0.6087614290086327,0.7933533402913027,164,0.3294755286683842,-0.9441641149761458,-0.00215,-0.00191,-0.000872,-0.000852,-0.00129,
2023-06-13 02:45:00,2023-06-13,2,0.6593458151000192,0.751839807479021,164,0.3293063333294304,-0.94422314038003,-0.0025,-0.00227,-0.000872,-0.000998,-0.00129,
2023-06-13 03:00:00,2023-06-13,3,0.7071067811865325,0.7071067811865626,164,0.3291371274161004,-0.9442821354639076,-0.00409,-0.00341,-0.000745,-0.00099,-0.00111,
2023-06-13 03:15:00,2023-06-13,3,0.7518398074789929,0.6593458151000512,164,0.3289679109338285,-0.9443411002258838,-0.0011799999999999,-0.000901,-0.00103,-0.000745,-0.0015,
2023-06-13 03:30:00,2023-06-13,3,0.7933533402911382,0.6087614290088469,164,0.328798683888048,-0.9444000346640652,-0.0035,-0.00267,-0.000493,-0.000378,-0.0011899999999999,
2023-06-13 03:45:00,2023-06-13,3,0.8314696123024817,0.5555702330196973,164,0.3286294462841928,-0.9444589387765594,-0.000732,7.09e-05,0.00158,0.00157,0.000951,
2023-06-13 04:00:00,2023-06-13,4,0.8660254037844038,0.5000000000000603,164,0.328460198127697,-0.9445178125614752,0.00624,0.00631,0.00533,0.00479,0.00514,
2023-06-13 04:15:00,2023-06-13,4,0.8968727415326774,0.4422886902190235,164,0.3282909394239962,-0.9445766560169218,0.0148,0.0146,0.0126,0.0114,0.0130999999999999,
2023-06-13 04:30:00,2023-06-13,4,0.9238795325112944,0.3826834323650713,164,0.3281216701785249,-0.9446354691410096,0.0149,0.0146,0.0143,0.0134,0.0141999999999999,
2023-06-13 04:45:00,2023-06-13,4,0.9469301294951264,0.3214394653031002,164,0.3279523903967183,-0.9446942519318504,0.031,0.0304,0.0269,0.025,0.0278999999999999,
2023-06-13 05:00:00,2023-06-13,5,0.9659258262890966,0.2588190451024149,164,0.3277831000840128,-0.9447530043875564,0.0303,0.0322,0.0261,0.0238999999999999,0.0269,
2023-06-13 05:15:00,2023-06-13,5,0.9807852804032162,0.1950903220161999,164,0.3276137992458443,-0.9448117265062408,0.0814,0.0818,0.0537,0.0442,0.0586,
2023-06-13 05:30:00,2023-06-13,5,0.9914448613738068,0.1305261922200796,164,0.327444487887649,-0.9448704182860184,0.0897999999999999,0.0925999999999999,0.0647,0.0544,0.0694,
2023-06-13 05:45:00,2023-06-13,5,0.9978589232386046,0.0654031292301266,164,0.3272751660148634,-0.9449290797250044,0.15,0.163,0.108,0.0874,0.119,
2023-06-13 06:00:00,2023-06-13,6,1.0,1.661060535895789e-13,164,0.3271058336329254,-0.9449877108213148,0.188,0.208,0.148,0.117,0.161,
2023-06-13 06:15:00,2023-06-13,6,0.9978589232386116,-0.0654031292300219,164,0.3269364907472719,-0.9450463115730672,0.181,0.219,0.164,0.126,0.176,
2023-06-13 06:30:00,2023-06-13,6,0.9914448613738204,-0.1305261922199757,164,0.3267671373633405,-0.94510488197838,0.152,0.174,0.148,0.121,0.155,
2023-06-13 06:45:00,2023-06-13,6,0.9807852804032366,-0.1950903220160971,164,0.3265977734865704,-0.945163422035372,0.198,0.35,0.266,0.193,0.287,
2023-06-13 07:00:00,2023-06-13,7,0.9659258262890648,-0.2588190451025333,164,0.3264283991223984,-0.945221931742164,0.195,0.413,0.321,0.233,0.346,
2023-06-13 07:15:00,2023-06-13,7,0.9469301294950871,-0.3214394653032162,164,0.3262590142762646,-0.9452804110968768,0.188,0.464,0.365,0.267,0.393,
2023-06-13 07:30:00,2023-06-13,7,0.9238795325112475,-0.3826834323651845,164,0.3260896189536073,-0.9453388600976323,0.175,0.54,0.435,0.322,0.468,
2023-06-13 07:45:00,2023-06-13,7,0.8968727415327237,-0.4422886902189294,164,0.3259202131598667,-0.9453972787425544,0.148,0.624,0.52,0.391,0.556,
2023-06-13 08:00:00,2023-06-13,8,0.8660254037844562,-0.4999999999999694,164,0.3257507969004823,-0.9454556670297664,0.128,0.679,0.582,0.447,0.619,
2023-06-13 08:15:00,2023-06-13,8,0.8314696123025399,-0.5555702330196102,164,0.3255813701808938,-0.9455140249573942,0.133,0.737,0.646,0.506,0.683,
2023-06-13 08:30:00,2023-06-13,8,0.7933533402913405,-0.6087614290085833,164,0.3254119330065428,-0.945572352523563,0.157,0.786,0.7,0.559,0.738,
2023-06-13 08:45:00,2023-06-13,8,0.751839807479062,-0.6593458150999724,164,0.3252424853828685,-0.9456306497264008,0.16,0.822,0.751,0.608,0.787,
2023-06-13 09:00:00,2023-06-13,9,0.7071067811866066,-0.7071067811864885,164,0.3250730273153134,-0.9456889165640344,0.165,0.849,0.78,0.638,0.816,
2023-06-13 09:15:00,2023-06-13,9,0.659345815100098,-0.7518398074789518,164,0.3249035588093185,-0.945747153034594,0.159,0.863,0.809,0.669,0.843,
2023-06-13 09:30:00,2023-06-13,9,0.6087614290087159,-0.7933533402912388,164,0.3247340798703251,-0.945805359136209,0.281,0.716,0.685,0.576,0.709,
2023-06-13 09:45:00,2023-06-13,9,0.55557023301956,-0.8314696123025734,164,0.3245645905037763,-0.9458635348670102,0.294,0.957,0.962,0.819,0.992,
2023-06-13 10:00:00,2023-06-13,10,0.4999999999999172,-0.8660254037844864,164,0.3243950907151137,-0.94592168022513,0.253,0.933,0.954,0.825,0.979,
2023-06-13 10:15:00,2023-06-13,10,0.4422886902190793,-0.8968727415326498,164,0.3242255805097814,-0.9459797952087008,0.15,0.954,0.946,0.812,0.98,
2023-06-13 10:30:00,2023-06-13,10,0.3826834323651288,-0.9238795325112706,164,0.3240560598932208,-0.9460378798158566,0.149,0.968,0.965,0.835,0.999,
2023-06-13 10:45:00,2023-06-13,10,0.3214394653031592,-0.9469301294951064,164,0.3238865288708768,-0.9460959340447324,0.343,0.775,0.763,0.665,0.792,
2023-06-13 11:00:00,2023-06-13,11,0.2588190451026947,-0.9659258262890216,164,0.3237169874481926,-0.946153957893464,0.16,0.962,0.967,0.849,1.0,
2023-06-13 11:15:00,2023-06-13,11,0.1950903220162609,-0.980785280403204,164,0.3235474356306121,-0.946211951360188,0.214,1.03,1.05,0.931,1.09,
2023-06-13 11:30:00,2023-06-13,11,0.1305261922201413,-0.9914448613737986,164,0.3233778734235806,-0.9462699144430424,0.162,0.998,0.99,0.875,1.03,
2023-06-13 11:45:00,2023-06-13,11,0.0654031292301887,-0.9978589232386004,164,0.323208300832542,-0.9463278471401658,0.344,0.772,0.775,0.691,0.805,
2023-06-13 12:00:00,2023-06-13,12,9.660998653129386e-16,-1.0,164,0.3230387178629428,-0.9463857494496978,0.328,0.465,0.43,0.378,0.451,
2023-06-13 12:15:00,2023-06-13,12,-0.0654031292301867,-0.9978589232386006,164,0.3228691245202267,-0.9464436213697792,0.164,0.163,0.126,0.107,0.136,
2023-06-13 12:30:00,2023-06-13,12,-0.1305261922201394,-0.9914448613737988,164,0.322699520809841,-0.946501462898552,0.166,0.164,0.155,0.144,0.159,
2023-06-13 12:45:00,2023-06-13,12,-0.195090322016036,-0.9807852804032487,164,0.3225299067372312,-0.9465592740341584,0.292,0.289,0.28,0.254,0.29,
2023-06-13 13:00:00,2023-06-13,13,-0.2588190451024732,-0.9659258262890812,164,0.3223602823078434,-0.9466170547747425,0.321,0.316,0.313,0.283,0.322,
2023-06-13 13:15:00,2023-06-13,13,-0.3214394653031573,-0.9469301294951072,164,0.3221906475271254,-0.946674805118448,0.275,0.272,0.245,0.222,0.256,
2023-06-13 13:30:00,2023-06-13,13,-0.382683432364917,-0.9238795325113583,164,0.3220210024005239,-0.9467325250634212,0.35,0.945,0.864,0.775,0.918,
2023-06-13 13:45:00,2023-06-13,13,-0.4422886902188737,-0.8968727415327512,164,0.3218513469334863,-0.9467902146078088,0.163,0.874,0.812,0.737,0.86,
2023-06-13 14:00:00,2023-06-13,14,-0.4999999999999155,-0.8660254037844874,164,0.32168168113146,-0.946847873749758,0.217,0.703,0.639,0.582,0.679,
2023-06-13 14:15:00,2023-06-13,14,-0.5555702330195584,-0.8314696123025745,164,0.3215120049998941,-0.9469055024874172,0.371,0.599,0.547,0.496,0.579,
2023-06-13 14:30:00,2023-06-13,14,-0.6087614290087143,-0.79335334029124,164,0.3213423185442365,-0.946963100818936,0.515,0.778,0.607,0.531,0.668,
2023-06-13 14:45:00,2023-06-13,14,-0.6593458151000966,-0.7518398074789531,164,0.3211726217699358,-0.947020668742465,0.217,0.741,0.59,0.529,0.654,
2023-06-13 15:00:00,2023-06-13,15,-0.7071067811866052,-0.7071067811864898,164,0.3210029146824417,-0.9470782062561556,0.219,0.57,0.438,0.393,0.488,
2023-06-13 15:15:00,2023-06-13,15,-0.7518398074789108,-0.6593458151001448,164,0.3208331972872035,-0.9471357133581598,0.117,0.601,0.461,0.415,0.519,
2023-06-13 15:30:00,2023-06-13,15,-0.793353340291201,-0.6087614290087653,164,0.3206634695896709,-0.9471931900466316,0.121,0.554,0.409,0.369,0.467,
2023-06-13 15:45:00,2023-06-13,15,-0.8314696123025389,-0.5555702330196117,164,0.3204937315952937,-0.947250636319725,0.171,0.426,0.297,0.267,0.341,
2023-06-13 16:00:00,2023-06-13,16,-0.8660254037844554,-0.4999999999999711,164,0.3203239833095231,-0.9473080521755952,0.169,0.533,0.329,0.291,0.397,
2023-06-13 16:15:00,2023-06-13,16,-0.8968727415326223,-0.4422886902191351,164,0.3201542247378095,-0.9473654376123988,0.148,0.415,0.24,0.213,0.293,
2023-06-13 16:30:00,2023-06-13,16,-0.9238795325112468,-0.3826834323651863,164,0.3199844558856037,-0.9474227926282932,0.163,0.294,0.179,0.159,0.211,
2023-06-13 16:45:00,2023-06-13,16,-0.9469301294950864,-0.3214394653032181,164,0.3198146767583579,-0.9474801172214364,0.132,0.312,0.153,0.133,0.197,
2023-06-13 17:00:00,2023-06-13,17,-0.9659258262890644,-0.2588190451025352,164,0.3196448873615234,-0.9475374113899878,0.0895,0.27,0.107,0.0897999999999999,0.151,
2023-06-13 17:15:00,2023-06-13,17,-0.9807852804032364,-0.195090322016099,164,0.3194750877005525,-0.9475946751321076,0.0917,0.135,0.0736,0.068,0.0833,
2023-06-13 17:30:00,2023-06-13,17,-0.9914448613738202,-0.1305261922199776,164,0.3193052777808972,-0.9476519084459568,0.0647,0.182,0.0624,0.0565,0.0688,
2023-06-13 17:45:00,2023-06-13,17,-0.9978589232385964,-0.0654031292302508,164,0.319135457608011,-0.9477091113296976,0.054,0.105,0.046,0.0433,0.0477999999999999,
2023-06-13 18:00:00,2023-06-13,18,-1.0,-6.319982158427908e-14,164,0.3189656271873466,-0.9477662837814936,0.0276,0.0276,0.0261,0.0243999999999999,0.0252,
2023-06-13 18:15:00,2023-06-13,18,-0.9978589232386048,0.0654031292301246,164,0.3187957865243571,-0.9478234257995084,0.022,0.022,0.0186,0.0173,0.0184,
2023-06-13 18:30:00,2023-06-13,18,-0.9914448613738068,0.1305261922200777,164,0.3186259356244971,-0.9478805373819076,0.0112,0.0113,0.0111,0.0106,0.0104,
2023-06-13 18:45:00,2023-06-13,18,-0.980785280403261,0.195090322015975,164,0.3184560744932202,-0.9479376185268568,0.00475,0.00477,0.0047599999999999,0.0045899999999999,0.00377,
2023-06-13 19:00:00,2023-06-13,19,-0.9659258262890972,0.2588190451024131,164,0.3182862031359809,-0.9479946692325232,-6.62e-05,5.3200000000000006e-05,0.000741,0.000635,-0.000116,
2023-06-13 19:15:00,2023-06-13,19,-0.9469301294951272,0.3214394653030984,164,0.3181163215582334,-0.9480516894970752,-0.0020099999999999,-0.0016699999999999,-0.000769,-0.000528,-0.0014299999999999,
2023-06-13 19:30:00,2023-06-13,19,-0.9238795325112952,0.3826834323650695,164,0.3179464297654338,-0.9481086793186811,-0.00191,-0.0016,-0.000893,-0.00055,-0.00163,
2023-06-13 19:45:00,2023-06-13,19,-0.8968727415326782,0.4422886902190218,164,0.3177765277630369,-0.9481656386955118,-0.00282,-0.0023799999999999,-0.000707,-0.000719,-0.00174,
2023-06-13 20:00:00,2023-06-13,20,-0.8660254037844048,0.5000000000000586,164,0.3176066155564981,-0.9482225676257378,-0.0021,-0.00163,-0.000762,-0.000356,-0.00156,
2023-06-13 20:15:00,2023-06-13,20,-0.8314696123026091,0.5555702330195066,164,0.3174366931512749,-0.9482794661075308,-0.00179,-0.00122,-0.000979,-0.000447,-0.0020299999999999,
2023-06-13 20:30:00,2023-06-13,20,-0.7933533402912779,0.6087614290086649,164,0.3172667605528216,-0.948336334139064,-0.0033,-0.00308,-0.00109,-0.00153,-0.0020499999999999,
2023-06-13 20:45:00,2023-06-13,20,-0.7518398074789941,0.6593458151000497,164,0.3170968177665966,-0.9483931717185112,-0.0045,-0.00409,-0.000865,-0.000959,-0.00196,
2023-06-13 21:00:00,2023-06-13,21,-0.7071067811865338,0.7071067811865612,164,0.3169268647980558,-0.948449978844048,-0.00231,-0.00214,-0.000951,-0.00114,-0.00181,
2023-06-13 21:15:00,2023-06-13,21,-0.6593458151001916,0.7518398074788698,164,0.3167569016526576,-0.9485067555138492,-0.0026,-0.00219,-0.00071,-0.000722,-0.0017,
2023-06-13 21:30:00,2023-06-13,21,-0.6087614290088146,0.7933533402911631,164,0.3165869283358591,-0.948563501726092,-0.00172,-0.00128,-0.000607,-0.000474,-0.00152,
2023-06-13 21:45:00,2023-06-13,21,-0.5555702330196635,0.8314696123025043,164,0.316416944853118,-0.9486202174789544,-0.00228,-0.00187,-0.000579,-0.000577,-0.00164,
2023-06-13 22:00:00,2023-06-13,22,-0.500000000000025,0.8660254037844242,164,0.316246951209894,-0.948676902770615,-0.00256,-0.00184,-0.000572,-0.000413,-0.00157,
2023-06-13 22:15:00,2023-06-13,22,-0.442288690218987,0.8968727415326954,164,0.316076947411644,-0.948733557599254,-0.00048,-0.000294,-0.000376,-6.12e-05,-0.00111,
2023-06-13 22:30:00,2023-06-13,22,-0.3826834323650337,0.92387953251131,164,0.3159069334638282,-0.9487901819630516,-0.000897,-0.000652,-6.890000000000001e-05,0.000283,-0.000373,
2023-06-13 22:45:00,2023-06-13,22,-0.3214394653030617,0.9469301294951395,164,0.3157369093719053,-0.9488467758601898,-0.000889,-0.000766,-0.000145,0.000107,-0.000621,
2023-06-13 23:00:00,2023-06-13,23,-0.2588190451025953,0.9659258262890484,164,0.3155668751413356,-0.9489033392888512,-0.000749,-0.000507,-0.000159,0.000237,-0.00033,
2023-06-13 23:15:00,2023-06-13,23,-0.19509032201616,0.980785280403224,164,0.3153968307775786,-0.9489598722472196,-0.00252,-0.00198,-0.00122,-0.000799,-0.00163,
2023-06-13 23:30:00,2023-06-13,23,-0.1305261922200393,0.991444861373812,164,0.3152267762860944,-0.9490163747334798,-0.00187,-0.00154,-0.000465,-0.000646,-0.00112,
2023-06-13 23:45:00,2023-06-13,23,-0.0654031292303129,0.9978589232385924,164,0.3150567116723448,-0.9490728467458168,-0.00136,-0.0013,-0.000458,-0.000417,-0.00113,
2023-06-14 00:00:00,2023-06-14,0,-1.254335433032452e-13,1.0,165,0.314886636941789,-0.9491292882824184,-0.00127,-0.00111,-0.000248,-0.000103,-0.000904,
2023-06-14 00:15:00,2023-06-14,0,0.0654031292300625,0.9978589232386088,165,0.3147165520998897,-0.949185699341471,-0.00129,-0.00104,-0.000355,-0.000172,-0.00115,
2023-06-14 00:30:00,2023-06-14,0,0.130526192220016,0.991444861373815,165,0.3145464571521079,-0.9492420799211638,-0.00158,-0.0012,-0.00029,-0.000264,-0.00108,
2023-06-14 00:45:00,2023-06-14,0,0.195090322016137,0.9807852804032288,165,0.3143763521039052,-0.9492984300196864,-0.00218,-0.0017,-0.000376,-0.000455,-0.00133,
2023-06-14 01:00:00,2023-06-14,1,0.2588190451025726,0.9659258262890544,165,0.3142062369607447,-0.949354749635229,-0.0030499999999999,-0.00258,-0.000758,-0.000807,-0.00185,
2023-06-14 01:15:00,2023-06-14,1,0.3214394653032548,0.946930129495074,165,0.3140361117280882,-0.9494110387659834,0.000658,0.000947,-0.000624,0.00026,-0.00122,
2023-06-14 01:30:00,2023-06-14,1,0.382683432365012,0.9238795325113188,165,0.3138659764113997,-0.9494672974101418,-0.0047199999999999,-0.00416,-0.000655,-0.0012,-0.00139,
2023-06-14 01:45:00,2023-06-14,1,0.442288690218966,0.8968727415327057,165,0.3136958310161409,-0.949523525565898,-0.00228,-0.00188,-0.000969,-0.000554,-0.00177,
2023-06-14 02:00:00,2023-06-14,2,0.5000000000000047,0.8660254037844359,165,0.3135256755477765,-0.9495797232314463,-0.00234,-0.0019,-0.000845,-0.000497,-0.00174,
2023-06-14 02:15:00,2023-06-14,2,0.5555702330194549,0.8314696123026437,165,0.31335551001177,-0.9496358904049824,-0.00271,-0.00231,-0.000979,-0.00107,-0.0022299999999999,
2023-06-14 02:30:00,2023-06-14,2,0.6087614290086156,0.7933533402913158,165,0.3131853344135852,-0.9496920270847022,-0.00243,-0.002,-0.000869,-0.00083,-0.0019,
2023-06-14 02:45:00,2023-06-14,2,0.659345815100003,0.7518398074790352,165,0.3130151487586874,-0.9497481332688034,-0.0023599999999999,-0.0019,-0.000745,-0.000738,-0.00163,
2023-06-14 03:00:00,2023-06-14,3,0.7071067811865173,0.7071067811865779,165,0.3128449530525407,-0.9498042089554845,-0.00275,-0.00214,-0.000414,-0.00065,-0.00159,
2023-06-14 03:15:00,2023-06-14,3,0.7518398074789786,0.6593458151000674,165,0.3126747473006114,-0.9498602541429444,-0.00146,-0.00102,-0.000452,-0.000203,-0.00136,
2023-06-14 03:30:00,2023-06-14,3,0.7933533402912636,0.6087614290086836,165,0.3125045315083635,-0.9499162688293838,-0.000728,-6.379999999999999e-05,0.00051,0.000657,-0.000514,
2023-06-14 03:45:00,2023-06-14,3,0.8314696123025961,0.5555702330195261,165,0.3123343056812638,-0.949972253013004,0.0038,0.00418,0.00329,0.00293,0.00296,
2023-06-14 04:00:00,2023-06-14,4,0.8660254037843931,0.5000000000000789,165,0.3121640698247782,-0.9500282066920072,0.00795,0.00816,0.0072,0.00696,0.00684,
2023-06-14 04:15:00,2023-06-14,4,0.8968727415326678,0.4422886902190429,165,0.3119938239443726,-0.9500841298645968,0.0189,0.0186999999999999,0.0159,0.0146,0.0163,
2023-06-14 04:30:00,2023-06-14,4,0.9238795325112862,0.3826834323650912,165,0.3118235680455148,-0.9501400225289768,0.0237,0.0241,0.0208,0.0186,0.0209,
2023-06-14 04:45:00,2023-06-14,4,0.9469301294950464,0.321439465303336,165,0.3116533021336714,-0.9501958846833524,0.0377,0.0378,0.0306999999999999,0.0283,0.031,
2023-06-14 05:00:00,2023-06-14,5,0.9659258262890322,0.2588190451026554,165,0.3114830262143097,-0.95025171632593,0.0886,0.0940999999999999,0.0659,0.058,0.0701,
2023-06-14 05:15:00,2023-06-14,5,0.980785280403212,0.195090322016221,165,0.3113127402928971,-0.9503075174549168,0.126,0.243,0.103,0.0846,0.101,
2023-06-14 05:30:00,2023-06-14,5,0.991444861373804,0.130526192220101,165,0.3111424443749026,-0.950363288068521,0.143,0.297,0.138,0.105,0.124,
2023-06-14 05:45:00,2023-06-14,5,0.9978589232386031,0.0654031292301481,165,0.3109721384657941,-0.9504190281649516,0.16,0.181,0.134,0.107,0.143,
2023-06-14 06:00:00,2023-06-14,6,1.0,-3.9706410421020724e-14,165,0.3108018225710398,-0.9504747377424188,0.203,0.334,0.213,0.137,0.238,
2023-06-14 06:15:00,2023-06-14,6,0.997858923238598,-0.0654031292302273,165,0.3106314966961096,-0.9505304167991336,0.224,0.495,0.316,0.187,0.36,
2023-06-14 06:30:00,2023-06-14,6,0.9914448613738231,-0.1305261922199543,165,0.3104611608464725,-0.9505860653333084,0.2,0.471,0.317,0.2,0.354,
2023-06-14 06:45:00,2023-06-14,6,0.9807852804032408,-0.1950903220160759,165,0.3102908150275981,-0.9506416833431558,0.235,0.53,0.397,0.274,0.433,
2023-06-14 07:00:00,2023-06-14,7,0.9659258262890704,-0.2588190451025124,165,0.310120459244956,-0.9506972708268904,0.239,0.381,0.326,0.253,0.345,
2023-06-14 07:15:00,2023-06-14,7,0.9469301294951672,-0.3214394653029805,165,0.3099500935040177,-0.9507528277827264,0.328,0.428,0.357,0.286,0.381,
2023-06-14 07:30:00,2023-06-14,7,0.9238795325113428,-0.3826834323649545,165,0.3097797178102523,-0.9508083542088808,0.355,0.446,0.379,0.308,0.401,
2023-06-14 07:45:00,2023-06-14,7,0.8968727415327332,-0.4422886902189101,165,0.3096093321691314,-0.95086385010357,0.36,0.495,0.429,0.348,0.453,
2023-06-14 08:00:00,2023-06-14,8,0.866025403784467,-0.4999999999999507,165,0.3094389365861268,-0.950919315465012,0.344,0.433,0.392,0.328,0.409,
2023-06-14 08:15:00,2023-06-14,8,0.8314696123025519,-0.5555702330195922,165,0.3092685310667096,-0.950974750291426,0.299,0.299,0.275,0.24,0.286,
2023-06-14 08:30:00,2023-06-14,8,0.7933533402912153,-0.6087614290087466,165,0.3090981156163517,-0.9510301545810314,0.338,0.353,0.304,0.259,0.322,
2023-06-14 08:45:00,2023-06-14,8,0.7518398074789263,-0.6593458151001271,165,0.3089276902405249,-0.9510855283320496,0.379,0.392,0.338,0.287,0.358,
2023-06-14 09:00:00,2023-06-14,9,0.7071067811866218,-0.7071067811864732,165,0.3087572549447031,-0.9511408715427024,0.393,0.41,0.355,0.303,0.375,
2023-06-14 09:15:00,2023-06-14,9,0.6593458151001143,-0.7518398074789376,165,0.3085868097343573,-0.9511961842112128,0.442,0.473,0.428,0.37,0.449,
2023-06-14 09:30:00,2023-06-14,9,0.608761429008733,-0.7933533402912257,165,0.3084163546149618,-0.9512514663358044,0.482,0.543,0.522,0.455,0.543,
2023-06-14 09:45:00,2023-06-14,9,0.555570233019578,-0.8314696123025614,165,0.3082458895919902,-0.951306717914702,0.413,0.743,0.74,0.642,0.766,
2023-06-14 10:00:00,2023-06-14,10,0.5000000000001328,-0.866025403784362,165,0.3080754146709161,-0.9513619389461316,0.387,0.684,0.681,0.59,0.7,
2023-06-14 10:15:00,2023-06-14,10,0.4422886902190986,-0.8968727415326403,165,0.3079049298572134,-0.95141712942832,0.303,0.839,0.84,0.727,0.868,
2023-06-14 10:30:00,2023-06-14,10,0.3826834323651487,-0.9238795325112624,165,0.3077344351563565,-0.9514722893594948,0.242,1.07,1.05,0.909,1.09,
2023-06-14 10:45:00,2023-06-14,10,0.3214394653031796,-0.9469301294950996,165,0.3075639305738211,-0.9515274187378848,0.396,0.655,0.633,0.553,0.657,
2023-06-14 11:00:00,2023-06-14,11,0.2588190451024959,-0.965925826289075,165,0.3073934161150807,-0.95158251756172,0.388,0.413,0.384,0.336,0.401,
2023-06-14 11:15:00,2023-06-14,11,0.1950903220160591,-0.9807852804032442,165,0.3072228917856116,-0.9516375858292306,0.367,0.371,0.362,0.323,0.375,
2023-06-14 11:30:00,2023-06-14,11,0.1305261922201627,-0.9914448613737956,165,0.3070523575908903,-0.9516926235386488,0.367,0.391,0.404,0.364,0.416,
2023-06-14 11:45:00,2023-06-14,11,0.0654031292302102,-0.9978589232385991,165,0.3068818135363912,-0.951747630688207,0.414,0.829,0.855,0.765,0.885,
2023-06-14 12:00:00,2023-06-14,12,2.2527311297945416e-14,-1.0,165,0.3067112596275918,-0.951802607276139,0.319,0.88,0.92,0.828,0.948,
2023-06-14 12:15:00,2023-06-14,12,-0.0654031292301652,-0.997858923238602,165,0.306540695869968,-0.9518575533006794,0.229,0.966,0.989,0.889,1.02,
2023-06-14 12:30:00,2023-06-14,12,-0.1305261922198926,-0.9914448613738314,165,0.3063701222689982,-0.9519124687600636,0.163,0.98,0.982,0.882,1.02,
2023-06-14 12:45:00,2023-06-14,12,-0.1950903220160149,-0.980785280403253,165,0.3061995388301577,-0.9519673536525288,0.144,0.919,0.909,0.817,0.947,
2023-06-14 13:00:00,2023-06-14,13,-0.2588190451024524,-0.9659258262890866,165,0.3060289455589252,-0.952022207976312,0.138,0.93,0.906,0.815,0.949,
2023-06-14 13:15:00,2023-06-14,13,-0.3214394653031369,-0.946930129495114,165,0.3058583424607794,-0.952077031729652,0.156,0.884,0.848,0.764,0.89,
2023-06-14 13:30:00,2023-06-14,13,-0.3826834323651071,-0.9238795325112796,165,0.3056877295411968,-0.9521318249107884,0.246,0.983,0.91,0.816,0.961,
2023-06-14 13:45:00,2023-06-14,13,-0.4422886902190582,-0.8968727415326602,165,0.3055171068056573,-0.9521865875179616,0.283,0.285,0.249,0.226,0.261,
2023-06-14 14:00:00,2023-06-14,14,-0.5000000000000938,-0.8660254037843845,165,0.305346474259639,-0.9522413195494132,0.233,0.23,0.239,0.223,0.241,
2023-06-14 14:15:00,2023-06-14,14,-0.5555702330195404,-0.8314696123025865,165,0.3051758319086222,-0.9522960210033856,0.196,0.2,0.207,0.196,0.208,
2023-06-14 14:30:00,2023-06-14,14,-0.6087614290086972,-0.7933533402912532,165,0.3050051797580848,-0.9523506918781224,0.215,0.298,0.301,0.284,0.309,
2023-06-14 14:45:00,2023-06-14,14,-0.6593458151000804,-0.7518398074789673,165,0.3048345178135074,-0.952405332171868,0.156,0.721,0.635,0.583,0.687,
2023-06-14 15:00:00,2023-06-14,15,-0.7071067811864292,-0.7071067811866658,165,0.3046638460803711,-0.9524599418828678,0.129,0.679,0.561,0.512,0.617,
2023-06-14 15:15:00,2023-06-14,15,-0.7518398074788966,-0.659345815100161,165,0.3044931645641546,-0.9525145210093684,0.174,0.687,0.52,0.466,0.585,
2023-06-14 15:30:00,2023-06-14,15,-0.7933533402911879,-0.6087614290087824,165,0.30432247327034,-0.9525690695496172,0.173,0.64,0.471,0.42,0.534,
2023-06-14 15:45:00,2023-06-14,15,-0.8314696123025269,-0.5555702330196297,165,0.3041517722044078,-0.9526235875018622,0.213,0.642,0.455,0.405,0.522,
2023-06-14 16:00:00,2023-06-14,16,-0.8660254037844445,-0.4999999999999898,165,0.3039810613718395,-0.9526780748643532,0.147,0.532,0.362,0.324,0.422,
2023-06-14 16:15:00,2023-06-14,16,-0.8968727415327133,-0.4422886902189505,165,0.3038103407781164,-0.9527325316353404,0.14,0.482,0.306,0.274,0.364,
2023-06-14 16:30:00,2023-06-14,16,-0.9238795325113256,-0.3826834323649961,165,0.3036396104287209,-0.9527869578130752,0.119,0.42,0.246,0.219,0.302,
2023-06-14 16:45:00,2023-06-14,16,-0.9469301294950796,-0.3214394653032385,165,0.3034688703291361,-0.9528413533958096,0.141,0.393,0.211,0.184,0.267,
2023-06-14 17:00:00,2023-06-14,17,-0.9659258262890588,-0.258819045102556,165,0.3032981204848431,-0.9528957183817972,0.131,0.342,0.152,0.127,0.205,
2023-06-14 17:15:00,2023-06-14,17,-0.980785280403232,-0.1950903220161201,165,0.3031273609013261,-0.9529500527692925,0.094,0.262,0.101,0.0899,0.137,
2023-06-14 17:30:00,2023-06-14,17,-0.9914448613737876,-0.1305261922202244,165,0.3029565915840679,-0.9530043565565502,0.0822,0.212,0.0803,0.0721,0.0888,
2023-06-14 17:45:00,2023-06-14,17,-0.997858923238595,-0.0654031292302723,165,0.3027858125385521,-0.953058629741827,0.0538999999999999,0.148,0.0564,0.0538999999999999,0.0587,
2023-06-14 18:00:00,2023-06-14,18,-1.0,-8.476103301691154e-14,165,0.3026150237702621,-0.95311287232338,0.0426,0.103,0.0431,0.0426,0.0437,
2023-06-14 18:15:00,2023-06-14,18,-0.997858923238606,0.0654031292301031,165,0.3024442252846831,-0.9531670842994672,0.023,0.0226999999999999,0.0226999999999999,0.0222,0.0213,
2023-06-14 18:30:00,2023-06-14,18,-0.9914448613738098,0.1305261922200563,165,0.3022734170872991,-0.9532212656683482,0.00933,0.00937,0.00959,0.00911,0.0085,
2023-06-14 18:45:00,2023-06-14,18,-0.9807852804032208,0.1950903220161768,165,0.3021025991835945,-0.9532754164282832,0.00395,0.00419,0.00437,0.00401,0.00362,
2023-06-14 19:00:00,2023-06-14,19,-0.965925826289044,0.2588190451026119,165,0.3019317715790554,-0.9533295365775326,0.000538,0.000723,0.00112,0.000929,0.000643,
2023-06-14 19:15:00,2023-06-14,19,-0.946930129495134,0.321439465303078,165,0.3017609342791667,-0.9533836261143592,-0.00156,-0.00132,-0.000593,-0.000646,-0.00102,
2023-06-14 19:30:00,2023-06-14,19,-0.9238795325113034,0.3826834323650496,165,0.3015900872894143,-0.9534376850370262,-0.0019,-0.00172,-0.000927,-0.00102,-0.0013,
2023-06-14 19:45:00,2023-06-14,19,-0.8968727415326877,0.4422886902190024,165,0.3014192306152837,-0.9534917133437976,-0.0021,-0.00188,-0.000996,-0.00104,-0.00141,
2023-06-14 20:00:00,2023-06-14,20,-0.8660254037845293,0.499999999999843,165,0.3012483642622622,-0.953545711032938,-0.00211,-0.00183,-0.000951,-0.00102,-0.00141,
2023-06-14 20:15:00,2023-06-14,20,-0.8314696123026211,0.5555702330194887,165,0.3010774882358361,-0.953599678102714,-0.00197,-0.00173,-0.000886,-0.000986,-0.00129,
2023-06-14 20:30:00,2023-06-14,20,-0.793353340291291,0.6087614290086478,165,0.300906602541492,-0.9536536145513927,-0.00197,-0.00176,-0.000779,-0.000929,-0.00114,
2023-06-14 20:45:00,2023-06-14,20,-0.7518398074790084,0.6593458151000335,165,0.3007357071847181,-0.953707520377242,-0.00161,-0.0014299999999999,-0.000845,-0.000891,-0.00116,
2023-06-14 21:00:00,2023-06-14,21,-0.7071067811865491,0.707106781186546,165,0.3005648021710015,-0.9537613955785308,-0.00129,-0.00109,-0.000979,-0.000894,-0.00129,
2023-06-14 21:15:00,2023-06-14,21,-0.6593458151000369,0.7518398074790055,165,0.3003938875058302,-0.9538152401535293,-0.00285,-0.00245,-0.0011899999999999,-0.00125,-0.0018,
2023-06-14 21:30:00,2023-06-14,21,-0.6087614290086514,0.7933533402912883,165,0.300222963194692,-0.9538690541005084,-0.00373,-0.0030499999999999,-0.000796,-0.000929,-0.00126,
2023-06-14 21:45:00,2023-06-14,21,-0.5555702330196814,0.8314696123024923,165,0.3000520292430764,-0.95392283741774,-0.00438,-0.00414,-0.00145,-0.00177,-0.00221,
2023-06-14 22:00:00,2023-06-14,22,-0.5000000000000437,0.8660254037844134,165,0.2998810856564717,-0.9539765901034972,-0.000976,-0.00084,-0.00102,-0.000776,-0.00141,
2023-06-14 22:15:00,2023-06-14,22,-0.4422886902190063,0.8968727415326858,165,0.2997101324403667,-0.954030312156054,-0.000562,-0.000135,-0.000779,-0.000199,-0.00122,
2023-06-14 22:30:00,2023-06-14,22,-0.3826834323652637,0.9238795325112148,165,0.2995391696002523,-0.954084003573685,-0.00148,-0.00131,-0.000831,-0.000642,-0.00123,
2023-06-14 22:45:00,2023-06-14,22,-0.3214394653032975,0.9469301294950596,165,0.2993681971416165,-0.9541376643546664,-6.2e-05,9.22e-05,0.000379,0.000623,0.000283,
2023-06-14 23:00:00,2023-06-14,23,-0.2588190451026161,0.9659258262890428,165,0.2991972150699506,-0.9541912944972752,-0.00103,-0.00078,-8.96e-05,4.97e-05,-0.000771,
2023-06-14 23:15:00,2023-06-14,23,-0.1950903220161811,0.98078528040322,165,0.2990262233907443,-0.9542448939997892,-0.00117,-0.000894,-0.000441,-0.000279,-0.00129,
2023-06-14 23:30:00,2023-06-14,23,-0.1305261922200606,0.9914448613738092,165,0.298855222109489,-0.9542984628604868,-0.00163,-0.0016699999999999,-0.000955,-0.00102,-0.00163,
2023-06-14 23:45:00,2023-06-14,23,-0.0654031292301075,0.9978589232386058,165,0.2986842112316756,-0.9543520010776484,-0.00369,-0.00356,-0.00105,-0.0016,-0.00196,
2023-07-06 00:00:00,2023-07-06,0,-1.4503284393469558e-13,1.0,187,-0.0580911610992868,-0.99831128261787,-0.0023,-0.00141,-0.00041,5.73e-05,-0.00135,
2023-07-06 00:15:00,2023-07-06,0,0.065403129230043,0.99785892323861,187,-0.0582700531494997,-0.998300856909356,-0.00283,-0.00221,-0.0013,-0.00112,-0.00281,
2023-07-06 00:30:00,2023-07-06,0,0.1305261922199966,0.9914448613738176,187,-0.0584489433285998,-0.9982903991443424,-0.00321,-0.00274,-0.0016699999999999,-0.00155,-0.00293,
2023-07-06 00:45:00,2023-07-06,0,0.1950903220161177,0.9807852804032324,187,-0.0586278316308414,-0.9982799093231646,-0.00247,-0.00217,-0.00112,-0.00117,-0.00215,
2023-07-06 01:00:00,2023-07-06,1,0.2588190451025536,0.9659258262890594,187,-0.058806718050482,-0.9982693874461598,-0.0030299999999999,-0.0025,-0.00123,-0.00128,-0.0025,
2023-07-06 01:15:00,2023-07-06,1,0.3214394653032362,0.9469301294950804,187,-0.0589856025817765,-0.9982588335136658,-0.00241,-0.0019299999999999,-0.000651,-0.000772,-0.0016899999999999,
2023-07-06 01:30:00,2023-07-06,1,0.3826834323649939,0.9238795325113264,187,-0.0591644852189798,-0.9982482475260216,-0.0019199999999999,-0.00139,-0.00091,-0.000692,-0.00177,
2023-07-06 01:45:00,2023-07-06,1,0.4422886902189484,0.8968727415327143,187,-0.0593433659563496,-0.9982376294835668,-0.00246,-0.00173,-0.00071,-0.0006,-0.00185,
2023-07-06 02:00:00,2023-07-06,2,0.4999999999999877,0.8660254037844457,187,-0.0595222447881405,-0.9982269793866426,-0.0023,-0.00138,-0.000569,-0.00042,-0.00187,
2023-07-06 02:15:00,2023-07-06,2,0.5555702330194386,0.8314696123026546,187,-0.059701121708609,-0.998216297235591,-0.0016699999999999,-0.000773,-5.52e-05,0.000115,-0.00099,
2023-07-06 02:30:00,2023-07-06,2,0.6087614290086001,0.7933533402913278,187,-0.0598799967120111,-0.998205583030755,-0.00212,-0.00134,-0.000321,-8.790000000000001e-05,-0.0014399999999999,
2023-07-06 02:45:00,2023-07-06,2,0.6593458150999882,0.7518398074790481,187,-0.0600588697926035,-0.9981948367724786,-0.0015,-0.00134,-0.000521,-0.000268,-0.000878,
2023-07-06 03:00:00,2023-07-06,3,0.7071067811865034,0.7071067811865916,187,-0.0602377409446418,-0.9981840584611068,-0.00274,-0.00247,-0.000982,-0.000998,-0.00191,
2023-07-06 03:15:00,2023-07-06,3,0.7518398074789657,0.6593458151000822,187,-0.0604166101623814,-0.9981732480969858,-0.000893,-0.000702,-0.000796,-0.00068,-0.00177,
2023-07-06 03:30:00,2023-07-06,3,0.7933533402912517,0.6087614290086991,187,-0.0605954774400805,-0.9981624056804628,-0.00138,-0.000904,-0.000562,-0.00039,-0.0016,
2023-07-06 03:45:00,2023-07-06,3,0.8314696123025852,0.5555702330195424,187,-0.060774342771994,-0.9981515312118858,-0.00216,-0.0015,0.000745,0.000627,-0.000454,
2023-07-06 04:00:00,2023-07-06,4,0.8660254037843833,0.5000000000000959,187,-0.060953206152379,-0.998140624691604,0.00448,0.00481,0.00468,0.00462,0.0036,
2023-07-06 04:15:00,2023-07-06,4,0.8968727415326592,0.4422886902190604,187,-0.0611320675754918,-0.998129686119968,0.0183,0.0182,0.0134,0.0123,0.0130999999999999,
2023-07-06 04:30:00,2023-07-06,4,0.9238795325112786,0.3826834323651093,187,-0.0613109270355895,-0.9981187154973284,0.018,0.0179,0.0177,0.0162,0.0173,
2023-07-06 04:45:00,2023-07-06,4,0.9469301294951132,0.3214394653031392,187,-0.0614897845269282,-0.9981077128240378,0.0506,0.0502,0.0453,0.0402,0.0467,
2023-07-06 05:00:00,2023-07-06,5,0.9659258262890272,0.2588190451026743,187,-0.0616686400437639,-0.9980966781004496,0.052,0.0523999999999999,0.0405,0.0358,0.0421,
2023-07-06 05:15:00,2023-07-06,5,0.980785280403208,0.1950903220162403,187,-0.061847493580355,-0.9980856113269182,0.0472999999999999,0.0472999999999999,0.0405,0.0368,0.0407999999999999,
2023-07-06 05:30:00,2023-07-06,5,0.9914448613738014,0.1305261922201204,187,-0.062026345130957,-0.9980745125037986,0.103,0.155,0.0804,0.0663,0.0792,
2023-07-06 05:45:00,2023-07-06,5,0.997858923238602,0.0654031292301676,187,-0.0622051946898272,-0.9980633816314476,0.115,0.26,0.138,0.0948,0.156,
2023-07-06 06:00:00,2023-07-06,6,1.0,-2.010710978957036e-14,187,-0.0623840422512227,-0.9980522187102224,0.161,0.274,0.169,0.106,0.19,
2023-07-06 06:15:00,2023-07-06,6,0.9978589232385991,-0.0654031292302078,187,-0.0625628878094008,-0.9980410237404816,0.173,0.363,0.233,0.134,0.262,
2023-07-06 06:30:00,2023-07-06,6,0.9914448613738258,-0.1305261922199349,187,-0.0627417313586177,-0.9980297967225844,0.206,0.461,0.317,0.198,0.353,
2023-07-06 06:45:00,2023-07-06,6,0.9807852804032446,-0.1950903220160567,187,-0.0629205728931311,-0.9980185376568916,0.156,0.469,0.333,0.21,0.367,
2023-07-06 07:00:00,2023-07-06,7,0.9659258262890756,-0.2588190451024935,187,-0.0630994124071986,-0.9980072465437644,0.146,0.514,0.394,0.265,0.429,
2023-07-06 07:15:00,2023-07-06,7,0.9469301294951004,-0.3214394653031773,187,-0.0632782498950765,-0.9979959233835658,0.108,0.523,0.41,0.282,0.444,
2023-07-06 07:30:00,2023-07-06,7,0.9238795325113502,-0.3826834323649364,187,-0.0634570853510227,-0.9979845681766591,0.193,0.633,0.492,0.353,0.537,
2023-07-06 07:45:00,2023-07-06,7,0.8968727415327419,-0.4422886902188925,187,-0.0636359187692946,-0.9979731809234093,0.208,0.251,0.233,0.19,0.242,
2023-07-06 08:00:00,2023-07-06,8,0.8660254037844769,-0.4999999999999338,187,-0.06381475014415,-0.9979617616241816,0.114,0.654,0.572,0.436,0.607,
2023-07-06 08:15:00,2023-07-06,8,0.8314696123025628,-0.5555702330195759,187,-0.0639935794698457,-0.9979503102793428,0.122,0.692,0.619,0.48,0.654,
2023-07-06 08:30:00,2023-07-06,8,0.7933533402912272,-0.6087614290087311,187,-0.0641724067406396,-0.9979388268892608,0.125,0.71,0.645,0.508,0.679,
2023-07-06 08:45:00,2023-07-06,8,0.7518398074789392,-0.6593458151001124,187,-0.0643512319507899,-0.997927311454304,0.173,0.801,0.739,0.595,0.773,
2023-07-06 09:00:00,2023-07-06,9,0.707106781186475,-0.7071067811866202,187,-0.0645300550945534,-0.9979157639748428,0.193,0.821,0.779,0.638,0.809,
2023-07-06 09:15:00,2023-07-06,9,0.6593458151001289,-0.7518398074789246,187,-0.0647088761661884,-0.9979041844512472,0.158,0.847,0.82,0.677,0.85,
2023-07-06 09:30:00,2023-07-06,9,0.6087614290087485,-0.7933533402912137,187,-0.0648876951599527,-0.9978925728838896,0.224,0.837,0.835,0.704,0.868,
2023-07-06 09:45:00,2023-07-06,9,0.5555702330195942,-0.8314696123025506,187,-0.0650665120701047,-0.9978809292731428,0.132,0.874,0.85,0.712,0.881,
2023-07-06 10:00:00,2023-07-06,10,0.5000000000001498,-0.8660254037843521,187,-0.0652453268909015,-0.9978692536193804,0.129,0.893,0.854,0.738,0.907,
2023-07-06 10:15:00,2023-07-06,10,0.4422886902191162,-0.8968727415326316,187,-0.0654241396166017,-0.9978575459229776,0.132,0.912,0.848,0.762,0.93,
2023-07-06 10:30:00,2023-07-06,10,0.3826834323651668,-0.9238795325112548,187,-0.0656029502414637,-0.9978458061843104,0.132,0.926,0.847,0.783,0.948,
2023-07-06 10:45:00,2023-07-06,10,0.3214394653031981,-0.9469301294950933,187,-0.0657817587597446,-0.9978340344037552,0.13,0.94,0.857,0.803,0.967,
2023-07-06 11:00:00,2023-07-06,11,0.2588190451025148,-0.96592582628907,187,-0.0659605651657042,-0.9978222305816908,0.131,0.948,0.87,0.815,0.977,
2023-07-06 11:15:00,2023-07-06,11,0.1950903220160783,-0.9807852804032404,187,-0.0661393694535997,-0.9978103947184958,0.129,0.949,0.886,0.822,0.981,
2023-07-06 11:30:00,2023-07-06,11,0.1305261922199567,-0.9914448613738228,187,-0.0663181716176903,-0.9977985268145502,0.133,0.951,0.91,0.827,0.98,
2023-07-06 11:45:00,2023-07-06,11,0.0654031292302297,-0.9978589232385978,187,-0.0664969716522335,-0.9977866268702352,0.132,0.95,0.929,0.829,0.979,
2023-07-06 12:00:00,2023-07-06,12,4.212661192939577e-14,-1.0,187,-0.0666757695514885,-0.9977746948859332,0.135,0.946,0.931,0.823,0.971,
2023-07-06 12:15:00,2023-07-06,12,-0.0654031292301457,-0.9978589232386034,187,-0.0668545653097142,-0.9977627308620268,0.143,0.947,0.924,0.818,0.964,
2023-07-06 12:30:00,2023-07-06,12,-0.1305261922198732,-0.991444861373834,187,-0.067033358921168,-0.9977507347989004,0.143,0.929,0.914,0.813,0.955,
2023-07-06 12:45:00,2023-07-06,12,-0.1950903220159957,-0.9807852804032569,187,-0.0672121503801104,-0.9977387066969394,0.172,0.858,0.841,0.751,0.875,
2023-07-06 13:00:00,2023-07-06,13,-0.2588190451024335,-0.9659258262890916,187,-0.0673909396807989,-0.99772664655653,0.234,0.923,0.89,0.797,0.935,
2023-07-06 13:15:00,2023-07-06,13,-0.3214394653031184,-0.9469301294951205,187,-0.0675697268174928,-0.9977145543780592,0.318,0.831,0.825,0.746,0.863,
2023-07-06 13:30:00,2023-07-06,13,-0.382683432365089,-0.9238795325112872,187,-0.0677485117844516,-0.9977024301619156,0.14,0.862,0.821,0.737,0.864,
2023-07-06 13:45:00,2023-07-06,13,-0.4422886902190406,-0.8968727415326688,187,-0.0679272945759333,-0.9976902739084884,0.122,0.822,0.763,0.686,0.808,
2023-07-06 14:00:00,2023-07-06,14,-0.5000000000000768,-0.8660254037843943,187,-0.0681060751861979,-0.9976780856181676,0.124,0.79,0.72,0.65,0.766,
2023-07-06 14:15:00,2023-07-06,14,-0.5555702330195241,-0.8314696123025974,187,-0.0682848536095034,-0.9976658652913452,0.118,0.757,0.679,0.614,0.726,
2023-07-06 14:30:00,2023-07-06,14,-0.6087614290086817,-0.793353340291265,187,-0.0684636298401106,-0.9976536129284131,0.12,0.721,0.631,0.572,0.679,
2023-07-06 14:45:00,2023-07-06,14,-0.6593458151000656,-0.7518398074789803,187,-0.0686424038722775,-0.9976413285297652,0.119,0.683,0.582,0.528,0.633,
2023-07-06 15:00:00,2023-07-06,15,-0.7071067811864153,-0.7071067811866797,187,-0.0688211757002641,-0.9976290120957958,0.116,0.644,0.531,0.482,0.584,
2023-07-06 15:15:00,2023-07-06,15,-0.7518398074788837,-0.6593458151001758,187,-0.0689999453183301,-0.9976166636269,0.114,0.603,0.48,0.434,0.534,
2023-07-06 15:30:00,2023-07-06,15,-0.7933533402911759,-0.6087614290087979,187,-0.0691787127207342,-0.9976042831234748,0.111,0.56,0.426,0.385,0.481,
2023-07-06 15:45:00,2023-07-06,15,-0.831469612302516,-0.5555702330196459,187,-0.0693574779017369,-0.9975918705859176,0.111,0.512,0.368,0.333,0.423,
2023-07-06 16:00:00,2023-07-06,16,-0.8660254037844347,-0.5000000000000068,187,-0.0695362408555965,-0.9975794260146268,0.113,0.428,0.29,0.262,0.339,
2023-07-06 16:15:00,2023-07-06,16,-0.8968727415327047,-0.4422886902189681,187,-0.0697150015765745,-0.9975669494100023,0.151,0.407,0.246,0.217,0.296,
2023-07-06 16:30:00,2023-07-06,16,-0.923879532511318,-0.3826834323650143,187,-0.0698937600589294,-0.9975544407724448,0.0949,0.376,0.213,0.189,0.265,
2023-07-06 16:45:00,2023-07-06,16,-0.9469301294950732,-0.3214394653032571,187,-0.0700725162969215,-0.9975419001023554,0.0872,0.326,0.164,0.145,0.212,
2023-07-06 17:00:00,2023-07-06,17,-0.9659258262890538,-0.2588190451025749,187,-0.0702512702848112,-0.9975293274001372,0.0912999999999999,0.224,0.11,0.0949,0.139,
2023-07-06 17:15:00,2023-07-06,17,-0.9807852804032282,-0.1950903220161393,187,-0.0704300220168577,-0.9975167226661942,0.0992,0.194,0.08,0.0684,0.108,
2023-07-06 17:30:00,2023-07-06,17,-0.9914448613737852,-0.1305261922202438,187,-0.0706087714873214,-0.9975040859009306,0.0783,0.194,0.0709,0.0621,0.0852,
2023-07-06 17:45:00,2023-07-06,17,-0.9978589232385936,-0.0654031292302918,187,-0.0707875186904625,-0.9974914171047524,0.057,0.141,0.0538999999999999,0.0495,0.0567999999999999,
2023-07-06 18:00:00,2023-07-06,18,-1.0,-1.043603336483619e-13,187,-0.0709662636205417,-0.9974787162780666,0.0431,0.0937,0.04,0.0385,0.0424,
2023-07-06 18:15:00,2023-07-06,18,-0.9978589232386074,0.0654031292300836,187,-0.0711450062718185,-0.9974659834212808,0.0315,0.0319,0.0271,0.0266999999999999,0.0273999999999999,
2023-07-06 18:30:00,2023-07-06,18,-0.9914448613738124,0.1305261922200369,187,-0.0713237466385536,-0.997453218534804,0.0132,0.0136,0.0135,0.013,0.0126,
2023-07-06 18:45:00,2023-07-06,18,-0.9807852804032248,0.1950903220161576,187,-0.071502484715008,-0.997440421619046,0.003,0.00331,0.00437,0.00383,0.00292,
2023-07-06 19:00:00,2023-07-06,19,-0.965925826289049,0.2588190451025929,187,-0.0716812204954413,-0.9974275926744176,-0.00106,-0.000819,0.000369,0.000241,-0.000831,
2023-07-06 19:15:00,2023-07-06,19,-0.9469301294951404,0.3214394653030594,187,-0.0718599539741146,-0.997414731701331,-0.00293,-0.0026,-0.00133,-0.00147,-0.00257,
2023-07-06 19:30:00,2023-07-06,19,-0.9238795325113108,0.3826834323650315,187,-0.0720386851452885,-0.997401838700199,-0.00342,-0.00308,-0.00163,-0.0015,-0.00264,
2023-07-06 19:45:00,2023-07-06,19,-0.8968727415326964,0.4422886902189848,187,-0.0722174140032242,-0.997388913671436,-0.00346,-0.00312,-0.00155,-0.00161,-0.00257,
2023-07-06 20:00:00,2023-07-06,20,-0.8660254037844254,0.500000000000023,187,-0.0723961405421817,-0.9973759566154564,-0.00315,-0.00283,-0.0012,-0.0013,-0.00241,
2023-07-06 20:15:00,2023-07-06,20,-0.8314696123026319,0.5555702330194724,187,-0.0725748647564223,-0.9973629675326766,-0.0028799999999999,-0.00249,-0.00111,-0.000998,-0.00221,
2023-07-06 20:30:00,2023-07-06,20,-0.793353340291303,0.6087614290086323,187,-0.0727535866402074,-0.9973499464235138,-0.00263,-0.00202,-0.000724,-0.000768,-0.00198,
2023-07-06 20:45:00,2023-07-06,20,-0.7518398074790212,0.6593458151000188,187,-0.0729323061877973,-0.997336893288386,-0.00268,-0.00215,-0.000751,-0.000745,-0.00206,
2023-07-06 21:00:00,2023-07-06,21,-0.7071067811865629,0.7071067811865321,187,-0.0731110233934534,-0.9973238081277124,-0.0022,-0.00153,-0.000321,-0.000176,-0.00164,
2023-07-06 21:15:00,2023-07-06,21,-0.6593458151000516,0.7518398074789926,187,-0.0732897382514369,-0.9973106909419128,-0.00246,-0.00198,-0.000776,-0.000761,-0.00196,
2023-07-06 21:30:00,2023-07-06,21,-0.6087614290086669,0.7933533402912765,187,-0.0734684507560097,-0.9972975417314092,-0.00246,-0.0019299999999999,-0.000614,-0.000573,-0.00176,
2023-07-06 21:45:00,2023-07-06,21,-0.5555702330196977,0.8314696123024814,187,-0.0736471609014321,-0.9972843604966232,-0.00182,-0.00146,-0.000307,0.000191,-0.00072,
2023-07-06 22:00:00,2023-07-06,22,-0.5000000000000606,0.8660254037844036,187,-0.073825868681966,-0.9972711472379782,-0.00325,-0.00287,-0.000641,-0.000378,-0.00147,
2023-07-06 22:15:00,2023-07-06,22,-0.4422886902190239,0.8968727415326772,187,-0.0740045740918734,-0.9972579019558984,-0.0019299999999999,-0.00166,-0.000576,-0.000707,-9.85e-05,
2023-07-06 22:30:00,2023-07-06,22,-0.3826834323650717,0.9238795325112942,187,-0.0741832771254149,-0.9972446246508094,-0.00326,-0.00295,-0.00121,-0.00159,-0.0016,
2023-07-06 22:45:00,2023-07-06,22,-0.321439465303316,0.9469301294950532,187,-0.0743619777768527,-0.9972313153231376,-0.0028599999999999,-0.00227,-0.00163,-0.00145,-0.00268,
2023-07-06 23:00:00,2023-07-06,23,-0.258819045102635,0.9659258262890376,187,-0.0745406760404485,-0.99721797397331,-0.00158,-0.00103,-0.00107,-0.000505,-0.00159,
2023-07-06 23:15:00,2023-07-06,23,-0.1950903220162004,0.980785280403216,187,-0.0747193719104646,-0.997204600601755,-0.00196,-0.00128,-0.00092,-0.000688,-0.00221,
2023-07-06 23:30:00,2023-07-06,23,-0.1305261922200801,0.9914448613738066,187,-0.0748980653811619,-0.9971911952089024,-0.00275,-0.00207,-0.000879,-0.000852,-0.0023599999999999,
2023-07-06 23:45:00,2023-07-06,23,-0.0654031292301271,0.9978589232386046,187,-0.0750767564468028,-0.9971777577951824,-0.00254,-0.00154,-0.000631,-0.000367,-0.0022,
2023-07-07 00:00:00,2023-07-07,0,6.077962007590402e-14,1.0,188,-0.0752554451016499,-0.9971642883610266,-0.00242,-0.00145,-0.000448,-0.00039,-0.00199,
2023-07-07 00:15:00,2023-07-07,0,0.0654031292302484,0.9978589232385966,188,-0.0754341313399643,-0.9971507869068674,-0.00261,-0.00171,-0.00039,-0.000336,-0.00178,
2023-07-07 00:30:00,2023-07-07,0,0.1305261922199752,0.9914448613738204,188,-0.0756128151560088,-0.9971372534331384,-0.0019299999999999,-0.00136,-0.000434,-0.000348,-0.00178,
2023-07-07 00:45:00,2023-07-07,0,0.1950903220160966,0.9807852804032368,188,-0.0757914965440455,-0.9971236879402744,-0.00195,-0.00111,0.000248,0.000268,-0.000797,
2023-07-07 01:00:00,2023-07-07,1,0.2588190451025328,0.9659258262890652,188,-0.0759701754983373,-0.9971100904287108,-0.00227,-0.00154,-0.000172,9.94e-05,-0.0016699999999999,
2023-07-07 01:15:00,2023-07-07,1,0.3214394653030005,0.9469301294951604,188,-0.0761488520131457,-0.9970964608988842,-0.00272,-0.00215,-0.000817,-0.000547,-0.00177,
2023-07-07 01:30:00,2023-07-07,1,0.382683432364974,0.9238795325113348,188,-0.0763275260827337,-0.9970827993512322,-0.00151,-0.0012,-0.000417,-0.000149,-0.00129,
2023-07-07 01:45:00,2023-07-07,1,0.4422886902189291,0.8968727415327239,188,-0.0765061977013643,-0.9970691057861936,-0.00232,-0.00199,-0.000731,-0.000505,-0.00157,
2023-07-07 02:00:00,2023-07-07,2,0.499999999999969,0.8660254037844565,188,-0.0766848668632988,-0.997055380204208,-0.00269,-0.00226,-0.00104,-0.000925,-0.00211,
2023-07-07 02:15:00,2023-07-07,2,0.5555702330196097,0.8314696123025402,188,-0.0768635335628018,-0.9970416226057164,-0.00215,-0.00157,-0.000655,-0.000596,-0.00183,
2023-07-07 02:30:00,2023-07-07,2,0.6087614290087633,0.7933533402912024,188,-0.0770421977941347,-0.9970278329911604,-0.00257,-0.002,-0.000838,-0.000852,-0.0021,
2023-07-07 02:45:00,2023-07-07,2,0.659345815100143,0.7518398074789124,188,-0.0772208595515613,-0.9970140113609828,-0.00235,-0.0017,-0.000638,-0.000547,-0.0019399999999999,
2023-07-07 03:00:00,2023-07-07,3,0.7071067811864881,0.707106781186607,188,-0.0773995188293437,-0.9970001577156274,-0.00191,-0.00122,2.4100000000000003e-05,-8.03e-05,-0.00112,
2023-07-07 03:15:00,2023-07-07,3,0.7518398074789515,0.6593458151000984,188,-0.0775781756217455,-0.9969862720555392,-0.00147,-0.000865,0.000186,0.000856,-0.000458,
2023-07-07 03:30:00,2023-07-07,3,0.7933533402912385,0.6087614290087162,188,-0.0777568299230302,-0.9969723543811638,-0.00237,-0.00155,3.1e-05,0.000122,-0.00134,
2023-07-07 03:45:00,2023-07-07,3,0.8314696123024469,0.5555702330197495,188,-0.0779354817274597,-0.9969584046929484,-0.0012,-0.000613,0.000841,0.000799,-0.000587,
2023-07-07 04:00:00,2023-07-07,4,0.8660254037843725,0.5000000000001146,188,-0.0781141310292991,-0.9969444229913408,0.00316,0.00346,0.00445,0.00425,0.00306,
2023-07-07 04:15:00,2023-07-07,4,0.8968727415326496,0.4422886902190798,188,-0.0782927778228104,-0.99693040927679,0.0129,0.0130999999999999,0.0124,0.0118,0.0115,
2023-07-07 04:30:00,2023-07-07,4,0.9238795325112704,0.3826834323651292,188,-0.0784714221022575,-0.996916363549746,0.0237,0.0237,0.0219,0.0206,0.021,
2023-07-07 04:45:00,2023-07-07,4,0.9469301294951064,0.3214394653031596,188,-0.0786500638619044,-0.9969022858106598,0.0345,0.0347,0.0311,0.0288,0.0301999999999999,
2023-07-07 05:00:00,2023-07-07,5,0.9659258262890804,0.2588190451024755,188,-0.0788287030960139,-0.9968881760599834,0.0458,0.0557,0.041,0.0382999999999999,0.0409,
2023-07-07 05:15:00,2023-07-07,5,0.9807852804032484,0.1950903220160384,188,-0.0790073397988506,-0.99687403429817,0.0525,0.152,0.0557,0.0516,0.0498,
2023-07-07 05:30:00,2023-07-07,5,0.9914448613737984,0.1305261922201418,188,-0.0791859739646768,-0.9968598605256735,0.0589,0.196,0.0705,0.0573,0.0557,
2023-07-07 05:45:00,2023-07-07,5,0.9978589232386004,0.0654031292301891,188,-0.0793646055877583,-0.9968456547429494,0.0644,0.242,0.108,0.063,0.13,
2023-07-07 06:00:00,2023-07-07,6,1.0,1.4541016430621149e-15,188,-0.0795432346623577,-0.9968314169504536,0.0712,0.293,0.152,0.0692,0.18,
2023-07-07 06:15:00,2023-07-07,6,0.9978589232386156,-0.0654031292299594,188,-0.0797218611827394,-0.9968171471486432,0.077,0.34,0.2,0.0917999999999999,0.231,
2023-07-07 06:30:00,2023-07-07,6,0.9914448613738286,-0.1305261922199135,188,-0.079900485143168,-0.9968028453379768,0.0819,0.388,0.252,0.139,0.285,
2023-07-07 06:45:00,2023-07-07,6,0.9807852804032487,-0.1950903220160355,188,-0.0800791065379068,-0.9967885115189132,0.0889,0.438,0.31,0.189,0.342,
2023-07-07 07:00:00,2023-07-07,7,0.9659258262890812,-0.2588190451024727,188,-0.0802577253612209,-0.9967741456919128,0.0985,0.49,0.376,0.25,0.409,
2023-07-07 07:15:00,2023-07-07,7,0.9469301294951072,-0.3214394653031569,188,-0.0804363416073735,-0.9967597478574372,0.125,0.503,0.402,0.283,0.438,
2023-07-07 07:30:00,2023-07-07,7,0.9238795325112716,-0.3826834323651266,188,-0.0806149552706307,-0.9967453180159483,0.145,0.559,0.472,0.351,0.507,
2023-07-07 07:45:00,2023-07-07,7,0.8968727415326508,-0.4422886902190772,188,-0.0807935663452556,-0.99673085616791,0.156,0.624,0.545,0.414,0.578,
2023-07-07 08:00:00,2023-07-07,8,0.8660254037844877,-0.4999999999999151,188,-0.0809721748255135,-0.996716362313786,0.212,0.547,0.48,0.373,0.514,
2023-07-07 08:15:00,2023-07-07,8,0.8314696123025748,-0.555570233019558,188,-0.0811507807056693,-0.9967018364540422,0.25,0.696,0.613,0.484,0.648,
2023-07-07 08:30:00,2023-07-07,8,0.7933533402912403,-0.608761429008714,188,-0.081329383979987,-0.996687278589145,0.189,0.707,0.641,0.51,0.672,
2023-07-07 08:45:00,2023-07-07,8,0.7518398074791034,-0.6593458150999253,188,-0.0815079846427319,-0.9966726887195616,0.209,0.771,0.69,0.553,0.723,
2023-07-07 09:00:00,2023-07-07,9,0.7071067811866509,-0.7071067811864441,188,-0.081686582688169,-0.9966580668457607,0.164,0.824,0.766,0.623,0.799,
2023-07-07 09:15:00,2023-07-07,9,0.6593458151001451,-0.7518398074789104,188,-0.0818651781105636,-0.996643412968212,0.185,0.808,0.774,0.642,0.802,
2023-07-07 09:30:00,2023-07-07,9,0.6087614290087656,-0.7933533402912006,188,-0.0820437709041801,-0.9966287270873856,0.154,0.86,0.836,0.698,0.867,
2023-07-07 09:45:00,2023-07-07,9,0.5555702330196122,-0.8314696123025386,188,-0.082222361063284,-0.9966140092037532,0.241,0.862,0.845,0.718,0.88,
2023-07-07 10:00:00,2023-07-07,10,0.4999999999999716,-0.866025403784455,188,-0.0824009485821411,-0.9965992593177878,0.183,0.905,0.892,0.78,0.94,
2023-07-07 10:15:00,2023-07-07,10,0.4422886902189317,-0.8968727415327227,188,-0.0825795334550159,-0.9965844774299628,0.164,0.923,0.876,0.793,0.956,
2023-07-07 10:30:00,2023-07-07,10,0.3826834323651867,-0.9238795325112464,188,-0.0827581156761742,-0.9965696635407526,0.286,0.934,0.903,0.841,0.998,
2023-07-07 10:45:00,2023-07-07,10,0.3214394653032186,-0.9469301294950864,188,-0.0829366952398817,-0.9965548176506333,0.298,0.968,0.917,0.858,1.02,
2023-07-07 11:00:00,2023-07-07,11,0.2588190451025356,-0.9659258262890644,188,-0.0831152721404043,-0.9965399397600814,0.17,0.965,0.902,0.85,1.01,
2023-07-07 11:15:00,2023-07-07,11,0.1950903220160994,-0.9807852804032362,188,-0.0832938463720069,-0.9965250298695746,0.222,0.939,0.906,0.848,0.993,
2023-07-07 11:30:00,2023-07-07,11,0.1305261922202035,-0.9914448613737904,188,-0.0834724179289557,-0.9965100879795916,0.377,0.437,0.429,0.386,0.443,
2023-07-07 11:45:00,2023-07-07,11,0.0654031292302513,-0.9978589232385964,188,-0.083650986805517,-0.9964951140906126,0.419,0.584,0.556,0.495,0.58,
2023-07-07 12:00:00,2023-07-07,12,6.368782336202826e-14,-1.0,188,-0.083829552995956,-0.9964801082031184,0.204,0.941,0.947,0.847,0.984,
2023-07-07 12:15:00,2023-07-07,12,-0.0654031292301242,-0.9978589232386048,188,-0.0840081164945391,-0.99646507031759,0.248,0.98,0.982,0.879,1.02,
2023-07-07 12:30:00,2023-07-07,12,-0.1305261922200772,-0.991444861373807,188,-0.0841866772955324,-0.9964500004345116,0.37,0.789,0.789,0.709,0.819,
2023-07-07 12:45:00,2023-07-07,12,-0.1950903220161975,-0.9807852804032168,188,-0.0843652353932026,-0.996434898554366,0.352,0.824,0.833,0.75,0.864,
2023-07-07 13:00:00,2023-07-07,13,-0.2588190451024126,-0.9659258262890972,188,-0.0845437907818147,-0.9964197646776386,0.41,0.697,0.674,0.608,0.705,
2023-07-07 13:15:00,2023-07-07,13,-0.3214394653030979,-0.9469301294951272,188,-0.0847223434556369,-0.9964045988048154,0.434,0.703,0.663,0.595,0.695,
2023-07-07 13:30:00,2023-07-07,13,-0.3826834323650691,-0.9238795325112952,188,-0.0849008934089347,-0.9963894009363832,0.337,0.564,0.525,0.471,0.552,
2023-07-07 13:45:00,2023-07-07,13,-0.4422886902190213,-0.8968727415326784,188,-0.0850794406359743,-0.9963741710728304,0.359,0.443,0.416,0.376,0.434,
2023-07-07 14:00:00,2023-07-07,14,-0.4999999999998612,-0.8660254037845188,188,-0.0852579851310228,-0.9963589092146456,0.363,0.389,0.339,0.301,0.356,
2023-07-07 14:15:00,2023-07-07,14,-0.5555702330195063,-0.8314696123026094,188,-0.085436526888347,-0.9963436153623192,0.375,0.586,0.521,0.467,0.553,
2023-07-07 14:30:00,2023-07-07,14,-0.6087614290086646,-0.7933533402912782,188,-0.085615065902214,-0.996328289516342,0.192,0.191,0.182,0.164,0.187,
2023-07-07 14:45:00,2023-07-07,14,-0.6593458151000494,-0.7518398074789945,188,-0.0857936021668896,-0.9963129316772062,0.348,0.657,0.539,0.482,0.588,
2023-07-07 15:00:00,2023-07-07,15,-0.7071067811865609,-0.7071067811865341,188,-0.0859721356766424,-0.9962975418454052,0.277,0.396,0.343,0.308,0.368,
2023-07-07 15:15:00,2023-07-07,15,-0.7518398074790194,-0.659345815100021,188,-0.0861506664257388,-0.996282120021433,0.276,0.36,0.31,0.28,0.333,
2023-07-07 15:30:00,2023-07-07,15,-0.7933533402911628,-0.608761429008815,188,-0.086329194408445,-0.996266666205785,0.252,0.306,0.26,0.232,0.279,
2023-07-07 15:45:00,2023-07-07,15,-0.831469612302504,-0.5555702330196639,188,-0.08650771961903,-0.9962511803989572,0.0866,0.0858,0.0768,0.0655,0.0782,
2023-07-07 16:00:00,2023-07-07,16,-0.8660254037844239,-0.5000000000000254,188,-0.0866862420517599,-0.9962356626014468,0.0397,0.0394,0.0373,0.0343,0.0361,
2023-07-07 16:15:00,2023-07-07,16,-0.8968727415326951,-0.4422886902189875,188,-0.0868647617009031,-0.9962201128137522,0.138,0.137,0.0886,0.0737999999999999,0.0991,
2023-07-07 16:30:00,2023-07-07,16,-0.9238795325112228,-0.3826834323652442,188,-0.0870432785607257,-0.9962045310363732,0.147,0.145,0.108,0.0922,0.118,
2023-07-07 16:45:00,2023-07-07,16,-0.9469301294950664,-0.3214394653032775,188,-0.0872217926254971,-0.9961889172698092,0.0345,0.0343,0.0364,0.0342,0.0351,
2023-07-07 17:00:00,2023-07-07,17,-0.9659258262890482,-0.2588190451025958,188,-0.0874003038894843,-0.9961732715145624,0.0586,0.0582,0.0574,0.0557999999999999,0.0569,
2023-07-07 17:15:00,2023-07-07,17,-0.980785280403224,-0.1950903220161605,188,-0.0875788123469541,-0.9961575937711348,0.153,0.259,0.128,0.112,0.163,
2023-07-07 17:30:00,2023-07-07,17,-0.991444861373812,-0.1305261922200398,188,-0.0877573179921761,-0.9961418840400298,0.098,0.0974,0.0768,0.071,0.0785,
2023-07-07 17:45:00,2023-07-07,17,-0.9978589232386073,-0.0654031292300865,188,-0.0879358208194172,-0.996126142321752,0.0867,0.13,0.0663,0.0607,0.0714,
2023-07-07 18:00:00,2023-07-07,18,-1.0,1.0145213036223769e-13,188,-0.0881143208229461,-0.9961103686168068,0.0780999999999999,0.103,0.0658,0.0624,0.0687,
2023-07-07 18:15:00,2023-07-07,18,-0.9978589232386088,0.0654031292300621,188,-0.0882928179970299,-0.996094562925701,0.0456,0.0457,0.0335,0.0321,0.0343,
2023-07-07 18:30:00,2023-07-07,18,-0.9914448613738152,0.1305261922200155,188,-0.0884713123359384,-0.9960787252489418,0.0253,0.0255,0.0195,0.0184,0.0191,
2023-07-07 18:45:00,2023-07-07,18,-0.9807852804032288,0.1950903220161365,188,-0.0886498038339393,-0.9960628555870378,0.00911,0.00922,0.00758,0.00675,0.00639,
2023-07-07 19:00:00,2023-07-07,19,-0.9659258262891134,0.2588190451023525,188,-0.0888282924853,-0.9960469539404988,-0.00145,-0.00112,0.000545,6.879999999999999e-05,-0.000656,
2023-07-07 19:15:00,2023-07-07,19,-0.9469301294951472,0.321439465303039,188,-0.0890067782842909,-0.996031020309835,-0.00225,-0.0019299999999999,-0.000848,-0.00101,-0.0020499999999999,
2023-07-07 19:30:00,2023-07-07,19,-0.9238795325113192,0.3826834323650115,188,-0.0891852612251792,-0.9960150546955586,-0.00285,-0.00245,-0.000993,-0.00112,-0.00206,
2023-07-07 19:45:00,2023-07-07,19,-0.8968727415327059,0.4422886902189655,188,-0.0893637413022342,-0.9959990570981818,-0.00209,-0.00159,-0.000448,-4.97e-05,-0.000814,
2023-07-07 20:00:00,2023-07-07,20,-0.8660254037844362,0.5000000000000042,188,-0.0895422185097246,-0.9959830275182188,-0.00347,-0.00298,-0.00137,-0.0013,-0.00248,
2023-07-07 20:15:00,2023-07-07,20,-0.8314696123025176,0.5555702330196436,188,-0.0897206928419199,-0.9959669659561836,-0.00328,-0.00259,-0.00114,-0.00128,-0.00245,
2023-07-07 20:30:00,2023-07-07,20,-0.7933533402911777,0.6087614290087956,188,-0.0898991642930884,-0.9959508724125926,-0.00262,-0.00202,-0.000541,-0.000547,-0.00166,
2023-07-07 20:45:00,2023-07-07,20,-0.7518398074790354,0.6593458151000026,188,-0.0900776328574986,-0.9959347468879624,-0.00248,-0.00187,-0.000662,-0.000325,-0.00178,
2023-07-07 21:00:00,2023-07-07,21,-0.7071067811865782,0.7071067811865168,188,-0.0902560985294213,-0.9959185893828106,-0.0025,-0.00195,-0.00091,-0.000413,-0.0021,
2023-07-07 21:15:00,2023-07-07,21,-0.6593458151000678,0.7518398074789784,188,-0.0904345613031244,-0.9959023998976564,-0.00242,-0.00174,-0.000576,-0.000596,-0.00197,
2023-07-07 21:30:00,2023-07-07,21,-0.6087614290088643,0.7933533402911249,188,-0.0906130211728778,-0.9958861784330192,-0.000554,0.000457,0.00105,0.00121,0.000758,
2023-07-07 21:45:00,2023-07-07,21,-0.5555702330197156,0.8314696123024694,188,-0.090791478132951,-0.9958699249894204,-0.00164,-0.00107,-0.000376,1.15e-05,-0.000913,
2023-07-07 22:00:00,2023-07-07,22,-0.5000000000000794,0.8660254037843929,188,-0.0909699321776139,-0.9958536395673816,-0.0011899999999999,-0.000908,-0.000417,-0.000226,-0.000844,
2023-07-07 22:15:00,2023-07-07,22,-0.4422886902190432,0.8968727415326676,188,-0.0911483833011358,-0.9958373221674256,-0.00121,-0.000979,-0.000676,-0.000776,-0.000716,
2023-07-07 22:30:00,2023-07-07,22,-0.3826834323650916,0.923879532511286,188,-0.0913268314977855,-0.9958209727900768,-0.00578,-0.00494,-0.00319,-0.00306,-0.0056799999999999,
2023-07-07 22:45:00,2023-07-07,22,-0.3214394653031211,0.9469301294951192,188,-0.0915052767618346,-0.99580459143586,-0.00174,-0.00147,0.000134,0.000233,-0.000381,
2023-07-07 23:00:00,2023-07-07,23,-0.2588190451024362,0.965925826289091,188,-0.0916837190875517,-0.9957881781053012,-0.000145,0.000791,0.00147,0.00146,0.0003,
2023-07-07 23:15:00,2023-07-07,23,-0.1950903220162215,0.980785280403212,188,-0.0918621584692074,-0.9957717327989272,-0.00102,-8.51e-05,0.000417,0.000489,8.14e-05,
2023-07-07 23:30:00,2023-07-07,23,-0.1305261922201015,0.9914448613738038,188,-0.0920405949010716,-0.9957552555172664,-0.00182,-0.00158,-0.000479,-0.000344,-0.00164,
2023-07-07 23:45:00,2023-07-07,23,-0.0654031292301486,0.9978589232386031,188,-0.0922190283774152,-0.995738746260848,-0.0014299999999999,-0.000823,-0.000186,-2.68e-05,-0.000668,
2023-07-08 00:00:00,2023-07-08,0,-1.8815526679996053e-13,1.0,189,-0.0923974588925074,-0.995722205030202,-0.00112,-0.00126,-0.000479,-0.00078,-0.00219,
2023-07-08 00:15:00,2023-07-08,0,0.06540312923,0.9978589232386128,189,-0.0925758864406193,-0.9957056318258592,-0.00234,-0.00165,-0.000617,-0.000791,-0.000356,
2023-07-08 00:30:00,2023-07-08,0,0.1305261922199538,0.9914448613738231,189,-0.0927543110160216,-0.9956890266483522,-0.0014299999999999,-0.00117,-0.00113,-0.00083,-0.00232,
2023-07-08 00:45:00,2023-07-08,0,0.1950903220160754,0.980785280403241,189,-0.0929327326129841,-0.9956723894982142,-0.0011,-0.000667,-0.00177,-0.00117,-0.00276,
2023-07-08 01:00:00,2023-07-08,1,0.258819045102512,0.9659258262890706,189,-0.093111151225778,-0.9956557203759792,-0.000459,-0.000301,-0.000683,-0.000547,-0.00139,
2023-07-08 01:15:00,2023-07-08,1,0.3214394653031954,0.946930129495094,189,-0.093289566848674,-0.9956390192821828,-0.00416,-0.00383,-0.00145,-0.00208,-0.00267,
2023-07-08 01:30:00,2023-07-08,1,0.3826834323651641,0.923879532511256,189,-0.0934679794759435,-0.9956222862173608,-0.0045,-0.00397,-0.00152,-0.00198,-0.00239,
2023-07-08 01:45:00,2023-07-08,1,0.4422886902189097,0.8968727415327334,189,-0.0936463891018566,-0.9956055211820511,-0.000558,0.000784,0.000327,0.00106,-0.00054,
2023-07-08 02:00:00,2023-07-08,2,0.4999999999999504,0.8660254037844674,189,-0.0938247957206847,-0.9955887241767916,-0.00204,-0.00084,2.76e-05,0.000329,-0.00093,
2023-07-08 02:15:00,2023-07-08,2,0.5555702330195919,0.8314696123025522,189,-0.0940031993266996,-0.995571895202122,-0.00256,-0.0017,-0.000827,-0.000474,-0.00186,
2023-07-08 02:30:00,2023-07-08,2,0.6087614290085658,0.793353340291354,189,-0.0941815999141711,-0.9955550342585824,-0.00328,-0.00267,-0.00159,-0.00124,-0.0033599999999999,
2023-07-08 02:45:00,2023-07-08,2,0.6593458150999558,0.7518398074790765,189,-0.0943599974773724,-0.995538141346714,-0.00465,-0.00417,-0.00259,-0.00266,-0.00431,
2023-07-08 03:00:00,2023-07-08,3,0.7071067811864729,0.7071067811866222,189,-0.0945383920105736,-0.99552121646706,-0.0028,-0.0025099999999999,-0.0014399999999999,-0.0014299999999999,-0.00269,
2023-07-08 03:15:00,2023-07-08,3,0.7518398074789373,0.6593458151001146,189,-0.0947167835080471,-0.9955042596201634,-0.00161,-0.00101,-0.000234,0.000229,-0.000446,
2023-07-08 03:30:00,2023-07-08,3,0.7933533402912254,0.6087614290087333,189,-0.0948951719640638,-0.9954872708065688,-0.00195,-0.0014199999999999,-0.000617,-0.000199,-0.00113,
2023-07-08 03:45:00,2023-07-08,3,0.8314696123025612,0.5555702330195783,189,-0.0950735573728959,-0.9954702500268215,-0.00104,-0.000752,0.000193,0.000516,-0.000497,
2023-07-08 04:00:00,2023-07-08,4,0.8660254037844755,0.4999999999999363,189,-0.0952519397288156,-0.9954531972814684,0.0029,0.00317,0.00333,0.00314,0.00269,
2023-07-08 04:15:00,2023-07-08,4,0.8968727415326401,0.4422886902190991,189,-0.0954303190260935,-0.995436112571057,0.0146,0.0146,0.0113,0.00975,0.0108,
2023-07-08 04:30:00,2023-07-08,4,0.9238795325112622,0.3826834323651492,189,-0.0956086952590035,-0.9954189958961356,0.0265,0.0264,0.0213,0.0189,0.0213,
2023-07-08 04:45:00,2023-07-08,4,0.9469301294950994,0.32143946530318,189,-0.0957870684218165,-0.9954018472572544,0.0471,0.0467999999999999,0.0372,0.0325,0.0382999999999999,
2023-07-08 05:00:00,2023-07-08,5,0.9659258262890748,0.2588190451024963,189,-0.0959654385088055,-0.9953846666549634,0.085,0.0843,0.0639,0.0541,0.0677,
2023-07-08 05:15:00,2023-07-08,5,0.9807852804031998,0.1950903220162826,189,-0.096143805514242,-0.9953674540898148,0.0783,0.0789,0.0546,0.0467999999999999,0.0581,
2023-07-08 05:30:00,2023-07-08,5,0.9914448613737956,0.1305261922201632,189,-0.0963221694323989,-0.9953502095623612,0.0785,0.079,0.0629,0.0552,0.0652,
2023-07-08 05:45:00,2023-07-08,5,0.997858923238599,0.0654031292302107,189,-0.0965005302575491,-0.995332933073156,0.136,0.152,0.106,0.0853,0.113,
2023-07-08 06:00:00,2023-07-08,6,1.0,2.3015313075694594e-14,189,-0.0966788879839641,-0.9953156246227546,0.16,0.193,0.139,0.104,0.151,
2023-07-08 06:15:00,2023-07-08,6,0.997858923238602,-0.0654031292301647,189,-0.0968572426059183,-0.9952982842117122,0.195,0.25,0.179,0.128,0.196,
2023-07-08 06:30:00,2023-07-08,6,0.9914448613738016,-0.1305261922201175,189,-0.0970355941176832,-0.995280911840586,0.215,0.293,0.216,0.155,0.235,
2023-07-08 06:45:00,2023-07-08,6,0.9807852804032532,-0.1950903220160144,189,-0.0972139425135322,-0.9952635075099336,0.228,0.345,0.264,0.189,0.282,
2023-07-08 07:00:00,2023-07-08,7,0.9659258262890869,-0.2588190451024519,189,-0.0973922877877389,-0.995246071220314,0.248,0.389,0.312,0.227,0.329,
2023-07-08 07:15:00,2023-07-08,7,0.9469301294951142,-0.3214394653031365,189,-0.0975706299345754,-0.995228602972287,0.267,0.425,0.355,0.264,0.373,
2023-07-08 07:30:00,2023-07-08,7,0.9238795325112796,-0.3826834323651066,189,-0.0977489689483158,-0.9952111027664136,0.279,0.468,0.403,0.306,0.422,
2023-07-08 07:45:00,2023-07-08,7,0.896872741532761,-0.4422886902188539,189,-0.0979273048232323,-0.995193570603256,0.294,0.506,0.448,0.347,0.47,
2023-07-08 08:00:00,2023-07-08,8,0.8660254037844984,-0.4999999999998964,189,-0.0981056375536,-0.9951760064833766,0.309,0.545,0.492,0.389,0.516,
2023-07-08 08:15:00,2023-07-08,8,0.8314696123025868,-0.55557023301954,189,-0.0982839671336912,-0.99515841040734,0.315,0.588,0.54,0.435,0.564,
2023-07-08 08:30:00,2023-07-08,8,0.7933533402912534,-0.6087614290086968,189,-0.0984622935577799,-0.9951407823757108,0.325,0.629,0.583,0.474,0.607,
2023-07-08 08:45:00,2023-07-08,8,0.7518398074789676,-0.65934581510008,189,-0.0986406168201403,-0.9951231223890552,0.331,0.668,0.625,0.514,0.652,
2023-07-08 09:00:00,2023-07-08,9,0.7071067811865054,-0.7071067811865897,189,-0.0988189369150454,-0.9951054304479402,0.337,0.702,0.663,0.553,0.696,
2023-07-08 09:15:00,2023-07-08,9,0.6593458150999905,-0.7518398074790462,189,-0.09899725383677,-0.995087706552934,0.34,0.732,0.701,0.592,0.737,
2023-07-08 09:30:00,2023-07-08,9,0.6087614290087827,-0.7933533402911875,189,-0.0991755675795869,-0.995069950704606,0.353,0.75,0.729,0.62,0.764,
2023-07-08 09:45:00,2023-07-08,9,0.55557023301963,-0.8314696123025266,189,-0.099353878137772,-0.9950521629035256,0.366,0.778,0.758,0.65,0.797,
2023-07-08 10:00:00,2023-07-08,10,0.4999999999999902,-0.8660254037844443,189,-0.0995321855055982,-0.995034343150265,0.374,0.799,0.778,0.677,0.823,
2023-07-08 10:15:00,2023-07-08,10,0.4422886902191549,-0.8968727415326125,189,-0.0997104896773403,-0.9950164914453956,0.382,0.807,0.781,0.696,0.84,
2023-07-08 10:30:00,2023-07-08,10,0.3826834323652067,-0.9238795325112384,189,-0.0998887906472732,-0.9949986077894908,0.404,0.812,0.776,0.704,0.844,
2023-07-08 10:45:00,2023-07-08,10,0.321439465303239,-0.9469301294950794,189,-0.1000670884096706,-0.9949806921831252,0.418,0.821,0.78,0.714,0.851,
2023-07-08 11:00:00,2023-07-08,11,0.2588190451025565,-0.9659258262890588,189,-0.1002453829588077,-0.994962744626874,0.413,0.824,0.787,0.721,0.855,
2023-07-08 11:15:00,2023-07-08,11,0.1950903220161206,-0.980785280403232,189,-0.1004236742889591,-0.9949447651213132,0.404,0.838,0.804,0.734,0.867,
2023-07-08 11:30:00,2023-07-08,11,0.1305261922199994,-0.9914448613738172,189,-0.1006019623944002,-0.9949267536670204,0.393,0.848,0.822,0.744,0.877,
2023-07-08 11:45:00,2023-07-08,11,0.0654031292300459,-0.99785892323861,189,-0.1007802472694052,-0.9949087102645736,0.381,0.845,0.828,0.742,0.873,
2023-07-08 12:00:00,2023-07-08,12,8.524903479466072e-14,-1.0,189,-0.1009585289082495,-0.9948906349145528,0.375,0.846,0.834,0.746,0.875,
2023-07-08 12:15:00,2023-07-08,12,-0.0654031292301026,-0.997858923238606,189,-0.1011368073052087,-0.994872527617538,0.357,0.845,0.833,0.747,0.877,
2023-07-08 12:30:00,2023-07-08,12,-0.1305261922200558,-0.9914448613738098,189,-0.1013150824545573,-0.9948543883741108,0.341,0.839,0.824,0.739,0.87,
2023-07-08 12:45:00,2023-07-08,12,-0.1950903220159534,-0.9807852804032652,189,-0.1014933543505711,-0.9948362171848536,0.319,0.832,0.815,0.729,0.862,
2023-07-08 13:00:00,2023-07-08,13,-0.2588190451023918,-0.9659258262891028,189,-0.1016716229875256,-0.99481801405035,0.299,0.821,0.801,0.712,0.847,
2023-07-08 13:15:00,2023-07-08,13,-0.3214394653030775,-0.9469301294951342,189,-0.1018498883596969,-0.9947997789711844,0.284,0.807,0.783,0.692,0.827,
2023-07-08 13:30:00,2023-07-08,13,-0.3826834323650491,-0.9238795325113036,189,-0.1020281504613597,-0.9947815119479424,0.269,0.785,0.757,0.668,0.798,
2023-07-08 13:45:00,2023-07-08,13,-0.442288690219002,-0.8968727415326879,189,-0.1022064092867904,-0.9947632129812104,0.252,0.767,0.732,0.647,0.77,
2023-07-08 14:00:00,2023-07-08,14,-0.5000000000000395,-0.8660254037844158,189,-0.1023846648302653,-0.9947448820715764,0.241,0.744,0.698,0.622,0.735,
2023-07-08 14:15:00,2023-07-08,14,-0.5555702330196773,-0.831469612302495,189,-0.1025629170860595,-0.9947265192196284,0.232,0.714,0.657,0.592,0.695,
2023-07-08 14:30:00,2023-07-08,14,-0.6087614290086475,-0.7933533402912913,189,-0.1027411660484496,-0.9947081244259568,0.226,0.677,0.609,0.557,0.652,
2023-07-08 14:45:00,2023-07-08,14,-0.6593458151000332,-0.7518398074790087,189,-0.1029194117117119,-0.994689697691152,0.221,0.639,0.558,0.516,0.608,
2023-07-08 15:00:00,2023-07-08,15,-0.7071067811865457,-0.7071067811865495,189,-0.1030976540701231,-0.9946712390158052,0.219,0.597,0.508,0.47,0.56,
2023-07-08 15:15:00,2023-07-08,15,-0.7518398074788553,-0.6593458151002082,189,-0.1032758931179588,-0.99465274840051,0.219,0.551,0.457,0.421,0.507,
2023-07-08 15:30:00,2023-07-08,15,-0.7933533402911497,-0.6087614290088321,189,-0.103454128849496,-0.9946342258458594,0.215,0.507,0.406,0.372,0.452,
2023-07-08 15:45:00,2023-07-08,15,-0.8314696123024921,-0.5555702330196818,189,-0.1036323612590117,-0.9946156713524484,0.205,0.469,0.359,0.326,0.4,
2023-07-08 16:00:00,2023-07-08,16,-0.8660254037844132,-0.5000000000000441,189,-0.103810590340782,-0.9945970849208732,0.191,0.428,0.31,0.279,0.347,
2023-07-08 16:15:00,2023-07-08,16,-0.8968727415326856,-0.4422886902190068,189,-0.1039888160890841,-0.99457846655173,0.177,0.386,0.261,0.234,0.3,
2023-07-08 16:30:00,2023-07-08,16,-0.9238795325113016,-0.3826834323650541,189,-0.1041670384981949,-0.9945598162456172,0.164,0.341,0.214,0.191,0.253,
2023-07-08 16:45:00,2023-07-08,16,-0.9469301294951324,-0.3214394653030826,189,-0.1043452575623921,-0.9945411340031332,0.152,0.291,0.17,0.154,0.206,
2023-07-08 17:00:00,2023-07-08,17,-0.9659258262890426,-0.2588190451026166,189,-0.1045234732759518,-0.9945224198248782,0.14,0.244,0.13,0.118,0.162,
2023-07-08 17:15:00,2023-07-08,17,-0.98078528040322,-0.1950903220161816,189,-0.104701685633152,-0.9945036737114532,0.125,0.2,0.0995,0.0897,0.125,
2023-07-08 17:30:00,2023-07-08,17,-0.9914448613738092,-0.1305261922200611,189,-0.1048798946282704,-0.99448489566346,0.107,0.155,0.0802,0.074,0.0902999999999999,
2023-07-08 17:45:00,2023-07-08,17,-0.9978589232385908,-0.0654031292303349,189,-0.1050581002555832,-0.9944660856815016,0.0866,0.113,0.0631,0.059,0.0668,
2023-07-08 18:00:00,2023-07-08,18,-1.0,-1.4748275651362688e-13,189,-0.1052363025093698,-0.994447243766182,0.0640999999999999,0.0762999999999999,0.0462999999999999,0.0437,0.0479,
2023-07-08 18:15:00,2023-07-08,18,-0.9978589232386104,0.0654031292300405,189,-0.1054145013839066,-0.9944283699181063,0.0443,0.0444,0.0327999999999999,0.0308999999999999,0.0335,
2023-07-08 18:30:00,2023-07-08,18,-0.991444861373818,0.1305261922199941,189,-0.1055926968734724,-0.9944094641378808,0.026,0.0261999999999999,0.0198,0.0184,0.0196,
2023-07-08 18:45:00,2023-07-08,18,-0.980785280403233,0.1950903220161153,189,-0.1057708889723442,-0.994390526426112,0.0089,0.00921,0.00794,0.00717,0.00709,
2023-07-08 19:00:00,2023-07-08,19,-0.96592582628906,0.2588190451025513,189,-0.1059490776748006,-0.9943715567834084,9.1e-05,0.000344,0.00152,0.00108,0.00042,
2023-07-08 19:15:00,2023-07-08,19,-0.9469301294950812,0.3214394653032339,189,-0.1061272629751201,-0.9943525552103788,-0.00243,-0.00207,-0.0011799999999999,-0.00114,-0.00216,
2023-07-08 19:30:00,2023-07-08,19,-0.9238795325113274,0.3826834323649916,189,-0.1063054448675796,-0.994333521707634,-0.00267,-0.00227,-0.0014,-0.00123,-0.00235,
2023-07-08 19:45:00,2023-07-08,19,-0.8968727415327155,0.4422886902189462,189,-0.1064836233464595,-0.9943144562757849,-0.00295,-0.0025,-0.00112,-0.000917,-0.00219,
2023-07-08 20:00:00,2023-07-08,20,-0.8660254037844469,0.4999999999999855,189,-0.1066617984060367,-0.9942953589154432,-0.00325,-0.0028599999999999,-0.00138,-0.00123,-0.00258,
2023-07-08 20:15:00,2023-07-08,20,-0.8314696123025296,0.5555702330196256,189,-0.1068399700405909,-0.9942762296272226,-0.00332,-0.00289,-0.00091,-0.00101,-0.0019399999999999,
2023-07-08 20:30:00,2023-07-08,20,-0.7933533402913292,0.6087614290085981,189,-0.1070181382443999,-0.9942570684117376,-0.0031,-0.00261,-0.00102,-0.000937,-0.00212,
2023-07-08 20:45:00,2023-07-08,20,-0.7518398074790498,0.6593458150999864,189,-0.1071963030117429,-0.9942378752696028,-0.00341,-0.00285,-0.00104,-0.00113,-0.00232,
2023-07-08 21:00:00,2023-07-08,21,-0.7071067811865934,0.7071067811865016,189,-0.1073744643368993,-0.9942186502014352,-0.00285,-0.00228,-0.000986,-0.000994,-0.00232,
2023-07-08 21:15:00,2023-07-08,21,-0.659345815100084,0.7518398074789642,189,-0.1075526222141468,-0.994199393207852,-0.00308,-0.00244,-0.000903,-0.00102,-0.00229,
2023-07-08 21:30:00,2023-07-08,21,-0.6087614290087011,0.7933533402912502,189,-0.1077307766377664,-0.9941801042894712,-0.0025299999999999,-0.0019399999999999,-0.000693,-0.000654,-0.00198,
2023-07-08 21:45:00,2023-07-08,21,-0.5555702330195446,0.8314696123025838,189,-0.1079089276020361,-0.9941607834469124,-0.00199,-0.00134,-0.000483,-0.000344,-0.00171,
2023-07-08 22:00:00,2023-07-08,22,-0.500000000000098,0.8660254037843821,189,-0.1080870751012355,-0.994141430680796,-0.00226,-0.00177,-0.000683,-0.000615,-0.00181,
2023-07-08 22:15:00,2023-07-08,22,-0.4422886902190626,0.8968727415326581,189,-0.1082652191296448,-0.9941220459917434,-0.00227,-0.00172,-0.000503,-0.000348,-0.00153,
2023-07-08 22:30:00,2023-07-08,22,-0.3826834323651116,0.9238795325112776,189,-0.1084433596815425,-0.9941026293803772,-0.00254,-0.00204,-0.000717,-0.000589,-0.00182,
2023-07-08 22:45:00,2023-07-08,22,-0.3214394653031415,0.9469301294951123,189,-0.1086214967512094,-0.9940831808473208,-0.0011,-0.000649,-0.001,-0.000141,-0.00209,
2023-07-08 23:00:00,2023-07-08,23,-0.2588190451026767,0.9659258262890263,189,-0.1087996303329238,-0.9940637003931988,-0.0028,-0.00225,-0.000665,-0.000726,-0.00184,
2023-07-08 23:15:00,2023-07-08,23,-0.1950903220162427,0.9807852804032076,189,-0.1089777604209676,-0.9940441880186364,-0.00239,-0.00186,-0.000469,-0.000447,-0.00162,
2023-07-08 23:30:00,2023-07-08,23,-0.1305261922201228,0.9914448613738012,189,-0.1091558870096194,-0.9940246437242606,-0.00242,-0.00179,-0.000517,-0.000363,-0.00163,
2023-07-08 23:45:00,2023-07-08,23,-0.0654031292301701,0.9978589232386016,189,-0.1093340100931598,-0.9940050675106988,-0.00271,-0.00208,-0.000986,-0.000719,-0.00228,
2023-07-09 00:00:00,2023-07-09,0,1.7657197210639068e-14,1.0,190,-0.1095121296658696,-0.9939854593785796,-0.00258,-0.00204,-0.000707,-0.000703,-0.0018,
2023-07-09 00:15:00,2023-07-09,0,0.0654031292302053,0.9978589232385994,190,-0.1096902457220284,-0.9939658193285326,-0.00211,-0.00154,-0.000503,-0.000317,-0.00159,
2023-07-09 00:30:00,2023-07-09,0,0.1305261922199324,0.991444861373826,190,-0.1098683582559169,-0.9939461473611884,-0.0019,-0.00136,-0.00103,-0.000417,-0.00195,
2023-07-09 00:45:00,2023-07-09,0,0.1950903220160543,0.9807852804032452,190,-0.1100464672618159,-0.9939264434771792,-0.0025299999999999,-0.00202,-0.000886,-0.000528,-0.0019199999999999,
2023-07-09 01:00:00,2023-07-09,1,0.2588190451024912,0.9659258262890762,190,-0.1102245727340065,-0.993906707677137,-0.00235,-0.00186,-0.000641,-0.000443,-0.00173,
2023-07-09 01:15:00,2023-07-09,1,0.321439465303175,0.9469301294951012,190,-0.1104026746667686,-0.993886939961696,-0.0020299999999999,-0.00158,-0.00104,-0.000528,-0.0019199999999999,
2023-07-09 01:30:00,2023-07-09,1,0.3826834323649342,0.9238795325113512,190,-0.1105807730543838,-0.9938671403314906,-0.0019399999999999,-0.00165,-0.000707,-0.000298,-0.00133,
2023-07-09 01:45:00,2023-07-09,1,0.4422886902188904,0.896872741532743,190,-0.1107588678911334,-0.9938473087871568,-0.00339,-0.0030499999999999,-0.000648,-0.000906,-0.00164,
2023-07-09 02:00:00,2023-07-09,2,0.4999999999999316,0.8660254037844781,190,-0.1109369591712978,-0.9938274453293316,-0.00231,-0.00179,-0.000738,-0.000508,-0.00181,
2023-07-09 02:15:00,2023-07-09,2,0.5555702330195739,0.8314696123025642,190,-0.1111150468891588,-0.9938075499586528,-0.0023,-0.00171,-0.000569,-0.000489,-0.00176,
2023-07-09 02:30:00,2023-07-09,2,0.6087614290087291,0.7933533402912286,190,-0.1112931310389977,-0.9937876226757588,-0.00176,-0.0013,-0.000772,-0.000749,-0.000608,
2023-07-09 02:45:00,2023-07-09,2,0.6593458151001106,0.7518398074789409,190,-0.1114712116150965,-0.99376766348129,-0.00191,-0.00153,-0.000665,-0.000696,-0.000823,
2023-07-09 03:00:00,2023-07-09,3,0.7071067811866184,0.7071067811864766,190,-0.111649288611736,-0.993747672375887,-0.00252,-0.00229,-0.0014299999999999,-0.00123,-0.00216,
2023-07-09 03:15:00,2023-07-09,3,0.7518398074789231,0.6593458151001308,190,-0.1118273620231984,-0.993727649360192,-0.000385,-0.000277,-0.000841,-0.000275,-0.00132,
2023-07-09 03:30:00,2023-07-09,3,0.7933533402912123,0.6087614290087504,190,-0.112005431843766,-0.9937075944348476,-9.1e-05,-2.48e-05,-0.000572,0.000164,-0.000904,
2023-07-09 03:45:00,2023-07-09,3,0.8314696123025492,0.5555702330195963,190,-0.1121834980677199,-0.993687507600498,-0.00237,-0.0017,0.000386,0.000428,-5.14e-05,
2023-07-09 04:00:00,2023-07-09,4,0.8660254037843509,0.5000000000001519,190,-0.1123615606893426,-0.9936673888577884,0.00429,0.00454,0.00451,0.00439,0.0040599999999999,
2023-07-09 04:15:00,2023-07-09,4,0.8968727415326305,0.4422886902191184,190,-0.1125396197029164,-0.9936472382073644,0.0153,0.0153,0.0128,0.0121,0.0129,
2023-07-09 04:30:00,2023-07-09,4,0.923879532511254,0.3826834323651691,190,-0.112717675102724,-0.9936270556498734,0.0306,0.0305,0.0245,0.0225,0.0248,
2023-07-09 04:45:00,2023-07-09,4,0.9469301294950924,0.3214394653032005,190,-0.1128957268830467,-0.9936068411859637,0.0475,0.0472999999999999,0.037,0.0334,0.0375,
2023-07-09 05:00:00,2023-07-09,5,0.9659258262890692,0.2588190451025172,190,-0.1130737750381686,-0.9935865948162836,0.0652,0.0664,0.0495,0.0438,0.0502,
2023-07-09 05:15:00,2023-07-09,5,0.98078528040324,0.1950903220160807,190,-0.1132518195623716,-0.993566316541484,0.0817,0.129,0.0662,0.0583,0.0642,
2023-07-09 05:30:00,2023-07-09,5,0.9914448613738226,0.1305261922199591,190,-0.1134298604499381,-0.9935460063622156,0.0994,0.172,0.0858,0.0705,0.0794,
2023-07-09 05:45:00,2023-07-09,5,0.9978589232385976,0.0654031292302322,190,-0.1136078976951514,-0.9935256642791308,0.115,0.209,0.115,0.08,0.13,
2023-07-09 06:00:00,2023-07-09,6,1.0,4.4576524508327066e-14,190,-0.1137859312922946,-0.9935052902928828,0.129,0.253,0.153,0.0911,0.174,
2023-07-09 06:15:00,2023-07-09,6,0.9978589232386036,-0.0654031292301432,190,-0.1139639612356513,-0.9934848844041256,0.143,0.295,0.193,0.112,0.219,
2023-07-09 06:30:00,2023-07-09,6,0.9914448613738344,-0.1305261922198707,190,-0.1141419875195033,-0.993464446613515,0.154,0.342,0.238,0.148,0.266,
2023-07-09 06:45:00,2023-07-09,6,0.9807852804032572,-0.1950903220159933,190,-0.1143200101381359,-0.9934439769217068,0.164,0.391,0.288,0.19,0.312,
2023-07-09 07:00:00,2023-07-09,7,0.9659258262890924,-0.2588190451024311,190,-0.1144980290858317,-0.9934234753293584,0.173,0.436,0.34,0.233,0.359,
2023-07-09 07:15:00,2023-07-09,7,0.9469301294951212,-0.321439465303116,190,-0.1146760443568739,-0.993402941837128,0.182,0.476,0.392,0.277,0.411,
2023-07-09 07:30:00,2023-07-09,7,0.923879532511288,-0.3826834323650867,190,-0.1148540559455465,-0.9933823764456752,0.191,0.519,0.443,0.323,0.467,
2023-07-09 07:45:00,2023-07-09,7,0.8968727415326699,-0.4422886902190385,190,-0.1150320638461336,-0.9933617791556604,0.201,0.557,0.49,0.37,0.517,
2023-07-09 08:00:00,2023-07-09,8,0.8660254037843955,-0.5000000000000747,190,-0.1152100680529195,-0.9933411499677448,0.215,0.598,0.54,0.419,0.567,
2023-07-09 08:15:00,2023-07-09,8,0.8314696123025987,-0.5555702330195221,190,-0.115388068560187,-0.993320488882591,0.233,0.633,0.582,0.463,0.608,
2023-07-09 08:30:00,2023-07-09,8,0.7933533402912666,-0.6087614290086797,190,-0.1155660653622221,-0.9932997959008624,0.249,0.663,0.618,0.502,0.646,
2023-07-09 08:45:00,2023-07-09,8,0.7518398074789818,-0.6593458151000637,190,-0.1157440584533082,-0.9932790710232232,0.267,0.692,0.65,0.536,0.682,
2023-07-09 09:00:00,2023-07-09,9,0.7071067811866815,-0.7071067811864136,190,-0.1159220478277289,-0.9932583142503392,0.28,0.717,0.679,0.568,0.716,
2023-07-09 09:15:00,2023-07-09,9,0.6593458151001775,-0.751839807478882,190,-0.1161000334797705,-0.9932375255828768,0.294,0.739,0.706,0.598,0.746,
2023-07-09 09:30:00,2023-07-09,9,0.6087614290087998,-0.7933533402911744,190,-0.1162780154037164,-0.993216705021504,0.306,0.76,0.735,0.625,0.775,
2023-07-09 09:45:00,2023-07-09,9,0.555570233019648,-0.8314696123025147,190,-0.1164559935938523,-0.9931958525668886,0.311,0.785,0.765,0.654,0.806,
2023-07-09 10:00:00,2023-07-09,10,0.5000000000000089,-0.8660254037844335,190,-0.1166339680444618,-0.9931749682197006,0.312,0.804,0.781,0.679,0.832,
2023-07-09 10:15:00,2023-07-09,10,0.4422886902189703,-0.8968727415327036,190,-0.1168119387498317,-0.9931540519806108,0.315,0.824,0.789,0.705,0.856,
2023-07-09 10:30:00,2023-07-09,10,0.3826834323650165,-0.923879532511317,190,-0.1169899057042464,-0.9931331038502904,0.325,0.842,0.798,0.725,0.875,
2023-07-09 10:45:00,2023-07-09,10,0.3214394653032594,-0.9469301294950724,190,-0.1171678689019901,-0.9931121238294124,0.332,0.855,0.807,0.74,0.888,
2023-07-09 11:00:00,2023-07-09,11,0.2588190451025773,-0.9659258262890532,190,-0.1173458283373501,-0.9930911119186504,0.333,0.862,0.818,0.753,0.898,
2023-07-09 11:15:00,2023-07-09,11,0.1950903220161417,-0.9807852804032278,190,-0.1175237840046107,-0.9930700681186788,0.327,0.87,0.833,0.763,0.905,
2023-07-09 11:30:00,2023-07-09,11,0.1305261922202462,-0.9914448613737848,190,-0.1177017358980578,-0.993048992430174,0.325,0.873,0.849,0.769,0.908,
2023-07-09 11:45:00,2023-07-09,11,0.0654031292302943,-0.9978589232385936,190,-0.1178796840119773,-0.9930278848538124,0.313,0.877,0.865,0.776,0.913,
2023-07-09 12:00:00,2023-07-09,12,1.068102462272932e-13,-1.0,190,-0.1180576283406556,-0.9930067453902716,0.317,0.868,0.862,0.77,0.904,
2023-07-09 12:15:00,2023-07-09,12,-0.0654031292300811,-0.9978589232386076,190,-0.1182355688783781,-0.9929855740402306,0.319,0.859,0.851,0.763,0.893,
2023-07-09 12:30:00,2023-07-09,12,-0.1305261922200344,-0.9914448613738128,190,-0.1184135056194302,-0.9929643708043694,0.322,0.846,0.832,0.747,0.879,
2023-07-09 12:45:00,2023-07-09,12,-0.1950903220161552,-0.9807852804032252,190,-0.1185914385580998,-0.9929431356833686,0.318,0.83,0.813,0.729,0.862,
2023-07-09 13:00:00,2023-07-09,13,-0.2588190451025906,-0.9659258262890495,190,-0.1187693676886721,-0.99292186867791,0.318,0.806,0.788,0.702,0.835,
2023-07-09 13:15:00,2023-07-09,13,-0.3214394653030571,-0.9469301294951412,190,-0.118947293005434,-0.992900569788677,0.314,0.786,0.766,0.679,0.81,
2023-07-09 13:30:00,2023-07-09,13,-0.3826834323650292,-0.9238795325113118,190,-0.1191252145026721,-0.9928792390163532,0.306,0.766,0.74,0.656,0.78,
2023-07-09 13:45:00,2023-07-09,13,-0.4422886902189826,-0.8968727415326975,190,-0.1193031321746736,-0.9928578763616231,0.3,0.741,0.71,0.631,0.747,
2023-07-09 14:00:00,2023-07-09,14,-0.5000000000000208,-0.8660254037844266,190,-0.1194810460157249,-0.9928364818251736,0.293,0.712,0.673,0.603,0.709,
2023-07-09 14:15:00,2023-07-09,14,-0.5555702330194704,-0.8314696123026334,190,-0.1196589560201122,-0.9928150554076912,0.282,0.686,0.636,0.576,0.672,
2023-07-09 14:30:00,2023-07-09,14,-0.6087614290086304,-0.7933533402913044,190,-0.1198368621821243,-0.9927935971098638,0.275,0.648,0.59,0.54,0.628,
2023-07-09 14:45:00,2023-07-09,14,-0.659345815100017,-0.7518398074790229,190,-0.1200147644960472,-0.9927721069323808,0.263,0.61,0.542,0.501,0.585,
2023-07-09 15:00:00,2023-07-09,15,-0.7071067811865304,-0.7071067811865647,190,-0.1201926629561687,-0.992750584875932,0.249,0.575,0.497,0.46,0.542,
2023-07-09 15:15:00,2023-07-09,15,-0.7518398074789909,-0.6593458151000534,190,-0.1203705575567763,-0.9927290309412083,0.237,0.536,0.451,0.418,0.499,
2023-07-09 15:30:00,2023-07-09,15,-0.7933533402912749,-0.6087614290086688,190,-0.1205484482921579,-0.9927074451289024,0.222,0.502,0.407,0.376,0.454,
2023-07-09 15:45:00,2023-07-09,15,-0.8314696123024801,-0.5555702330196998,190,-0.1207263351566006,-0.9926858274397072,0.208,0.462,0.358,0.329,0.399,
2023-07-09 16:00:00,2023-07-09,16,-0.8660254037844024,-0.5000000000000628,190,-0.1209042181443925,-0.9926641778743168,0.193,0.423,0.311,0.282,0.348,
2023-07-09 16:15:00,2023-07-09,16,-0.896872741532676,-0.4422886902190261,190,-0.1210820972498221,-0.9926424964334264,0.179,0.38,0.261,0.235,0.3,
2023-07-09 16:30:00,2023-07-09,16,-0.9238795325112932,-0.382683432365074,190,-0.1212599724671767,-0.992620783117732,0.166,0.334,0.213,0.192,0.253,
2023-07-09 16:45:00,2023-07-09,16,-0.9469301294950524,-0.3214394653033183,190,-0.1214378437907449,-0.9925990379279312,0.151,0.286,0.169,0.154,0.206,
2023-07-09 17:00:00,2023-07-09,17,-0.965925826289037,-0.2588190451026374,190,-0.1216157112148151,-0.9925772608647222,0.136,0.24,0.13,0.118,0.162,
2023-07-09 17:15:00,2023-07-09,17,-0.9807852804032156,-0.1950903220162028,190,-0.1217935747336762,-0.992555451928804,0.121,0.197,0.0988,0.0886,0.123,
2023-07-09 17:30:00,2023-07-09,17,-0.9914448613738064,-0.1305261922200825,190,-0.121971434341616,-0.9925336111208772,0.104,0.157,0.0805999999999999,0.0741,0.0907999999999999,
2023-07-09 17:45:00,2023-07-09,17,-0.9978589232386044,-0.0654031292301295,190,-0.1221492900329236,-0.9925117384416432,0.0838,0.118,0.0636,0.0597,0.0674,
2023-07-09 18:00:00,2023-07-09,18,-1.0,5.832970749697274e-14,190,-0.1223271418018883,-0.992489833891804,0.0632,0.0800999999999999,0.0475,0.045,0.0497,
2023-07-09 18:15:00,2023-07-09,18,-0.9978589232385968,0.0654031292302459,190,-0.1225049896427983,-0.9924678974720632,0.0446,0.0446,0.0326,0.0311,0.0332,
2023-07-09 18:30:00,2023-07-09,18,-0.9914448613738208,0.1305261922199727,190,-0.122682833549943,-0.9924459291831254,0.0254,0.0255,0.0196,0.0183,0.0193999999999999,
2023-07-09 18:45:00,2023-07-09,18,-0.9807852804032372,0.1950903220160942,190,-0.1228606735176118,-0.9924239290256957,0.0105,0.0107,0.00871,0.0077199999999999,0.00785,
2023-07-09 19:00:00,2023-07-09,19,-0.9659258262890656,0.2588190451025304,190,-0.1230385095400945,-0.9924018970004804,-0.000141,0.000149,0.00117,0.000891,5.5700000000000005e-05,
2023-07-09 19:15:00,2023-07-09,19,-0.9469301294951612,0.3214394653029982,190,-0.1232163416116796,-0.9923798331081872,-0.00329,-0.00296,-0.00131,-0.00121,-0.00239,
2023-07-09 19:30:00,2023-07-09,19,-0.9238795325113356,0.3826834323649717,190,-0.1233941697266573,-0.992357737349525,-0.00318,-0.00261,-0.00137,-0.00136,-0.0025099999999999,
2023-07-09 19:45:00,2023-07-09,19,-0.896872741532725,0.4422886902189268,190,-0.1235719938793177,-0.9923356097252028,-0.0033799999999999,-0.00278,-0.00128,-0.00122,-0.00261,
2023-07-09 20:00:00,2023-07-09,20,-0.8660254037844578,0.4999999999999669,190,-0.1237498140639494,-0.9923134502359312,-0.003,-0.00241,-0.0014,-0.00131,-0.00264,
2023-07-09 20:15:00,2023-07-09,20,-0.8314696123025416,0.5555702330196077,190,-0.1239276302748441,-0.992291258882422,-0.00323,-0.00261,-0.00134,-0.0011899999999999,-0.00257,
2023-07-09 20:30:00,2023-07-09,20,-0.7933533402912039,0.6087614290087614,190,-0.1241054425062907,-0.9922690356653874,-0.0028599999999999,-0.00233,-0.00108,-0.000921,-0.00226,
2023-07-09 20:45:00,2023-07-09,20,-0.751839807478914,0.6593458151001411,190,-0.1242832507525803,-0.9922467805855412,-0.00277,-0.00227,-0.00102,-0.000677,-0.00214,
2023-07-09 21:00:00,2023-07-09,21,-0.7071067811866086,0.7071067811864864,190,-0.1244610550080024,-0.9922244936435984,-0.00248,-0.0019199999999999,-0.000583,-0.000386,-0.00174,
2023-07-09 21:15:00,2023-07-09,21,-0.6593458151001003,0.7518398074789499,190,-0.124638855266848,-0.992202174840274,-0.00221,-0.0016699999999999,-0.000558,-0.000279,-0.00161,
2023-07-09 21:30:00,2023-07-09,21,-0.6087614290087182,0.793353340291237,190,-0.1248166515234081,-0.9921798241762853,-0.00206,-0.0015,-0.000407,-0.000191,-0.00155,
2023-07-09 21:45:00,2023-07-09,21,-0.5555702330197515,0.8314696123024455,190,-0.1249944437719722,-0.9921574416523494,-0.00214,-0.00151,-0.000383,-0.000168,-0.00155,
2023-07-09 22:00:00,2023-07-09,22,-0.5000000000001167,0.8660254037843713,190,-0.125172232006833,-0.9921350272691856,-0.00215,-0.0015,-0.00041,-0.000126,-0.00136,
2023-07-09 22:15:00,2023-07-09,22,-0.4422886902190819,0.8968727415326485,190,-0.1253500162222802,-0.9921125810275132,-0.00264,-0.00179,-0.000331,0.000195,-0.00104,
2023-07-09 22:30:00,2023-07-09,22,-0.3826834323651315,0.9238795325112694,190,-0.1255277964126054,-0.9920901029280532,-0.00361,-0.00308,-0.000431,4.59e-05,-0.00111,
2023-07-09 22:45:00,2023-07-09,22,-0.321439465303162,0.9469301294951056,190,-0.1257055725721002,-0.9920675929715276,-0.0017,-0.00109,-0.000638,-1.91e-05,-0.00156,
2023-07-09 23:00:00,2023-07-09,23,-0.2588190451024779,0.9659258262890796,190,-0.1258833446950553,-0.9920450511586588,-0.00313,-0.00287,-0.00092,-0.000956,-0.00188,
2023-07-09 23:15:00,2023-07-09,23,-0.1950903220160408,0.980785280403248,190,-0.1260611127757631,-0.9920224774901708,-0.0025499999999999,-0.00206,-0.000814,-0.000742,-0.0018,
2023-07-09 23:30:00,2023-07-09,23,-0.1305261922201442,0.9914448613737982,190,-0.1262388768085139,-0.9919998719667884,-0.0029,-0.00241,-0.000896,-0.000765,-0.002,
2023-07-09 23:45:00,2023-07-09,23,-0.0654031292301916,0.9978589232386004,190,-0.1264166367876014,-0.9919772345892378,-0.00257,-0.0020099999999999,-0.000658,-0.000615,-0.0018,
2023-07-10 00:00:00,2023-07-10,0,-3.904014221993411e-15,1.0,191,-0.126594392707316,-0.9919545653582456,-0.00256,-0.00197,-0.000655,-0.000528,-0.00181,
2023-07-10 00:15:00,2023-07-10,0,0.0654031292299569,0.9978589232386156,191,-0.1267721445619504,-0.9919318642745396,-0.00247,-0.0019,-0.000545,-0.000497,-0.0018,
2023-07-10 00:30:00,2023-07-10,0,0.130526192219911,0.9914448613738288,191,-0.1269498923457971,-0.9919091313388492,-0.00226,-0.00161,-0.000638,-0.000512,-0.00185,
2023-07-10 00:45:00,2023-07-10,0,0.1950903220160331,0.9807852804032494,191,-0.1271276360531477,-0.9918863665519042,-0.00232,-0.0016699999999999,-0.000331,-0.000401,-0.00155,
2023-07-10 01:00:00,2023-07-10,1,0.2588190451024704,0.9659258262890816,191,-0.1273053756782954,-0.9918635699144354,-0.00181,-0.00133,-0.000324,-0.000141,-0.0013,
2023-07-10 01:15:00,2023-07-10,1,0.3214394653031546,0.946930129495108,191,-0.1274831112155316,-0.991840741427175,-0.00182,-0.00138,-0.000586,-9.94e-05,-0.00128,
2023-07-10 01:30:00,2023-07-10,1,0.3826834323651243,0.9238795325112724,191,-0.1276608426591507,-0.991817881090856,-0.00229,-0.00163,-0.000738,-0.000535,-0.00186,
2023-07-10 01:45:00,2023-07-10,1,0.4422886902190749,0.896872741532652,191,-0.1278385700034442,-0.9917949889062126,-0.00244,-0.0019299999999999,-0.000779,-0.000451,-0.0018,
2023-07-10 02:00:00,2023-07-10,2,0.499999999999913,0.8660254037844889,191,-0.1280162932427056,-0.9917720648739798,-0.00215,-0.0016,-0.000614,-0.00021,-0.00159,
2023-07-10 02:15:00,2023-07-10,2,0.555570233019556,0.8314696123025762,191,-0.1281940123712284,-0.9917491089948935,-0.00204,-0.00163,-0.000762,-0.000432,-0.00129,
2023-07-10 02:30:00,2023-07-10,2,0.608761429008712,0.7933533402912418,191,-0.1283717273833051,-0.9917261212696912,-0.00237,-0.00199,-0.000565,-0.000283,-0.0013,
2023-07-10 02:45:00,2023-07-10,2,0.6593458150999234,0.751839807479105,191,-0.1285494382732293,-0.9917031016991108,-0.00249,-0.0019399999999999,-0.000903,-0.000638,-0.00199,
2023-07-10 03:00:00,2023-07-10,3,0.7071067811864423,0.7071067811866527,191,-0.1287271450352947,-0.9916800502838918,-0.00227,-0.00166,-0.000796,-0.000661,-0.002,
2023-07-10 03:15:00,2023-07-10,3,0.7518398074789089,0.659345815100147,191,-0.1289048476637954,-0.991656967024774,-0.0023,-0.00162,-0.0003,-6.5e-05,-0.00129,
2023-07-10 03:30:00,2023-07-10,3,0.7933533402911992,0.6087614290087676,191,-0.1290825461530242,-0.9916338519224988,-0.00175,-0.00109,7.58e-05,0.000138,-0.0011,
2023-07-10 03:45:00,2023-07-10,3,0.8314696123025372,0.5555702330196142,191,-0.1292602404972754,-0.9916107049778086,-0.00108,-0.000571,0.000489,0.000539,-0.000681,
2023-07-10 04:00:00,2023-07-10,4,0.8660254037844538,0.4999999999999737,191,-0.1294379306908436,-0.9915875261914464,0.00343,0.0037,0.00395,0.00394,0.0032,
2023-07-10 04:15:00,2023-07-10,4,0.8968727415327216,0.4422886902189338,191,-0.1296156167280221,-0.9915643155641568,0.0149,0.015,0.0126,0.0116999999999999,0.0121,
2023-07-10 04:30:00,2023-07-10,4,0.9238795325112455,0.382683432365189,191,-0.1297932986031056,-0.9915410730966848,0.0299,0.0298,0.0238,0.0218,0.0238999999999999,
2023-07-10 04:45:00,2023-07-10,4,0.9469301294950856,0.3214394653032209,191,-0.1299709763103886,-0.9915177987897767,0.0477999999999999,0.0475,0.0368999999999999,0.0332,0.0373999999999999,
2023-07-10 05:00:00,2023-07-10,5,0.9659258262890636,0.258819045102538,191,-0.1301486498441661,-0.9914944926441804,0.0655999999999999,0.0660999999999999,0.0494,0.0438,0.0502,
2023-07-10 05:15:00,2023-07-10,5,0.9807852804032356,0.1950903220161018,191,-0.1303263191987319,-0.9914711546606438,0.084,0.123,0.0662,0.058,0.0650999999999999,
2023-07-10 05:30:00,2023-07-10,5,0.99144486137379,0.1305261922202059,191,-0.1305039843683813,-0.9914477848399164,0.1,0.159,0.084,0.0689,0.0790999999999999,
2023-07-10 05:45:00,2023-07-10,5,0.9978589232385964,0.0654031292302537,191,-0.1306816453474097,-0.9914243831827488,0.117,0.2,0.113,0.08,0.127,
2023-07-10 06:00:00,2023-07-10,6,1.0,6.613773594095954e-14,191,-0.1308593021301114,-0.9914009496898922,0.134,0.246,0.151,0.0924,0.17,
2023-07-10 06:15:00,2023-07-10,6,0.9978589232386048,-0.0654031292301217,191,-0.1310369547107821,-0.9913774843620992,0.147,0.291,0.191,0.114,0.214,
2023-07-10 06:30:00,2023-07-10,6,0.9914448613738074,-0.1305261922200748,191,-0.1312146030837171,-0.9913539872001236,0.158,0.341,0.237,0.151,0.265,
2023-07-10 06:45:00,2023-07-10,6,0.9807852804032172,-0.1950903220161951,191,-0.1313922472432125,-0.9913304582047192,0.166,0.385,0.284,0.19,0.307,
2023-07-10 07:00:00,2023-07-10,7,0.9659258262890978,-0.2588190451024103,191,-0.1315698871835629,-0.991306897376642,0.174,0.426,0.333,0.231,0.351,
2023-07-10 07:15:00,2023-07-10,7,0.946930129495128,-0.3214394653030956,191,-0.1317475228990646,-0.9912833047166488,0.18,0.47,0.386,0.276,0.405,
2023-07-10 07:30:00,2023-07-10,7,0.9238795325112964,-0.3826834323650668,191,-0.1319251543840141,-0.9912596802254968,0.181,0.516,0.44,0.323,0.463,
2023-07-10 07:45:00,2023-07-10,7,0.8968727415326795,-0.4422886902190192,191,-0.1321027816327064,-0.9912360239039446,0.185,0.559,0.49,0.37,0.517,
2023-07-10 08:00:00,2023-07-10,8,0.86602540378452,-0.4999999999998591,191,-0.1322804046394382,-0.991212335752752,0.191,0.602,0.542,0.419,0.568,
2023-07-10 08:15:00,2023-07-10,8,0.8314696123026107,-0.5555702330195041,191,-0.1324580233985059,-0.9911886157726796,0.196,0.643,0.589,0.467,0.616,
2023-07-10 08:30:00,2023-07-10,8,0.7933533402912797,-0.6087614290086626,191,-0.1326356379042063,-0.9911648639644892,0.2,0.684,0.631,0.51,0.662,
2023-07-10 08:45:00,2023-07-10,8,0.751839807478996,-0.6593458151000475,191,-0.1328132481508353,-0.9911410803289432,0.204,0.716,0.666,0.546,0.702,
2023-07-10 09:00:00,2023-07-10,9,0.7071067811865359,-0.7071067811865591,191,-0.1329908541326899,-0.9911172648668056,0.21,0.747,0.701,0.583,0.742,
2023-07-10 09:15:00,2023-07-10,9,0.6593458151000229,-0.7518398074790178,191,-0.1331684558440676,-0.9910934175788408,0.212,0.773,0.735,0.619,0.779,
2023-07-10 09:30:00,2023-07-10,9,0.6087614290088169,-0.7933533402911612,191,-0.1333460532792639,-0.991069538465815,0.212,0.801,0.774,0.654,0.817,
2023-07-10 09:45:00,2023-07-10,9,0.5555702330196659,-0.8314696123025027,191,-0.1335236464325779,-0.9910456275284948,0.21,0.823,0.803,0.682,0.847,
2023-07-10 10:00:00,2023-07-10,10,0.5000000000000275,-0.8660254037844227,191,-0.1337012352983055,-0.9910216847676478,0.212,0.846,0.82,0.71,0.875,
2023-07-10 10:15:00,2023-07-10,10,0.4422886902189897,-0.896872741532694,191,-0.133878819870745,-0.990997710184043,0.217,0.865,0.822,0.734,0.898,
2023-07-10 10:30:00,2023-07-10,10,0.3826834323652465,-0.9238795325112218,191,-0.134056400144193,-0.9909737037784504,0.215,0.883,0.827,0.756,0.92,
2023-07-10 10:45:00,2023-07-10,10,0.3214394653032798,-0.9469301294950656,191,-0.1342339761129479,-0.9909496655516408,0.214,0.897,0.837,0.773,0.934,
2023-07-10 11:00:00,2023-07-10,11,0.2588190451025981,-0.9659258262890476,191,-0.1344115477713078,-0.9909255955043856,0.215,0.909,0.852,0.786,0.944,
2023-07-10 11:15:00,2023-07-10,11,0.1950903220161629,-0.9807852804032235,191,-0.1345891151135694,-0.9909014936374586,0.209,0.918,0.868,0.797,0.952,
2023-07-10 11:30:00,2023-07-10,11,0.1305261922200422,-0.9914448613738116,191,-0.1347666781340326,-0.990877359951633,0.209,0.919,0.885,0.801,0.952,
2023-07-10 11:45:00,2023-07-10,11,0.0654031292300889,-0.997858923238607,191,-0.1349442368269943,-0.990853194447684,0.209,0.917,0.899,0.803,0.951,
2023-07-10 12:00:00,2023-07-10,12,-9.900221778330638e-14,-1.0,191,-0.1351217911867538,-0.9908289971263876,0.208,0.911,0.899,0.8,0.946,
2023-07-10 12:15:00,2023-07-10,12,-0.0654031292300596,-0.9978589232386088,191,-0.1352993412076088,-0.990804767988521,0.2,0.904,0.889,0.794,0.941,
2023-07-10 12:30:00,2023-07-10,12,-0.1305261922200131,-0.9914448613738156,191,-0.1354768868838584,-0.990780507034862,0.192,0.892,0.873,0.78,0.928,
2023-07-10 12:45:00,2023-07-10,12,-0.1950903220161341,-0.9807852804032292,191,-0.1356544282098019,-0.9907562142661896,0.185,0.875,0.853,0.76,0.91,
2023-07-10 13:00:00,2023-07-10,13,-0.2588190451023501,-0.965925826289114,191,-0.1358319651797369,-0.990731889683284,0.181,0.86,0.836,0.739,0.89,
2023-07-10 13:15:00,2023-07-10,13,-0.3214394653030367,-0.946930129495148,191,-0.1360094977879642,-0.990707533286926,0.176,0.837,0.81,0.711,0.862,
2023-07-10 13:30:00,2023-07-10,13,-0.3826834323650093,-0.92387953251132,191,-0.1361870260287818,-0.9906831450778982,0.171,0.811,0.781,0.684,0.826,
2023-07-10 13:45:00,2023-07-10,13,-0.4422886902189633,-0.896872741532707,191,-0.1363645498964895,-0.9906587250569834,0.167,0.786,0.747,0.658,0.787,
2023-07-10 14:00:00,2023-07-10,14,-0.5000000000000021,-0.8660254037844374,191,-0.1365420693853872,-0.9906342732249658,0.165,0.759,0.71,0.631,0.749,
2023-07-10 14:15:00,2023-07-10,14,-0.5555702330196415,-0.831469612302519,191,-0.1367195844897738,-0.9906097895826306,0.162,0.724,0.664,0.598,0.705,
2023-07-10 14:30:00,2023-07-10,14,-0.6087614290087936,-0.7933533402911791,191,-0.1368970952039499,-0.990585274130764,0.16,0.689,0.618,0.563,0.662,
2023-07-10 14:45:00,2023-07-10,14,-0.6593458151000008,-0.7518398074790371,191,-0.1370746015222141,-0.9905607268701532,0.157,0.652,0.569,0.524,0.62,
2023-07-10 15:00:00,2023-07-10,15,-0.7071067811865152,-0.7071067811865799,191,-0.1372521034388684,-0.9905361478015864,0.158,0.607,0.516,0.476,0.57,
2023-07-10 15:15:00,2023-07-10,15,-0.7518398074789767,-0.6593458151000696,191,-0.1374296009482115,-0.9905115369258528,0.156,0.564,0.467,0.43,0.521,
2023-07-10 15:30:00,2023-07-10,15,-0.7933533402911234,-0.6087614290088663,191,-0.1376070940445443,-0.9904868942437433,0.153,0.52,0.416,0.382,0.467,
2023-07-10 15:45:00,2023-07-10,15,-0.8314696123024681,-0.5555702330197176,191,-0.1377845827221678,-0.990462219756048,0.149,0.477,0.364,0.332,0.408,
2023-07-10 16:00:00,2023-07-10,16,-0.8660254037843916,-0.5000000000000815,191,-0.1379620669753817,-0.9904375134635603,0.147,0.439,0.316,0.284,0.354,
2023-07-10 16:15:00,2023-07-10,16,-0.8968727415326665,-0.4422886902190455,191,-0.1381395467984876,-0.9904127753670732,0.141,0.392,0.264,0.235,0.305,
2023-07-10 16:30:00,2023-07-10,16,-0.9238795325112852,-0.3826834323650939,191,-0.1383170221857853,-0.9903880054673808,0.135,0.344,0.214,0.19,0.255,
2023-07-10 16:45:00,2023-07-10,16,-0.9469301294951186,-0.3214394653031234,191,-0.1384944931315775,-0.990363203765279,0.127,0.296,0.168,0.152,0.207,
2023-07-10 17:00:00,2023-07-10,17,-0.9659258262890904,-0.2588190451024386,191,-0.1386719596301642,-0.9903383702615636,0.117,0.246,0.127,0.113,0.16,
2023-07-10 17:15:00,2023-07-10,17,-0.9807852804032114,-0.1950903220162239,191,-0.1388494216758471,-0.9903135049570326,0.105,0.203,0.0932,0.082,0.121,
2023-07-10 17:30:00,2023-07-10,17,-0.9914448613738036,-0.1305261922201039,191,-0.1390268792629281,-0.9902886078524842,0.0911,0.161,0.0762,0.0694,0.0861,
2023-07-10 17:45:00,2023-07-10,17,-0.997858923238603,-0.065403129230151,191,-0.1392043323857082,-0.9902636789487178,0.0777,0.122,0.0608999999999999,0.0567999999999999,0.0629,
2023-07-10 18:00:00,2023-07-10,18,-1.0,-1.906051793788918e-13,191,-0.1393817810384894,-0.990238718246534,0.0593,0.0822,0.0461,0.0432,0.0472999999999999,
2023-07-10 18:15:00,2023-07-10,18,-0.997858923238613,0.0654031292299975,191,-0.1395592252155737,-0.9902137257467344,0.0419,0.042,0.0315,0.0296,0.0314,
2023-07-10 18:30:00,2023-07-10,18,-0.9914448613738236,0.1305261922199514,191,-0.1397366649112637,-0.9901887014501212,0.0251,0.0253,0.0196,0.0182,0.0192,
2023-07-10 18:45:00,2023-07-10,18,-0.9807852804032414,0.195090322016073,191,-0.1399141001198607,-0.9901636453574982,0.0103,0.0106,0.0089199999999999,0.00805,0.00809,
2023-07-10 19:00:00,2023-07-10,19,-0.9659258262890712,0.2588190451025096,191,-0.1400915308356675,-0.9901385574696702,-0.000538,-0.000117,0.000855,0.000615,-0.000347,
2023-07-10 19:15:00,2023-07-10,19,-0.9469301294950948,0.3214394653031931,191,-0.140268957052987,-0.9901134377874422,-0.00359,-0.00306,-0.0015,-0.00156,-0.00275,
2023-07-10 19:30:00,2023-07-10,19,-0.9238795325112568,0.3826834323651619,191,-0.140446378766121,-0.9900882863116216,-0.004,-0.00358,-0.00189,-0.00179,-0.00319,
2023-07-10 19:45:00,2023-07-10,19,-0.8968727415327346,0.4422886902189075,191,-0.1406237959693728,-0.9900631030430151,-0.00325,-0.0028599999999999,-0.00123,-0.00126,-0.0023599999999999,
2023-07-10 20:00:00,2023-07-10,20,-0.8660254037844686,0.4999999999999482,191,-0.1408012086570453,-0.9900378879824324,-0.00323,-0.0028799999999999,-0.00139,-0.00145,-0.00259,
2023-07-10 20:15:00,2023-07-10,20,-0.8314696123025536,0.5555702330195897,191,-0.140978616823442,-0.9900126411306824,-0.00342,-0.00292,-0.00145,-0.00139,-0.00264,
2023-07-10 20:30:00,2023-07-10,20,-0.7933533402913554,0.6087614290085639,191,-0.1411560204628649,-0.989987362488576,-0.00267,-0.00209,-0.000869,-0.000833,-0.002,
2023-07-10 20:45:00,2023-07-10,20,-0.7518398074790782,0.6593458150999539,191,-0.1413334195696191,-0.9899620520569252,-0.00276,-0.00226,-0.00107,-0.000787,-0.00199,
2023-07-10 21:00:00,2023-07-10,21,-0.707106781186624,0.7071067811864711,191,-0.1415108141380072,-0.9899367098365424,-0.0028599999999999,-0.00237,-0.000931,-0.000765,-0.0021,
2023-07-10 21:15:00,2023-07-10,21,-0.6593458151001165,0.7518398074789356,191,-0.1416882041623325,-0.9899113358282412,-0.00282,-0.00222,-0.000869,-0.000879,-0.00219,
2023-07-10 21:30:00,2023-07-10,21,-0.6087614290087353,0.793353340291224,191,-0.1418655896368992,-0.9898859300328372,-0.00292,-0.00233,-0.000793,-0.000852,-0.00211,
2023-07-10 21:45:00,2023-07-10,21,-0.5555702330195804,0.8314696123025599,191,-0.1420429705560113,-0.9898604924511454,-0.00323,-0.0025299999999999,-0.00109,-0.00107,-0.0025099999999999,
2023-07-10 22:00:00,2023-07-10,22,-0.4999999999999384,0.8660254037844742,191,-0.1422203469139733,-0.989835023083983,-0.00248,-0.00195,-0.000793,-0.000696,-0.0019199999999999,
2023-07-10 22:15:00,2023-07-10,22,-0.4422886902191013,0.896872741532639,191,-0.1423977187050882,-0.9898095219321678,-0.00263,-0.0021,-0.000507,-0.000547,-0.0016,
2023-07-10 22:30:00,2023-07-10,22,-0.3826834323651514,0.9238795325112612,191,-0.1425750859236622,-0.9897839889965184,-0.0021,-0.00149,-0.000393,-0.000191,-0.00155,
2023-07-10 22:45:00,2023-07-10,22,-0.3214394653031824,0.9469301294950986,191,-0.1427524485639989,-0.9897584242778552,-0.00239,-0.00185,-0.000645,-0.000489,-0.0018,
2023-07-10 23:00:00,2023-07-10,23,-0.2588190451024987,0.9659258262890742,191,-0.1429298066204026,-0.9897328277769988,-0.00264,-0.0021,-0.000714,-0.000612,-0.00184,
2023-07-10 23:15:00,2023-07-10,23,-0.1950903220162849,0.9807852804031992,191,-0.1431071600871785,-0.9897071994947712,-0.00408,-0.0035099999999999,-0.000982,-0.0011799999999999,-0.00204,
2023-07-10 23:30:00,2023-07-10,23,-0.1305261922201656,0.9914448613737954,191,-0.1432845089586317,-0.9896815394319952,-0.0023,-0.00171,-0.000672,-0.000478,-0.0017,
2023-07-10 23:45:00,2023-07-10,23,-0.0654031292302131,0.9978589232385988,191,-0.1434618532290676,-0.9896558475894948,-0.00215,-0.00153,-0.000641,-0.000463,-0.00177,
