Time,date,hour,hour_sin,hour_cos,day_of_year,doy_sin,doy_cos,Diffus_kW,Global0_kW,Global45_kW,Global60_kW,Global30_kW,ClearSky0_kW
2023-03-11 00:00:00,2023-03-11,0,-6.66381173314405e-14,1.0,70,0.92724667319331,0.3744510743100344,-0.000893,-0.00095,-0.000334,-0.000466,-0.000527,
2023-03-11 00:15:00,2023-03-11,0,0.0654031292301212,0.9978589232386048,70,0.927313758288412,0.3742849097799968,0.000463,0.000564,-0.000279,-4.97e-05,-0.000626,
2023-03-11 00:30:00,2023-03-11,0,0.1305261922200179,0.9914448613738148,70,0.9273808136064856,0.3741187332312739,0.00121,0.00129,-0.000262,3.82e-05,-0.000548,
2023-03-11 00:45:00,2023-03-11,0,0.1950903220161389,0.9807852804032284,70,0.927447839145377,0.3739525446692013,0.00012,0.000223,-0.000193,-7.65e-05,-0.000261,
2023-03-11 01:00:00,2023-03-11,1,0.2588190451025196,0.9659258262890686,70,0.9275148349029344,0.3737863440991157,-0.00115,-0.00108,-0.000234,-0.000336,-0.00042,
2023-03-11 01:15:00,2023-03-11,1,0.3214394653030952,0.9469301294951282,70,0.927581800877006,0.3736201315263542,-0.000513,-0.000454,-0.000221,-0.000226,-0.000596,
2023-03-11 01:30:00,2023-03-11,1,0.3826834323650663,0.9238795325112964,70,0.9276487370654422,0.3734539069562537,-6.2e-05,-4.61e-05,-0.000314,-0.000279,-0.00072,
2023-03-11 01:45:00,2023-03-11,1,0.4422886902189677,0.8968727415327049,70,0.9277156434660928,0.3732876703941521,-0.000778,-0.000635,-0.000548,-0.000478,-0.000827,
2023-03-11 02:00:00,2023-03-11,2,0.5000000000000063,0.8660254037844349,70,0.9277825200768102,0.3731214218453872,-0.00197,-0.00173,-0.001,-0.001,-0.0016,
2023-03-11 02:15:00,2023-03-11,2,0.5555702330195983,0.8314696123025479,70,0.9278493668954462,0.3729551613152978,-0.00198,-0.00163,-0.000996,-0.000979,-0.00161,
2023-03-11 02:30:00,2023-03-11,2,0.6087614290086623,0.79335334029128,70,0.9279161839198544,0.3727888888092222,-0.0016,-0.00128,-0.000862,-0.000799,-0.0011899999999999,
2023-03-11 02:45:00,2023-03-11,2,0.6593458151000472,0.7518398074789964,70,0.9279829711478896,0.3726226043324998,-0.00154,-0.00123,-0.000807,-0.000726,-0.00115,
2023-03-11 03:00:00,2023-03-11,3,0.7071067811865186,0.7071067811865764,70,0.9280497285774072,0.3724563078904705,-0.00177,-0.0014299999999999,-0.000896,-0.00078,-0.00123,
2023-03-11 03:15:00,2023-03-11,3,0.7518398074789799,0.659345815100066,70,0.928116456206263,0.3722899994884737,0.000554,0.000688,3.1e-05,0.000248,0.000137,
2023-03-11 03:30:00,2023-03-11,3,0.7933533402912302,0.6087614290087271,70,0.9281831540323148,0.3721236791318503,-4.55e-05,1.42e-05,-2.4100000000000003e-05,9.94e-05,0.000103,
2023-03-11 03:45:00,2023-03-11,3,0.8314696123025656,0.5555702330195719,70,0.9282498220534208,0.3719573468259404,-0.000579,-0.000262,2.07e-05,0.000214,0.00015,
2023-03-11 04:00:00,2023-03-11,4,0.8660254037844225,0.500000000000028,70,0.9283164602674396,0.3717910025760857,-0.000893,-0.000699,-0.000376,-0.000279,-0.000398,
2023-03-11 04:15:00,2023-03-11,4,0.8968727415326687,0.4422886902190411,70,0.9283830686722324,0.3716246463876272,-0.00173,-0.00145,-0.000986,-0.00091,-0.00151,
2023-03-11 04:30:00,2023-03-11,4,0.9238795325112868,0.3826834323650894,70,0.9284496472656596,0.371458278265907,-0.00174,-0.0015,-0.000972,-0.000982,-0.00174,
2023-03-11 04:45:00,2023-03-11,4,0.946930129495102,0.3214394653031726,70,0.9285161960455836,0.3712918982162677,-0.00183,-0.00156,-0.00101,-0.001,-0.00173,
2023-03-11 05:00:00,2023-03-11,5,0.9659258262890767,0.2588190451024888,70,0.9285827150098674,0.3711255062440512,-0.00184,-0.00154,-0.000924,-0.000925,-0.00164,
2023-03-11 05:15:00,2023-03-11,5,0.9807852804032234,0.1950903220161634,70,0.9286492041563748,0.3709591023546012,-0.000521,-0.00034,-0.000141,-7.259999999999999e-05,-0.000253,
2023-03-11 05:30:00,2023-03-11,5,0.9914448613738042,0.130526192220099,70,0.9287156634829712,0.3707926865532608,-0.000447,-0.000184,9.65e-05,6.5e-05,-0.000227,
2023-03-11 05:45:00,2023-03-11,5,0.9978589232386031,0.0654031292301461,70,0.928782092987522,0.3706262588453737,0.0038399999999999,0.0040599999999999,0.00373,0.00333,0.00373,
2023-03-11 06:00:00,2023-03-11,6,1.0,1.5185001328790593e-14,70,0.9288484926678944,0.3704598192362841,0.0213,0.0213,0.021,0.0189,0.021,
2023-03-11 06:15:00,2023-03-11,6,0.9978589232386016,-0.0654031292301726,70,0.9289148625219564,0.3702933677313367,0.034,0.0337,0.029,0.0256,0.0306,
2023-03-11 06:30:00,2023-03-11,6,0.9914448613738156,-0.1305261922200126,70,0.9289812025475762,0.3701269043358765,0.0472,0.0465,0.0433,0.0384,0.0455,
2023-03-11 06:45:00,2023-03-11,6,0.9807852804032404,-0.1950903220160778,70,0.929047512742624,0.3699604290552487,0.0785999999999999,0.0772,0.0683,0.0608999999999999,0.0716,
2023-03-11 07:00:00,2023-03-11,7,0.96592582628907,-0.2588190451025143,70,0.9291137931049708,0.3697939418947988,0.113,0.111,0.0963,0.0843,0.102,
2023-03-11 07:15:00,2023-03-11,7,0.9469301294951116,-0.3214394653031439,70,0.9291800436324872,0.3696274428598733,0.189,0.201,0.203,0.177,0.203,
2023-03-11 07:30:00,2023-03-11,7,0.9238795325112767,-0.3826834323651139,70,0.929246264323047,0.3694609319558182,0.216,0.359,0.461,0.406,0.44,
2023-03-11 07:45:00,2023-03-11,7,0.8968727415327072,-0.4422886902189629,70,0.9293124551745232,0.3692944091879805,0.163,0.347,0.487,0.437,0.461,
2023-03-11 08:00:00,2023-03-11,8,0.8660254037844377,-0.5000000000000017,70,0.9293786161847906,0.3691278745617076,0.131,0.409,0.606,0.55,0.568,
2023-03-11 08:15:00,2023-03-11,8,0.8314696123025509,-0.5555702330195939,70,0.9294447473517244,0.3689613280823471,0.146,0.457,0.67,0.613,0.63,
2023-03-11 08:30:00,2023-03-11,8,0.7933533402912487,-0.608761429008703,70,0.929510848673201,0.368794769755247,0.212,0.433,0.602,0.554,0.573,
2023-03-11 08:45:00,2023-03-11,8,0.7518398074789625,-0.6593458151000858,70,0.9295769201470984,0.3686281995857552,0.323,0.384,0.47,0.429,0.462,
2023-03-11 09:00:00,2023-03-11,9,0.7071067811865802,-0.7071067811865148,70,0.929642961771294,0.3684616175792211,0.392,0.532,0.646,0.593,0.629,
2023-03-11 09:15:00,2023-03-11,9,0.6593458151000701,-0.7518398074789764,70,0.9297089735436682,0.3682950237409932,0.362,0.373,0.407,0.37,0.4,
2023-03-11 09:30:00,2023-03-11,9,0.6087614290087314,-0.7933533402912268,70,0.9297749554621008,0.3681284180764214,0.317,0.312,0.299,0.268,0.306,
2023-03-11 09:45:00,2023-03-11,9,0.5555702330196236,-0.831469612302531,70,0.9298409075244728,0.3679618005908557,0.371,0.367,0.382,0.352,0.387,
2023-03-11 10:00:00,2023-03-11,10,0.4999999999999834,-0.8660254037844483,70,0.929906829728667,0.3677951712896459,0.425,0.426,0.442,0.404,0.449,
2023-03-11 10:15:00,2023-03-11,10,0.4422886902190459,-0.8968727415326663,70,0.929972722072566,0.3676285301781432,0.292,0.288,0.274,0.248,0.281,
2023-03-11 10:30:00,2023-03-11,10,0.3826834323650944,-0.9238795325112849,70,0.9300385845540544,0.367461877261698,0.371,0.39,0.393,0.356,0.401,
2023-03-11 10:45:00,2023-03-11,10,0.3214394653031777,-0.9469301294951,70,0.9301044171710168,0.3672952125456624,0.332,0.328,0.3,0.266,0.311,
2023-03-11 11:00:00,2023-03-11,11,0.2588190451025489,-0.9659258262890608,70,0.9301702199213394,0.3671285360353877,0.318,0.313,0.278,0.245,0.29,
2023-03-11 11:15:00,2023-03-11,11,0.1950903220161129,-0.9807852804032337,70,0.9302359928029096,0.3669618477362258,0.312,0.309,0.272,0.24,0.284,
2023-03-11 11:30:00,2023-03-11,11,0.1305261922201044,-0.9914448613738036,70,0.930301735813615,0.36679514765353,0.329,0.336,0.326,0.296,0.333,
2023-03-11 11:45:00,2023-03-11,11,0.0654031292301515,-0.9978589232386028,70,0.9303674489513446,0.3666284357926527,0.342,0.342,0.34,0.31,0.348,
2023-03-11 12:00:00,2023-03-11,12,2.0575304186948712e-14,-1.0,70,0.9304331322139882,0.3664617121589474,0.319,0.317,0.313,0.287,0.319,
2023-03-11 12:15:00,2023-03-11,12,-0.0654031292301104,-0.9978589232386056,70,0.9304987855994368,0.3662949767577678,0.311,0.31,0.315,0.291,0.321,
2023-03-11 12:30:00,2023-03-11,12,-0.1305261922200636,-0.9914448613738088,70,0.930564409105582,0.3661282295944676,0.292,0.288,0.284,0.262,0.289,
2023-03-11 12:45:00,2023-03-11,12,-0.1950903220160725,-0.9807852804032416,70,0.9306300027303166,0.3659614706744017,0.289,0.285,0.283,0.261,0.289,
2023-03-11 13:00:00,2023-03-11,13,-0.2588190451025092,-0.9659258262890714,70,0.9306955664715346,0.3657947000029243,0.29,0.286,0.269,0.245,0.277,
2023-03-11 13:15:00,2023-03-11,13,-0.3214394653031387,-0.9469301294951132,70,0.9307611003271304,0.3656279175853913,0.271,0.267,0.244,0.22,0.253,
2023-03-11 13:30:00,2023-03-11,13,-0.3826834323651089,-0.9238795325112787,70,0.9308266042949996,0.3654611234271578,0.256,0.252,0.213,0.188,0.225,
2023-03-11 13:45:00,2023-03-11,13,-0.442288690219009,-0.8968727415326845,70,0.9308920783730388,0.36529431753358,0.222,0.218,0.184,0.16,0.194,
2023-03-11 14:00:00,2023-03-11,14,-0.4999999999999478,-0.8660254037844688,70,0.930957522559146,0.3651274999100141,0.221,0.217,0.181,0.157,0.19,
2023-03-11 14:15:00,2023-03-11,14,-0.5555702330195893,-0.8314696123025539,70,0.9310229368512192,0.3649606705618166,0.233,0.229,0.199,0.177,0.209,
2023-03-11 14:30:00,2023-03-11,14,-0.6087614290086988,-0.7933533402912519,70,0.931088321247158,0.3647938294943449,0.206,0.203,0.179,0.158,0.187,
2023-03-11 14:45:00,2023-03-11,14,-0.6593458151000818,-0.7518398074789661,70,0.9311536757448632,0.3646269767129559,0.168,0.165,0.148,0.13,0.155,
2023-03-11 15:00:00,2023-03-11,15,-0.7071067811865511,-0.7071067811865439,70,0.9312190003422356,0.3644601122230081,0.117,0.115,0.106,0.0939,0.11,
2023-03-11 15:15:00,2023-03-11,15,-0.7518398074789353,-0.6593458151001168,70,0.9312842950371776,0.3642932360298595,0.091,0.0895,0.0873,0.0780999999999999,0.09,
2023-03-11 15:30:00,2023-03-11,15,-0.7933533402912236,-0.6087614290087358,70,0.9313495598275932,0.3641263481388684,0.0392999999999999,0.0387,0.0407,0.0377,0.0406,
2023-03-11 15:45:00,2023-03-11,15,-0.831469612302528,-0.555570233019628,70,0.931414794711386,0.363959448555394,0.0291,0.0287,0.0273999999999999,0.0251,0.0278,
2023-03-11 16:00:00,2023-03-11,16,-0.8660254037844455,-0.4999999999999881,70,0.9314799996864616,0.3637925372847954,0.0236,0.0232,0.0219,0.02,0.0223,
2023-03-11 16:15:00,2023-03-11,16,-0.896872741532689,-0.4422886902189998,70,0.9315451747507262,0.3636256143324327,0.0136999999999999,0.0136,0.0121999999999999,0.0111,0.0125,
2023-03-11 16:30:00,2023-03-11,16,-0.923879532511261,-0.3826834323651519,70,0.9316103199020868,0.3634586797036654,0.0136999999999999,0.0136,0.0103,0.00925,0.0107,
2023-03-11 16:45:00,2023-03-11,16,-0.9469301294950984,-0.3214394653031828,70,0.9316754351384514,0.3632917334038543,0.0113,0.0112,0.00958,0.00861,0.0104,
2023-03-11 17:00:00,2023-03-11,17,-0.9659258262890592,-0.2588190451025541,70,0.9317405204577294,0.3631247754383603,0.0124,0.0126,0.00977,0.00929,0.0097899999999999,
2023-03-11 17:15:00,2023-03-11,17,-0.9807852804032324,-0.1950903220161182,70,0.9318055758578306,0.3629578058125444,0.0129,0.0129,0.0136999999999999,0.0138,0.0135,
2023-03-11 17:30:00,2023-03-11,17,-0.9914448613738102,-0.1305261922200534,70,0.931870601336666,0.3627908245317683,0.00375,0.00399,0.00366,0.00343,0.00404,
2023-03-11 17:45:00,2023-03-11,17,-0.9978589232385988,-0.0654031292302136,70,0.9319355968921478,0.362623831601394,-0.00179,-0.00166,-0.000396,-0.000459,-0.00051,
2023-03-11 18:00:00,2023-03-11,18,-1.0,-2.5965607045106828e-14,70,0.9320005625221888,0.3624568270267833,-0.000794,-0.000546,-0.000489,-0.000359,-0.000583,
2023-03-11 18:15:00,2023-03-11,18,-0.997858923238606,0.0654031292301051,70,0.9320654982247027,0.3622898108132997,-0.000653,-0.000436,-0.000534,-0.00042,-0.000613,
2023-03-11 18:30:00,2023-03-11,18,-0.9914448613738096,0.1305261922200583,70,0.9321304039976048,0.3621227829663057,-0.00111,-0.00101,-0.000489,-0.000539,-0.00117,
2023-03-11 18:45:00,2023-03-11,18,-0.9807852804032317,0.195090322016123,70,0.9321952798388105,0.3619557434911651,-0.00129,-0.0011899999999999,-0.000569,-0.000589,-0.00129,
2023-03-11 19:00:00,2023-03-11,19,-0.965925826289058,0.2588190451025589,70,0.9322601257462364,0.3617886923932413,-0.0016899999999999,-0.00149,-0.000872,-0.000799,-0.00149,
2023-03-11 19:15:00,2023-03-11,19,-0.9469301294951152,0.3214394653031336,70,0.9323249417178008,0.361621629677899,-0.0022299999999999,-0.00198,-0.00128,-0.00128,-0.00214,
2023-03-11 19:30:00,2023-03-11,19,-0.9238795325113026,0.3826834323650514,70,0.9323897277514218,0.3614545553505024,-0.00221,-0.0019299999999999,-0.0014399999999999,-0.00127,-0.00209,
2023-03-11 19:45:00,2023-03-11,19,-0.8968727415326868,0.4422886902190042,70,0.9324544838450196,0.3612874694164161,-0.00229,-0.00198,-0.00121,-0.0011,-0.0016799999999999,
2023-03-11 20:00:00,2023-03-11,20,-0.866025403784443,0.4999999999999923,70,0.9325192099965146,0.3611203718810063,-0.00289,-0.00239,-0.00117,-0.00105,-0.00139,
2023-03-11 20:15:00,2023-03-11,20,-0.8314696123025253,0.5555702330196322,70,0.9325839062038284,0.3609532627496379,-0.00174,-0.00133,-0.00114,-0.000852,-0.0014199999999999,
2023-03-11 20:30:00,2023-03-11,20,-0.7933533402912553,0.6087614290086945,70,0.9326485724648832,0.3607861420276776,-0.00256,-0.00229,-0.00156,-0.0014399999999999,-0.00226,
2023-03-11 20:45:00,2023-03-11,20,-0.751839807479007,0.659345815100035,70,0.9327132087776028,0.3606190097204914,-0.00249,-0.00216,-0.0015,-0.00133,-0.00218,
2023-03-11 21:00:00,2023-03-11,21,-0.7071067811865477,0.7071067811865474,70,0.9327778151399118,0.3604518658334459,-0.00323,-0.00276,-0.00172,-0.00152,-0.0025099999999999,
2023-03-11 21:15:00,2023-03-11,21,-0.6593458151000782,0.7518398074789693,70,0.9328423915497354,0.3602847103719088,-0.00178,-0.0013,-0.00122,-0.000818,-0.00075,
2023-03-11 21:30:00,2023-03-11,21,-0.6087614290086949,0.7933533402912549,70,0.932906938005,0.360117543341247,-0.00265,-0.00226,-0.0015,-0.00124,-0.00189,
2023-03-11 21:45:00,2023-03-11,21,-0.5555702330196325,0.831469612302525,70,0.9329714545036332,0.3599503647468292,-0.00249,-0.00212,-0.00134,-0.0011799999999999,-0.0016699999999999,
2023-03-11 22:00:00,2023-03-11,22,-0.500000000000042,0.8660254037844144,70,0.9330359410435628,0.3597831745940232,-0.00246,-0.00202,-0.00179,-0.0015,-0.00269,
2023-03-11 22:15:00,2023-03-11,22,-0.4422886902190046,0.8968727415326867,70,0.9331003976227183,0.3596159728881976,-0.0033,-0.00279,-0.00177,-0.0016699999999999,-0.00272,
2023-03-11 22:30:00,2023-03-11,22,-0.3826834323651044,0.9238795325112809,70,0.93316482423903,0.3594487596347216,-0.00304,-0.0027,-0.00151,-0.00174,-0.00197,
2023-03-11 22:45:00,2023-03-11,22,-0.3214394653031341,0.946930129495115,70,0.9332292208904294,0.3592815348389645,-0.00198,-0.00154,-0.0014399999999999,-0.00175,-0.00162,
2023-03-11 23:00:00,2023-03-11,23,-0.2588190451025593,0.965925826289058,70,0.933293587574848,0.3591142985062963,-0.0016799999999999,-0.00138,-0.00127,-0.00124,-0.0019299999999999,
2023-03-11 23:15:00,2023-03-11,23,-0.1950903220161792,0.9807852804032204,70,0.9333579242902196,0.3589470506420867,-0.00394,-0.00357,-0.0021,-0.00215,-0.0030499999999999,
2023-03-11 23:30:00,2023-03-11,23,-0.1305261922200587,0.9914448613738096,70,0.9334222310344776,0.3587797912517064,-0.00364,-0.003,-0.00152,-0.0014299999999999,-0.00171,
2023-03-11 23:45:00,2023-03-11,23,-0.0654031292301623,0.9978589232386024,70,0.9334865078055576,0.3586125203405266,-0.00298,-0.00249,-0.00151,-0.00135,-0.00199,
2023-03-12 00:00:00,2023-03-12,0,2.5487508957543062e-14,1.0,71,0.9335507546013954,0.3584452379139181,-0.00212,-0.00164,-0.00124,-0.000952,-0.00165,
2023-03-12 00:15:00,2023-03-12,0,0.0654031292300997,0.9978589232386064,71,0.9336149714199278,0.3582779439772529,-0.00295,-0.00256,-0.0014,-0.0011899999999999,-0.0018,
2023-03-12 00:30:00,2023-03-12,0,0.1305261922200529,0.9914448613738104,71,0.9336791582590928,0.3581106385359024,-0.00309,-0.00276,-0.00186,-0.00164,-0.00276,
2023-03-12 00:45:00,2023-03-12,0,0.1950903220161177,0.9807852804032324,71,0.9337433151168296,0.3579433215952397,-0.0019399999999999,-0.0016699999999999,-0.0011899999999999,-0.00102,-0.0018,
2023-03-12 01:00:00,2023-03-12,1,0.2588190451024987,0.9659258262890742,71,0.9338074419910776,0.3577759931606369,-0.00198,-0.00152,-0.00153,-0.00117,-0.00195,
2023-03-12 01:15:00,2023-03-12,1,0.3214394653031824,0.9469301294950986,71,0.933871538879778,0.3576086532374674,-0.00378,-0.00342,-0.00225,-0.00202,-0.00327,
2023-03-12 01:30:00,2023-03-12,1,0.3826834323650464,0.9238795325113048,71,0.9339356057808724,0.3574413018311048,-0.0031,-0.00256,-0.00184,-0.00152,-0.00237,
2023-03-12 01:45:00,2023-03-12,1,0.4422886902189993,0.8968727415326893,71,0.9339996426923036,0.3572739389469225,-0.00151,-0.00114,-0.00135,-0.00109,-0.00229,
2023-03-12 02:00:00,2023-03-12,2,0.4999999999999877,0.8660254037844457,71,0.9340636496120152,0.3571065645902951,-0.0033799999999999,-0.00296,-0.0019299999999999,-0.00179,-0.00304,
2023-03-12 02:15:00,2023-03-12,2,0.5555702330195804,0.8314696123025598,71,0.9341276265379518,0.3569391787665971,-0.00393,-0.00333,-0.00204,-0.00187,-0.0033,
2023-03-12 02:30:00,2023-03-12,2,0.6087614290087353,0.793353340291224,71,0.9341915734680594,0.3567717814812031,-0.00278,-0.0023,-0.0011,-0.00108,-0.00224,
2023-03-12 02:45:00,2023-03-12,2,0.659345815100031,0.7518398074790106,71,0.9342554904002844,0.3566043727394887,-0.00275,-0.00215,-0.00103,-0.000952,-0.0023,
2023-03-12 03:00:00,2023-03-12,3,0.7071067811865436,0.7071067811865515,71,0.9343193773325742,0.3564369525468295,-0.0014,-0.00109,-0.00109,-0.000547,-0.00081,
2023-03-12 03:15:00,2023-03-12,3,0.7518398074789657,0.6593458151000822,71,0.9343832342628776,0.3562695209086017,-0.00218,-0.00176,-0.00147,-0.000791,-0.0012,
2023-03-12 03:30:00,2023-03-12,3,0.7933533402912171,0.6087614290087443,71,0.9344470611891436,0.3561020778301817,-0.00332,-0.00291,-0.00221,-0.0019,-0.00328,
2023-03-12 03:45:00,2023-03-12,3,0.8314696123025536,0.5555702330195897,71,0.9345108581093232,0.3559346233169458,-0.0033799999999999,-0.00283,-0.00176,-0.00165,-0.00283,
2023-03-12 04:00:00,2023-03-12,4,0.8660254037844117,0.5000000000000466,71,0.9345746250213676,0.3557671573742718,-0.00275,-0.00226,-0.00172,-0.0015,-0.00263,
2023-03-12 04:15:00,2023-03-12,4,0.8968727415326843,0.4422886902190094,71,0.9346383619232294,0.3555996800075367,-0.00316,-0.00258,-0.00145,-0.00136,-0.00256,
2023-03-12 04:30:00,2023-03-12,4,0.9238795325112786,0.3826834323651093,71,0.9347020688128616,0.3554321912221185,-0.00323,-0.00269,-0.00149,-0.00138,-0.00254,
2023-03-12 04:45:00,2023-03-12,4,0.946930129495095,0.321439465303193,71,0.9347657456882184,0.3552646910233958,-0.00327,-0.00266,-0.00164,-0.00154,-0.00287,
2023-03-12 05:00:00,2023-03-12,5,0.9659258262890712,0.2588190451025096,71,0.9348293925472556,0.3550971794167467,-0.00444,-0.00365,-0.00147,-0.0016,-0.0028399999999999,
2023-03-12 05:15:00,2023-03-12,5,0.9807852804032192,0.1950903220161845,71,0.9348930093879289,0.3549296564075506,-0.00313,-0.00267,-0.0015,-0.0014299999999999,-0.00341,
2023-03-12 05:30:00,2023-03-12,5,0.9914448613738088,0.1305261922200641,71,0.9349565962081958,0.3547621220011864,-0.00225,-0.0016,0.000196,1.91e-05,-0.000994,
2023-03-12 05:45:00,2023-03-12,5,0.997858923238602,0.0654031292301677,71,0.9350201530060144,0.3545945762030342,0.00405,0.0044,0.00574,0.00537,0.00442,
2023-03-12 06:00:00,2023-03-12,6,1.0,-2.0097206099384943e-14,71,0.9350836797793438,0.3544270190184738,0.0181,0.0184,0.0223,0.0202,0.0201,
2023-03-12 06:15:00,2023-03-12,6,0.997858923238603,-0.065403129230151,71,0.935147176526144,0.3542594504528858,0.0348,0.038,0.0504,0.0444,0.0452,
2023-03-12 06:30:00,2023-03-12,6,0.9914448613738184,-0.1305261922199912,71,0.9352106432443764,0.3540918705116511,0.0486,0.0938,0.151,0.124,0.133,
2023-03-12 06:45:00,2023-03-12,6,0.9807852804032337,-0.1950903220161124,71,0.9352740799320024,0.3539242792001506,0.0629,0.14,0.227,0.191,0.205,
2023-03-12 07:00:00,2023-03-12,7,0.9659258262890756,-0.2588190451024935,71,0.9353374865869856,0.3537566765237661,0.0752,0.184,0.294,0.253,0.271,
2023-03-12 07:15:00,2023-03-12,7,0.9469301294951004,-0.3214394653031773,71,0.9354008632072895,0.3535890624878792,0.0920999999999999,0.232,0.362,0.317,0.338,
2023-03-12 07:30:00,2023-03-12,7,0.9238795325112852,-0.3826834323650939,71,0.9354642097908794,0.3534214370978726,0.1,0.281,0.434,0.386,0.406,
2023-03-12 07:45:00,2023-03-12,7,0.8968727415327168,-0.4422886902189435,71,0.9355275263357208,0.3532538003591286,0.0923,0.336,0.516,0.464,0.484,
2023-03-12 08:00:00,2023-03-12,8,0.8660254037844485,-0.499999999999983,71,0.935590812839781,0.3530861522770299,0.0919,0.388,0.592,0.538,0.556,
2023-03-12 08:15:00,2023-03-12,8,0.8314696123025628,-0.5555702330195759,71,0.9356540693010272,0.3529184928569606,0.0947,0.432,0.655,0.6,0.615,
2023-03-12 08:30:00,2023-03-12,8,0.7933533402912272,-0.6087614290087311,71,0.9357172957174288,0.3527508221043037,0.0948,0.475,0.714,0.659,0.672,
2023-03-12 08:45:00,2023-03-12,8,0.7518398074789767,-0.6593458151000696,71,0.9357804920869548,0.352583140024444,0.0909,0.517,0.772,0.717,0.731,
2023-03-12 09:00:00,2023-03-12,9,0.7071067811865955,-0.7071067811864995,71,0.9358436584075764,0.3524154466227655,0.0869,0.556,0.826,0.772,0.784,
2023-03-12 09:15:00,2023-03-12,9,0.6593458151000863,-0.7518398074789622,71,0.9359067946772652,0.3522477419046529,0.0911,0.588,0.871,0.818,0.827,
2023-03-12 09:30:00,2023-03-12,9,0.6087614290087485,-0.7933533402912137,71,0.935969900893994,0.3520800258754916,0.096,0.62,0.916,0.865,0.872,
2023-03-12 09:45:00,2023-03-12,9,0.5555702330195942,-0.8314696123025506,71,0.9360329770557362,0.3519122985406671,0.0927,0.65,0.956,0.908,0.914,
2023-03-12 10:00:00,2023-03-12,10,0.5000000000000021,-0.8660254037844374,71,0.9360960231604664,0.3517445599055654,0.0912999999999999,0.676,0.993,0.946,0.95,
2023-03-12 10:15:00,2023-03-12,10,0.4422886902190652,-0.8968727415326567,71,0.9361590392061596,0.3515768099755728,0.0897999999999999,0.701,1.03,0.982,0.983,
2023-03-12 10:30:00,2023-03-12,10,0.3826834323651143,-0.9238795325112766,71,0.9362220251907932,0.3514090487560755,0.0933,0.72,1.05,1.01,1.01,
2023-03-12 10:45:00,2023-03-12,10,0.3214394653031981,-0.9469301294950933,71,0.936284981112344,0.3512412762524611,0.0960999999999999,0.735,1.07,1.03,1.03,
2023-03-12 11:00:00,2023-03-12,11,0.2588190451025148,-0.96592582628907,71,0.9363479069687908,0.3510734924701164,0.0939,0.75,1.09,1.05,1.05,
2023-03-12 11:15:00,2023-03-12,11,0.195090322016134,-0.9807852804032292,71,0.9364108027581126,0.3509056974144293,0.0825,0.757,1.1,1.07,1.06,
2023-03-12 11:30:00,2023-03-12,11,0.130526192220013,-0.9914448613738156,71,0.9364736684782902,0.3507378910907879,0.0822,0.761,1.1,1.08,1.06,
2023-03-12 11:45:00,2023-03-12,11,0.065403129230173,-0.9978589232386016,71,0.9365365041273044,0.350570073504581,0.0729,0.76,1.1,1.07,1.06,
2023-03-12 12:00:00,2023-03-12,12,4.2136515619581194e-14,-1.0,71,0.936599309703138,0.350402244661197,0.0719,0.754,1.09,1.07,1.05,
2023-03-12 12:15:00,2023-03-12,12,-0.0654031292301457,-0.9978589232386034,71,0.936662085203774,0.350234404566025,0.0686,0.751,1.08,1.07,1.04,
2023-03-12 12:30:00,2023-03-12,12,-0.1305261922200422,-0.9914448613738116,71,0.9367248306271964,0.3500665532244548,0.0718,0.733,1.06,1.05,1.02,
2023-03-12 12:45:00,2023-03-12,12,-0.1950903220161629,-0.9807852804032235,71,0.9367875459713908,0.349898690641876,0.0775999999999999,0.719,1.04,1.03,1.0,
2023-03-12 13:00:00,2023-03-12,13,-0.2588190451024883,-0.965925826289077,71,0.9368502312343432,0.3497308168236789,0.0803,0.698,1.01,1.01,0.972,
2023-03-12 13:15:00,2023-03-12,13,-0.3214394653031184,-0.9469301294951205,71,0.9369128864140404,0.3495629317752545,0.0769,0.677,0.98,0.986,0.947,
2023-03-12 13:30:00,2023-03-12,13,-0.382683432365089,-0.9238795325112872,71,0.936975511508471,0.3493950355019932,0.0733,0.65,0.94,0.951,0.91,
2023-03-12 13:45:00,2023-03-12,13,-0.4422886902189897,-0.896872741532694,71,0.9370381065156236,0.3492271280092868,0.0722,0.623,0.899,0.915,0.873,
2023-03-12 14:00:00,2023-03-12,14,-0.5000000000000276,-0.8660254037844227,71,0.9371006714334884,0.3490592093025266,0.0714,0.587,0.846,0.868,0.822,
2023-03-12 14:15:00,2023-03-12,14,-0.5555702330195714,-0.8314696123025658,71,0.9371632062600564,0.348891279387105,0.0705,0.554,0.803,0.831,0.781,
2023-03-12 14:30:00,2023-03-12,14,-0.6087614290086817,-0.793353340291265,71,0.9372257109933194,0.3487233382684143,0.0667,0.515,0.747,0.782,0.727,
2023-03-12 14:45:00,2023-03-12,14,-0.6593458151000656,-0.7518398074789803,71,0.9372881856312706,0.3485553859518467,0.0643,0.476,0.693,0.736,0.676,
2023-03-12 15:00:00,2023-03-12,15,-0.7071067811865359,-0.7071067811865591,71,0.9373506301719036,0.3483874224427963,0.0736,0.433,0.634,0.684,0.621,
2023-03-12 15:15:00,2023-03-12,15,-0.7518398074789961,-0.6593458151000475,71,0.9374130446132132,0.348219447746656,0.0626,0.361,0.532,0.582,0.521,
2023-03-12 15:30:00,2023-03-12,15,-0.7933533402912105,-0.6087614290087529,71,0.9374754289531952,0.3480514618688198,0.0528999999999999,0.335,0.494,0.549,0.484,
2023-03-12 15:45:00,2023-03-12,15,-0.831469612302516,-0.5555702330196459,71,0.9375377831898468,0.3478834648146819,0.0523999999999999,0.286,0.42,0.476,0.411,
2023-03-12 16:00:00,2023-03-12,16,-0.8660254037844347,-0.5000000000000068,71,0.9376001073211652,0.3477154565896367,0.0584,0.247,0.357,0.412,0.35,
2023-03-12 16:15:00,2023-03-12,16,-0.8968727415326795,-0.4422886902190191,71,0.9376624013451492,0.3475474371990794,0.0702,0.214,0.302,0.352,0.297,
2023-03-12 16:30:00,2023-03-12,16,-0.9238795325112964,-0.3826834323650668,71,0.937724665259799,0.3473794066484048,0.0443,0.0953,0.135,0.158,0.13,
2023-03-12 16:45:00,2023-03-12,16,-0.9469301294950916,-0.3214394653032033,71,0.9377868990631149,0.3472113649430092,0.0348,0.0573,0.0775,0.0909,0.0742,
2023-03-12 17:00:00,2023-03-12,17,-0.9659258262890684,-0.2588190451025201,71,0.937849102753098,0.3470433120882881,0.0223,0.0467,0.0655,0.0861,0.0645999999999999,
2023-03-12 17:15:00,2023-03-12,17,-0.9807852804032282,-0.1950903220161393,71,0.9379112763277516,0.3468752480896382,0.0114,0.0116999999999999,0.0139,0.0141,0.0124,
2023-03-12 17:30:00,2023-03-12,17,-0.9914448613738074,-0.1305261922200747,71,0.9379734197850788,0.3467071729524561,-0.00183,-0.00151,0.000548,0.000566,-0.000818,
2023-03-12 17:45:00,2023-03-12,17,-0.9978589232386048,-0.0654031292301217,71,0.9380355331230844,0.3465390866821386,-0.00389,-0.00348,-0.0020499999999999,-0.00206,-0.0035,
2023-03-12 18:00:00,2023-03-12,18,-1.0,-4.75268184777393e-14,71,0.9380976163397736,0.3463709892840835,-0.00368,-0.00335,-0.00204,-0.00212,-0.00344,
2023-03-12 18:15:00,2023-03-12,18,-0.9978589232386036,0.0654031292301403,71,0.9381596694331532,0.346202880763688,-0.00415,-0.0036,-0.0020499999999999,-0.00217,-0.0035299999999999,
2023-03-12 18:30:00,2023-03-12,18,-0.9914448613738124,0.1305261922200369,71,0.9382216924012304,0.3460347611263512,-0.00231,-0.0020099999999999,-0.00133,-0.00136,-0.0016699999999999,
2023-03-12 18:45:00,2023-03-12,18,-0.9807852804032356,0.1950903220161019,71,0.9382836852420136,0.3458666303774709,-0.0033599999999999,-0.00299,-0.00188,-0.00195,-0.00287,
2023-03-12 19:00:00,2023-03-12,19,-0.9659258262890636,0.258819045102538,71,0.938345647953512,0.345698488522446,-0.00279,-0.00246,-0.0016799999999999,-0.00153,-0.00232,
2023-03-12 19:15:00,2023-03-12,19,-0.946930129495122,0.3214394653031133,71,0.938407580533736,0.345530335566676,-0.0032,-0.00287,-0.00178,-0.0016899999999999,-0.00258,
2023-03-12 19:30:00,2023-03-12,19,-0.9238795325112892,0.382683432365084,71,0.938469482980697,0.3453621715155602,-0.00266,-0.0023799999999999,-0.00147,-0.00132,-0.00231,
2023-03-12 19:45:00,2023-03-12,19,-0.8968727415326964,0.4422886902189848,71,0.9385313552924072,0.3451939963744988,-0.0033,-0.00295,-0.00175,-0.00154,-0.00271,
2023-03-12 20:00:00,2023-03-12,20,-0.8660254037844538,0.4999999999999737,71,0.9385931974668796,0.3450258101488916,-0.00311,-0.00265,-0.00161,-0.0013,-0.00232,
2023-03-12 20:15:00,2023-03-12,20,-0.8314696123025372,0.5555702330196142,71,0.9386550095021288,0.3448576128441397,-0.00273,-0.00231,-0.0016799999999999,-0.00184,-0.00133,
2023-03-12 20:30:00,2023-03-12,20,-0.7933533402912684,0.6087614290086774,71,0.9387167913961696,0.3446894044656441,-0.00329,-0.00291,-0.00213,-0.00226,-0.00266,
2023-03-12 20:45:00,2023-03-12,20,-0.7518398074789838,0.6593458151000615,71,0.938778543147018,0.3445211850188058,-0.0047199999999999,-0.00418,-0.00244,-0.0023,-0.00326,
2023-03-12 21:00:00,2023-03-12,21,-0.7071067811865629,0.7071067811865321,71,0.9388402647526916,0.3443529545090269,-0.00356,-0.00316,-0.00226,-0.00222,-0.00332,
2023-03-12 21:15:00,2023-03-12,21,-0.6593458151000944,0.7518398074789551,71,0.938901956211208,0.3441847129417093,-0.00294,-0.0025,-0.00166,-0.00206,-0.00115,
2023-03-12 21:30:00,2023-03-12,21,-0.608761429008712,0.7933533402912418,71,0.9389636175205864,0.3440164603222551,-0.00335,-0.00278,-0.00181,-0.002,-0.00196,
2023-03-12 21:45:00,2023-03-12,21,-0.5555702330196505,0.831469612302513,71,0.939025248678847,0.3438481966560674,-0.00377,-0.00329,-0.00176,-0.00218,-0.00207,
2023-03-12 22:00:00,2023-03-12,22,-0.5000000000000114,0.866025403784432,71,0.9390868496840103,0.3436799219485493,-0.00377,-0.00341,-0.00221,-0.00216,-0.00312,
2023-03-12 22:15:00,2023-03-12,22,-0.4422886902190239,0.8968727415326772,71,0.9391484205340984,0.3435116362051044,-0.00306,-0.00257,-0.0014199999999999,-0.00158,-0.00164,
2023-03-12 22:30:00,2023-03-12,22,-0.3826834323650718,0.9238795325112942,71,0.9392099612271344,0.3433433394311362,-0.00318,-0.00292,-0.00157,-0.00135,-0.0023799999999999,
2023-03-12 22:45:00,2023-03-12,22,-0.3214394653031545,0.946930129495108,71,0.939271471761142,0.3431750316320492,-0.00392,-0.00363,-0.0019299999999999,-0.002,-0.0030499999999999,
2023-03-12 23:00:00,2023-03-12,23,-0.2588190451025801,0.9659258262890524,71,0.939332952134146,0.3430067128132479,-0.00374,-0.00332,-0.00176,-0.00154,-0.00267,
2023-03-12 23:15:00,2023-03-12,23,-0.1950903220161446,0.9807852804032272,71,0.9393944023441724,0.3428383829801369,-0.00349,-0.00296,-0.00152,-0.0016,-0.00185,
2023-03-12 23:30:00,2023-03-12,23,-0.1305261922200801,0.9914448613738066,71,0.9394558223892476,0.3426700421381217,-0.00356,-0.00322,-0.00153,-0.0019399999999999,-0.00148,
2023-03-12 23:45:00,2023-03-12,23,-0.0654031292301271,0.9978589232386046,71,0.9395172122674,0.3425016902926078,-0.00281,-0.0027,-0.00185,-0.0020499999999999,-0.00239,
2023-03-13 00:00:00,2023-03-13,0,3.92629752491059e-15,1.0,72,0.9395785719766574,0.3423333274490014,-0.00471,-0.0040599999999999,-0.00181,-0.00185,-0.00233,
2023-03-13 00:15:00,2023-03-13,0,0.0654031292300782,0.9978589232386078,72,0.93963990151505,0.3421649536127087,-0.00347,-0.00311,-0.00172,-0.00179,-0.00228,
2023-03-13 00:30:00,2023-03-13,0,0.1305261922200315,0.991444861373813,72,0.9397012008806084,0.3419965687891361,-0.00182,-0.00185,-0.00176,-0.00161,-0.00243,
2023-03-13 00:45:00,2023-03-13,0,0.1950903220160966,0.9807852804032368,72,0.9397624700713644,0.341828172983691,-0.00267,-0.00248,-0.00156,-0.00174,-0.00207,
2023-03-13 01:00:00,2023-03-13,1,0.2588190451025328,0.9659258262890652,72,0.93982370908535,0.3416597662017804,-0.000893,-0.00122,-0.00174,-0.0019199999999999,-0.00213,
2023-03-13 01:15:00,2023-03-13,1,0.321439465303162,0.9469301294951056,72,0.9398849179205996,0.3414913484488121,-0.00271,-0.00273,-0.00149,-0.00179,-0.00189,
2023-03-13 01:30:00,2023-03-13,1,0.3826834323650265,0.9238795325113128,72,0.9399460965751468,0.3413229197301946,-0.00414,-0.00346,-0.00166,-0.0020499999999999,-0.00174,
2023-03-13 01:45:00,2023-03-13,1,0.44228869021898,0.8968727415326988,72,0.9400072450470276,0.3411544800513357,-0.00295,-0.00272,-0.00148,-0.00177,-0.00174,
2023-03-13 02:00:00,2023-03-13,2,0.499999999999969,0.8660254037844566,72,0.9400683633342786,0.3409860294176446,-0.00322,-0.00279,-0.0016799999999999,-0.00197,-0.0020499999999999,
2023-03-13 02:15:00,2023-03-13,2,0.5555702330196097,0.8314696123025402,72,0.9401294514349368,0.3408175678345302,-0.00287,-0.00254,-0.00151,-0.00188,-0.00164,
2023-03-13 02:30:00,2023-03-13,2,0.6087614290087182,0.793353340291237,72,0.940190509347041,0.3406490953074023,-0.00291,-0.0025499999999999,-0.00151,-0.00184,-0.00161,
2023-03-13 02:45:00,2023-03-13,2,0.6593458151000148,0.7518398074790249,72,0.9402515370686304,0.3404806118416703,-0.00309,-0.00271,-0.00152,-0.0019299999999999,-0.00189,
2023-03-13 03:00:00,2023-03-13,3,0.7071067811865283,0.7071067811865668,72,0.9403125345977452,0.3403121174427446,-0.00297,-0.00257,-0.00151,-0.00182,-0.00175,
2023-03-13 03:15:00,2023-03-13,3,0.7518398074789515,0.6593458151000984,72,0.9403735019324267,0.3401436121160359,-0.00317,-0.0028,-0.00165,-0.00185,-0.00218,
2023-03-13 03:30:00,2023-03-13,3,0.7933533402912385,0.6087614290087162,72,0.9404344390707174,0.3399750958669547,-0.00311,-0.00272,-0.00153,-0.00181,-0.00184,
2023-03-13 03:45:00,2023-03-13,3,0.8314696123025416,0.5555702330196076,72,0.9404953460106604,0.3398065687009127,-0.00354,-0.00318,-0.00214,-0.00226,-0.0030099999999999,
2023-03-13 04:00:00,2023-03-13,4,0.8660254037844578,0.4999999999999669,72,0.9405562227503,0.339638030623321,-0.00291,-0.0027,-0.00179,-0.00199,-0.0023599999999999,
2023-03-13 04:15:00,2023-03-13,4,0.8968727415326747,0.4422886902190288,72,0.9406170692876814,0.3394694816395919,-0.00302,-0.00282,-0.00182,-0.00181,-0.00269,
2023-03-13 04:30:00,2023-03-13,4,0.9238795325112704,0.3826834323651292,72,0.9406778856208506,0.3393009217551375,-0.00276,-0.00237,-0.00149,-0.00129,-0.00216,
2023-03-13 04:45:00,2023-03-13,4,0.9469301294951064,0.3214394653031596,72,0.9407386717478547,0.3391323509753704,-0.00273,-0.00244,-0.00149,-0.0012,-0.00224,
2023-03-13 05:00:00,2023-03-13,5,0.9659258262890656,0.2588190451025304,72,0.940799427666742,0.3389637693057039,-0.00347,-0.0030099999999999,-0.00159,-0.00138,-0.00271,
2023-03-13 05:15:00,2023-03-13,5,0.9807852804032372,0.1950903220160942,72,0.9408601533755616,0.3387951767515509,-0.00109,-0.00127,-0.00116,-0.00107,-0.00212,
2023-03-13 05:30:00,2023-03-13,5,0.991444861373806,0.1305261922200854,72,0.9409208488723632,0.3386265733183256,-0.000314,6.379999999999999e-05,0.00165,0.00162,0.000656,
2023-03-13 05:45:00,2023-03-13,5,0.9978589232386004,0.0654031292301892,72,0.9409815141551982,0.3384579590114416,0.00433,0.00454,0.00598,0.0055,0.0048,
2023-03-13 06:00:00,2023-03-13,6,1.0,1.4640053332475289e-15,72,0.9410421492221182,0.3382893338363133,0.0129,0.013,0.0155,0.0141,0.0141,
2023-03-13 06:15:00,2023-03-13,6,0.9978589232386044,-0.0654031292301295,72,0.9411027540711764,0.3381206977983556,0.0226,0.0231,0.0294,0.0266999999999999,0.0271,
2023-03-13 06:30:00,2023-03-13,6,0.9914448613738064,-0.1305261922200825,72,0.9411633287004266,0.3379520509029834,0.0226,0.0293,0.0412,0.0355,0.0377,
2023-03-13 06:45:00,2023-03-13,6,0.9807852804032378,-0.1950903220160913,72,0.9412238731079235,0.3377833931556126,0.0381,0.0385,0.0465,0.0431,0.0448,
2023-03-13 07:00:00,2023-03-13,7,0.9659258262890812,-0.2588190451024727,72,0.9412843872917236,0.3376147245616586,0.0576,0.0713,0.0904,0.0802,0.0861,
2023-03-13 07:15:00,2023-03-13,7,0.9469301294951072,-0.3214394653031568,72,0.9413448712498832,0.3374460451265373,0.0868,0.101,0.122,0.107,0.118,
2023-03-13 07:30:00,2023-03-13,7,0.9238795325112932,-0.382683432365074,72,0.94140532498046,0.3372773548556658,0.0744,0.134,0.189,0.169,0.179,
2023-03-13 07:45:00,2023-03-13,7,0.896872741532676,-0.4422886902190261,72,0.941465748481513,0.3371086537544603,0.0704,0.354,0.535,0.477,0.502,
2023-03-13 08:00:00,2023-03-13,8,0.8660254037844592,-0.4999999999999643,72,0.941526141751102,0.3369399418283382,0.0691,0.399,0.597,0.539,0.564,
2023-03-13 08:15:00,2023-03-13,8,0.8314696123025748,-0.555570233019558,72,0.9415865047872872,0.3367712190827174,0.0694,0.44,0.654,0.596,0.619,
2023-03-13 08:30:00,2023-03-13,8,0.7933533402912403,-0.6087614290087139,72,0.9416468375881312,0.3366024855230151,0.079,0.474,0.701,0.644,0.661,
2023-03-13 08:45:00,2023-03-13,8,0.7518398074789909,-0.6593458151000534,72,0.941707140151696,0.3364337411546501,0.0833,0.519,0.769,0.706,0.725,
2023-03-13 09:00:00,2023-03-13,9,0.7071067811865304,-0.7071067811865647,72,0.9417674124760452,0.3362649859830405,0.0901,0.562,0.828,0.769,0.784,
2023-03-13 09:15:00,2023-03-13,9,0.6593458151001025,-0.751839807478948,72,0.9418276545592436,0.3360962200136056,0.097,0.588,0.858,0.804,0.815,
2023-03-13 09:30:00,2023-03-13,9,0.6087614290087205,-0.7933533402912353,72,0.9418878663993568,0.3359274432517643,0.0947,0.609,0.892,0.842,0.853,
2023-03-13 09:45:00,2023-03-13,9,0.5555702330196122,-0.8314696123025386,72,0.9419480479944512,0.3357586557029363,0.104,0.649,0.948,0.9,0.905,
2023-03-13 10:00:00,2023-03-13,10,0.5000000000000208,-0.8660254037844266,72,0.9420081993425944,0.3355898573725419,0.168,0.571,0.846,0.808,0.809,
2023-03-13 10:15:00,2023-03-13,10,0.4422886902189826,-0.8968727415326975,72,0.9420683204418548,0.3354210482660009,0.198,0.598,0.876,0.838,0.84,
2023-03-13 10:30:00,2023-03-13,10,0.3826834323651342,-0.9238795325112684,72,0.9421284112903016,0.3352522283887343,0.21,0.581,0.861,0.83,0.825,
2023-03-13 10:45:00,2023-03-13,10,0.3214394653031647,-0.9469301294951046,72,0.942188471886006,0.3350833977461628,0.128,0.689,1.01,0.975,0.967,
2023-03-13 11:00:00,2023-03-13,11,0.2588190451025356,-0.9659258262890644,72,0.9422485022270384,0.334914556343708,0.353,0.58,0.85,0.827,0.821,
2023-03-13 11:15:00,2023-03-13,11,0.1950903220161552,-0.9807852804032252,72,0.9423085023114718,0.3347457041867915,0.414,0.617,0.853,0.822,0.825,
2023-03-13 11:30:00,2023-03-13,11,0.1305261922200344,-0.9914448613738128,72,0.9423684721373796,0.3345768412808348,0.114,0.751,1.08,1.05,1.04,
2023-03-13 11:45:00,2023-03-13,11,0.0654031292301945,-0.9978589232386,72,0.9424284117028356,0.3344079676312612,0.11,0.74,1.06,1.04,1.02,
2023-03-13 12:00:00,2023-03-13,12,6.854308191405648e-15,-1.0,72,0.9424883210059156,0.3342390832434926,0.13,0.751,1.05,1.04,1.02,
2023-03-13 12:15:00,2023-03-13,12,-0.0654031292301241,-0.9978589232386048,72,0.9425482000446952,0.3340701881229528,0.166,0.735,1.02,1.01,0.993,
2023-03-13 12:30:00,2023-03-13,12,-0.1305261922200208,-0.9914448613738144,72,0.9426080488172524,0.3339012822750647,0.12,0.711,1.01,1.0,0.977,
2023-03-13 12:45:00,2023-03-13,12,-0.1950903220161418,-0.9807852804032278,72,0.9426678673216649,0.3337323657052519,0.0907999999999999,0.71,1.01,1.01,0.981,
2023-03-13 13:00:00,2023-03-13,13,-0.2588190451024675,-0.9659258262890824,72,0.942727655556012,0.333563438418939,0.0975999999999999,0.688,0.975,0.982,0.948,
2023-03-13 13:15:00,2023-03-13,13,-0.3214394653031517,-0.946930129495109,72,0.9427874135183738,0.3333945004215498,0.0987,0.65,0.918,0.927,0.893,
2023-03-13 13:30:00,2023-03-13,13,-0.3826834323650691,-0.9238795325112952,72,0.9428471412068314,0.3332255517185098,0.0725,0.638,0.912,0.928,0.887,
2023-03-13 13:45:00,2023-03-13,13,-0.4422886902189704,-0.8968727415327036,72,0.9429068386194668,0.3330565923152438,0.0761,0.599,0.861,0.883,0.838,
2023-03-13 14:00:00,2023-03-13,14,-0.5000000000000089,-0.8660254037844335,72,0.9429665057543636,0.332887622217177,0.066,0.577,0.832,0.859,0.81,
2023-03-13 14:15:00,2023-03-13,14,-0.5555702330195534,-0.8314696123025778,72,0.9430261426096048,0.3327186414297357,0.0785,0.515,0.743,0.768,0.72,
2023-03-13 14:30:00,2023-03-13,14,-0.6087614290087097,-0.7933533402912436,72,0.9430857491832764,0.3325496499583456,0.0985,0.504,0.72,0.746,0.699,
2023-03-13 14:45:00,2023-03-13,14,-0.6593458151000494,-0.7518398074789945,72,0.943145325473464,0.3323806478084335,0.0729,0.47,0.676,0.709,0.655,
2023-03-13 15:00:00,2023-03-13,15,-0.7071067811865609,-0.7071067811865341,72,0.9432048714782544,0.3322116349854259,0.0805999999999999,0.413,0.587,0.626,0.572,
2023-03-13 15:15:00,2023-03-13,15,-0.7518398074789819,-0.6593458151000637,72,0.9432643871957354,0.3320426114947505,0.118,0.192,0.245,0.258,0.24,
2023-03-13 15:30:00,2023-03-13,15,-0.7933533402911973,-0.60876142900877,72,0.9433238726239962,0.3318735773418346,0.141,0.18,0.196,0.201,0.198,
2023-03-13 15:45:00,2023-03-13,15,-0.8314696123025356,-0.5555702330196166,72,0.9433833277611264,0.3317045325321057,0.134,0.171,0.201,0.205,0.202,
2023-03-13 16:00:00,2023-03-13,16,-0.8660254037844239,-0.5000000000000254,72,0.9434427526052174,0.3315354770709926,0.099,0.11,0.126,0.129,0.124,
2023-03-13 16:15:00,2023-03-13,16,-0.8968727415326951,-0.4422886902189875,72,0.9435021471543604,0.3313664109639233,0.108,0.183,0.232,0.258,0.235,
2023-03-13 16:30:00,2023-03-13,16,-0.923879532511288,-0.3826834323650867,72,0.9435615114066482,0.3311973342163272,0.0653,0.123,0.163,0.191,0.163,
2023-03-13 16:45:00,2023-03-13,16,-0.9469301294950846,-0.3214394653032237,72,0.943620845360175,0.3310282468336331,0.0409,0.0795999999999999,0.113,0.133,0.104,
2023-03-13 17:00:00,2023-03-13,17,-0.9659258262890628,-0.2588190451025409,72,0.9436801490130352,0.3308591488212707,0.0192,0.0205,0.0271,0.0287,0.0246,
2023-03-13 17:15:00,2023-03-13,17,-0.980785280403224,-0.1950903220161605,72,0.9437394223633244,0.3306900401846703,0.00691,0.00716,0.0094399999999999,0.00972,0.00778,
2023-03-13 17:30:00,2023-03-13,17,-0.991444861373812,-0.1305261922200398,72,0.9437986654091396,0.3305209209292615,-0.0015,-0.0012,0.000169,0.000157,-0.00106,
2023-03-13 17:45:00,2023-03-13,17,-0.9978589232386036,-0.0654031292301432,72,0.943857878148578,0.3303517910604756,-0.00269,-0.00231,-0.0011899999999999,-0.00094,-0.0022299999999999,
2023-03-13 18:00:00,2023-03-13,18,-1.0,-6.908802991037178e-14,72,0.9439170605797386,0.3301826505837431,-0.0025,-0.0021,-0.00124,-0.00101,-0.00211,
2023-03-13 18:15:00,2023-03-13,18,-0.9978589232386053,0.0654031292301188,72,0.9439762127007209,0.3300134995044951,-0.00242,-0.00209,-0.00109,-0.000933,-0.0016,
2023-03-13 18:30:00,2023-03-13,18,-0.9914448613738152,0.1305261922200155,72,0.9440353345096254,0.3298443378281635,-0.00256,-0.00219,-0.00121,-0.00128,-0.00165,
2023-03-13 18:45:00,2023-03-13,18,-0.9807852804032288,0.1950903220161365,72,0.9440944260045536,0.3296751655601803,-0.00373,-0.00332,-0.00164,-0.00188,-0.00254,
2023-03-13 19:00:00,2023-03-13,19,-0.9659258262890692,0.2588190451025172,72,0.9441534871836084,0.3295059827059778,-0.00283,-0.00243,-0.00102,-0.00148,-0.00125,
2023-03-13 19:15:00,2023-03-13,19,-0.946930129495129,0.3214394653030928,72,0.9442125180448924,0.3293367892709887,-0.0028399999999999,-0.00256,-0.0014199999999999,-0.00162,-0.0020299999999999,
2023-03-13 19:30:00,2023-03-13,19,-0.9238795325112974,0.3826834323650641,72,0.944271518586511,0.3291675852606456,-0.00212,-0.0019,-0.000969,-0.000917,-0.00126,
2023-03-13 19:45:00,2023-03-13,19,-0.8968727415327059,0.4422886902189655,72,0.9443304888065692,0.3289983706803824,-0.00235,-0.00199,-0.000924,-0.000814,-0.00108,
2023-03-13 20:00:00,2023-03-13,20,-0.8660254037844362,0.5000000000000042,72,0.9443894287031732,0.3288291455356321,-0.00277,-0.00247,-0.00138,-0.00147,-0.00181,
2023-03-13 20:15:00,2023-03-13,20,-0.8314696123025492,0.5555702330195963,72,0.944448338274431,0.3286599098318291,-0.00309,-0.00279,-0.0017,-0.00202,-0.00225,
2023-03-13 20:30:00,2023-03-13,20,-0.7933533402912123,0.6087614290087505,72,0.9445072175184503,0.3284906635744077,-0.0035,-0.00332,-0.00208,-0.00211,-0.0031,
2023-03-13 20:45:00,2023-03-13,20,-0.751839807478998,0.6593458151000453,72,0.9445660664333408,0.3283214067688027,-0.0042,-0.00408,-0.00173,-0.00182,-0.00289,
2023-03-13 21:00:00,2023-03-13,21,-0.7071067811865782,0.7071067811865168,72,0.9446248850172126,0.3281521394204491,-0.00317,-0.00263,-0.00124,-0.00138,-0.0025499999999999,
2023-03-13 21:15:00,2023-03-13,21,-0.6593458151000678,0.7518398074789784,72,0.9446836732681771,0.3279828615347818,-0.00304,-0.00248,-0.000807,-0.000986,-0.00199,
2023-03-13 21:30:00,2023-03-13,21,-0.6087614290087291,0.7933533402912287,72,0.9447424311843466,0.327813573117237,-0.00234,-0.0019299999999999,-0.001,-0.0012,-0.0024,
2023-03-13 21:45:00,2023-03-13,21,-0.5555702330195739,0.8314696123025642,72,0.9448011587638342,0.3276442741732504,-0.00254,-0.00199,-0.00147,-0.00154,-0.00319,
2023-03-13 22:00:00,2023-03-13,22,-0.5000000000000301,0.8660254037844213,72,0.9448598560047542,0.3274749647082585,-0.00425,-0.00319,-0.00137,-0.00149,-0.00266,
2023-03-13 22:15:00,2023-03-13,22,-0.4422886902190433,0.8968727415326676,72,0.9449185229052216,0.3273056447276982,-0.00197,-0.0016799999999999,-0.000745,-0.00114,-0.0013,
2023-03-13 22:30:00,2023-03-13,22,-0.3826834323650916,0.923879532511286,72,0.9449771594633528,0.3271363142370062,-0.000947,-0.000642,-0.000286,-0.000982,0.00103,
2023-03-13 22:45:00,2023-03-13,22,-0.3214394653031749,0.9469301294951012,72,0.9450357656772644,0.3269669732416203,-0.000662,-0.00055,-0.000493,-0.000971,0.000176,
2023-03-13 23:00:00,2023-03-13,23,-0.2588190451024911,0.9659258262890762,72,0.9450943415450752,0.3267976217469777,-0.0025099999999999,-0.00206,-0.00146,-0.0018,-0.0020099999999999,
2023-03-13 23:15:00,2023-03-13,23,-0.1950903220161658,0.980785280403223,72,0.9451528870649036,0.3266282597585169,-0.00247,-0.00198,-0.00102,-0.00127,-0.00204,
2023-03-13 23:30:00,2023-03-13,23,-0.1305261922201015,0.9914448613738038,72,0.9452114022348704,0.326458887281676,-0.00225,-0.00173,-0.000641,-0.00078,-0.0017,
2023-03-13 23:45:00,2023-03-13,23,-0.0654031292301486,0.9978589232386031,72,0.945269887053096,0.3262895043218938,-0.00218,-0.0016799999999999,-0.000779,-0.000814,-0.0014199999999999,
2023-03-14 00:00:00,2023-03-14,0,-1.7634913907721887e-14,1.0,73,0.9453283415177024,0.3261201108846096,-0.00204,-0.00171,-0.000731,-0.00113,-0.0009,
2023-03-14 00:15:00,2023-03-14,0,0.0654031292301701,0.9978589232386016,73,0.945386765626813,0.3259507069752624,-0.00233,-0.00208,-0.0009,-0.00137,-0.00112,
2023-03-14 00:30:00,2023-03-14,0,0.1305261922200102,0.9914448613738158,73,0.9454451593785512,0.3257812925992924,-0.00266,-0.0024,-0.00141,-0.00166,-0.00196,
2023-03-14 00:45:00,2023-03-14,0,0.1950903220160754,0.980785280403241,73,0.9455035227710424,0.3256118677621395,-0.00329,-0.00318,-0.00188,-0.00207,-0.00315,
2023-03-14 01:00:00,2023-03-14,1,0.258819045102512,0.9659258262890706,73,0.945561855802412,0.3254424324692437,-0.00254,-0.00239,-0.00111,-0.00132,-0.00195,
2023-03-14 01:15:00,2023-03-14,1,0.3214394653031416,0.9469301294951123,73,0.9456201584707876,0.3252729867260462,-0.00332,-0.00277,-0.00173,-0.00188,-0.00289,
2023-03-14 01:30:00,2023-03-14,1,0.3826834323651116,0.9238795325112776,73,0.9456784307742964,0.3251035305379879,-0.00259,-0.0020499999999999,-0.000889,-0.000967,-0.00209,
2023-03-14 01:45:00,2023-03-14,1,0.4422886902189606,0.8968727415327084,73,0.9457366727110672,0.3249340639105106,-0.00335,-0.0028,-0.00134,-0.0014199999999999,-0.0028,
2023-03-14 02:00:00,2023-03-14,2,0.4999999999999995,0.8660254037844389,73,0.94579488427923,0.3247645868490554,-0.00246,-0.0020099999999999,-0.000841,-0.000799,-0.00171,
2023-03-14 02:15:00,2023-03-14,2,0.5555702330195917,0.8314696123025522,73,0.9458530654769156,0.324595099359065,-0.0014399999999999,-0.00066,-0.000521,-0.000153,-0.000891,
2023-03-14 02:30:00,2023-03-14,2,0.6087614290087011,0.7933533402912502,73,0.9459112163022558,0.3244256014459816,-0.00299,-0.00263,-0.00131,-0.0014299999999999,-0.00226,
2023-03-14 02:45:00,2023-03-14,2,0.659345815100084,0.7518398074789641,73,0.9459693367533832,0.3242560931152476,-0.00267,-0.00187,-0.000458,-0.000738,-0.00112,
2023-03-14 03:00:00,2023-03-14,3,0.707106781186513,0.707106781186582,73,0.9460274268284316,0.3240865743723065,0.0014299999999999,0.002,0.00152,0.00183,0.00171,
2023-03-14 03:15:00,2023-03-14,3,0.7518398074789747,0.6593458151000718,73,0.9460854865255354,0.3239170452226016,-0.000848,-0.000543,0.000414,0.000405,-4.28e-05,
2023-03-14 03:30:00,2023-03-14,3,0.7933533402912254,0.6087614290087333,73,0.9461435158428304,0.3237475056715769,0.000385,0.000635,-0.000245,-0.000153,-0.000317,
2023-03-14 03:45:00,2023-03-14,3,0.8314696123025296,0.5555702330196256,73,0.9462015147784532,0.3235779557246763,8.27e-05,0.000333,-0.000465,-0.00039,-0.00069,
2023-03-14 04:00:00,2023-03-14,4,0.866025403784447,0.4999999999999855,73,0.9462594833305416,0.323408395387344,-0.0026,-0.00221,-0.0014399999999999,-0.00159,-0.0023,
2023-03-14 04:15:00,2023-03-14,4,0.8968727415326652,0.4422886902190481,73,0.9463174214972336,0.3232388246650252,-0.0033,-0.00327,-0.0016899999999999,-0.0020099999999999,-0.00202,
2023-03-14 04:30:00,2023-03-14,4,0.923879532511284,0.3826834323650966,73,0.9463753292766696,0.3230692435631646,9.51e-05,6.03e-05,-0.000159,-0.000218,-0.000437,
2023-03-14 04:45:00,2023-03-14,4,0.9469301294950994,0.32143946530318,73,0.9464332066669894,0.3228996520872077,-0.000393,-0.000426,-0.000321,-0.000375,-0.000771,
2023-03-14 05:00:00,2023-03-14,5,0.96592582628906,0.2588190451025512,73,0.9464910536663348,0.3227300502426006,-0.000323,-0.000287,-0.00029,-0.000275,-0.000767,
2023-03-14 05:15:00,2023-03-14,5,0.980785280403233,0.1950903220161153,73,0.946548870272848,0.322560438034789,-0.000922,-0.000794,-0.000462,-0.00042,-0.000895,
2023-03-14 05:30:00,2023-03-14,5,0.9914448613738032,0.1305261922201068,73,0.9466066564846728,0.3223908154692197,-0.000711,-0.00061,-0.000234,-0.000229,-0.000591,
2023-03-14 05:45:00,2023-03-14,5,0.9978589232386028,0.065403129230154,73,0.9466644122999536,0.322221182551339,0.000736,0.00073,0.000824,0.000722,0.000634,
2023-03-14 06:00:00,2023-03-14,6,1.0,2.302521676588001e-14,73,0.9467221377168356,0.3220515392865945,0.00128,0.00133,0.00117,0.0011,0.000973,
2023-03-14 06:15:00,2023-03-14,6,0.9978589232386058,-0.065403129230108,73,0.9467798327334652,0.3218818856804333,0.0050999999999999,0.0050999999999999,0.00496,0.00453,0.00492,
2023-03-14 06:30:00,2023-03-14,6,0.9914448613738092,-0.1305261922200612,73,0.94683749734799,0.3217122217383029,0.0057199999999999,0.00562,0.00535,0.00482,0.00532,
2023-03-14 06:45:00,2023-03-14,6,0.980785280403242,-0.1950903220160701,73,0.946895131558558,0.3215425474656521,0.0128,0.0125,0.0108,0.0097799999999999,0.0112,
2023-03-14 07:00:00,2023-03-14,7,0.965925826289072,-0.2588190451025068,73,0.9469527353633188,0.3213728628679287,0.0426,0.042,0.0389,0.0351,0.041,
2023-03-14 07:15:00,2023-03-14,7,0.9469301294951142,-0.3214394653031365,73,0.9470103087604222,0.3212031679505819,0.0465,0.0457,0.0429,0.0391,0.0444,
2023-03-14 07:30:00,2023-03-14,7,0.9238795325112796,-0.3826834323651066,73,0.94706785174802,0.3210334627190603,0.136,0.134,0.128,0.11,0.131,
2023-03-14 07:45:00,2023-03-14,7,0.8968727415326856,-0.4422886902190068,73,0.9471253643242642,0.3208637471788139,0.216,0.434,0.547,0.477,0.531,
2023-03-14 08:00:00,2023-03-14,8,0.86602540378447,-0.4999999999999457,73,0.947182846487308,0.3206940213352921,0.153,0.49,0.65,0.575,0.621,
2023-03-14 08:15:00,2023-03-14,8,0.8314696123025552,-0.5555702330195873,73,0.9472402982353056,0.3205242851939446,0.12,0.376,0.532,0.48,0.504,
2023-03-14 08:30:00,2023-03-14,8,0.7933533402912535,-0.6087614290086968,73,0.9472977195664124,0.3203545387602226,0.14,0.3,0.431,0.395,0.408,
2023-03-14 08:45:00,2023-03-14,8,0.7518398074789676,-0.65934581510008,73,0.947355110478784,0.3201847820395763,0.085,0.552,0.811,0.747,0.768,
2023-03-14 09:00:00,2023-03-14,9,0.7071067811865456,-0.7071067811865495,73,0.947412470970578,0.3200150150374571,0.083,0.586,0.851,0.789,0.808,
2023-03-14 09:15:00,2023-03-14,9,0.6593458151001187,-0.7518398074789338,73,0.9474698010399522,0.3198452377593162,0.102,0.625,0.897,0.836,0.853,
2023-03-14 09:30:00,2023-03-14,9,0.6087614290087376,-0.7933533402912221,73,0.9475271006850658,0.3196754502106051,0.127,0.667,0.951,0.892,0.908,
2023-03-14 09:45:00,2023-03-14,9,0.55557023301963,-0.8314696123025266,73,0.9475843699040788,0.3195056523967765,0.143,0.706,1.0,0.944,0.96,
2023-03-14 10:00:00,2023-03-14,10,0.4999999999999902,-0.8660254037844443,73,0.9476416086951526,0.3193358443232818,0.117,0.715,1.02,0.97,0.98,
2023-03-14 10:15:00,2023-03-14,10,0.4422886902190019,-0.8968727415326879,73,0.9476988170564488,0.3191660259955748,0.116,0.734,1.05,1.0,1.01,
2023-03-14 10:30:00,2023-03-14,10,0.3826834323651542,-0.92387953251126,73,0.94775599498613,0.3189961974191081,0.173,0.778,1.09,1.04,1.05,
2023-03-14 10:45:00,2023-03-14,10,0.3214394653031852,-0.9469301294950976,73,0.947813142482361,0.3188263585993348,0.42,0.618,0.776,0.736,0.754,
2023-03-14 11:00:00,2023-03-14,11,0.2588190451025565,-0.9659258262890588,73,0.9478702595433062,0.318656509541709,0.432,0.593,0.703,0.661,0.702,
2023-03-14 11:15:00,2023-03-14,11,0.1950903220161206,-0.980785280403232,73,0.9479273461671316,0.3184866502516844,0.457,0.564,0.657,0.62,0.654,
2023-03-14 11:30:00,2023-03-14,11,0.1305261922200558,-0.9914448613738098,73,0.9479844023520044,0.3183167807347157,0.306,0.357,0.414,0.396,0.403,
2023-03-14 11:45:00,2023-03-14,11,0.0654031292302161,-0.9978589232385988,73,0.948041428096092,0.3181469009962573,0.349,0.344,0.335,0.305,0.342,
2023-03-14 12:00:00,2023-03-14,12,2.8415519624038125e-14,-1.0,73,0.9480984233975636,0.3179770110417643,0.26,0.256,0.215,0.188,0.227,
2023-03-14 12:15:00,2023-03-14,12,-0.0654031292301026,-0.997858923238606,73,0.9481553882545888,0.3178071108766924,0.467,0.527,0.602,0.572,0.609,
2023-03-14 12:30:00,2023-03-14,12,-0.1305261922200558,-0.9914448613738098,73,0.9482123226653384,0.3176372005064966,0.463,0.526,0.592,0.565,0.6,
2023-03-14 12:45:00,2023-03-14,12,-0.1950903220161206,-0.980785280403232,73,0.948269226627984,0.3174672799366336,0.489,0.66,0.795,0.771,0.791,
2023-03-14 13:00:00,2023-03-14,13,-0.2588190451025565,-0.9659258262890588,73,0.948326100140699,0.3172973491725591,0.401,0.493,0.579,0.562,0.575,
2023-03-14 13:15:00,2023-03-14,13,-0.3214394653031314,-0.946930129495116,73,0.9483829432016564,0.3171274082197303,0.318,0.369,0.426,0.413,0.426,
2023-03-14 13:30:00,2023-03-14,13,-0.3826834323650491,-0.9238795325113036,73,0.9484397558090316,0.3169574570836038,0.415,0.761,0.982,0.982,0.977,
2023-03-14 13:45:00,2023-03-14,13,-0.442288690219002,-0.8968727415326879,73,0.9484965379609998,0.316787495769637,0.318,0.324,0.353,0.339,0.357,
2023-03-14 14:00:00,2023-03-14,14,-0.4999999999999902,-0.8660254037844443,73,0.9485532896557376,0.3166175242832878,0.334,0.417,0.541,0.544,0.537,
2023-03-14 14:15:00,2023-03-14,14,-0.55557023301963,-0.8314696123025266,73,0.9486100108914228,0.3164475426300137,0.245,0.592,0.792,0.814,0.78,
2023-03-14 14:30:00,2023-03-14,14,-0.6087614290086926,-0.7933533402912567,73,0.9486667016662343,0.3162775508152735,0.265,0.346,0.413,0.417,0.412,
2023-03-14 14:45:00,2023-03-14,14,-0.6593458151000332,-0.7518398074790087,73,0.9487233619783514,0.3161075488445256,0.305,0.401,0.473,0.479,0.473,
2023-03-14 15:00:00,2023-03-14,15,-0.7071067811865456,-0.7071067811865495,73,0.9487799918259546,0.3159375367232286,0.243,0.424,0.533,0.557,0.53,
2023-03-14 15:15:00,2023-03-14,15,-0.7518398074789676,-0.65934581510008,73,0.9488365912072256,0.3157675144568422,0.299,0.434,0.512,0.526,0.514,
2023-03-14 15:30:00,2023-03-14,15,-0.7933533402912535,-0.6087614290086968,73,0.9488931601203472,0.3155974820508258,0.208,0.335,0.42,0.446,0.42,
2023-03-14 15:45:00,2023-03-14,15,-0.8314696123025236,-0.5555702330196346,73,0.9489496985635022,0.3154274395106396,0.186,0.283,0.354,0.381,0.353,
2023-03-14 16:00:00,2023-03-14,16,-0.8660254037844132,-0.5000000000000441,73,0.9490062065348756,0.3152573868417437,0.13,0.244,0.32,0.357,0.315,
2023-03-14 16:15:00,2023-03-14,16,-0.8968727415326856,-0.4422886902190068,73,0.949062684032653,0.3150873240495983,0.0969,0.172,0.227,0.26,0.224,
2023-03-14 16:30:00,2023-03-14,16,-0.9238795325112796,-0.3826834323651066,73,0.9491191310550204,0.3149172511396649,0.0736,0.13,0.172,0.204,0.172,
2023-03-14 16:45:00,2023-03-14,16,-0.9469301294951142,-0.3214394653031364,73,0.9491755476001658,0.3147471681174042,0.053,0.0877,0.114,0.135,0.114,
2023-03-14 17:00:00,2023-03-14,17,-0.9659258262890572,-0.2588190451025617,73,0.949231933666277,0.3145770749882779,0.0331,0.046,0.0585,0.068,0.0561,
2023-03-14 17:15:00,2023-03-14,17,-0.9807852804032198,-0.1950903220161816,73,0.9492882892515436,0.3144069717577483,0.0175,0.0178,0.0185,0.0193999999999999,0.0178,
2023-03-14 17:30:00,2023-03-14,17,-0.9914448613738092,-0.1305261922200611,73,0.9493446143541562,0.3142368584312769,0.00195,0.0020499999999999,0.00304,0.0030299999999999,0.00262,
2023-03-14 17:45:00,2023-03-14,17,-0.997858923238602,-0.0654031292301647,73,0.949400908972306,0.3140667350143269,-0.003,-0.00282,-0.000862,-0.000879,-0.00115,
2023-03-14 18:00:00,2023-03-14,18,-1.0,2.303759637861177e-14,73,0.949457173104185,0.3138966015123605,-0.00234,-0.00211,-0.0011899999999999,-0.00109,-0.00141,
2023-03-14 18:15:00,2023-03-14,18,-0.9978589232386064,0.0654031292300972,73,0.9495134067479868,0.3137264579308415,-0.00276,-0.0025,-0.00114,-0.00104,-0.00138,
2023-03-14 18:30:00,2023-03-14,18,-0.9914448613738106,0.1305261922200505,73,0.949569609901906,0.3135563042752327,-0.0019299999999999,-0.0016799999999999,-0.00116,-0.000986,-0.00147,
2023-03-14 18:45:00,2023-03-14,18,-0.980785280403233,0.1950903220161153,73,0.9496257825641372,0.3133861405509983,-0.0019299999999999,-0.0016,-0.00124,-0.00108,-0.00149,
2023-03-14 19:00:00,2023-03-14,19,-0.9659258262890748,0.2588190451024963,73,0.9496819247328768,0.3132159667636027,-0.00148,-0.00123,-0.00109,-0.00099,-0.0014399999999999,
2023-03-14 19:15:00,2023-03-14,19,-0.9469301294950994,0.32143946530318,73,0.9497380364063224,0.3130457829185099,-0.00158,-0.00138,-0.00104,-0.00099,-0.00146,
2023-03-14 19:30:00,2023-03-14,19,-0.9238795325113056,0.3826834323650441,73,0.949794117582672,0.3128755890211849,-0.00126,-0.00111,-0.00114,-0.00102,-0.0014199999999999,
2023-03-14 19:45:00,2023-03-14,19,-0.8968727415326904,0.4422886902189972,73,0.9498501682601248,0.3127053850770927,-0.00257,-0.00229,-0.00114,-0.00111,-0.00153,
2023-03-14 20:00:00,2023-03-14,20,-0.8660254037844469,0.4999999999999855,73,0.9499061884368806,0.312535171091699,-0.00196,-0.00175,-0.00112,-0.00103,-0.00149,
2023-03-14 20:15:00,2023-03-14,20,-0.8314696123025612,0.5555702330195783,73,0.9499621781111408,0.3123649470704691,-0.0020299999999999,-0.00177,-0.0011799999999999,-0.00107,-0.00134,
2023-03-14 20:30:00,2023-03-14,20,-0.7933533402912254,0.6087614290087334,73,0.9500181372811078,0.3121947130188693,-0.00159,-0.00134,-0.00111,-0.00102,-0.00147,
2023-03-14 20:45:00,2023-03-14,20,-0.7518398074790122,0.6593458151000291,73,0.9500740659449842,0.3120244689423663,-0.00128,-0.000947,-0.0011,-0.000948,-0.00141,
2023-03-14 21:00:00,2023-03-14,21,-0.7071067811865532,0.7071067811865418,73,0.9501299641009744,0.3118542148464263,-0.00204,-0.0018,-0.00114,-0.00112,-0.00151,
2023-03-14 21:15:00,2023-03-14,21,-0.659345815100084,0.7518398074789641,73,0.9501858317472832,0.3116839507365167,-0.00206,-0.00188,-0.00115,-0.00107,-0.00158,
2023-03-14 21:30:00,2023-03-14,21,-0.6087614290087462,0.7933533402912155,73,0.9502416688821168,0.3115136766181048,-0.002,-0.00177,-0.00115,-0.00108,-0.00151,
2023-03-14 21:45:00,2023-03-14,21,-0.5555702330195917,0.8314696123025522,73,0.9502974755036824,0.311343392496658,-0.00213,-0.00189,-0.0012,-0.00112,-0.0016799999999999,
2023-03-14 22:00:00,2023-03-14,22,-0.5000000000000488,0.8660254037844105,73,0.9503532516101876,0.3111730983776445,-0.00231,-0.00207,-0.00124,-0.00116,-0.00164,
2023-03-14 22:15:00,2023-03-14,22,-0.4422886902190117,0.8968727415326831,73,0.9504089971998416,0.3110027942665327,-0.00269,-0.00252,-0.00145,-0.00139,-0.0018,
2023-03-14 22:30:00,2023-03-14,22,-0.3826834323651116,0.9238795325112776,73,0.9504647122708544,0.3108324801687914,-0.0030099999999999,-0.00282,-0.00139,-0.00135,-0.00176,
2023-03-14 22:45:00,2023-03-14,22,-0.3214394653031954,0.946930129495094,73,0.9505203968214364,0.3106621560898894,-0.00136,-0.000798,-0.00135,-0.00105,-0.0015,
2023-03-14 23:00:00,2023-03-14,23,-0.258819045102512,0.9659258262890706,73,0.9505760508498003,0.3104918220352957,-0.00266,-0.00242,-0.0014,-0.00133,-0.00179,
2023-03-14 23:15:00,2023-03-14,23,-0.1950903220161869,0.9807852804032188,73,0.9506316743541584,0.3103214780104803,-0.00263,-0.00232,-0.00145,-0.0014,-0.00198,
2023-03-14 23:30:00,2023-03-14,23,-0.1305261922200665,0.9914448613738084,73,0.9506872673327252,0.3101511240209128,-0.00164,-0.00128,-0.00109,-0.000933,-0.0013,
2023-03-14 23:45:00,2023-03-14,23,-0.0654031292301701,0.9978589232386016,73,0.9507428297837148,0.3099807600720637,-0.002,-0.0017,-0.00113,-0.00112,-0.00157,
2023-03-15 00:00:00,2023-03-15,0,1.7647293520453652e-14,1.0,74,0.9507983617053436,0.3098103861694034,-0.00315,-0.00279,-0.00174,-0.00172,-0.00237,
2023-03-15 00:15:00,2023-03-15,0,0.0654031292301486,0.9978589232386031,74,0.950853863095828,0.3096400023184031,-0.00221,-0.00185,-0.00139,-0.00125,-0.00172,
2023-03-15 00:30:00,2023-03-15,0,0.1305261922199888,0.9914448613738188,74,0.9509093339533856,0.3094696085245339,-0.0025099999999999,-0.00224,-0.00135,-0.0013,-0.00191,
2023-03-15 00:45:00,2023-03-15,0,0.19509032201611,0.980785280403234,74,0.9509647742762362,0.3092992047932669,-0.0022,-0.00186,-0.00138,-0.0012,-0.00163,
2023-03-15 01:00:00,2023-03-15,1,0.2588190451024912,0.9659258262890762,74,0.9510201840625984,0.3091287911300745,-0.00237,-0.0020299999999999,-0.0014399999999999,-0.00126,-0.00172,
2023-03-15 01:15:00,2023-03-15,1,0.3214394653031749,0.9469301294951012,74,0.9510755633106938,0.3089583675404284,-0.00226,-0.00197,-0.00129,-0.00117,-0.00171,
2023-03-15 01:30:00,2023-03-15,1,0.3826834323650917,0.923879532511286,74,0.9511309120187436,0.3087879340298013,-0.00145,-0.000943,-0.00127,-0.00112,-0.00198,
2023-03-15 01:45:00,2023-03-15,1,0.4422886902189413,0.8968727415327179,74,0.9511862301849706,0.3086174906036663,-0.00243,-0.00212,-0.0014,-0.00127,-0.00185,
2023-03-15 02:00:00,2023-03-15,2,0.4999999999999809,0.8660254037844497,74,0.9512415178075986,0.3084470372674959,-0.00273,-0.0023599999999999,-0.00171,-0.00161,-0.00257,
2023-03-15 02:15:00,2023-03-15,2,0.5555702330195739,0.8314696123025642,74,0.951296774884852,0.3082765740267641,-0.00324,-0.00283,-0.0019199999999999,-0.00181,-0.00273,
2023-03-15 02:30:00,2023-03-15,2,0.6087614290087291,0.7933533402912287,74,0.9513520014149568,0.3081061008869443,-0.0028,-0.00239,-0.00179,-0.00156,-0.00234,
2023-03-15 02:45:00,2023-03-15,2,0.6593458151000678,0.7518398074789783,74,0.9514071973961394,0.3079356178535108,-0.00289,-0.00257,-0.00155,-0.00133,-0.00185,
2023-03-15 03:00:00,2023-03-15,3,0.7071067811864978,0.7071067811865972,74,0.9514623628266272,0.3077651249319379,-0.00278,-0.0024,-0.00166,-0.00146,-0.00231,
2023-03-15 03:15:00,2023-03-15,3,0.7518398074789605,0.659345815100088,74,0.9515174977046494,0.3075946221276999,-0.00291,-0.0025099999999999,-0.00153,-0.00135,-0.0020099999999999,
2023-03-15 03:30:00,2023-03-15,3,0.7933533402912123,0.6087614290087505,74,0.951572602028435,0.3074241094462726,-0.00325,-0.00287,-0.00186,-0.00166,-0.00257,
2023-03-15 03:45:00,2023-03-15,3,0.8314696123025492,0.5555702330195963,74,0.9516276757962144,0.3072535868931308,-0.00306,-0.00263,-0.0016799999999999,-0.00146,-0.00218,
2023-03-15 04:00:00,2023-03-15,4,0.8660254037844362,0.5000000000000042,74,0.9516827190062198,0.3070830544737505,-0.00307,-0.00264,-0.00185,-0.00151,-0.00239,
2023-03-15 04:15:00,2023-03-15,4,0.8968727415326556,0.4422886902190674,74,0.9517377316566832,0.3069125121936075,-0.00318,-0.00276,-0.00188,-0.0017,-0.00275,
2023-03-15 04:30:00,2023-03-15,4,0.9238795325112756,0.3826834323651166,74,0.9517927137458384,0.3067419600581779,-0.00345,-0.00302,-0.00209,-0.00185,-0.00293,
2023-03-15 04:45:00,2023-03-15,4,0.9469301294950924,0.3214394653032005,74,0.9518476652719192,0.3065713980729387,-0.00383,-0.00349,-0.00231,-0.00221,-0.00326,
2023-03-15 05:00:00,2023-03-15,5,0.9659258262890692,0.2588190451025172,74,0.951902586233162,0.3064008262433662,-0.0037,-0.00329,-0.00226,-0.00234,-0.00364,
2023-03-15 05:15:00,2023-03-15,5,0.9807852804032288,0.1950903220161365,74,0.9519574766278026,0.3062302445749384,-0.00333,-0.00277,-0.0016799999999999,-0.00185,-0.00312,
2023-03-15 05:30:00,2023-03-15,5,0.9914448613738152,0.1305261922200155,74,0.9520123364540786,0.3060596530731325,-0.0005,-9.93e-05,0.0013,0.00117,-0.000231,
2023-03-15 05:45:00,2023-03-15,5,0.9978589232386014,0.0654031292301755,74,0.9520671657102284,0.3058890517434265,0.00926,0.00967,0.0116999999999999,0.0107,0.0101,
2023-03-15 06:00:00,2023-03-15,6,1.0,4.458642819851248e-14,74,0.9521219643944911,0.3057184405912985,0.0261,0.0261,0.0316,0.029,0.0292,
2023-03-15 06:15:00,2023-03-15,6,0.9978589232386036,-0.0654031292301432,74,0.9521767325051076,0.3055478196222268,0.0412,0.0634,0.0914,0.0737999999999999,0.0795,
2023-03-15 06:30:00,2023-03-15,6,0.991444861373812,-0.1305261922200398,74,0.9522314700403188,0.3053771888416906,0.0552999999999999,0.114,0.175,0.141,0.157,
2023-03-15 06:45:00,2023-03-15,6,0.980785280403224,-0.1950903220161605,74,0.9522861769983672,0.3052065482551684,0.0657,0.161,0.25,0.208,0.227,
2023-03-15 07:00:00,2023-03-15,7,0.9659258262890776,-0.258819045102486,74,0.952340853377496,0.3050358978681406,0.0784,0.216,0.329,0.281,0.306,
2023-03-15 07:15:00,2023-03-15,7,0.9469301294951212,-0.321439465303116,74,0.9523954991759496,0.3048652376860865,0.0904,0.268,0.404,0.352,0.38,
2023-03-15 07:30:00,2023-03-15,7,0.923879532511288,-0.3826834323650867,74,0.952450114391973,0.3046945677144859,0.109,0.322,0.483,0.428,0.455,
2023-03-15 07:45:00,2023-03-15,7,0.8968727415326951,-0.4422886902189875,74,0.9525046990238129,0.3045238879588196,0.124,0.37,0.547,0.49,0.52,
2023-03-15 08:00:00,2023-03-15,8,0.8660254037844239,-0.5000000000000254,74,0.952559253069716,0.304353198424568,0.152,0.425,0.618,0.56,0.587,
2023-03-15 08:15:00,2023-03-15,8,0.8314696123025672,-0.5555702330195694,74,0.9526137765279312,0.3041824991172124,0.151,0.41,0.596,0.545,0.569,
2023-03-15 08:30:00,2023-03-15,8,0.7933533402912666,-0.6087614290086797,74,0.952668269396707,0.3040117900422339,0.204,0.52,0.729,0.669,0.695,
2023-03-15 08:45:00,2023-03-15,8,0.7518398074789818,-0.6593458151000637,74,0.952722731674294,0.3038410712051142,0.252,0.474,0.647,0.595,0.61,
2023-03-15 09:00:00,2023-03-15,9,0.7071067811865609,-0.7071067811865341,74,0.952777163358943,0.3036703426113356,0.221,0.418,0.578,0.535,0.551,
2023-03-15 09:15:00,2023-03-15,9,0.6593458151000494,-0.7518398074789945,74,0.9528315644489066,0.3034996042663798,0.188,0.592,0.855,0.797,0.811,
2023-03-15 09:30:00,2023-03-15,9,0.6087614290087547,-0.793353340291209,74,0.9528859349424376,0.3033288561757299,0.163,0.653,0.944,0.886,0.899,
2023-03-15 09:45:00,2023-03-15,9,0.555570233019648,-0.8314696123025146,74,0.95294027483779,0.3031580983448686,0.16,0.681,0.978,0.922,0.933,
2023-03-15 10:00:00,2023-03-15,10,0.5000000000000089,-0.8660254037844335,74,0.9529945841332194,0.302987330779279,0.154,0.713,1.02,0.97,0.977,
2023-03-15 10:15:00,2023-03-15,10,0.4422886902190213,-0.8968727415326784,74,0.9530488628269814,0.3028165534844446,0.195,0.722,1.02,0.973,0.985,
2023-03-15 10:30:00,2023-03-15,10,0.3826834323650691,-0.9238795325112952,74,0.9531031109173334,0.3026457664658494,0.216,0.701,0.994,0.95,0.954,
2023-03-15 10:45:00,2023-03-15,10,0.3214394653032056,-0.9469301294950908,74,0.953157328402533,0.3024749697289777,0.221,0.683,0.973,0.934,0.935,
2023-03-15 11:00:00,2023-03-15,11,0.2588190451025224,-0.965925826289068,74,0.9532115152808396,0.3023041632793136,0.205,0.732,1.04,1.01,1.0,
2023-03-15 11:15:00,2023-03-15,11,0.1950903220161418,-0.9807852804032278,74,0.9532656715505128,0.3021333471223423,0.219,0.783,1.11,1.08,1.08,
2023-03-15 11:30:00,2023-03-15,11,0.1305261922200772,-0.991444861373807,74,0.953319797209814,0.3019625212635486,0.222,0.775,1.1,1.08,1.07,
2023-03-15 11:45:00,2023-03-15,11,0.0654031292301241,-0.9978589232386048,74,0.9533738922570052,0.3017916857084178,0.198,0.757,1.07,1.05,1.04,
2023-03-15 12:00:00,2023-03-15,12,4.99767310566706e-14,-1.0,74,0.953427956690349,0.3016208404624358,0.197,0.741,1.05,1.03,1.01,
2023-03-15 12:15:00,2023-03-15,12,-0.0654031292301378,-0.9978589232386038,74,0.9534819905081094,0.3014499855310885,0.198,0.731,1.03,1.02,1.0,
2023-03-15 12:30:00,2023-03-15,12,-0.1305261922200344,-0.9914448613738128,74,0.9535359937085516,0.3012791209198626,0.197,0.743,1.05,1.04,1.02,
2023-03-15 12:45:00,2023-03-15,12,-0.1950903220160995,-0.9807852804032362,74,0.9535899662899412,0.3011082466342444,0.185,0.71,1.01,1.0,0.976,
2023-03-15 13:00:00,2023-03-15,13,-0.2588190451025356,-0.9659258262890644,74,0.9536439082505452,0.3009373626797207,0.223,0.622,0.877,0.875,0.853,
2023-03-15 13:15:00,2023-03-15,13,-0.3214394653031109,-0.9469301294951228,74,0.9536978195886314,0.3007664690617793,0.195,0.685,0.97,0.973,0.943,
2023-03-15 13:30:00,2023-03-15,13,-0.3826834323650817,-0.92387953251129,74,0.9537517003024688,0.3005955657859071,0.193,0.638,0.908,0.916,0.882,
2023-03-15 13:45:00,2023-03-15,13,-0.4422886902189826,-0.8968727415326975,74,0.9538055503903272,0.3004246528575924,0.233,0.581,0.813,0.82,0.79,
2023-03-15 14:00:00,2023-03-15,14,-0.4999999999999716,-0.866025403784455,74,0.9538593698504771,0.3002537302823236,0.239,0.516,0.716,0.724,0.699,
2023-03-15 14:15:00,2023-03-15,14,-0.5555702330196122,-0.8314696123025386,74,0.953913158681191,0.3000827980655887,0.235,0.483,0.662,0.671,0.646,
2023-03-15 14:30:00,2023-03-15,14,-0.6087614290086755,-0.7933533402912698,74,0.953966916880741,0.2999118562128769,0.227,0.396,0.527,0.536,0.519,
2023-03-15 14:45:00,2023-03-15,14,-0.6593458151000597,-0.7518398074789854,74,0.9540206444474012,0.2997409047296771,0.248,0.372,0.472,0.483,0.463,
2023-03-15 15:00:00,2023-03-15,15,-0.7071067811865304,-0.7071067811865647,74,0.954074341379446,0.299569943621479,0.218,0.402,0.523,0.546,0.519,
2023-03-15 15:15:00,2023-03-15,15,-0.7518398074789534,-0.6593458151000962,74,0.9541280076751516,0.2993989728937719,0.232,0.436,0.557,0.586,0.561,
2023-03-15 15:30:00,2023-03-15,15,-0.7933533402912403,-0.6087614290087139,74,0.9541816433327948,0.2992279925520461,0.146,0.353,0.48,0.522,0.477,
2023-03-15 15:45:00,2023-03-15,15,-0.8314696123025117,-0.5555702330196525,74,0.9542352483506528,0.2990570026017922,0.122,0.239,0.319,0.35,0.315,
2023-03-15 16:00:00,2023-03-15,16,-0.8660254037844308,-0.5000000000000135,74,0.9542888227270044,0.2988860030485004,0.119,0.187,0.242,0.266,0.24,
2023-03-15 16:15:00,2023-03-15,16,-0.896872741532676,-0.4422886902190261,74,0.9543423664601292,0.2987149938976621,0.113,0.187,0.23,0.261,0.232,
2023-03-15 16:30:00,2023-03-15,16,-0.9238795325112932,-0.382683432365074,74,0.9543958795483084,0.2985439751547682,0.0909,0.144,0.177,0.203,0.18,
2023-03-15 16:45:00,2023-03-15,16,-0.9469301294951072,-0.3214394653031568,74,0.954449361989823,0.2983729468253108,0.0667,0.109,0.133,0.155,0.133,
2023-03-15 17:00:00,2023-03-15,17,-0.9659258262890518,-0.2588190451025825,74,0.954502813782956,0.2982019089147812,0.0436,0.0613999999999999,0.074,0.0852,0.0725,
2023-03-15 17:15:00,2023-03-15,17,-0.9807852804032268,-0.195090322016147,74,0.954556234925991,0.298030861428672,0.0177,0.018,0.0217,0.0226,0.0206,
2023-03-15 17:30:00,2023-03-15,17,-0.9914448613738064,-0.1305261922200825,74,0.9546096254172124,0.2978598043724758,0.00136,0.00161,0.00315,0.0030099999999999,0.00199,
2023-03-15 17:45:00,2023-03-15,17,-0.9978589232386044,-0.0654031292301295,74,0.9546629852549058,0.297688737751685,-0.00356,-0.00292,-0.0014,-0.00157,-0.00261,
2023-03-15 18:00:00,2023-03-15,18,-1.0,1.4763849459792957e-15,74,0.9547163144373578,0.2975176615717931,-0.00347,-0.00307,-0.0016899999999999,-0.00172,-0.00332,
2023-03-15 18:15:00,2023-03-15,18,-0.997858923238608,0.0654031292300757,74,0.954769612962856,0.2973465758382935,-0.00315,-0.00269,-0.00134,-0.00138,-0.0025499999999999,
2023-03-15 18:30:00,2023-03-15,18,-0.9914448613738134,0.1305261922200291,74,0.954822880829689,0.2971754805566797,-0.00292,-0.00233,-0.00127,-0.00136,-0.00262,
2023-03-15 18:45:00,2023-03-15,18,-0.9807852804032372,0.1950903220160942,74,0.954876118036146,0.2970043757324458,-0.0027,-0.00216,-0.00109,-0.000795,-0.00164,
2023-03-15 19:00:00,2023-03-15,19,-0.9659258262890656,0.2588190451025304,74,0.954929324580518,0.2968332613710864,-0.00246,-0.002,-0.00116,-0.000868,-0.0018,
2023-03-15 19:15:00,2023-03-15,19,-0.9469301294951064,0.3214394653031597,74,0.954982500461096,0.2966621374780961,-0.00302,-0.00252,-0.00137,-0.00104,-0.00206,
2023-03-15 19:30:00,2023-03-15,19,-0.923879532511314,0.3826834323650242,74,0.9550356456761726,0.2964910040589699,-0.00282,-0.00241,-0.0014199999999999,-0.00117,-0.00218,
2023-03-15 19:45:00,2023-03-15,19,-0.8968727415326999,0.4422886902189778,74,0.9550887602240414,0.2963198611192027,-0.00315,-0.00279,-0.00159,-0.00136,-0.00279,
2023-03-15 20:00:00,2023-03-15,20,-0.8660254037844578,0.4999999999999669,74,0.9551418441029966,0.2961487086642906,-0.00291,-0.00254,-0.00136,-0.00112,-0.00216,
2023-03-15 20:15:00,2023-03-15,20,-0.8314696123025416,0.5555702330196077,74,0.955194897311334,0.295977546699729,-0.00319,-0.00271,-0.00141,-0.00146,-0.00273,
2023-03-15 20:30:00,2023-03-15,20,-0.7933533402912385,0.6087614290087163,74,0.9552479198473496,0.2958063752310144,-0.00312,-0.00242,-0.000931,-0.00111,-0.00228,
2023-03-15 20:45:00,2023-03-15,20,-0.7518398074790265,0.6593458151000129,74,0.9553009117093408,0.2956351942636434,-0.00312,-0.00208,-0.00107,-0.00121,-0.00267,
2023-03-15 21:00:00,2023-03-15,21,-0.7071067811865684,0.7071067811865266,74,0.9553538728956064,0.2954640038031124,-0.00291,-0.0023,-0.00109,-0.00113,-0.0025099999999999,
2023-03-15 21:15:00,2023-03-15,21,-0.6593458151001003,0.7518398074789499,74,0.9554068034044452,0.2952928038549189,-0.00329,-0.00266,-0.00102,-0.000975,-0.00197,
2023-03-15 21:30:00,2023-03-15,21,-0.6087614290087182,0.793353340291237,74,0.955459703234158,0.2951215944245601,-0.00256,-0.00191,-0.000989,-0.000615,-0.0016799999999999,
2023-03-15 21:45:00,2023-03-15,21,-0.5555702330196097,0.8314696123025402,74,0.955512572383046,0.2949503755175339,-0.0028399999999999,-0.00247,-0.00114,-0.000849,-0.0016899999999999,
2023-03-15 22:00:00,2023-03-15,22,-0.499999999999969,0.8660254037844566,74,0.9555654108494116,0.2947791471393379,-0.00289,-0.00237,-0.00138,-0.00102,-0.00218,
2023-03-15 22:15:00,2023-03-15,22,-0.442288690219031,0.8968727415326736,74,0.9556182186315576,0.2946079092954708,-0.00277,-0.00237,-0.00145,-0.00121,-0.00231,
2023-03-15 22:30:00,2023-03-15,22,-0.3826834323651315,0.9238795325112694,74,0.9556709957277888,0.2944366619914314,-0.00304,-0.00244,-0.00129,-0.00099,-0.00196,
2023-03-15 22:45:00,2023-03-15,22,-0.321439465303162,0.9469301294951056,74,0.9557237421364104,0.2942654052327181,-0.00287,-0.00234,-0.00125,-0.00107,-0.00219,
2023-03-15 23:00:00,2023-03-15,23,-0.2588190451025328,0.9659258262890652,74,0.9557764578557288,0.2940941390248307,-0.00287,-0.00235,-0.00131,-0.0012,-0.00225,
2023-03-15 23:15:00,2023-03-15,23,-0.1950903220160966,0.9807852804032368,74,0.9558291428840509,0.2939228633732682,-0.00265,-0.00229,-0.00138,-0.0012,-0.00263,
2023-03-15 23:30:00,2023-03-15,23,-0.1305261922200879,0.9914448613738056,74,0.9558817972196848,0.2937515782835309,-0.00281,-0.00232,-0.00122,-0.000917,-0.00178,
2023-03-15 23:45:00,2023-03-15,23,-0.0654031292301916,0.9978589232386004,74,0.9559344208609402,0.2935802837611187,-0.00259,-0.00226,-0.0013,-0.00111,-0.00177,
2023-03-16 00:00:00,2023-03-16,0,-3.913917912178824e-15,1.0,75,0.955987013806127,0.2934089798115317,-0.00287,-0.0025,-0.00129,-0.0017,-0.0014,
2023-03-16 00:15:00,2023-03-16,0,0.0654031292301271,0.9978589232386046,75,0.9560395760535564,0.2932376664402715,-0.00294,-0.00263,-0.00147,-0.00191,-0.00174,
2023-03-16 00:30:00,2023-03-16,0,0.1305261922200801,0.9914448613738066,75,0.9560921076015408,0.2930663436528384,-0.00316,-0.00268,-0.00153,-0.00199,-0.00178,
2023-03-16 00:45:00,2023-03-16,0,0.1950903220160889,0.9807852804032384,75,0.9561446084483932,0.2928950114547344,-0.00246,-0.00219,-0.00132,-0.00182,-0.0013,
2023-03-16 01:00:00,2023-03-16,1,0.2588190451024703,0.9659258262890816,75,0.9561970785924276,0.2927236698514607,-0.00292,-0.00268,-0.00153,-0.0019199999999999,-0.00186,
2023-03-16 01:15:00,2023-03-16,1,0.3214394653031546,0.946930129495108,75,0.9562495180319592,0.2925523188485192,-0.00299,-0.00269,-0.00158,-0.0019,-0.00186,
2023-03-16 01:30:00,2023-03-16,1,0.3826834323650718,0.9238795325112942,75,0.9563019267653042,0.2923809584514126,-0.00313,-0.00275,-0.00182,-0.00212,-0.0020299999999999,
2023-03-16 01:45:00,2023-03-16,1,0.4422886902190239,0.8968727415326772,75,0.95635430479078,0.2922095886656427,-0.00314,-0.00279,-0.0016899999999999,-0.00212,-0.002,
2023-03-16 02:00:00,2023-03-16,2,0.4999999999999622,0.8660254037844605,75,0.956406652106704,0.2920382094967133,-0.00313,-0.0027,-0.00174,-0.00211,-0.00211,
2023-03-16 02:15:00,2023-03-16,2,0.5555702330195559,0.8314696123025762,75,0.9564589687113956,0.2918668209501271,-0.00283,-0.00254,-0.00159,-0.00185,-0.002,
2023-03-16 02:30:00,2023-03-16,2,0.608761429008712,0.7933533402912418,75,0.956511254603175,0.2916954230313875,-0.00281,-0.00271,-0.00157,-0.00174,-0.00231,
2023-03-16 02:45:00,2023-03-16,2,0.6593458151000516,0.7518398074789925,75,0.9565635097803632,0.2915240157459985,-0.0028399999999999,-0.00248,-0.00151,-0.00185,-0.00164,
2023-03-16 03:00:00,2023-03-16,3,0.7071067811865629,0.7071067811865321,75,0.956615734241282,0.2913525990994638,-0.0028,-0.00252,-0.00147,-0.00179,-0.00172,
2023-03-16 03:15:00,2023-03-16,3,0.7518398074789463,0.6593458151001043,75,0.9566679279842546,0.2911811730972883,-0.0028399999999999,-0.00263,-0.00158,-0.00177,-0.00218,
2023-03-16 03:30:00,2023-03-16,3,0.7933533402912337,0.6087614290087224,75,0.9567200910076052,0.2910097377449759,-0.00311,-0.00272,-0.00157,-0.0014399999999999,-0.00235,
2023-03-16 03:45:00,2023-03-16,3,0.8314696123025372,0.5555702330196142,75,0.9567722233096584,0.2908382930480326,-0.00333,-0.00287,-0.0016899999999999,-0.0014199999999999,-0.0023799999999999,
2023-03-16 04:00:00,2023-03-16,4,0.8660254037844254,0.5000000000000229,75,0.9568243248887404,0.290666839011963,-0.00292,-0.0025099999999999,-0.00146,-0.0011799999999999,-0.0022299999999999,
2023-03-16 04:15:00,2023-03-16,4,0.8968727415326964,0.4422886902189848,75,0.956876395743178,0.2904953756422726,-0.00275,-0.00233,-0.0014199999999999,-0.00113,-0.00212,
2023-03-16 04:30:00,2023-03-16,4,0.9238795325112674,0.3826834323651365,75,0.9569284358712992,0.2903239029444677,-0.00293,-0.00247,-0.00141,-0.00117,-0.00232,
2023-03-16 04:45:00,2023-03-16,4,0.9469301294951038,0.3214394653031671,75,0.9569804452714332,0.2901524209240539,-0.00261,-0.00226,-0.0014299999999999,-0.00121,-0.0024,
2023-03-16 05:00:00,2023-03-16,5,0.9659258262890636,0.258819045102538,75,0.9570324239419096,0.2899809295865384,-0.00273,-0.00225,-0.00133,-0.001,-0.00212,
2023-03-16 05:15:00,2023-03-16,5,0.9807852804032248,0.1950903220161576,75,0.9570843718810595,0.2898094289374273,-0.0035,-0.0028599999999999,-0.000945,-0.000833,-0.00186,
2023-03-16 05:30:00,2023-03-16,5,0.9914448613738124,0.1305261922200369,75,0.9571362890872148,0.2896379189822279,0.00151,0.0015,0.0014399999999999,0.0015,0.00051,
2023-03-16 05:45:00,2023-03-16,5,0.9978589232386,0.065403129230197,75,0.9571881755587082,0.2894663997264478,0.00807,0.00835,0.0101999999999999,0.0090899999999999,0.00873,
2023-03-16 06:00:00,2023-03-16,6,1.0,9.304220770336942e-15,75,0.9572400312938736,0.2892948711755944,0.0211,0.0213,0.0263,0.0238,0.0242,
2023-03-16 06:15:00,2023-03-16,6,0.9978589232386048,-0.0654031292301217,75,0.957291856291046,0.2891233333351758,0.0306999999999999,0.0452,0.0632,0.0507,0.0552,
2023-03-16 06:30:00,2023-03-16,6,0.9914448613738148,-0.1305261922200184,75,0.9573436505485612,0.2889517862107003,0.0437,0.075,0.11,0.09,0.0978,
2023-03-16 06:45:00,2023-03-16,6,0.9807852804032282,-0.1950903220161393,75,0.957395414064756,0.288780229807676,0.0516,0.169,0.264,0.217,0.241,
2023-03-16 07:00:00,2023-03-16,7,0.9659258262890832,-0.2588190451024652,75,0.9574471468379684,0.2886086641316123,0.0562999999999999,0.222,0.341,0.288,0.317,
2023-03-16 07:15:00,2023-03-16,7,0.9469301294951098,-0.3214394653031495,75,0.9574988488665368,0.2884370891880181,0.0606,0.267,0.403,0.348,0.38,
2023-03-16 07:30:00,2023-03-16,7,0.9238795325112964,-0.3826834323650668,75,0.9575505201488014,0.2882655049824031,0.0657,0.314,0.464,0.407,0.439,
2023-03-16 07:45:00,2023-03-16,7,0.8968727415327047,-0.4422886902189681,75,0.9576021606831028,0.2880939115202769,0.0752,0.38,0.552,0.492,0.525,
2023-03-16 08:00:00,2023-03-16,8,0.8660254037844347,-0.5000000000000068,75,0.9576537704677828,0.2879223088071493,0.0789,0.419,0.609,0.548,0.577,
2023-03-16 08:15:00,2023-03-16,8,0.8314696123025792,-0.5555702330195514,75,0.957705349501184,0.2877506968485311,0.0778,0.472,0.686,0.622,0.651,
2023-03-16 08:30:00,2023-03-16,8,0.793353340291245,-0.6087614290087077,75,0.9577568977816502,0.2875790756499325,0.0901,0.527,0.758,0.695,0.722,
2023-03-16 08:45:00,2023-03-16,8,0.751839807478996,-0.6593458151000475,75,0.9578084153075264,0.2874074452168647,0.0872,0.553,0.797,0.736,0.759,
2023-03-16 09:00:00,2023-03-16,9,0.7071067811865359,-0.7071067811865591,75,0.957859902077158,0.2872358055548388,0.0837,0.585,0.836,0.777,0.798,
2023-03-16 09:15:00,2023-03-16,9,0.6593458151000656,-0.7518398074789803,75,0.957911358088892,0.2870641566693667,0.0873,0.622,0.883,0.822,0.844,
2023-03-16 09:30:00,2023-03-16,9,0.6087614290087718,-0.7933533402911959,75,0.9579627833410757,0.2868924985659599,0.0978,0.643,0.908,0.848,0.869,
2023-03-16 09:45:00,2023-03-16,9,0.5555702330196187,-0.8314696123025342,75,0.958014177832058,0.2867208312501303,0.11,0.681,0.96,0.9,0.919,
2023-03-16 10:00:00,2023-03-16,10,0.5000000000000275,-0.8660254037844227,75,0.9580655415601887,0.2865491547273909,0.112,0.701,0.989,0.931,0.948,
2023-03-16 10:15:00,2023-03-16,10,0.4422886902189897,-0.896872741532694,75,0.9581168745238184,0.2863774690032539,0.126,0.739,1.04,0.979,0.996,
2023-03-16 10:30:00,2023-03-16,10,0.3826834323650889,-0.9238795325112872,75,0.9581681767212986,0.2862057740832325,0.155,0.715,1.0,0.955,0.965,
2023-03-16 10:45:00,2023-03-16,10,0.321439465303226,-0.9469301294950838,75,0.958219448150982,0.2860340699728402,0.175,0.769,1.07,1.02,1.03,
2023-03-16 11:00:00,2023-03-16,11,0.2588190451025432,-0.9659258262890624,75,0.958270688811222,0.2858623566775902,0.201,0.686,0.954,0.916,0.919,
2023-03-16 11:15:00,2023-03-16,11,0.1950903220161629,-0.9807852804032235,75,0.9583218987003738,0.2856906342029969,0.208,0.707,0.981,0.946,0.947,
2023-03-16 11:30:00,2023-03-16,11,0.1305261922200422,-0.9914448613738116,75,0.9583730778167924,0.2855189025545739,0.186,0.722,0.999,0.969,0.973,
2023-03-16 11:45:00,2023-03-16,11,0.0654031292301456,-0.9978589232386034,75,0.9584242261588348,0.2853471617378363,0.189,0.718,0.995,0.969,0.969,
2023-03-16 12:00:00,2023-03-16,12,7.153794248930309e-14,-1.0,75,0.9584753437248582,0.2851754117582983,0.201,0.739,1.02,0.997,0.998,
2023-03-16 12:15:00,2023-03-16,12,-0.0654031292301163,-0.9978589232386053,75,0.9585264305132214,0.2850036526214753,0.208,0.781,1.08,1.06,1.05,
2023-03-16 12:30:00,2023-03-16,12,-0.1305261922200131,-0.9914448613738156,75,0.9585774865222838,0.2848318843328828,0.193,0.694,0.966,0.952,0.937,
2023-03-16 12:45:00,2023-03-16,12,-0.1950903220161341,-0.9807852804032292,75,0.9586285117504062,0.2846601068980361,0.204,0.644,0.889,0.878,0.87,
2023-03-16 13:00:00,2023-03-16,13,-0.2588190451025148,-0.96592582628907,75,0.9586795061959498,0.2844883203224515,0.198,0.643,0.894,0.887,0.869,
2023-03-16 13:15:00,2023-03-16,13,-0.3214394653030905,-0.9469301294951298,75,0.9587304698572774,0.2843165246116451,0.158,0.709,0.987,0.983,0.964,
2023-03-16 13:30:00,2023-03-16,13,-0.3826834323650618,-0.9238795325112984,75,0.9587814027327524,0.2841447197711333,0.171,0.632,0.876,0.872,0.857,
2023-03-16 13:45:00,2023-03-16,13,-0.4422886902189633,-0.896872741532707,75,0.9588323048207392,0.283972905806433,0.148,0.586,0.828,0.829,0.808,
2023-03-16 14:00:00,2023-03-16,14,-0.5000000000000021,-0.8660254037844374,75,0.9588831761196032,0.2838010827230613,0.12,0.559,0.796,0.801,0.769,
2023-03-16 14:15:00,2023-03-16,14,-0.5555702330195942,-0.8314696123025506,75,0.9589340166277112,0.283629250526536,0.0948,0.575,0.816,0.825,0.789,
2023-03-16 14:30:00,2023-03-16,14,-0.6087614290087485,-0.7933533402912137,75,0.9589848263434304,0.2834574092223744,0.0865,0.53,0.744,0.762,0.719,
2023-03-16 14:45:00,2023-03-16,14,-0.6593458151000435,-0.7518398074789997,75,0.9590356052651292,0.2832855588160947,0.0804,0.475,0.655,0.684,0.642,
2023-03-16 15:00:00,2023-03-16,15,-0.7071067811865152,-0.7071067811865799,75,0.9590863533911772,0.2831136993132152,0.075,0.435,0.589,0.628,0.586,
2023-03-16 15:15:00,2023-03-16,15,-0.7518398074789767,-0.6593458151000696,75,0.959137070719945,0.2829418307192543,0.0621,0.397,0.536,0.581,0.54,
2023-03-16 15:30:00,2023-03-16,15,-0.7933533402912272,-0.608761429008731,75,0.9591877572498038,0.2827699530397308,0.0542999999999999,0.344,0.464,0.512,0.469,
2023-03-16 15:45:00,2023-03-16,15,-0.8314696123025629,-0.5555702330195759,75,0.9592384129791258,0.2825980662801642,0.0538999999999999,0.296,0.399,0.444,0.399,
2023-03-16 16:00:00,2023-03-16,16,-0.8660254037844201,-0.5000000000000322,75,0.9592890379062846,0.2824261704460741,0.0479,0.243,0.33,0.37,0.326,
2023-03-16 16:15:00,2023-03-16,16,-0.8968727415326665,-0.4422886902190455,75,0.9593396320296546,0.28225426554298,0.0424,0.191,0.254,0.296,0.255,
2023-03-16 16:30:00,2023-03-16,16,-0.9238795325112852,-0.3826834323650939,75,0.959390195347611,0.2820823515764016,0.0362,0.138,0.181,0.221,0.187,
2023-03-16 16:45:00,2023-03-16,16,-0.9469301294951004,-0.3214394653031773,75,0.9594407278585304,0.28191042855186,0.0301,0.1,0.132,0.164,0.13,
2023-03-16 17:00:00,2023-03-16,17,-0.9659258262890756,-0.2588190451024935,75,0.95949122956079,0.2817384964748751,0.0214,0.0602,0.0778,0.0998,0.0737,
2023-03-16 17:15:00,2023-03-16,17,-0.9807852804032224,-0.1950903220161682,75,0.9595417004527684,0.2815665553509682,0.0107,0.011,0.0148,0.0144,0.0124,
2023-03-16 17:30:00,2023-03-16,17,-0.9914448613738036,-0.1305261922201039,75,0.9595921405328444,0.2813946051856606,0.00187,0.00219,0.0040599999999999,0.00364,0.00224,
2023-03-16 17:45:00,2023-03-16,17,-0.997858923238603,-0.065403129230151,75,0.9596425497993988,0.2812226459844735,-0.00317,-0.00254,-0.0011899999999999,-0.0014299999999999,-0.00262,
2023-03-16 18:00:00,2023-03-16,18,-1.0,-2.008482648665318e-14,75,0.9596929282508124,0.2810506777529291,-0.00269,-0.00184,-0.00163,-0.00166,-0.00297,
2023-03-16 18:15:00,2023-03-16,18,-0.997858923238602,0.0654031292301677,75,0.9597432758854684,0.2808787004965489,-0.00312,-0.00233,-0.00112,-0.00128,-0.0025,
2023-03-16 18:30:00,2023-03-16,18,-0.9914448613738162,0.1305261922200077,75,0.9597935927017488,0.2807067142208559,-0.00431,-0.0037,-0.00149,-0.0017,-0.0026,
2023-03-16 18:45:00,2023-03-16,18,-0.9807852804032304,0.1950903220161288,75,0.9598438786980392,0.2805347189313723,-0.00231,-0.0014,-0.0014199999999999,-0.00128,-0.00269,
2023-03-16 19:00:00,2023-03-16,19,-0.9659258262890712,0.2588190451025096,75,0.9598941338727238,0.2803627146336211,-0.00399,-0.00327,-0.00174,-0.00178,-0.0030299999999999,
2023-03-16 19:15:00,2023-03-16,19,-0.9469301294951132,0.3214394653031392,75,0.9599443582241894,0.2801907013331259,-0.00392,-0.00294,-0.00127,-0.0014,-0.0025499999999999,
2023-03-16 19:30:00,2023-03-16,19,-0.9238795325112786,0.3826834323651094,75,0.9599945517508232,0.2800186790354099,-0.00408,-0.00331,-0.00166,-0.00173,-0.0033,
2023-03-16 19:45:00,2023-03-16,19,-0.8968727415327093,0.4422886902189585,75,0.9600447144510134,0.2798466477459971,-0.00314,-0.00273,-0.0020299999999999,-0.00187,-0.00352,
2023-03-16 20:00:00,2023-03-16,20,-0.8660254037844402,0.4999999999999974,75,0.9600948463231492,0.2796746074704114,-0.00316,-0.0027,-0.0017,-0.00154,-0.0029,
2023-03-16 20:15:00,2023-03-16,20,-0.8314696123025536,0.5555702330195897,75,0.9601449473656206,0.2795025582141774,-0.00324,-0.00271,-0.00139,-0.0014399999999999,-0.0027,
2023-03-16 20:30:00,2023-03-16,20,-0.7933533402912516,0.6087614290086991,75,0.9601950175768192,0.2793304999828198,-0.00289,-0.00241,-0.00129,-0.00124,-0.00246,
2023-03-16 20:45:00,2023-03-16,20,-0.7518398074789657,0.6593458151000822,75,0.9602450569551368,0.279158432781863,-0.00308,-0.00241,-0.00114,-0.0012,-0.00228,
2023-03-16 21:00:00,2023-03-16,21,-0.7071067811865838,0.7071067811865113,75,0.9602950654989668,0.2789863566168332,-0.00289,-0.00233,-0.000976,-0.000967,-0.0023,
2023-03-16 21:15:00,2023-03-16,21,-0.6593458151000737,0.7518398074789732,75,0.9603450432067036,0.2788142714932552,-0.00273,-0.0022,-0.0011,-0.00106,-0.00226,
2023-03-16 21:30:00,2023-03-16,21,-0.6087614290087353,0.793353340291224,75,0.960394990076742,0.2786421774166553,-0.00271,-0.00207,-0.000876,-0.000856,-0.00183,
2023-03-16 21:45:00,2023-03-16,21,-0.5555702330196276,0.8314696123025282,75,0.960444906107478,0.2784700743925595,-0.0028,-0.00218,-0.000989,-0.000914,-0.00204,
2023-03-16 22:00:00,2023-03-16,22,-0.4999999999999877,0.8660254037844457,75,0.9604947912973092,0.2782979624264939,-0.00264,-0.00209,-0.000976,-0.00091,-0.0021,
2023-03-16 22:15:00,2023-03-16,22,-0.4422886902190503,0.8968727415326642,75,0.9605446456446336,0.2781258415239857,-0.00259,-0.00202,-0.000927,-0.000837,-0.00186,
2023-03-16 22:30:00,2023-03-16,22,-0.3826834323650989,0.923879532511283,75,0.9605944691478504,0.2779537116905612,-0.00257,-0.002,-0.0009,-0.00086,-0.00212,
2023-03-16 22:45:00,2023-03-16,22,-0.3214394653031824,0.9469301294950986,75,0.9606442618053592,0.2777815729317485,-0.00282,-0.0023799999999999,-0.00125,-0.00123,-0.00252,
2023-03-16 23:00:00,2023-03-16,23,-0.2588190451025536,0.9659258262890594,75,0.9606940236155618,0.2776094252530748,-0.0028599999999999,-0.00227,-0.00108,-0.00109,-0.00219,
2023-03-16 23:15:00,2023-03-16,23,-0.1950903220161177,0.9807852804032324,75,0.9607437545768598,0.2774372686600677,-0.00309,-0.0023599999999999,-0.00113,-0.00124,-0.00233,
2023-03-16 23:30:00,2023-03-16,23,-0.1305261922201092,0.9914448613738028,75,0.9607934546876564,0.2772651031582557,-0.0028,-0.00216,-0.000886,-0.000807,-0.00181,
2023-03-16 23:45:00,2023-03-16,23,-0.0654031292301564,0.9978589232386026,75,0.960843123946356,0.2770929287531668,-0.00278,-0.00212,-0.000824,-0.000768,-0.00208,
2023-03-17 00:00:00,2023-03-17,0,-2.5475129344811302e-14,1.0,76,0.9608927623513632,0.2769207454503302,-0.00269,-0.00216,-0.00107,-0.00101,-0.00243,
2023-03-17 00:15:00,2023-03-17,0,0.0654031292301623,0.9978589232386024,76,0.9609423699010844,0.2767485532552742,-0.00293,-0.00239,-0.00114,-0.00117,-0.00247,
2023-03-17 00:30:00,2023-03-17,0,0.1305261922200587,0.9914448613738096,76,0.9609919465939264,0.276576352173529,-0.0030099999999999,-0.00239,-0.00104,-0.001,-0.00233,
2023-03-17 00:45:00,2023-03-17,0,0.1950903220160677,0.9807852804032424,76,0.9610414924282976,0.2764041422106237,-0.00246,-0.00204,-0.00111,-0.00104,-0.00231,
2023-03-17 01:00:00,2023-03-17,1,0.2588190451025044,0.9659258262890726,76,0.9610910074026064,0.2762319233720878,-0.00456,-0.00373,-0.00115,-0.00151,-0.00233,
2023-03-17 01:15:00,2023-03-17,1,0.3214394653031341,0.946930129495115,76,0.9611404915152636,0.276059695663452,-0.0042,-0.00328,-0.000872,-0.00104,-0.0020299999999999,
2023-03-17 01:30:00,2023-03-17,1,0.3826834323651044,0.9238795325112809,76,0.9611899447646796,0.2758874590902463,-0.00306,-0.00231,-0.0009,-0.000933,-0.00204,
2023-03-17 01:45:00,2023-03-17,1,0.4422886902190046,0.8968727415326867,76,0.9612393671492664,0.2757152136580018,-0.00306,-0.00247,-0.0011799999999999,-0.000998,-0.0023799999999999,
2023-03-17 02:00:00,2023-03-17,2,0.4999999999999435,0.8660254037844712,76,0.9612887586674376,0.275542959372249,-0.00272,-0.00218,-0.000941,-0.00107,-0.0020299999999999,
2023-03-17 02:15:00,2023-03-17,2,0.5555702330195853,0.8314696123025566,76,0.9613381193176068,0.2753706962385194,-0.0028399999999999,-0.00214,-0.000927,-0.000914,-0.0020299999999999,
2023-03-17 02:30:00,2023-03-17,2,0.6087614290086949,0.7933533402912549,76,0.9613874490981889,0.2751984242623447,-0.00274,-0.00189,-0.000548,-0.0006,-0.00157,
2023-03-17 02:45:00,2023-03-17,2,0.6593458151000782,0.7518398074789693,76,0.9614367480075998,0.2750261434492566,-0.00229,-0.00171,-0.000938,-0.000722,-0.0021,
2023-03-17 03:00:00,2023-03-17,3,0.7071067811865477,0.7071067811865474,76,0.9614860160442568,0.2748538538047873,-0.00278,-0.00229,-0.00113,-0.00109,-0.00241,
2023-03-17 03:15:00,2023-03-17,3,0.7518398074789321,0.6593458151001205,76,0.9615352532065774,0.2746815553344691,-0.0025499999999999,-0.00196,-0.000958,-0.00086,-0.00181,
2023-03-17 03:30:00,2023-03-17,3,0.7933533402912206,0.6087614290087396,76,0.9615844594929812,0.2745092480438343,-0.00261,-0.00199,-0.000865,-0.000711,-0.00174,
2023-03-17 03:45:00,2023-03-17,3,0.8314696123025253,0.5555702330196322,76,0.9616336349018874,0.2743369319384167,-0.00292,-0.002,-0.00111,-0.000959,-0.00248,
2023-03-17 04:00:00,2023-03-17,4,0.866025403784443,0.4999999999999923,76,0.9616827794317174,0.274164607023749,-0.00325,-0.0022299999999999,-0.00109,-0.000956,-0.00233,
2023-03-17 04:15:00,2023-03-17,4,0.8968727415326869,0.4422886902190042,76,0.9617318930808928,0.2739922733053651,-0.00309,-0.00202,-0.000589,-0.000543,-0.00176,
2023-03-17 04:30:00,2023-03-17,4,0.9238795325112592,0.3826834323651564,76,0.961780975847837,0.2738199307887985,-0.00324,-0.00226,-0.000707,-0.000566,-0.00219,
2023-03-17 04:45:00,2023-03-17,4,0.9469301294950968,0.3214394653031875,76,0.9618300277309736,0.2736475794795832,-0.00295,-0.00233,-0.00129,-0.000944,-0.00278,
2023-03-17 05:00:00,2023-03-17,5,0.965925826289058,0.2588190451025589,76,0.9618790487287272,0.273475219383254,-0.0028,-0.00221,-0.0009,-0.000841,-0.00237,
2023-03-17 05:15:00,2023-03-17,5,0.9807852804032317,0.195090322016123,76,0.9619280388395242,0.2733028505053449,-0.00231,-0.00141,-0.000193,-0.000508,-0.00195,
2023-03-17 05:30:00,2023-03-17,5,0.9914448613738096,0.1305261922200582,76,0.961976998061791,0.2731304728513917,0.0017,0.00262,0.00358,0.00327,0.00222,
2023-03-17 05:45:00,2023-03-17,5,0.997858923238606,0.0654031292301051,76,0.962025926393956,0.2729580864269291,0.0154,0.0159,0.0178,0.0161,0.0162,
2023-03-17 06:00:00,2023-03-17,6,1.0,3.0865432202969425e-14,76,0.9620748238344476,0.2727856912374929,0.037,0.0373,0.0394,0.0353,0.0378999999999999,
2023-03-17 06:15:00,2023-03-17,6,0.9978589232386064,-0.0654031292301002,76,0.9621236903816957,0.2726132872886186,0.0565,0.108,0.149,0.11,0.132,
2023-03-17 06:30:00,2023-03-17,6,0.9914448613738102,-0.1305261922200534,76,0.9621725260341314,0.2724408745858424,0.0729,0.142,0.193,0.151,0.178,
2023-03-17 06:45:00,2023-03-17,6,0.9807852804032324,-0.1950903220161182,76,0.9622213307901863,0.2722684531347007,0.0871,0.175,0.238,0.195,0.222,
2023-03-17 07:00:00,2023-03-17,7,0.9659258262890592,-0.2588190451025541,76,0.9622701046482935,0.2720960229407297,0.0962,0.189,0.254,0.215,0.243,
2023-03-17 07:15:00,2023-03-17,7,0.9469301294951168,-0.321439465303129,76,0.9623188476068866,0.2719235840094671,0.103,0.212,0.288,0.248,0.277,
2023-03-17 07:30:00,2023-03-17,7,0.9238795325113044,-0.3826834323650468,76,0.9623675596644004,0.2717511363464497,0.109,0.225,0.305,0.266,0.292,
2023-03-17 07:45:00,2023-03-17,7,0.896872741532689,-0.4422886902189998,76,0.9624162408192708,0.2715786799572148,0.119,0.391,0.548,0.484,0.524,
2023-03-17 08:00:00,2023-03-17,8,0.8660254037844455,-0.4999999999999881,76,0.9624648910699344,0.2714062148473006,0.127,0.442,0.619,0.552,0.589,
2023-03-17 08:15:00,2023-03-17,8,0.831469612302528,-0.555570233019628,76,0.9625135104148296,0.2712337410222446,0.132,0.433,0.608,0.549,0.582,
2023-03-17 08:30:00,2023-03-17,8,0.7933533402912583,-0.6087614290086906,76,0.9625620988523942,0.2710612584875856,0.132,0.364,0.511,0.466,0.485,
2023-03-17 08:45:00,2023-03-17,8,0.7518398074790104,-0.6593458151000313,76,0.9626106563810688,0.2708887672488618,0.129,0.406,0.575,0.528,0.548,
2023-03-17 09:00:00,2023-03-17,9,0.7071067811865511,-0.7071067811865439,76,0.9626591829992938,0.2707162673116122,0.123,0.512,0.727,0.672,0.696,
2023-03-17 09:15:00,2023-03-17,9,0.6593458151000818,-0.7518398074789661,76,0.9627076787055108,0.2705437586813763,0.12,0.523,0.74,0.688,0.711,
2023-03-17 09:30:00,2023-03-17,9,0.6087614290086988,-0.7933533402912519,76,0.9627561434981632,0.270371241363693,0.106,0.62,0.877,0.82,0.842,
2023-03-17 09:45:00,2023-03-17,9,0.5555702330196366,-0.8314696123025223,76,0.962804577375694,0.2701987153641025,0.0917,0.651,0.919,0.862,0.883,
2023-03-17 10:00:00,2023-03-17,10,0.5000000000000463,-0.866025403784412,76,0.9628529803365484,0.2700261806881445,0.079,0.725,1.02,0.96,0.98,
2023-03-17 10:15:00,2023-03-17,10,0.442288690219009,-0.8968727415326845,76,0.9629013523791718,0.2698536373413592,0.0731,0.742,1.04,0.984,0.998,
2023-03-17 10:30:00,2023-03-17,10,0.3826834323651089,-0.9238795325112787,76,0.9629496935020114,0.2696810853292873,0.0721,0.765,1.07,1.01,1.03,
2023-03-17 10:45:00,2023-03-17,10,0.3214394653031387,-0.9469301294951136,76,0.9629980037035144,0.2695085246574695,0.0713,0.759,1.06,1.01,1.02,
2023-03-17 11:00:00,2023-03-17,11,0.258819045102564,-0.9659258262890568,76,0.96304628298213,0.2693359553314474,0.0707,0.798,1.11,1.06,1.07,
2023-03-17 11:15:00,2023-03-17,11,0.1950903220161283,-0.9807852804032304,76,0.9630945313363074,0.2691633773567616,0.0697,0.804,1.12,1.07,1.08,
2023-03-17 11:30:00,2023-03-17,11,0.1305261922200636,-0.9914448613738088,76,0.9631427487644976,0.2689907907389545,0.08,0.755,1.05,1.01,1.02,
2023-03-17 11:45:00,2023-03-17,11,0.0654031292301672,-0.997858923238602,76,0.963190935265152,0.2688181954835677,0.0875,0.788,1.09,1.06,1.06,
2023-03-17 12:00:00,2023-03-17,12,-2.058768379968048e-14,-1.0,76,0.9632390908367238,0.2686455915961431,0.0814,0.796,1.1,1.07,1.07,
2023-03-17 12:15:00,2023-03-17,12,-0.0654031292300948,-0.9978589232386068,76,0.9632872154776664,0.2684729790822237,0.0725,0.789,1.09,1.07,1.06,
2023-03-17 12:30:00,2023-03-17,12,-0.130526192220048,-0.9914448613738108,76,0.9633353091864342,0.2683003579473519,0.0669,0.773,1.07,1.05,1.04,
2023-03-17 12:45:00,2023-03-17,12,-0.1950903220161129,-0.9807852804032337,76,0.9633833719614832,0.2681277281970712,0.0642,0.753,1.04,1.03,1.02,
2023-03-17 13:00:00,2023-03-17,13,-0.258819045102494,-0.9659258262890754,76,0.96343140380127,0.2679550898369247,0.0625,0.73,1.01,1.01,0.99,
2023-03-17 13:15:00,2023-03-17,13,-0.3214394653031778,-0.9469301294951,76,0.963479404704252,0.2677824428724557,0.0617999999999999,0.706,0.98,0.976,0.956,
2023-03-17 13:30:00,2023-03-17,13,-0.3826834323650419,-0.9238795325113066,76,0.9635273746688884,0.2676097873092086,0.0598,0.676,0.942,0.941,0.919,
2023-03-17 13:45:00,2023-03-17,13,-0.442288690218995,-0.8968727415326914,76,0.963575313693638,0.267437123152727,0.0588,0.645,0.9,0.901,0.877,
2023-03-17 14:00:00,2023-03-17,14,-0.4999999999999834,-0.8660254037844481,76,0.9636232217769622,0.2672644504085557,0.0581,0.61,0.853,0.855,0.829,
2023-03-17 14:15:00,2023-03-17,14,-0.5555702330195763,-0.8314696123025626,76,0.9636710989173224,0.2670917690822395,0.0575,0.573,0.8,0.804,0.776,
2023-03-17 14:45:00,2023-03-17,14,-0.6593458151000273,-0.7518398074790139,76,0.9637667603630016,0.2667463807053518,0.0554,0.489,0.67,0.699,0.66,
2023-03-17 15:00:00,2023-03-17,15,-0.7071067811865401,-0.707106781186555,76,0.9638145446652492,0.2665736736658712,0.0538,0.444,0.599,0.641,0.6,
2023-03-17 15:15:00,2023-03-17,15,-0.7518398074789625,-0.6593458151000858,76,0.963862298018389,0.2664009580664272,0.0523,0.397,0.527,0.575,0.536,
2023-03-17 15:30:00,2023-03-17,15,-0.7933533402912141,-0.6087614290087482,76,0.9639100204208876,0.2662282339125658,0.0504,0.349,0.462,0.509,0.47,
2023-03-17 15:45:00,2023-03-17,15,-0.8314696123025509,-0.5555702330195939,76,0.963957711871213,0.266055501209833,0.0475,0.299,0.398,0.441,0.398,
2023-03-17 16:00:00,2023-03-17,16,-0.8660254037844093,-0.500000000000051,76,0.9640053723678332,0.2658827599637761,0.0436,0.247,0.331,0.372,0.327,
2023-03-17 16:15:00,2023-03-17,16,-0.8968727415326821,-0.4422886902190138,76,0.9640530019092184,0.2657100101799415,0.0387999999999999,0.197,0.257,0.302,0.258,
2023-03-17 16:30:00,2023-03-17,16,-0.9238795325112767,-0.3826834323651139,76,0.9641006004938386,0.2655372518638767,0.0334,0.15,0.193,0.233,0.197,
2023-03-17 16:45:00,2023-03-17,16,-0.9469301294951116,-0.3214394653031439,76,0.9641481681201656,0.2653644850211288,0.0261,0.103,0.134,0.167,0.131,
2023-03-17 17:00:00,2023-03-17,17,-0.96592582628907,-0.2588190451025143,76,0.964195704786672,0.265191709657246,0.0169,0.061,0.0798,0.106,0.0770999999999999,
2023-03-17 17:15:00,2023-03-17,17,-0.9807852804032184,-0.1950903220161893,76,0.964243210491831,0.2650189257777759,0.00919,0.0107,0.0148,0.0161,0.0121999999999999,
2023-03-17 17:30:00,2023-03-17,17,-0.9914448613738082,-0.1305261922200689,76,0.9642906852341178,0.2648461333882667,-0.000897,-0.000691,0.0014299999999999,0.00115,-0.000411,
2023-03-17 17:45:00,2023-03-17,17,-0.9978589232386016,-0.0654031292301725,76,0.9643381290120072,0.2646733324942674,-0.00362,-0.00337,-0.00181,-0.0018,-0.00339,
2023-03-17 18:00:00,2023-03-17,18,-1.0,1.5197380941522362e-14,76,0.9643855418239764,0.2645005231013264,-0.00383,-0.0036,-0.0022299999999999,-0.00231,-0.00364,
2023-03-17 18:15:00,2023-03-17,18,-0.9978589232386031,0.0654031292301461,76,0.9644329236685024,0.2643277052149931,-0.0033,-0.00295,-0.00162,-0.00175,-0.0028599999999999,
2023-03-17 18:30:00,2023-03-17,18,-0.991444861373819,0.1305261922199863,76,0.9644802745440642,0.2641548788408168,-0.0025499999999999,-0.00202,-0.00129,-0.00133,-0.00254,
2023-03-18 14:45:00,2023-03-18,14,-0.6593458151000966,-0.7518398074789531,77,0.9682127096586116,0.2501282648073364,0.143,0.219,0.288,0.295,0.283,
2023-03-18 15:00:00,2023-03-18,15,-0.7071067811865248,-0.7071067811865702,77,0.968257515996334,0.2499547613401454,0.216,0.481,0.611,0.633,0.611,
2023-03-18 15:15:00,2023-03-18,15,-0.7518398074789483,-0.659345815100102,77,0.96830229124228,0.2497812498466418,0.121,0.27,0.352,0.37,0.348,
2023-03-18 15:30:00,2023-03-18,15,-0.7933533402912355,-0.6087614290087201,77,0.9683470353950124,0.2496077303323971,0.151,0.337,0.414,0.436,0.416,
2023-03-18 15:45:00,2023-03-18,15,-0.8314696123025389,-0.5555702330196117,77,0.9683917484530938,0.2494342028029833,0.114,0.204,0.263,0.282,0.255,
2023-03-18 16:00:00,2023-03-18,16,-0.8660254037844554,-0.4999999999999711,77,0.9684364304150888,0.2492606672639726,0.15,0.208,0.221,0.226,0.224,
2023-03-18 16:15:00,2023-03-18,16,-0.8968727415326726,-0.4422886902190332,77,0.9684810812795625,0.2490871237209376,0.0832,0.0831,0.0780999999999999,0.0729,0.0795999999999999,
2023-03-18 16:30:00,2023-03-18,16,-0.9238795325112684,-0.3826834323651338,77,0.9685257010450808,0.2489135721794508,0.093,0.0917999999999999,0.0856,0.0798,0.088,
2023-03-18 16:45:00,2023-03-18,16,-0.9469301294951048,-0.3214394653031643,77,0.9685702897102116,0.2487400126450848,0.0617,0.0640999999999999,0.0657,0.0645999999999999,0.0673,
2023-03-18 17:00:00,2023-03-18,17,-0.9659258262890644,-0.2588190451025352,77,0.9686148472735224,0.2485664451234134,0.038,0.0378,0.0364,0.0348,0.0367,
2023-03-18 17:15:00,2023-03-18,17,-0.9807852804032364,-0.195090322016099,77,0.9686593737335828,0.2483928696200094,0.0149,0.0148,0.014,0.0129,0.0136999999999999,
2023-03-18 17:30:00,2023-03-18,17,-0.9914448613738052,-0.1305261922200903,77,0.9687038690889632,0.2482192861404468,0.00109,0.00127,0.0017,0.00146,0.00105,
2023-03-18 17:45:00,2023-03-18,17,-0.9978589232386,-0.0654031292301941,77,0.9687483333382342,0.2480456946902998,-0.00181,-0.00141,-0.000789,-0.00078,-0.00141,
2023-03-18 18:00:00,2023-03-18,18,-1.0,-6.363830491110118e-15,77,0.9687927664799684,0.2478720952751422,-0.00242,-0.0019299999999999,-0.00109,-0.00103,-0.0018,
2023-03-18 18:15:00,2023-03-18,18,-0.9978589232386048,0.0654031292301246,77,0.9688371685127392,0.2476984879005488,-0.00242,-0.00191,-0.00102,-0.000959,-0.00173,
2023-03-18 18:30:00,2023-03-18,18,-0.9914448613738068,0.1305261922200777,77,0.9688815394351205,0.2475248725720939,-0.00158,-0.00116,-0.000593,-0.000547,-0.00122,
2023-03-18 18:45:00,2023-03-18,18,-0.9807852804032388,0.1950903220160865,77,0.9689258792456872,0.2473512492953529,-0.00213,-0.00171,-0.000938,-0.00081,-0.00174,
2023-03-18 19:00:00,2023-03-18,19,-0.9659258262890824,0.258819045102468,77,0.968970187943016,0.2471776180759009,-0.00183,-0.00149,-0.000717,-0.000661,-0.00165,
2023-03-18 19:15:00,2023-03-18,19,-0.9469301294951088,0.3214394653031522,77,0.9690144655256844,0.2470039789193129,-0.00178,-0.0014399999999999,-0.000552,-0.000562,-0.00129,
2023-03-18 19:30:00,2023-03-18,19,-0.9238795325112952,0.3826834323650695,77,0.9690587119922696,0.2468303318311654,-0.00121,-0.000972,-0.000372,-0.000378,-0.00101,
2023-03-18 19:45:00,2023-03-18,19,-0.8968727415326782,0.4422886902190218,77,0.9691029273413516,0.2466566768170339,-0.00128,-0.00095,-0.000303,-0.000256,-0.000848,
2023-03-18 20:00:00,2023-03-18,20,-0.8660254037844617,0.4999999999999601,77,0.9691471115715103,0.246483013882495,-0.0015,-0.00113,-0.00036,-0.000324,-0.00122,
2023-03-18 20:15:00,2023-03-18,20,-0.8314696123025459,0.5555702330196012,77,0.9691912646813272,0.2463093430331248,-0.000964,-0.000695,-0.000217,-0.000107,-0.00102,
2023-03-18 20:30:00,2023-03-18,20,-0.7933533402912433,0.60876142900871,77,0.969235386669384,0.2461356642745005,-0.0011,-0.000879,-0.000317,-0.000237,-0.000968,
2023-03-18 20:45:00,2023-03-18,20,-0.7518398074789941,0.6593458151000497,77,0.9692794775342642,0.2459619776121988,-0.00084,-0.00067,-0.000203,-7.259999999999999e-05,-0.000754,
2023-03-18 21:00:00,2023-03-18,21,-0.7071067811865338,0.7071067811865612,77,0.969323537274552,0.2457882830517966,-0.00117,-0.001,-0.00029,-0.000252,-0.000694,
2023-03-18 21:15:00,2023-03-18,21,-0.6593458151001061,0.7518398074789447,77,0.9693675658888324,0.2456145805988723,-0.00175,-0.00146,-0.00041,-0.000489,-0.000788,
2023-03-18 21:30:00,2023-03-18,21,-0.6087614290087244,0.7933533402912323,77,0.969411563375692,0.245440870259003,-0.000881,-0.000713,-0.000262,-0.000161,-0.000638,
2023-03-18 21:45:00,2023-03-18,21,-0.5555702330196163,0.8314696123025359,77,0.9694555297337176,0.2452671520377672,-0.000955,-0.000876,-0.000407,-0.000352,-0.00104,
2023-03-18 22:00:00,2023-03-18,22,-0.500000000000025,0.8660254037844242,77,0.9694994649614972,0.2450934259407428,-0.00218,-0.00161,-0.000307,-0.000463,-0.000921,
2023-03-18 22:15:00,2023-03-18,22,-0.442288690218987,0.8968727415326954,77,0.9695433690576208,0.2449196919735083,0.00105,0.00055,-8.620000000000001e-05,0.000161,-0.000638,
2023-03-18 22:30:00,2023-03-18,22,-0.3826834323651388,0.9238795325112664,77,0.9695872420206778,0.2447459501416428,-0.000715,-0.000848,-0.000438,-0.000466,-0.000985,
2023-03-18 22:45:00,2023-03-18,22,-0.3214394653031694,0.946930129495103,77,0.96963108384926,0.2445722004507248,-0.000418,-0.000252,-0.000231,-0.000168,-0.000891,
2023-03-18 23:00:00,2023-03-18,23,-0.2588190451025404,0.965925826289063,77,0.969674894541959,0.2443984429063343,-0.00161,-0.00113,-0.000334,-0.000336,-0.00103,
2023-03-18 23:15:00,2023-03-18,23,-0.19509032201616,0.980785280403224,77,0.9697186740973684,0.2442246775140505,-0.000831,-0.000777,-0.0003,-0.000348,-0.000771,
2023-03-18 23:30:00,2023-03-18,23,-0.1305261922200393,0.991444861373812,77,0.9697624225140822,0.244050904279453,-0.00179,-0.00173,-0.00039,-0.000271,-0.00108,
2023-03-18 23:45:00,2023-03-18,23,-0.0654031292301994,0.9978589232385998,77,0.9698061397906956,0.2438771232081222,-0.00115,-0.000894,-0.000203,-0.000195,-0.000771,
2023-03-19 00:00:00,2023-03-19,0,-1.1754133349268238e-14,1.0,78,0.969849825925805,0.243703334305638,-0.00129,-0.00157,-0.000399,-0.000573,-0.00139,
2023-03-19 00:15:00,2023-03-19,0,0.0654031292301193,0.997858923238605,78,0.9698934809180076,0.2435295375775814,-0.000608,-0.000337,-2.07e-05,-7.259999999999999e-05,-0.000561,
2023-03-19 00:30:00,2023-03-19,0,0.130526192220016,0.991444861373815,78,0.9699371047659012,0.2433557330295327,-0.00127,-0.000929,-0.00019,-0.000183,-0.00081,
2023-03-19 00:45:00,2023-03-19,0,0.195090322016137,0.9807852804032288,78,0.9699806974680854,0.2431819206670733,-0.000314,-0.000255,-9.65e-05,-6.879999999999999e-05,-0.000767,
2023-03-19 01:00:00,2023-03-19,1,0.2588190451024628,0.965925826289084,78,0.97002425902316,0.2430081004957845,-0.000649,-0.000468,-6.2e-05,-1.15e-05,-0.00063,
2023-03-19 01:15:00,2023-03-19,1,0.3214394653031471,0.9469301294951106,78,0.9700677894297266,0.2428342725212476,-0.0012,-0.000798,-4.48e-05,-8.41e-05,-0.000566,
2023-03-19 01:30:00,2023-03-19,1,0.3826834323650645,0.9238795325112972,78,0.9701112886863872,0.2426604367490448,-0.00141,-0.00115,-0.000399,-0.000399,-0.00104,
2023-03-19 01:45:00,2023-03-19,1,0.4422886902190169,0.8968727415326806,78,0.970154756791745,0.2424865931847576,-0.00152,-0.00138,-0.000628,-0.00055,-0.00145,
2023-03-19 02:00:00,2023-03-19,2,0.5000000000000047,0.8660254037844359,78,0.970198193744404,0.2423127418339689,-0.00186,-0.00151,-0.00071,-0.000531,-0.00139,
2023-03-19 02:15:00,2023-03-19,2,0.5555702330195494,0.8314696123025805,78,0.97024159954297,0.2421388827022607,-0.00196,-0.00164,-0.000893,-0.000703,-0.00129,
2023-03-19 02:30:00,2023-03-19,2,0.6087614290087058,0.7933533402912466,78,0.9702849741860484,0.2419650157952161,-0.00232,-0.00188,-0.000793,-0.000589,-0.00131,
2023-03-19 02:45:00,2023-03-19,2,0.6593458151000458,0.7518398074789977,78,0.970328317672247,0.2417911411184183,-0.00187,-0.0016,-0.000651,-0.00057,-0.00127,
2023-03-19 03:00:00,2023-03-19,3,0.7071067811865575,0.7071067811865377,78,0.9703716300001738,0.2416172586774502,-0.00114,-0.00113,-0.000655,-0.000711,-0.00141,
2023-03-19 03:15:00,2023-03-19,3,0.7518398074789786,0.6593458151000674,78,0.9704149111684378,0.2414433684778958,-0.00176,-0.00149,-0.000631,-0.000654,-0.00132,
2023-03-19 03:30:00,2023-03-19,3,0.7933533402911944,0.6087614290087738,78,0.9704581611756494,0.2412694705253386,-0.0011799999999999,-0.00102,-0.000534,-0.000508,-0.00129,
2023-03-19 03:45:00,2023-03-19,3,0.8314696123025329,0.5555702330196207,78,0.97050138002042,0.2410955648253625,-0.00113,-0.000961,-0.000514,-0.000424,-0.00129,
2023-03-19 04:00:00,2023-03-19,4,0.8660254037844215,0.5000000000000298,78,0.9705445677013612,0.2409216513835521,-0.0019,-0.00156,-0.00061,-0.000612,-0.00129,
2023-03-19 04:15:00,2023-03-19,4,0.8968727415326929,0.4422886902189918,78,0.9705877242170868,0.2407477302054917,-0.00207,-0.00172,-0.000614,-0.000646,-0.0013,
2023-03-19 04:30:00,2023-03-19,4,0.9238795325112862,0.3826834323650912,78,0.9706308495662106,0.2405738012967666,0.000223,-3.9e-05,-0.000452,-0.000287,-0.00124,
2023-03-19 04:45:00,2023-03-19,4,0.946930129495083,0.3214394653032283,78,0.970673943747348,0.2403998646629614,-0.00165,-0.00117,-0.000303,-6.5e-05,-0.000775,
2023-03-19 05:00:00,2023-03-19,5,0.9659258262890617,0.2588190451025456,78,0.9707170067591152,0.2402259203096613,-0.00182,-0.0014399999999999,-0.000552,-0.000344,-0.000861,
2023-03-19 05:15:00,2023-03-19,5,0.9807852804032232,0.1950903220161653,78,0.9707600386001294,0.2400519682424522,0.000153,-4.26e-05,-0.000293,-7.259999999999999e-05,-0.00075,
2023-03-19 05:30:00,2023-03-19,5,0.9914448613738112,0.1305261922200446,78,0.9708030392690088,0.2398780084669195,0.0014,0.00138,0.00145,0.00132,0.00101,
2023-03-19 05:45:00,2023-03-19,5,0.9978589232386031,0.0654031292301481,78,0.9708460087643724,0.2397040409886494,0.00982,0.01,0.00929,0.00798,0.00933,
2023-03-19 06:00:00,2023-03-19,6,1.0,7.398785506823437e-14,78,0.9708889470848406,0.2395300658132285,0.0281,0.0277,0.0233999999999999,0.0203999999999999,0.0243,
2023-03-19 06:15:00,2023-03-19,6,0.9978589232386054,-0.0654031292301139,78,0.9709318542290346,0.2393560829462428,0.0493,0.0487,0.041,0.0358,0.0433,
2023-03-19 06:30:00,2023-03-19,6,0.9914448613738158,-0.1305261922200106,78,0.9709747301955766,0.2391820923932795,0.0731,0.0722,0.0622999999999999,0.0544,0.0655999999999999,
2023-03-19 06:45:00,2023-03-19,6,0.9807852804032298,-0.1950903220161317,78,0.9710175749830896,0.2390080941599252,0.0858,0.0859,0.0787,0.0695,0.0814,
2023-03-19 07:00:00,2023-03-19,7,0.9659258262890704,-0.2588190451025124,78,0.9710603885901984,0.2388340882517677,0.101,0.101,0.0955,0.0851,0.0984,
2023-03-19 07:15:00,2023-03-19,7,0.946930129495094,-0.3214394653031959,78,0.9711031710155276,0.2386600746743939,0.15,0.158,0.158,0.14,0.161,
2023-03-19 07:30:00,2023-03-19,7,0.9238795325112992,-0.3826834323650596,78,0.9711459222577036,0.2384860534333919,0.19,0.216,0.23,0.203,0.231,
2023-03-19 07:45:00,2023-03-19,7,0.8968727415327081,-0.4422886902189611,78,0.9711886423153534,0.23831202453435,0.221,0.268,0.292,0.259,0.292,
2023-03-19 08:00:00,2023-03-19,8,0.8660254037844386,-0.5,78,0.9712313311871056,0.2381379879828558,0.264,0.368,0.416,0.37,0.413,
2023-03-19 08:15:00,2023-03-19,8,0.8314696123025519,-0.5555702330195922,78,0.9712739888715892,0.2379639437844984,0.293,0.317,0.334,0.3,0.338,
2023-03-19 08:30:00,2023-03-19,8,0.7933533402912153,-0.6087614290087466,78,0.9713166153674346,0.237789891944866,0.323,0.365,0.396,0.357,0.397,
2023-03-19 08:45:00,2023-03-19,8,0.7518398074790013,-0.6593458151000416,78,0.9713592106732728,0.2376158324695482,0.366,0.476,0.543,0.493,0.539,
2023-03-19 09:00:00,2023-03-19,9,0.7071067811865817,-0.7071067811865134,78,0.971401774787736,0.2374417653641336,0.308,0.317,0.321,0.29,0.326,
2023-03-19 09:15:00,2023-03-19,9,0.6593458151000715,-0.751839807478975,78,0.971444307709458,0.237267690634212,0.276,0.281,0.266,0.239,0.274,
2023-03-19 09:30:00,2023-03-19,9,0.608761429008733,-0.7933533402912257,78,0.971486809437072,0.2370936082853733,0.303,0.315,0.303,0.271,0.312,
2023-03-19 09:45:00,2023-03-19,9,0.555570233019578,-0.8314696123025614,78,0.971529279969214,0.2369195183232071,0.301,0.313,0.309,0.28,0.316,
2023-03-19 10:00:00,2023-03-19,10,0.5000000000000344,-0.8660254037844188,78,0.97157171930452,0.236745420753304,0.329,0.344,0.341,0.309,0.35,
2023-03-19 10:15:00,2023-03-19,10,0.4422886902190477,-0.8968727415326654,78,0.9716141274416272,0.2365713155812543,0.328,0.338,0.324,0.293,0.334,
2023-03-19 10:30:00,2023-03-19,10,0.3826834323650962,-0.923879532511284,78,0.971656504379174,0.2363972028126484,0.342,0.354,0.358,0.328,0.366,
2023-03-19 10:45:00,2023-03-19,10,0.3214394653031796,-0.9469301294950996,78,0.9716988501157992,0.2362230824530774,0.375,0.437,0.491,0.457,0.492,
2023-03-19 11:00:00,2023-03-19,11,0.2588190451024959,-0.965925826289075,78,0.9717411646501436,0.2360489545081327,0.335,0.66,0.849,0.808,0.833,
2023-03-19 11:15:00,2023-03-19,11,0.1950903220161706,-0.980785280403222,78,0.971783447980848,0.2358748189834058,0.433,0.492,0.615,0.586,0.605,
2023-03-19 11:30:00,2023-03-19,11,0.1305261922201063,-0.9914448613738032,78,0.9718257001065548,0.2357006758844881,0.394,0.663,0.853,0.816,0.838,
2023-03-19 11:45:00,2023-03-19,11,0.0654031292301535,-0.9978589232386028,78,0.9718679210259074,0.2355265252169715,0.413,0.579,0.724,0.692,0.713,
2023-03-19 12:00:00,2023-03-19,12,2.2534739065584474e-14,-1.0,78,0.9719101107375496,0.2353523669864485,0.384,0.613,0.791,0.761,0.777,
2023-03-19 12:15:00,2023-03-19,12,-0.0654031292301652,-0.997858923238602,78,0.9719522692401272,0.235178201198511,0.309,0.677,0.915,0.892,0.893,
2023-03-19 12:30:00,2023-03-19,12,-0.1305261922200053,-0.9914448613738164,78,0.971994396532286,0.235004027858752,0.249,0.733,0.992,0.973,0.968,
2023-03-19 12:45:00,2023-03-19,12,-0.1950903220161264,-0.9807852804032308,78,0.9720364926126736,0.2348298469727642,0.292,0.669,0.879,0.861,0.86,
2023-03-19 13:00:00,2023-03-19,13,-0.2588190451025073,-0.965925826289072,78,0.972078557479938,0.2346556585461412,0.372,0.369,0.387,0.36,0.39,
2023-03-19 13:15:00,2023-03-19,13,-0.3214394653031369,-0.946930129495114,78,0.9721205911327282,0.2344814625844759,0.352,0.382,0.402,0.377,0.408,
2023-03-19 13:30:00,2023-03-19,13,-0.3826834323651071,-0.9238795325112796,78,0.972162593569695,0.2343072590933619,0.371,0.498,0.631,0.619,0.626,
2023-03-19 13:45:00,2023-03-19,13,-0.4422886902189563,-0.8968727415327105,78,0.9722045647894896,0.2341330480783935,0.346,0.358,0.381,0.359,0.386,
2023-03-19 14:00:00,2023-03-19,14,-0.4999999999999953,-0.8660254037844414,78,0.9722465047907638,0.2339588295451642,0.302,0.3,0.278,0.252,0.288,
2023-03-19 14:15:00,2023-03-19,14,-0.5555702330195877,-0.8314696123025549,78,0.9722884135721712,0.2337846034992687,0.267,0.265,0.239,0.218,0.249,
2023-03-19 14:30:00,2023-03-19,14,-0.6087614290086972,-0.7933533402912532,78,0.9723302911323662,0.2336103699463017,0.267,0.269,0.266,0.249,0.274,
2023-03-19 14:45:00,2023-03-19,14,-0.6593458151000804,-0.7518398074789673,78,0.9723721374700038,0.2334361288918576,0.328,0.373,0.394,0.383,0.404,
2023-03-19 15:00:00,2023-03-19,15,-0.7071067811865096,-0.7071067811865854,78,0.9724139525837404,0.233261880341532,0.188,0.422,0.547,0.566,0.545,
2023-03-19 15:15:00,2023-03-19,15,-0.7518398074789715,-0.6593458151000755,78,0.9724557364722332,0.2330876243009196,0.221,0.225,0.238,0.232,0.24,
2023-03-19 15:30:00,2023-03-19,15,-0.7933533402912224,-0.6087614290087373,78,0.9724974891341404,0.2329133607756166,0.234,0.301,0.334,0.338,0.34,
2023-03-19 15:45:00,2023-03-19,15,-0.8314696123025269,-0.5555702330196297,78,0.9725392105681212,0.2327390897712185,0.16,0.176,0.176,0.172,0.18,
2023-03-19 16:00:00,2023-03-19,16,-0.8660254037844445,-0.4999999999999898,78,0.9725809007728364,0.2325648112933207,0.149,0.176,0.183,0.185,0.187,
2023-03-19 16:15:00,2023-03-19,16,-0.896872741532663,-0.4422886902190525,78,0.9726225597469468,0.2323905253475206,0.0872,0.086,0.0825,0.077,0.0837,
2023-03-19 16:30:00,2023-03-19,16,-0.923879532511282,-0.3826834323651012,78,0.972664187489115,0.2322162319394139,0.0717,0.0707,0.0637,0.0584,0.0657,
2023-03-19 16:45:00,2023-03-19,16,-0.9469301294950978,-0.3214394653031847,78,0.972705783998004,0.2320419310745979,0.0489,0.0481,0.0419,0.0376,0.0437,
2023-03-19 17:00:00,2023-03-19,17,-0.9659258262890588,-0.258819045102556,78,0.972747349272278,0.2318676227586692,0.0182,0.0181,0.0163999999999999,0.0146,0.0166,
2023-03-19 17:15:00,2023-03-19,17,-0.980785280403232,-0.1950903220161201,78,0.9727888833106028,0.2316933069972249,0.0103,0.0104,0.00815,0.00751,0.0080299999999999,
2023-03-19 17:30:00,2023-03-19,17,-0.9914448613738024,-0.1305261922201117,78,0.9728303861116444,0.2315189837958629,0.00562,0.0058499999999999,0.005,0.00504,0.00451,
2023-03-19 17:45:00,2023-03-19,17,-0.9978589232386024,-0.0654031292301589,78,0.97287185767407,0.2313446531601803,-0.00108,-0.000816,1.7199999999999998e-05,-5.35e-05,-0.000463,
2023-03-19 18:00:00,2023-03-19,18,-1.0,-2.7925041923742596e-14,78,0.972913297996548,0.2311703150957758,-0.00012,-0.000188,-0.000417,-0.000359,-0.000775,
2023-03-19 18:15:00,2023-03-19,18,-0.9978589232386024,0.0654031292301598,78,0.9729547070777476,0.230995969608247,0.00048,0.000365,-0.000417,-0.000268,-0.000891,
2023-03-19 18:30:00,2023-03-19,18,-0.9914448613738098,0.1305261922200563,78,0.9729960849163394,0.2308216167031928,-0.000538,-0.000486,-0.000562,-0.000352,-0.00121,
2023-03-19 18:45:00,2023-03-19,18,-0.980785280403243,0.1950903220160653,78,0.9730374315109944,0.2306472563862115,-0.002,-0.00163,-0.000592,-0.00049,-0.000966,
2023-03-19 19:00:00,2023-03-19,19,-0.9659258262890732,0.2588190451025021,78,0.9730787468603852,0.2304728886629019,-0.00111,-0.000872,-0.00039,-0.000371,-0.00078,
2023-03-19 19:15:00,2023-03-19,19,-0.9469301294951158,0.3214394653031318,78,0.9731200309631848,0.2302985135388635,-0.00151,-0.0013,-0.000545,-0.000463,-0.0011,
2023-03-19 19:30:00,2023-03-19,19,-0.9238795325112816,0.3826834323651021,78,0.973161283818068,0.230124131019695,-0.000757,-0.000649,-0.000534,-0.000394,-0.00109,
2023-03-19 19:45:00,2023-03-19,19,-0.8968727415326877,0.4422886902190024,78,0.9732025054237096,0.229949741110997,-0.00137,-0.00124,-0.00072,-0.000581,-0.00129,
2023-03-19 20:00:00,2023-03-19,20,-0.8660254037844725,0.4999999999999414,78,0.973243695778786,0.2297753438183688,-0.00161,-0.0014299999999999,-0.000814,-0.000791,-0.00159,
2023-03-19 20:15:00,2023-03-19,20,-0.8314696123025579,0.5555702330195832,78,0.973284854881975,0.2296009391474103,-0.0016,-0.0014199999999999,-0.000717,-0.000738,-0.0015,
2023-03-19 20:30:00,2023-03-19,20,-0.7933533402912564,0.6087614290086929,78,0.9733259827319544,0.2294265271037223,-0.00129,-0.000961,-0.000427,-0.000401,-0.00114,
2023-03-19 20:45:00,2023-03-19,20,-0.751839807478971,0.6593458151000763,78,0.973367079327404,0.2292521076929048,-0.00127,-0.00104,-0.000452,-0.000455,-0.0012,
2023-03-19 21:00:00,2023-03-19,21,-0.7071067811865491,0.707106781186546,78,0.9734081446670038,0.2290776809205591,-0.00102,-0.000833,-0.000465,-0.000264,-0.000934,
2023-03-19 21:15:00,2023-03-19,21,-0.6593458151001224,0.7518398074789305,78,0.9734491787494352,0.2289032467922858,-0.00138,-0.00121,-0.0006,-0.000554,-0.00129,
2023-03-19 21:30:00,2023-03-19,21,-0.6087614290087415,0.7933533402912192,78,0.9734901815733809,0.2287288053136864,-0.00161,-0.00129,-0.000527,-0.000463,-0.00129,
2023-03-19 21:45:00,2023-03-19,21,-0.5555702330196342,0.8314696123025239,78,0.9735311531375236,0.2285543564903625,-0.0013,-0.001,-0.000424,-0.000505,-0.000964,
2023-03-19 22:00:00,2023-03-19,22,-0.4999999999999945,0.8660254037844418,78,0.973572093440548,0.2283799003279156,-0.00158,-0.00127,-0.00071,-0.000661,-0.00108,
2023-03-19 22:15:00,2023-03-19,22,-0.4422886902190064,0.8968727415326858,78,0.9736130024811396,0.228205436831948,-0.00182,-0.00163,-0.000876,-0.000883,-0.00152,
2023-03-19 22:30:00,2023-03-19,22,-0.3826834323651586,0.9238795325112582,78,0.9736538802579848,0.2280309660080616,-0.00175,-0.00157,-0.000831,-0.000791,-0.00156,
2023-03-19 22:45:00,2023-03-19,22,-0.3214394653031898,0.946930129495096,78,0.9736947267697708,0.2278564878618588,-0.00182,-0.0015,-0.000789,-0.00081,-0.00161,
2023-03-19 23:00:00,2023-03-19,23,-0.2588190451025612,0.9659258262890574,78,0.973735542015186,0.2276820023989423,-0.002,-0.00163,-0.000641,-0.000615,-0.00141,
2023-03-19 23:15:00,2023-03-19,23,-0.1950903220161254,0.980785280403231,78,0.9737763259929196,0.2275075096249152,-0.00172,-0.00137,-0.000724,-0.000489,-0.00149,
2023-03-19 23:30:00,2023-03-19,23,-0.1305261922200607,0.9914448613738092,78,0.9738170787016625,0.2273330095453808,-0.00104,-0.000624,7.58e-05,0.000161,-0.000351,
2023-03-19 23:45:00,2023-03-19,23,-0.0654031292301075,0.9978589232386058,78,0.9738578001401056,0.2271585021659421,-0.000455,-0.000117,0.000321,0.000336,-0.000347,
2023-03-20 00:00:00,2023-03-20,0,-3.331534478190071e-14,1.0,79,0.9738984903069412,0.226983987492203,-0.00354,-0.00246,-0.000259,-0.000306,-0.000883,
2023-03-20 00:15:00,2023-03-20,0,0.0654031292300977,0.9978589232386064,79,0.9739391492008632,0.2268094655297673,-0.00189,-0.00115,-0.000403,-0.000344,-0.00139,
2023-03-20 00:30:00,2023-03-20,0,0.130526192220051,0.9914448613738104,79,0.9739797768205656,0.2266349362842387,-0.00291,-0.00219,-0.0011899999999999,-0.00109,-0.00224,
2023-03-20 00:45:00,2023-03-20,0,0.1950903220161158,0.9807852804032328,79,0.9740203731647442,0.2264603997612219,0.000968,0.000706,-0.000138,-3.44e-05,-0.00114,
2023-03-20 01:00:00,2023-03-20,1,0.2588190451025517,0.96592582628906,79,0.974060938232095,0.2262858559663214,-0.00117,-0.000993,-0.000762,-0.00065,-0.00177,
2023-03-20 01:15:00,2023-03-20,1,0.3214394653031267,0.9469301294951176,79,0.9741014720213156,0.2261113049051421,-0.000103,-4.61e-05,-0.0003,-0.000141,-0.000951,
2023-03-20 01:30:00,2023-03-20,1,0.3826834323650446,0.9238795325113056,79,0.9741419745311044,0.225936746583289,-7.86e-05,-1.77e-05,-4.48e-05,3.82e-05,-0.000398,
2023-03-20 01:45:00,2023-03-20,1,0.4422886902189976,0.8968727415326901,79,0.9741824457601608,0.2257621810063669,-0.00161,-0.0013,-0.000779,-0.000589,-0.00117,
2023-03-20 02:00:00,2023-03-20,2,0.499999999999986,0.8660254037844467,79,0.9742228857071852,0.2255876081799819,-0.00115,-0.000954,-0.000882,-0.000635,-0.00126,
2023-03-20 02:15:00,2023-03-20,2,0.555570233019626,0.8314696123025294,79,0.9742632943708788,0.2254130281097393,-0.00163,-0.00129,-0.000806,-0.000633,-0.00125,
2023-03-20 02:30:00,2023-03-20,2,0.6087614290086887,0.7933533402912597,79,0.9743036717499448,0.2252384408012451,-0.00243,-0.00188,-0.000976,-0.000803,-0.00158,
2023-03-20 02:45:00,2023-03-20,2,0.6593458151000295,0.7518398074790119,79,0.9743440178430858,0.2250638462601058,-0.00204,-0.00157,-0.00101,-0.000937,-0.00171,
2023-03-20 03:00:00,2023-03-20,3,0.7071067811865421,0.7071067811865529,79,0.9743843326490068,0.2248892444919275,-0.00252,-0.00199,-0.00124,-0.00106,-0.00202,
2023-03-20 03:15:00,2023-03-20,3,0.7518398074789644,0.6593458151000836,79,0.9744246161664128,0.224714635502317,-0.00331,-0.0025499999999999,-0.00155,-0.00147,-0.00269,
2023-03-20 03:30:00,2023-03-20,3,0.7933533402912505,0.6087614290087007,79,0.9744648683940106,0.224540019296881,-0.0020099999999999,-0.00152,-0.000662,-0.000791,-0.00182,
2023-03-20 03:45:00,2023-03-20,3,0.8314696123025209,0.5555702330196386,79,0.9745050893305074,0.224365395881227,-0.00228,-0.00178,-0.00111,-0.00107,-0.0020299999999999,
2023-03-20 04:00:00,2023-03-20,4,0.8660254037844107,0.5000000000000484,79,0.974545278974612,0.2241907652609618,-0.00188,-0.0014399999999999,-0.000407,-0.000459,-0.00121,
2023-03-20 04:15:00,2023-03-20,4,0.8968727415326834,0.4422886902190112,79,0.9745854373250336,0.2240161274416932,-0.00213,-0.00171,-0.000882,-0.000833,-0.00184,
2023-03-20 04:30:00,2023-03-20,4,0.923879532511278,0.3826834323651111,79,0.9746255643804828,0.2238414824290294,-0.00224,-0.00185,-0.000886,-0.000807,-0.00173,
2023-03-20 04:45:00,2023-03-20,4,0.9469301294951126,0.3214394653031411,79,0.9746656601396708,0.2236668302285778,-0.00221,-0.00178,-0.00132,-0.0011799999999999,-0.00229,
2023-03-20 05:00:00,2023-03-20,5,0.965925826289056,0.2588190451025664,79,0.9747057246013106,0.2234921708459472,-0.00271,-0.0023599999999999,-0.0015,-0.00135,-0.00267,
2023-03-20 05:15:00,2023-03-20,5,0.98078528040323,0.1950903220161307,79,0.9747457577641152,0.2233175042867456,-0.0017,-0.00135,-0.000327,-0.000348,-0.00131,
2023-03-20 05:30:00,2023-03-20,5,0.9914448613738084,0.130526192220066,79,0.9747857596267996,0.2231428305565823,0.00329,0.00363,0.00424,0.00376,0.00335,
2023-03-20 05:45:00,2023-03-20,5,0.9978589232386018,0.0654031292301696,79,0.9748257301880786,0.2229681496610657,0.018,0.0183,0.0171,0.0154,0.0167,
2023-03-20 06:00:00,2023-03-20,6,1.0,-1.8137771220749184e-14,79,0.9748656694466692,0.2227934616058052,0.0416,0.0417,0.0458,0.0414,0.0436,
2023-03-20 06:15:00,2023-03-20,6,0.9978589232386068,-0.0654031292300924,79,0.9749055774012888,0.2226187663964105,0.0935999999999999,0.113,0.125,0.103,0.123,
2023-03-20 06:30:00,2023-03-20,6,0.9914448613738112,-0.1305261922200456,79,0.974945454050656,0.2224440640384908,0.157,0.188,0.206,0.173,0.2,
2023-03-20 06:45:00,2023-03-20,6,0.980785280403234,-0.1950903220161105,79,0.97498529939349,0.2222693545376564,0.0660999999999999,0.191,0.273,0.223,0.253,
2023-03-20 07:00:00,2023-03-20,7,0.965925826289076,-0.2588190451024916,79,0.9750251134285118,0.2220946378995172,0.0749,0.248,0.344,0.287,0.324,
2023-03-20 07:15:00,2023-03-20,7,0.9469301294951008,-0.3214394653031754,79,0.9750648961544426,0.2219199141296833,0.0759,0.293,0.409,0.35,0.387,
2023-03-20 07:30:00,2023-03-20,7,0.9238795325113076,-0.3826834323650396,79,0.975104647570005,0.2217451832337654,0.0897,0.354,0.482,0.419,0.458,
2023-03-20 07:45:00,2023-03-20,7,0.8968727415326925,-0.4422886902189927,79,0.9751443676739228,0.2215704452173745,0.114,0.422,0.552,0.486,0.528,
2023-03-20 08:00:00,2023-03-20,8,0.8660254037844495,-0.4999999999999813,79,0.97518405646492,0.2213957000861217,0.165,0.521,0.651,0.577,0.634,
2023-03-20 08:15:00,2023-03-20,8,0.8314696123025639,-0.5555702330195743,79,0.9752237139417224,0.2212209478456181,0.107,0.51,0.685,0.619,0.657,
2023-03-20 08:30:00,2023-03-20,8,0.7933533402912284,-0.6087614290087295,79,0.9752633401030568,0.2210461885014749,0.231,0.449,0.554,0.499,0.541,
2023-03-20 08:45:00,2023-03-20,8,0.7518398074790155,-0.6593458151000254,79,0.9753029349476504,0.2208714220593042,0.194,0.666,0.856,0.777,0.825,
2023-03-20 09:00:00,2023-03-20,9,0.7071067811865567,-0.7071067811865384,79,0.975342498474232,0.2206966485247177,0.257,0.731,0.928,0.848,0.906,
2023-03-20 09:15:00,2023-03-20,9,0.6593458151000877,-0.7518398074789608,79,0.9753820306815312,0.2205218679033276,0.471,0.496,0.525,0.475,0.528,
2023-03-20 09:30:00,2023-03-20,9,0.6087614290087501,-0.7933533402912125,79,0.9754215315682784,0.2203470802007465,0.341,0.654,0.81,0.744,0.802,
2023-03-20 09:45:00,2023-03-20,9,0.5555702330195958,-0.8314696123025495,79,0.9754610011332052,0.2201722854225867,0.392,0.975,1.19,1.09,1.18,
2023-03-20 10:00:00,2023-03-20,10,0.5000000000000531,-0.8660254037844081,79,0.9755004393750444,0.2199974835744614,0.343,0.932,1.21,1.12,1.18,
2023-03-20 10:15:00,2023-03-20,10,0.442288690219016,-0.896872741532681,79,0.9755398462925292,0.2198226746619833,0.193,0.192,0.24,0.228,0.237,
2023-03-20 10:30:00,2023-03-20,10,0.3826834323651161,-0.923879532511276,79,0.9755792218843948,0.219647858690766,0.297,0.349,0.384,0.355,0.385,
2023-03-20 10:45:00,2023-03-20,10,0.3214394653031462,-0.9469301294951108,79,0.9756185661493764,0.2194730356664228,0.289,0.603,0.721,0.669,0.717,
2023-03-20 11:00:00,2023-03-20,11,0.2588190451025167,-0.9659258262890692,79,0.9756578790862106,0.2192982055945675,0.316,0.571,0.705,0.662,0.703,
2023-03-20 11:15:00,2023-03-20,11,0.1950903220161917,-0.9807852804032178,79,0.9756971606936352,0.2191233684808144,0.185,0.895,1.17,1.11,1.15,
2023-03-20 11:30:00,2023-03-20,11,0.1305261922200714,-0.9914448613738078,79,0.9757364109703884,0.2189485243307772,0.098,0.815,1.1,1.06,1.08,
2023-03-20 11:45:00,2023-03-20,11,0.065403129230175,-0.9978589232386014,79,0.9757756299152106,0.2187736731500708,0.121,0.838,1.14,1.11,1.12,
2023-03-20 12:00:00,2023-03-20,12,-1.2747468362591063e-14,-1.0,79,0.9758148175268418,0.2185988149443093,0.34,0.638,0.867,0.838,0.866,
2023-03-20 12:15:00,2023-03-20,12,-0.0654031292301437,-0.9978589232386036,79,0.9758539738040238,0.2184239497191083,0.417,0.455,0.529,0.502,0.537,
2023-03-20 12:30:00,2023-03-20,12,-0.1305261922199839,-0.9914448613738192,79,0.9758930987454992,0.2182490774800824,0.309,0.628,0.782,0.748,0.754,
2023-03-20 12:45:00,2023-03-20,12,-0.1950903220161052,-0.980785280403235,79,0.9759321923500122,0.2180741982328467,0.304,0.444,0.556,0.535,0.522,
2023-03-20 13:00:00,2023-03-20,13,-0.2588190451024864,-0.9659258262890776,79,0.9759712546163066,0.2178993119830175,0.229,0.399,0.512,0.501,0.504,
2023-03-20 13:15:00,2023-03-20,13,-0.3214394653031703,-0.9469301294951028,79,0.9760102855431286,0.21772441873621,0.337,0.913,1.17,1.14,1.14,
2023-03-20 13:30:00,2023-03-20,13,-0.3826834323650872,-0.9238795325112878,79,0.9760492851292248,0.2175495184980406,0.256,0.85,1.1,1.08,1.09,
2023-03-20 13:45:00,2023-03-20,13,-0.4422886902189369,-0.89687274153272,79,0.9760882533733428,0.2173746112741253,0.166,0.166,0.198,0.19,0.194,
2023-03-20 14:00:00,2023-03-20,14,-0.4999999999999767,-0.8660254037844521,79,0.9761271902742312,0.2171996970700805,0.166,0.165,0.19,0.183,0.186,
2023-03-20 14:15:00,2023-03-20,14,-0.5555702330195698,-0.8314696123025669,79,0.97616609583064,0.2170247758915231,0.214,0.211,0.216,0.201,0.219,
2023-03-20 14:30:00,2023-03-20,14,-0.6087614290087252,-0.7933533402912316,79,0.9762049700413196,0.2168498477440694,0.269,0.394,0.458,0.458,0.464,
2023-03-20 14:45:00,2023-03-20,14,-0.6593458151000642,-0.7518398074789816,79,0.976243812905022,0.2166749126333375,0.199,0.624,0.791,0.813,0.795,
2023-03-20 15:00:00,2023-03-20,15,-0.7071067811864944,-0.7071067811866008,79,0.9762826244204996,0.2164999705649443,0.167,0.551,0.699,0.727,0.699,
2023-03-20 15:15:00,2023-03-20,15,-0.7518398074789573,-0.6593458151000917,79,0.9763214045865064,0.216325021544507,0.246,0.488,0.563,0.571,0.57,
2023-03-20 15:30:00,2023-03-20,15,-0.7933533402912093,-0.6087614290087544,79,0.9763601534017968,0.216150065577644,0.183,0.18,0.177,0.168,0.179,
2023-03-20 15:45:00,2023-03-20,15,-0.8314696123025465,-0.5555702330196003,79,0.9763988708651268,0.2159751026699729,0.0979,0.0970999999999999,0.095,0.0927,0.0965999999999999,
2023-03-20 16:00:00,2023-03-20,16,-0.8660254037844337,-0.5000000000000084,79,0.9764375569752533,0.2158001328271123,0.0557,0.0551,0.0608999999999999,0.062,0.0594,
2023-03-20 16:15:00,2023-03-20,16,-0.8968727415327038,-0.4422886902189699,79,0.9764762117309336,0.21562515605468,0.0977,0.096,0.103,0.101,0.103,
2023-03-20 16:30:00,2023-03-20,16,-0.9238795325112736,-0.3826834323651211,79,0.9765148351309266,0.2154501723582955,0.0987,0.174,0.209,0.235,0.213,
2023-03-20 16:45:00,2023-03-20,16,-0.9469301294950908,-0.3214394653032051,79,0.9765534271739922,0.2152751817435775,0.0542999999999999,0.125,0.147,0.176,0.156,
2023-03-20 17:00:00,2023-03-20,17,-0.965925826289068,-0.2588190451025219,79,0.9765919878588912,0.2151001842161447,0.0368999999999999,0.0397999999999999,0.0406,0.0427,0.0401,
2023-03-20 17:15:00,2023-03-20,17,-0.980785280403228,-0.1950903220161413,79,0.9766305171843852,0.214925179781617,0.0522,0.0574,0.0462999999999999,0.0482,0.0505,
2023-03-20 17:30:00,2023-03-20,17,-0.9914448613738144,-0.1305261922200203,79,0.976669015149237,0.2147501684456136,0.00487,0.00453,0.00496,0.0047599999999999,0.00418,
2023-03-20 17:45:00,2023-03-20,17,-0.997858923238601,-0.0654031292301804,79,0.9767074817522106,0.2145751502137546,-0.0040199999999999,-0.00377,-0.00197,-0.00187,-0.00326,
2023-03-20 18:00:00,2023-03-20,18,-1.0,-4.9486253356375075e-14,79,0.9767459169920704,0.2144001250916596,-0.00404,-0.00367,-0.00232,-0.00209,-0.00357,
2023-03-20 18:15:00,2023-03-20,18,-0.9978589232386038,0.0654031292301383,79,0.9767843208675828,0.2142250930849491,-0.00299,-0.0027,-0.00173,-0.00161,-0.003,
2023-03-20 18:30:00,2023-03-20,18,-0.9914448613738126,0.1305261922200349,79,0.976822693377514,0.2140500541992438,-0.00254,-0.00215,-0.000958,-0.000998,-0.0016899999999999,
2023-03-20 18:45:00,2023-03-20,18,-0.980785280403225,0.1950903220161557,79,0.9768610345206322,0.2138750084401639,-0.00313,-0.00259,-0.00127,-0.00132,-0.0023,
2023-03-20 19:00:00,2023-03-20,19,-0.9659258262890787,0.2588190451024812,79,0.976899344295706,0.2136999558133308,-0.00215,-0.00164,-0.00128,-0.0011899999999999,-0.00277,
2023-03-20 19:15:00,2023-03-20,19,-0.9469301294951228,0.3214394653031114,79,0.9769376227015054,0.2135248963243654,-0.0049,-0.00395,-0.00148,-0.00158,-0.0025499999999999,
2023-03-20 19:30:00,2023-03-20,19,-0.9238795325112898,0.3826834323650822,79,0.9769758697368012,0.2133498299788888,-0.00323,-0.00273,-0.00131,-0.00122,-0.00239,
2023-03-20 19:45:00,2023-03-20,19,-0.8968727415326972,0.4422886902189831,79,0.9770140854003652,0.2131747567825227,-0.00285,-0.00231,-0.00134,-0.00091,-0.00222,
2023-03-20 20:00:00,2023-03-20,20,-0.8660254037844264,0.5000000000000212,79,0.9770522696909704,0.2129996767408891,-0.00122,-0.00106,-0.0011799999999999,-0.000837,-0.00213,
2023-03-20 20:15:00,2023-03-20,20,-0.8314696123025699,0.5555702330195653,79,0.9770904226073904,0.21282458985961,-0.00289,-0.00237,-0.00134,-0.00101,-0.00226,
2023-03-20 20:30:00,2023-03-20,20,-0.7933533402912696,0.6087614290086758,79,0.9771285441484002,0.2126494961443076,-0.00468,-0.00376,-0.00148,-0.0011799999999999,-0.00229,
2023-03-20 20:45:00,2023-03-20,20,-0.7518398074789852,0.6593458151000601,79,0.9771666343127756,0.212474395600604,-0.00187,-0.00173,-0.00124,-0.000994,-0.00244,
2023-03-20 21:00:00,2023-03-20,21,-0.7071067811865643,0.7071067811865307,79,0.9772046930992938,0.2122992882341223,-0.00265,-0.00212,-0.00121,-0.00107,-0.0022299999999999,
2023-03-20 21:15:00,2023-03-20,21,-0.6593458151000531,0.7518398074789913,79,0.9772427205067324,0.212124174050485,-0.00217,-0.00179,-0.00113,-0.00107,-0.0023,
2023-03-20 21:30:00,2023-03-20,21,-0.6087614290087586,0.793353340291206,79,0.9772807165338704,0.2119490530553154,-0.00178,-0.00132,-0.000486,-0.000348,-0.00112,
2023-03-20 21:45:00,2023-03-20,21,-0.5555702330196048,0.8314696123025435,79,0.9773186811794876,0.2117739252542368,-0.0014,-0.000957,-8.620000000000001e-05,7.259999999999999e-05,-0.000741,
2023-03-20 22:00:00,2023-03-20,22,-0.5000000000000131,0.866025403784431,79,0.977356614442365,0.211598790652873,-0.000248,0.000156,5.86e-05,0.000424,-2.14e-05,
2023-03-20 22:15:00,2023-03-20,22,-0.4422886902190257,0.8968727415326763,79,0.9773945163212844,0.2114236492568475,0.000124,0.000351,0.000307,0.000684,0.000613,
2023-03-20 22:30:00,2023-03-20,22,-0.3826834323650736,0.9238795325112936,79,0.977432386815029,0.2112485010717841,-0.000318,-0.000149,0.0002,0.000466,0.000141,
2023-03-20 22:45:00,2023-03-20,22,-0.3214394653032102,0.9469301294950891,79,0.9774702259223824,0.2110733461033075,-0.000641,-0.000479,-0.000148,1.91e-05,-0.000458,
2023-03-20 23:00:00,2023-03-20,23,-0.2588190451025271,0.9659258262890664,79,0.97750803364213,0.2108981843570415,-0.00111,-0.000989,-0.000186,-8.41e-05,-0.000544,
2023-03-20 23:15:00,2023-03-20,23,-0.1950903220161466,0.9807852804032268,79,0.9775458099730572,0.210723015838611,-0.00091,-0.000748,-0.000152,-2.29e-05,-0.000493,
2023-03-20 23:30:00,2023-03-20,23,-0.130526192220082,0.9914448613738064,79,0.9775835549139512,0.2105478405536411,-0.00221,-0.0019299999999999,-0.00125,-0.00106,-0.00185,
2023-03-20 23:45:00,2023-03-20,23,-0.065403129230129,0.9978589232386044,79,0.9776212684636004,0.2103726585077565,-0.00317,-0.00267,-0.00182,-0.00181,-0.00316,
2023-03-21 00:00:00,2023-03-21,0,-5.4876556214533194e-14,1.0,80,0.977658950620793,0.2101974697065827,-0.00312,-0.0025299999999999,-0.00164,-0.00149,-0.00263,
2023-03-21 00:15:00,2023-03-21,0,0.0654031292301329,0.997858923238604,80,0.9776966013843196,0.210022274155745,-0.00325,-0.00274,-0.00148,-0.00154,-0.00252,
2023-03-21 00:30:00,2023-03-21,0,0.1305261922200296,0.9914448613738132,80,0.9777342207529708,0.2098470718608695,-0.00244,-0.0019199999999999,-0.00109,-0.00107,-0.00237,
2023-03-21 00:45:00,2023-03-21,0,0.1950903220160947,0.9807852804032372,80,0.9777718087255388,0.2096718628275816,-0.00266,-0.00216,-0.00109,-0.00104,-0.00211,
2023-03-21 01:00:00,2023-03-21,1,0.2588190451025309,0.9659258262890656,80,0.9778093653008167,0.2094966470615077,-0.00104,-0.000691,-0.0003,-0.000226,-0.000831,
2023-03-21 01:15:00,2023-03-21,1,0.3214394653031063,0.9469301294951245,80,0.9778468904775984,0.2093214245682744,-0.0025499999999999,-0.00196,-0.00082,-0.000703,-0.00172,
2023-03-21 01:30:00,2023-03-21,1,0.3826834323650772,0.923879532511292,80,0.9778843842546788,0.2091461953535079,-0.0025,-0.00208,-0.000893,-0.000784,-0.00212,
2023-03-21 01:45:00,2023-03-21,1,0.4422886902189782,0.8968727415326997,80,0.977921846630854,0.2089709594228353,-0.00196,-0.00154,-0.000972,-0.000814,-0.00214,
2023-03-21 02:00:00,2023-03-21,2,0.4999999999999673,0.8660254037844575,80,0.9779592776049212,0.2087957167818835,-8.269999999999999e-06,-0.000131,-0.00061,-0.000352,-0.00165,
2023-03-21 02:15:00,2023-03-21,2,0.5555702330196081,0.8314696123025413,80,0.9779966771756784,0.2086204674362795,-0.0028399999999999,-0.0024,-0.000607,-0.000405,-0.00124,
2023-03-21 02:30:00,2023-03-21,2,0.6087614290086716,0.7933533402912728,80,0.9780340453419246,0.2084452113916509,-0.000724,-0.000365,-0.000927,-0.000531,-0.00145,
2023-03-21 02:45:00,2023-03-21,2,0.6593458151000561,0.7518398074789887,80,0.97807138210246,0.2082699486536254,-0.0014,-0.00111,-0.00107,-0.000959,-0.00237,
2023-03-21 03:00:00,2023-03-21,3,0.7071067811865269,0.7071067811865681,80,0.9781086874560854,0.2080946792278311,-0.00273,-0.00209,-0.00112,-0.00111,-0.00219,
2023-03-21 03:15:00,2023-03-21,3,0.7518398074789877,0.6593458151000571,80,0.978145961401603,0.2079194031198957,-0.0020299999999999,-0.00179,-0.000962,-0.000849,-0.002,
2023-03-21 03:30:00,2023-03-21,3,0.7933533402912374,0.6087614290087178,80,0.978183203937816,0.2077441203354478,-0.00345,-0.00276,-0.00117,-0.00103,-0.00197,
2023-03-21 03:45:00,2023-03-21,3,0.8314696123025089,0.5555702330196566,80,0.9782204150635284,0.2075688308801158,-0.00148,-0.00111,-0.000872,-0.000822,-0.00187,
2023-03-21 04:00:00,2023-03-21,4,0.8660254037844284,0.5000000000000178,80,0.9782575947775456,0.2073935347595282,-0.0019399999999999,-0.0014199999999999,-0.000913,-0.000784,-0.00183,
2023-03-21 04:15:00,2023-03-21,4,0.8968727415326738,0.4422886902190305,80,0.9782947430786731,0.2072182319793141,-0.00202,-0.00151,-0.000683,-0.000573,-0.0016,
2023-03-21 04:30:00,2023-03-21,4,0.9238795325112914,0.3826834323650785,80,0.9783318599657188,0.2070429225451028,-0.00211,-0.00154,-0.00082,-0.000768,-0.00213,
2023-03-21 04:45:00,2023-03-21,4,0.9469301294951056,0.3214394653031615,80,0.97836894543749,0.2068676064625237,-0.0014399999999999,-0.000911,4.48e-05,7.65e-06,-0.000818,
2023-03-21 05:00:00,2023-03-21,5,0.9659258262890504,0.2588190451025872,80,0.9784059994927964,0.2066922837372063,-0.0016799999999999,-0.000947,-1.03e-05,-3.82e-06,-0.00078,
2023-03-21 05:15:00,2023-03-21,5,0.9807852804032258,0.1950903220161518,80,0.9784430221304484,0.2065169543747801,-0.000327,0.000312,0.00061,0.000631,-0.000596,
2023-03-21 05:30:00,2023-03-21,5,0.9914448613738056,0.1305261922200874,80,0.9784800133492564,0.2063416183808756,0.00523,0.00551,0.00594,0.00541,0.00491,
2023-03-21 05:45:00,2023-03-21,5,0.997858923238604,0.0654031292301344,80,0.9785169731480332,0.2061662757611227,0.0168,0.0172,0.0188,0.0176,0.0178,
2023-03-21 06:00:00,2023-03-21,6,1.0,3.4234402118832936e-15,80,0.9785539015255916,0.2059909265211518,0.0337,0.0337,0.0386,0.0353,0.0366,
2023-03-21 06:15:00,2023-03-21,6,0.9978589232386084,-0.0654031292300708,80,0.978590798480746,0.205815570666594,0.0496,0.122,0.164,0.124,0.145,
2023-03-21 06:30:00,2023-03-21,6,0.991444861373814,-0.1305261922200242,80,0.9786276640123116,0.2056402082030796,0.0599,0.169,0.229,0.174,0.207,
2023-03-21 06:45:00,2023-03-21,6,0.9807852804032382,-0.1950903220160894,80,0.9786644981191046,0.2054648391362401,0.0686,0.215,0.292,0.238,0.275,
2023-03-21 07:00:00,2023-03-21,7,0.965925826289067,-0.2588190451025257,80,0.9787013007999422,0.2052894634717064,0.068,0.261,0.355,0.295,0.338,
2023-03-21 07:15:00,2023-03-21,7,0.946930129495108,-0.321439465303155,80,0.9787380720536424,0.2051140812151105,0.0764,0.319,0.43,0.365,0.412,
2023-03-21 07:30:00,2023-03-21,7,0.9238795325113158,-0.3826834323650197,80,0.9787748118790248,0.2049386923720837,0.124,0.355,0.447,0.385,0.435,
2023-03-21 07:45:00,2023-03-21,7,0.896872741532702,-0.4422886902189734,80,0.9788115202749096,0.2047632969482577,0.161,0.475,0.6,0.527,0.585,
2023-03-21 08:00:00,2023-03-21,8,0.8660254037844602,-0.4999999999999626,80,0.9788481972401176,0.2045878949492654,0.139,0.503,0.651,0.581,0.632,
2023-03-21 08:15:00,2023-03-21,8,0.8314696123025443,-0.5555702330196036,80,0.9788848427734717,0.2044124863807385,0.167,0.486,0.647,0.584,0.624,
2023-03-21 08:30:00,2023-03-21,8,0.7933533402912415,-0.6087614290087123,80,0.9789214568737948,0.20423707124831,0.166,0.506,0.688,0.627,0.662,
2023-03-21 08:45:00,2023-03-21,8,0.7518398074789547,-0.6593458151000947,80,0.9789580395399112,0.2040616495576122,0.166,0.515,0.708,0.648,0.681,
2023-03-21 09:00:00,2023-03-21,9,0.707106781186572,-0.7071067811865231,80,0.9789945907706462,0.2038862213142785,0.15,0.581,0.801,0.737,0.769,
2023-03-21 09:15:00,2023-03-21,9,0.6593458151001039,-0.7518398074789466,80,0.9790311105648262,0.203710786523942,0.174,0.569,0.77,0.712,0.745,
2023-03-21 09:30:00,2023-03-21,9,0.6087614290087221,-0.793353340291234,80,0.9790675989212784,0.2035353451922355,0.162,0.655,0.895,0.831,0.865,
2023-03-21 09:45:00,2023-03-21,9,0.5555702330196138,-0.8314696123025375,80,0.9791040558388312,0.2033598973247936,0.13,0.728,0.991,0.926,0.958,
2023-03-21 10:00:00,2023-03-21,10,0.4999999999999732,-0.8660254037844541,80,0.979140481316314,0.2031844429272493,0.125,0.706,0.965,0.907,0.933,
2023-03-21 10:15:00,2023-03-21,10,0.4422886902190354,-0.8968727415326715,80,0.9791768753525572,0.2030089820052373,0.109,0.759,1.03,0.974,0.997,
2023-03-21 10:30:00,2023-03-21,10,0.3826834323651361,-0.9238795325112676,80,0.9792132379463916,0.2028335145643914,0.132,0.788,1.06,1.0,1.03,
2023-03-21 10:45:00,2023-03-21,10,0.3214394653031666,-0.946930129495104,80,0.9792495690966504,0.202658040610346,0.173,0.781,1.02,0.973,0.994,
2023-03-21 11:00:00,2023-03-21,11,0.2588190451025375,-0.9659258262890638,80,0.9792858688021662,0.202482560148736,0.189,0.716,0.952,0.906,0.927,
2023-03-21 11:15:00,2023-03-21,11,0.1950903220161014,-0.9807852804032358,80,0.9793221370617738,0.2023070731851958,0.199,0.316,0.422,0.405,0.409,
2023-03-21 11:30:00,2023-03-21,11,0.1305261922200927,-0.9914448613738048,80,0.9793583738743086,0.2021315797253612,0.265,0.592,0.773,0.746,0.752,
2023-03-21 11:45:00,2023-03-21,11,0.0654031292301965,-0.9978589232386,80,0.9793945792386068,0.2019560797748672,0.188,0.582,0.788,0.763,0.768,
2023-03-21 12:00:00,2023-03-21,12,8.813743070041413e-15,-1.0,80,0.9794307531535058,0.2017805733393489,0.255,0.549,0.735,0.716,0.716,
2023-03-21 12:15:00,2023-03-21,12,-0.0654031292301222,-0.9978589232386048,80,0.9794668956178442,0.2016050604244425,0.286,0.555,0.739,0.724,0.72,
2023-03-21 12:30:00,2023-03-21,12,-0.1305261922200752,-0.9914448613738072,80,0.9795030066304612,0.2014295410357836,0.234,0.528,0.708,0.699,0.688,
2023-03-21 12:45:00,2023-03-21,12,-0.1950903220160841,-0.9807852804032392,80,0.9795390861901976,0.2012540151790085,0.245,0.785,1.02,1.0,1.0,
2023-03-21 13:00:00,2023-03-21,13,-0.2588190451024656,-0.9659258262890832,80,0.9795751342958946,0.2010784828597533,0.32,0.939,1.14,1.11,1.14,
2023-03-21 13:15:00,2023-03-21,13,-0.3214394653031499,-0.9469301294951096,80,0.9796111509463946,0.2009029440836546,0.325,0.865,1.05,1.03,1.05,
2023-03-21 13:30:00,2023-03-21,13,-0.3826834323650672,-0.923879532511296,80,0.9796471361405412,0.2007273988563495,0.202,0.728,0.961,0.959,0.944,
2023-03-21 13:45:00,2023-03-21,13,-0.4422886902190195,-0.8968727415326793,80,0.9796830898771788,0.2005518471834744,0.159,0.691,0.917,0.921,0.899,
2023-03-21 14:00:00,2023-03-21,14,-0.499999999999958,-0.8660254037844629,80,0.9797190121551528,0.2003762890706669,0.235,0.425,0.528,0.527,0.524,
2023-03-21 14:15:00,2023-03-21,14,-0.5555702330195991,-0.8314696123025473,80,0.97975490297331,0.2002007245235639,0.259,0.309,0.354,0.347,0.353,
2023-03-21 14:30:00,2023-03-21,14,-0.6087614290087081,-0.7933533402912448,80,0.9797907623304976,0.2000251535478035,0.263,0.305,0.342,0.334,0.343,
2023-03-21 14:45:00,2023-03-21,14,-0.659345815100048,-0.7518398074789958,80,0.9798265902255644,0.1998495761490229,0.255,0.315,0.356,0.352,0.358,
2023-03-21 15:00:00,2023-03-21,15,-0.7071067811865595,-0.7071067811865356,80,0.9798623866573596,0.1996739923328604,0.242,0.28,0.301,0.295,0.305,
2023-03-21 15:15:00,2023-03-21,15,-0.7518398074789431,-0.6593458151001079,80,0.9798981516247338,0.1994984021049544,0.231,0.326,0.372,0.375,0.377,
2023-03-21 15:30:00,2023-03-21,15,-0.7933533402912307,-0.6087614290087263,80,0.9799338851265388,0.1993228054709428,0.233,0.407,0.459,0.471,0.469,
2023-03-21 15:45:00,2023-03-21,15,-0.8314696123025345,-0.5555702330196183,80,0.9799695871616272,0.1991472024364646,0.165,0.264,0.307,0.319,0.311,
2023-03-21 16:00:00,2023-03-21,16,-0.8660254037844229,-0.5000000000000272,80,0.980005257728852,0.1989715930071585,0.12,0.158,0.183,0.192,0.184,
2023-03-21 16:15:00,2023-03-21,16,-0.8968727415326943,-0.4422886902189892,80,0.9800408968270684,0.1987959771886631,0.121,0.199,0.23,0.248,0.233,
2023-03-21 16:30:00,2023-03-21,16,-0.9238795325112656,-0.382683432365141,80,0.9800765044551316,0.1986203549866181,0.0906,0.0953,0.101,0.101,0.101,
2023-03-21 16:45:00,2023-03-21,16,-0.9469301294951022,-0.3214394653031717,80,0.9801120806118986,0.1984447264066627,0.0596,0.0598,0.0593,0.0594,0.0594,
2023-03-21 17:00:00,2023-03-21,17,-0.9659258262890624,-0.2588190451025428,80,0.9801476252962266,0.1982690914544367,0.0394,0.0426,0.0439,0.0448999999999999,0.0448999999999999,
2023-03-21 17:15:00,2023-03-21,17,-0.9807852804032235,-0.1950903220161624,80,0.9801831385069744,0.1980934501355799,0.0218,0.0219,0.0212,0.0205,0.0212,
2023-03-21 17:30:00,2023-03-21,17,-0.9914448613738116,-0.1305261922200417,80,0.9802186202430015,0.197917802455732,0.00497,0.00498,0.00457,0.00434,0.00436,
2023-03-21 17:45:00,2023-03-21,17,-0.9978589232385996,-0.0654031292302019,80,0.9802540705031688,0.1977421484205337,-0.00116,-0.000989,-0.000489,-0.000505,-0.0014299999999999,
2023-03-21 18:00:00,2023-03-21,18,-1.0,-1.4204045928199532e-14,80,0.980289489286338,0.197566488035625,-0.00332,-0.00283,-0.00151,-0.00158,-0.00272,
2023-03-21 18:15:00,2023-03-21,18,-0.9978589232386053,0.0654031292301168,80,0.9803248765913714,0.1973908213066467,-0.003,-0.00231,-0.00113,-0.0012,-0.00209,
2023-03-21 18:30:00,2023-03-21,18,-0.9914448613738154,0.1305261922200135,80,0.9803602324171328,0.1972151482392399,-0.00261,-0.00216,-0.0012,-0.00099,-0.00215,
2023-03-21 18:45:00,2023-03-21,18,-0.9807852804032292,0.1950903220161345,80,0.980395556762487,0.1970394688390453,-0.00265,-0.0019299999999999,-0.000962,-0.000914,-0.00164,
2023-03-21 19:00:00,2023-03-21,19,-0.9659258262890844,0.2588190451024604,80,0.9804308496262996,0.1968637831117044,-0.00146,-0.00113,-0.000907,-0.000749,-0.00157,
2023-03-21 19:15:00,2023-03-21,19,-0.9469301294951114,0.3214394653031448,80,0.9804661110074376,0.1966880910628584,-0.00264,-0.00196,-0.00091,-0.000787,-0.0014,
2023-03-21 19:30:00,2023-03-21,19,-0.9238795325112982,0.3826834323650622,80,0.980501340904768,0.1965123926981493,-0.00213,-0.00166,-0.000986,-0.000826,-0.0015,
2023-03-21 19:45:00,2023-03-21,19,-0.8968727415326817,0.4422886902190147,80,0.9805365393171604,0.1963366880232186,-0.00241,-0.00182,-0.000896,-0.000749,-0.00131,
2023-03-21 20:00:00,2023-03-21,20,-0.8660254037844372,0.5000000000000026,80,0.980571706243484,0.1961609770437085,-0.00148,-0.00121,-0.000917,-0.000711,-0.0014,
2023-03-21 20:15:00,2023-03-21,20,-0.8314696123025819,0.5555702330195473,80,0.9806068416826098,0.1959852597652615,-0.00215,-0.00138,-0.000572,-0.00055,-0.00117,
2023-03-21 20:30:00,2023-03-21,20,-0.793353340291248,0.6087614290087038,80,0.9806419456334096,0.1958095361935196,-0.0022,-0.00182,-0.00115,-0.00104,-0.00204,
2023-03-21 20:45:00,2023-03-21,20,-0.7518398074789994,0.6593458151000439,80,0.9806770180947556,0.195633806334126,-0.00282,-0.00226,-0.0014,-0.00128,-0.00229,
2023-03-21 21:00:00,2023-03-21,21,-0.7071067811865394,0.7071067811865557,80,0.9807120590655224,0.1954580701927231,-0.00498,-0.0035099999999999,-0.00178,-0.0016,-0.0022299999999999,
2023-03-21 21:15:00,2023-03-21,21,-0.6593458151000693,0.751839807478977,80,0.9807470685445842,0.1952823277749543,-0.00221,-0.00191,-0.00146,-0.0013,-0.00234,
2023-03-21 21:30:00,2023-03-21,21,-0.6087614290087757,0.7933533402911929,80,0.9807820465308172,0.1951065790864627,-0.00199,-0.00175,-0.00102,-0.000868,-0.0019299999999999,
2023-03-21 21:45:00,2023-03-21,21,-0.5555702330196227,0.8314696123025316,80,0.980816993023098,0.1949308241328917,-0.00109,-0.00102,-0.000841,-0.000398,-0.00158,
2023-03-21 22:00:00,2023-03-21,22,-0.5000000000000319,0.8660254037844203,80,0.9808519080203044,0.1947550629198854,-0.0013,-0.000869,-0.000731,-0.000688,-0.00153,
2023-03-21 22:15:00,2023-03-21,22,-0.4422886902189941,0.8968727415326918,80,0.9808867915213152,0.1945792954530871,0.000306,3.19e-05,-0.000762,-0.000589,-0.00183,
2023-03-21 22:30:00,2023-03-21,22,-0.3826834323650935,0.9238795325112852,80,0.9809216435250104,0.1944035217381415,-0.00149,-0.00131,-0.000734,-0.000696,-0.00173,
2023-03-21 22:45:00,2023-03-21,22,-0.3214394653032306,0.9469301294950824,80,0.9809564640302711,0.1942277417806925,-0.00245,-0.00197,-0.000779,-0.000757,-0.00174,
2023-03-21 23:00:00,2023-03-21,23,-0.258819045102548,0.965925826289061,80,0.9809912530359788,0.1940519555863843,-0.0023,-0.0016699999999999,-0.000558,-0.000474,-0.00158,
2023-03-21 23:15:00,2023-03-21,23,-0.1950903220161677,0.9807852804032224,80,0.9810260105410166,0.1938761631608621,-0.00196,-0.00157,-0.000576,-0.000493,-0.00166,
2023-03-21 23:30:00,2023-03-21,23,-0.130526192220047,0.991444861373811,80,0.9810607365442682,0.1937003645097705,-0.00212,-0.00156,-0.000607,-0.000593,-0.00148,
2023-03-21 23:45:00,2023-03-21,23,-0.0654031292301505,0.997858923238603,80,0.9810954310446186,0.1935245596387549,-0.00221,-0.00158,-0.000527,-0.000447,-0.00128,
2023-03-22 00:00:00,2023-03-22,0,-7.643776764716566e-14,1.0,81,0.9811300940409536,0.1933487485534603,-0.00133,-0.00066,-0.000334,-0.000145,-0.000746,
2023-03-22 00:15:00,2023-03-22,0,0.0654031292301114,0.9978589232386056,81,0.9811647255321606,0.1931729312595321,-0.00171,-0.00105,-0.000407,-0.000248,-0.0012,
2023-03-22 00:30:00,2023-03-22,0,0.1305261922200082,0.9914448613738162,81,0.9811993255171272,0.1929971077626163,-0.0020099999999999,-0.00127,-0.000748,-0.000539,-0.0014399999999999,
2023-03-22 00:45:00,2023-03-22,0,0.1950903220161293,0.9807852804032302,81,0.981233893994742,0.1928212780683584,-0.00199,-0.00152,-0.00123,-0.000948,-0.00207,
2023-03-22 01:00:00,2023-03-22,1,0.2588190451025101,0.9659258262890712,81,0.9812684309638956,0.1926454421824046,-0.00217,-0.00166,-0.00111,-0.000849,-0.00164,
2023-03-22 01:15:00,2023-03-22,1,0.3214394653031935,0.9469301294950948,81,0.9813029364234788,0.1924696001104013,-0.0019199999999999,-0.00145,-0.00105,-0.000807,-0.0016699999999999,
2023-03-22 01:30:00,2023-03-22,1,0.3826834323650573,0.9238795325113002,81,0.9813374103723834,0.1922937518579952,-0.00265,-0.0019,-0.00112,-0.000959,-0.00198,
2023-03-22 01:45:00,2023-03-22,1,0.4422886902189589,0.8968727415327092,81,0.9813718528095028,0.1921178974308326,-0.00244,-0.00206,-0.00123,-0.00109,-0.00229,
2023-03-22 02:00:00,2023-03-22,2,0.4999999999999979,0.8660254037844398,81,0.9814062637337304,0.1919420368345603,-0.0025099999999999,-0.00211,-0.00113,-0.00105,-0.00216,
2023-03-22 02:15:00,2023-03-22,2,0.5555702330195902,0.8314696123025533,81,0.9814406431439616,0.1917661700748257,-0.00227,-0.00196,-0.00126,-0.00115,-0.00231,
2023-03-22 02:30:00,2023-03-22,2,0.6087614290087446,0.7933533402912167,81,0.9814749910390924,0.1915902971572758,-0.0025099999999999,-0.0021,-0.00106,-0.00104,-0.00198,
2023-03-22 02:45:00,2023-03-22,2,0.6593458151000399,0.7518398074790029,81,0.98150930741802,0.1914144180875581,-0.00222,-0.00183,-0.001,-0.000894,-0.00186,
2023-03-22 03:00:00,2023-03-22,3,0.7071067811865117,0.7071067811865834,81,0.9815435922796424,0.1912385328713206,-0.0022299999999999,-0.0016799999999999,-0.000931,-0.000807,-0.0018,
2023-03-22 03:15:00,2023-03-22,3,0.7518398074789735,0.6593458151000733,81,0.9815778456228584,0.1910626415142106,-0.00244,-0.00177,-0.000848,-0.00068,-0.00176,
2023-03-22 03:30:00,2023-03-22,3,0.7933533402912242,0.6087614290087349,81,0.9816120674465684,0.1908867440218768,-0.0025,-0.00176,-0.000669,-0.000531,-0.00149,
2023-03-22 03:45:00,2023-03-22,3,0.8314696123025601,0.55557023301958,81,0.9816462577496736,0.1907108403999668,-0.00196,-0.00139,-0.000572,-0.000455,-0.0014399999999999,
2023-03-22 04:00:00,2023-03-22,4,0.8660254037844176,0.5000000000000365,81,0.9816804165310756,0.1905349306541296,-0.00186,-0.00126,-0.000638,-0.00055,-0.0016,
2023-03-22 04:15:00,2023-03-22,4,0.8968727415326644,0.4422886902190499,81,0.9817145437896778,0.1903590147900137,-0.00261,-0.0019299999999999,-0.00051,-0.000505,-0.00135,
2023-03-22 04:30:00,2023-03-22,4,0.9238795325112832,0.3826834323650985,81,0.9817486395243846,0.1901830928132673,-0.00208,-0.00148,-0.000245,-0.000336,-0.00108,
2023-03-22 04:45:00,2023-03-22,4,0.9469301294950988,0.3214394653031819,81,0.9817827037341008,0.1900071647295405,-0.00302,-0.0014299999999999,-0.000555,-0.000482,-0.000955,
2023-03-22 05:00:00,2023-03-22,5,0.9659258262890744,0.2588190451024982,81,0.9818167364177328,0.1898312305444818,0.000914,0.000915,-0.000124,0.000229,-0.000587,
2023-03-22 05:15:00,2023-03-22,5,0.9807852804032215,0.195090322016173,81,0.9818507375741876,0.1896552902637411,-0.000732,-2.13e-05,0.000386,0.000524,-0.000467,
2023-03-22 05:30:00,2023-03-22,5,0.9914448613738104,0.1305261922200524,81,0.9818847072023734,0.1894793438929676,0.00187,0.00262,0.00285,0.00268,0.00234,
2023-03-22 05:45:00,2023-03-22,5,0.9978589232386028,0.0654031292301559,81,0.9819186453011994,0.1893033914378115,0.0116,0.0118,0.0104,0.00942,0.0101999999999999,
2023-03-22 06:00:00,2023-03-22,6,1.0,2.498465164451577e-14,81,0.981952551869576,0.1891274329039227,0.0224,0.0226999999999999,0.0226999999999999,0.0205,0.0222,
2023-03-22 06:15:00,2023-03-22,6,0.9978589232386024,-0.0654031292301628,81,0.9819864269064142,0.1889514682969509,0.037,0.0368999999999999,0.0372,0.0337,0.037,
2023-03-22 06:30:00,2023-03-22,6,0.9914448613738168,-0.1305261922200029,81,0.9820202704106265,0.1887754976225474,0.0613,0.0626,0.063,0.0562,0.063,
2023-03-22 06:45:00,2023-03-22,6,0.9807852804032312,-0.195090322016124,81,0.9820540823811256,0.1885995208863621,0.0823,0.0828,0.0863,0.078,0.0859,
2023-03-22 07:00:00,2023-03-22,7,0.9659258262890724,-0.2588190451025049,81,0.9820878628168264,0.1884235380940463,0.104,0.12,0.14,0.125,0.136,
2023-03-22 07:15:00,2023-03-22,7,0.9469301294951148,-0.3214394653031346,81,0.9821216117166436,0.1882475492512509,0.118,0.297,0.385,0.331,0.369,
2023-03-22 07:30:00,2023-03-22,7,0.9238795325112804,-0.3826834323651048,81,0.982155329079494,0.1880715543636266,0.12,0.386,0.516,0.447,0.495,
2023-03-22 07:45:00,2023-03-22,7,0.8968727415327116,-0.4422886902189541,81,0.9821890149042948,0.1878955534368254,0.135,0.439,0.584,0.516,0.564,
2023-03-22 08:00:00,2023-03-22,8,0.8660254037844426,-0.4999999999999932,81,0.982222669189964,0.1877195464764982,0.159,0.509,0.672,0.601,0.652,
2023-03-22 08:15:00,2023-03-22,8,0.8314696123025563,-0.5555702330195856,81,0.9822562919354214,0.1875435334882977,0.173,0.507,0.674,0.609,0.652,
2023-03-22 08:30:00,2023-03-22,8,0.7933533402912546,-0.6087614290086952,81,0.9822898831395868,0.1873675144778752,0.188,0.404,0.533,0.488,0.517,
2023-03-22 08:45:00,2023-03-22,8,0.751839807478969,-0.6593458151000785,81,0.982323442801382,0.1871914894508829,0.184,0.456,0.613,0.563,0.593,
2023-03-22 09:00:00,2023-03-22,9,0.7071067811865872,-0.7071067811865078,81,0.9823569709197292,0.1870154584129734,0.152,0.591,0.805,0.741,0.778,
2023-03-22 09:15:00,2023-03-22,9,0.6593458151000774,-0.75183980747897,81,0.9823904674935516,0.1868394213697989,0.106,0.676,0.927,0.857,0.895,
2023-03-22 09:30:00,2023-03-22,9,0.6087614290087392,-0.793353340291221,81,0.9824239325217736,0.1866633783270126,0.0902999999999999,0.697,0.955,0.889,0.924,
2023-03-22 09:45:00,2023-03-22,9,0.5555702330196317,-0.8314696123025256,81,0.982457366003321,0.1864873292902669,0.0828,0.721,0.988,0.923,0.956,
2023-03-22 10:00:00,2023-03-22,10,0.4999999999999919,-0.8660254037844433,81,0.98249076793712,0.1863112742652152,0.0784,0.745,1.02,0.955,0.986,
2023-03-22 10:15:00,2023-03-22,10,0.4422886902190547,-0.8968727415326619,81,0.9825241383220978,0.1861352132575111,0.0879,0.719,0.981,0.923,0.949,
2023-03-22 10:30:00,2023-03-22,10,0.3826834323651034,-0.9238795325112812,81,0.9825574771571832,0.1859591462728075,0.0930999999999999,0.708,0.966,0.914,0.933,
2023-03-22 10:45:00,2023-03-22,10,0.321439465303187,-0.946930129495097,81,0.9825907844413054,0.1857830733167586,0.0955,0.778,1.06,1.01,1.03,
2023-03-22 11:00:00,2023-03-22,11,0.2588190451025035,-0.9659258262890728,81,0.982624060173395,0.185606994395018,0.0988,0.774,1.05,1.0,1.02,
2023-03-22 11:15:00,2023-03-22,11,0.1950903220161225,-0.9807852804032317,81,0.9826573043523834,0.18543090951324,0.0992,0.734,0.998,0.957,0.972,
2023-03-22 11:30:00,2023-03-22,11,0.1305261922201141,-0.9914448613738022,81,0.9826905169772032,0.1852548186770785,0.0982,0.769,1.04,1.0,1.02,
2023-03-22 11:45:00,2023-03-22,11,0.0654031292301613,-0.9978589232386024,81,0.9827236980467876,0.1850787218921883,0.0882,0.772,1.05,1.02,1.02,
2023-03-22 12:00:00,2023-03-22,12,3.0374954502673893e-14,-1.0,81,0.9827568475600716,0.1849026191642241,0.0802,0.799,1.08,1.05,1.06,
2023-03-22 12:15:00,2023-03-22,12,-0.0654031292301574,-0.9978589232386026,81,0.9827899655159904,0.1847265104988405,0.0780999999999999,0.799,1.08,1.05,1.05,
2023-03-22 12:30:00,2023-03-22,12,-0.1305261922200539,-0.9914448613738102,81,0.9828230519134808,0.1845503959016928,0.0772,0.787,1.06,1.04,1.04,
2023-03-22 12:45:00,2023-03-22,12,-0.1950903220160629,-0.9807852804032434,81,0.98285610675148,0.1843742753784361,0.0736,0.752,1.01,0.997,0.992,
2023-03-22 13:00:00,2023-03-22,13,-0.2588190451024997,-0.965925826289074,81,0.9828891300289267,0.1841981489347255,0.0686,0.74,0.998,0.986,0.976,
2023-03-22 13:15:00,2023-03-22,13,-0.3214394653031295,-0.9469301294951166,81,0.9829221217447608,0.184022016576217,0.0689,0.719,0.967,0.958,0.946,
2023-03-22 13:30:00,2023-03-22,13,-0.3826834323650998,-0.9238795325112826,81,0.9829550818979228,0.1838458783085662,0.068,0.689,0.926,0.922,0.908,
2023-03-22 13:45:00,2023-03-22,13,-0.4422886902190002,-0.8968727415326888,81,0.9829880104873538,0.1836697341374294,0.0679,0.658,0.882,0.886,0.867,
2023-03-22 14:00:00,2023-03-22,14,-0.4999999999999393,-0.8660254037844737,81,0.9830209075119968,0.1834935840684627,0.0693,0.621,0.83,0.843,0.821,
2023-03-22 14:15:00,2023-03-22,14,-0.5555702330195812,-0.8314696123025593,81,0.9830537729707958,0.183317428107322,0.0704,0.581,0.773,0.793,0.767,
2023-03-22 14:45:00,2023-03-22,14,-0.6593458151000744,-0.7518398074789725,81,0.98311940918664,0.1829650985311459,0.0675,0.5,0.657,0.684,0.657,
2023-03-22 15:00:00,2023-03-22,15,-0.7071067811865442,-0.7071067811865508,81,0.9831521799415776,0.1827889249274245,0.0667,0.457,0.597,0.623,0.597,
2023-03-22 15:15:00,2023-03-22,15,-0.7518398074789289,-0.6593458151001241,81,0.9831849191264558,0.1826127454541568,0.0648,0.412,0.534,0.56,0.535,
2023-03-22 15:30:00,2023-03-22,15,-0.7933533402912176,-0.6087614290087435,81,0.983217626740223,0.1824365601169998,0.061,0.363,0.467,0.497,0.471,
2023-03-22 15:45:00,2023-03-22,15,-0.8314696123025226,-0.5555702330196362,81,0.9832503027818288,0.1822603689216116,0.0576,0.311,0.396,0.431,0.402,
2023-03-22 16:00:00,2023-03-22,16,-0.8660254037844406,-0.4999999999999966,81,0.9832829472502242,0.1820841718736492,0.0533999999999999,0.26,0.328,0.364,0.334,
2023-03-22 16:15:00,2023-03-22,16,-0.8968727415326847,-0.4422886902190086,81,0.983315560144361,0.1819079689787712,0.0475,0.211,0.263,0.297,0.267,
2023-03-22 16:30:00,2023-03-22,16,-0.9238795325113008,-0.3826834323650559,81,0.9833481414631918,0.1817317602426348,0.0416,0.163,0.196,0.229,0.201,
2023-03-22 16:45:00,2023-03-22,16,-0.9469301294950953,-0.3214394653031921,81,0.9833806912056704,0.1815555456708992,0.0346,0.117,0.135,0.165,0.143,
2023-03-22 17:00:00,2023-03-22,17,-0.9659258262890568,-0.2588190451025636,81,0.9834132093707516,0.1813793252692224,0.0259,0.0747999999999999,0.0797,0.106,0.0878,
2023-03-22 17:15:00,2023-03-22,17,-0.9807852804032304,-0.1950903220161278,81,0.9834456959573912,0.1812030990432628,0.0174,0.0314,0.0304,0.0428,0.0303,
2023-03-22 17:30:00,2023-03-22,17,-0.9914448613738088,-0.1305261922200631,81,0.983478150964546,0.1810268669986797,0.00524,0.00544,0.0068499999999999,0.00654,0.00536,
2023-03-22 17:45:00,2023-03-22,17,-0.9978589232386056,-0.0654031292301099,81,0.983510574391174,0.1808506291411315,-0.00135,-0.00106,-0.000262,-0.000333,-0.00126,
2023-03-22 18:00:00,2023-03-22,18,-1.0,-3.5765257360832006e-14,81,0.9835429662362338,0.180674385476278,-0.0014399999999999,-0.00149,-0.00145,-0.00138,-0.00211,
2023-03-22 18:15:00,2023-03-22,18,-0.9978589232386066,0.0654031292300953,81,0.9835753264986854,0.1804981360097781,-0.00442,-0.00316,-0.0014399999999999,-0.00146,-0.00197,
2023-03-22 18:30:00,2023-03-22,18,-0.9914448613738108,0.1305261922200485,81,0.9836076551774896,0.1803218807472914,-0.00368,-0.00281,-0.0014199999999999,-0.00134,-0.00219,
2023-03-22 18:45:00,2023-03-22,18,-0.9807852804032334,0.1950903220161134,81,0.9836399522716086,0.1801456196944781,-0.00349,-0.0025,-0.00123,-0.0011799999999999,-0.00183,
2023-03-22 19:00:00,2023-03-22,19,-0.9659258262890608,0.2588190451025494,81,0.9836722177800048,0.1799693528569976,-0.0028399999999999,-0.0020499999999999,-0.00109,-0.00107,-0.0018,
2023-03-22 19:15:00,2023-03-22,19,-0.9469301294951182,0.3214394653031244,81,0.9837044517016428,0.1797930802405104,-0.00138,-0.00149,-0.00139,-0.00127,-0.0025,
2023-03-22 19:30:00,2023-03-22,19,-0.9238795325113064,0.3826834323650424,81,0.9837366540354866,0.1796168018506767,-0.00292,-0.00256,-0.00172,-0.00154,-0.00254,
2023-03-22 19:45:00,2023-03-22,19,-0.8968727415326913,0.4422886902189954,81,0.983768824780503,0.1794405176931567,-0.00258,-0.00237,-0.00151,-0.00131,-0.00266,
2023-03-22 20:00:00,2023-03-22,20,-0.8660254037844479,0.4999999999999839,81,0.9838009639356584,0.1792642277736112,-0.0034,-0.0028399999999999,-0.00155,-0.00165,-0.00265,
2023-03-22 20:15:00,2023-03-22,20,-0.8314696123025307,0.5555702330196239,81,0.9838330714999212,0.1790879320977012,-0.00328,-0.00258,-0.00114,-0.00128,-0.00215,
2023-03-22 20:30:00,2023-03-22,20,-0.7933533402912611,0.6087614290086867,81,0.9838651474722602,0.1789116306710879,-0.00252,-0.00185,-0.0013,-0.0011799999999999,-0.00231,
2023-03-22 20:45:00,2023-03-22,20,-0.7518398074790136,0.6593458151000277,81,0.9838971918516451,0.1787353234994322,-0.00309,-0.00219,-0.00133,-0.00114,-0.00239,
2023-03-22 21:00:00,2023-03-22,21,-0.7071067811865547,0.7071067811865405,81,0.9839292046370476,0.1785590105883955,-0.0035299999999999,-0.00256,-0.00107,-0.00099,-0.00246,
2023-03-22 21:15:00,2023-03-22,21,-0.6593458151000855,0.7518398074789628,81,0.9839611858274392,0.1783826919436398,-0.00228,-0.00186,-0.00112,-0.000994,-0.00231,
2023-03-22 21:30:00,2023-03-22,21,-0.6087614290087027,0.7933533402912489,81,0.9839931354217932,0.1782063675708262,-0.00237,-0.0020099999999999,-0.00107,-0.000986,-0.00225,
2023-03-22 21:45:00,2023-03-22,21,-0.5555702330196407,0.8314696123025196,81,0.9840250534190836,0.1780300374756172,-0.0020499999999999,-0.0016799999999999,-0.000955,-0.000845,-0.0020099999999999,
2023-03-22 22:00:00,2023-03-22,22,-0.5000000000000012,0.8660254037844379,81,0.9840569398182852,0.1778537016636747,-0.00248,-0.00199,-0.000969,-0.000845,-0.00204,
2023-03-22 22:15:00,2023-03-22,22,-0.4422886902190134,0.8968727415326824,81,0.9840887946183748,0.1776773601406615,-0.00268,-0.00213,-0.00103,-0.000959,-0.00212,
2023-03-22 22:30:00,2023-03-22,22,-0.3826834323651134,0.923879532511277,81,0.9841206178183288,0.1775010129122396,-0.00199,-0.00161,-0.00101,-0.000784,-0.0019299999999999,
2023-03-22 22:45:00,2023-03-22,22,-0.3214394653031434,0.9469301294951118,81,0.9841524094171256,0.1773246599840717,-0.00202,-0.00166,-0.000951,-0.000692,-0.0019399999999999,
2023-03-22 23:00:00,2023-03-22,23,-0.2588190451025688,0.9659258262890554,81,0.984184169413744,0.177148301361821,-0.00191,-0.00162,-0.000896,-0.000707,-0.00202,
2023-03-22 23:15:00,2023-03-22,23,-0.1950903220161331,0.9807852804032294,81,0.9842158978071648,0.1769719370511502,-0.0017,-0.00122,-0.000876,-0.000711,-0.002,
2023-03-22 23:30:00,2023-03-22,23,-0.1305261922200684,0.9914448613738082,81,0.984247594596369,0.1767955670577227,-0.00266,-0.00206,-0.0011,-0.00107,-0.00233,
2023-03-22 23:45:00,2023-03-22,23,-0.0654031292301721,0.9978589232386016,81,0.9842792597803384,0.1766191913872022,-0.00322,-0.0025,-0.00104,-0.000979,-0.0019399999999999,
2023-03-23 00:00:00,2023-03-23,0,1.5687858641817887e-14,1.0,82,0.9843108933580564,0.1764428100452518,-0.00453,-0.00317,-0.00103,-0.00108,-0.00191,
2023-03-23 00:15:00,2023-03-23,0,0.0654031292300899,0.997858923238607,82,0.9843424953285071,0.1762664230375358,-0.0035,-0.00235,-0.000541,-0.000508,-0.00124,
2023-03-23 00:30:00,2023-03-23,0,0.1305261922200432,0.9914448613738116,82,0.9843740656906764,0.1760900303697178,-0.00281,-0.00224,-0.0014299999999999,-0.00106,-0.00278,
2023-03-23 00:45:00,2023-03-23,0,0.1950903220161081,0.9807852804032344,82,0.9844056044435496,0.1759136320474622,-0.00291,-0.0023799999999999,-0.00146,-0.00108,-0.00278,
2023-03-23 01:00:00,2023-03-23,1,0.2588190451024893,0.9659258262890767,82,0.9844371115861144,0.1757372280764332,-0.0026,-0.0022299999999999,-0.00121,-0.00114,-0.0023599999999999,
2023-03-23 01:15:00,2023-03-23,1,0.3214394653031731,0.9469301294951016,82,0.984468587117359,0.175560818462295,-0.00216,-0.0016699999999999,-0.000965,-0.000883,-0.00199,
2023-03-23 01:30:00,2023-03-23,1,0.3826834323650374,0.9238795325113084,82,0.9845000310362728,0.175384403210713,-0.0028,-0.00208,-0.000924,-0.00091,-0.00189,
2023-03-23 01:45:00,2023-03-23,1,0.4422886902189906,0.8968727415326936,82,0.984531443341846,0.1752079823273516,-0.00175,-0.000606,-0.000234,-0.000172,-0.00105,
2023-03-23 02:00:00,2023-03-23,2,0.4999999999999792,0.8660254037844507,82,0.9845628240330698,0.1750315558178762,-0.00195,-0.00124,-0.000638,-0.000382,-0.0016799999999999,
2023-03-23 02:15:00,2023-03-23,2,0.5555702330195722,0.8314696123025653,82,0.9845941731089368,0.1748551236879517,-0.0022299999999999,-0.0014199999999999,-0.000758,-0.000654,-0.00187,
2023-03-23 02:30:00,2023-03-23,2,0.6087614290087275,0.7933533402912298,82,0.9846254905684404,0.1746786859432436,-0.0030499999999999,-0.0023799999999999,-0.00147,-0.00141,-0.00278,
2023-03-23 02:45:00,2023-03-23,2,0.6593458151000237,0.7518398074790171,82,0.9846567764105744,0.1745022425894177,-0.00262,-0.00224,-0.00149,-0.00109,-0.0027,
2023-03-23 03:00:00,2023-03-23,3,0.7071067811865366,0.7071067811865585,82,0.9846880306343349,0.1743257936321392,-0.0024,-0.0019399999999999,-0.00108,-0.00107,-0.00234,
2023-03-23 03:15:00,2023-03-23,3,0.7518398074789593,0.6593458151000895,82,0.9847192532387178,0.1741493390770749,-0.00265,-0.00185,-0.00101,-0.00099,-0.00222,
2023-03-23 03:30:00,2023-03-23,3,0.7933533402912457,0.6087614290087069,82,0.9847504442227206,0.1739728789298903,-0.00263,-0.00214,-0.00101,-0.000948,-0.00219,
2023-03-23 03:45:00,2023-03-23,3,0.8314696123025481,0.5555702330195978,82,0.984781603585342,0.1737964131962523,-0.00234,-0.00185,-0.000993,-0.000975,-0.00214,
2023-03-23 04:00:00,2023-03-23,4,0.8660254037844068,0.5000000000000552,82,0.984812731325581,0.173619941881827,-0.0021,-0.00164,-0.000893,-0.000887,-0.0020299999999999,
2023-03-23 04:15:00,2023-03-23,4,0.8968727415326799,0.4422886902190182,82,0.9848438274424384,0.173443464992281,-0.00276,-0.00207,-0.0005,-0.000531,-0.00124,
2023-03-23 04:30:00,2023-03-23,4,0.9238795325112747,0.3826834323651184,82,0.9848748919349156,0.1732669825332815,-4.55e-05,0.000202,0.000155,0.000306,-3.86e-05,
2023-03-23 04:45:00,2023-03-23,4,0.94693012949511,0.3214394653031485,82,0.984905924802015,0.1730904945104948,-0.000476,-0.000234,-4.83e-05,0.000245,-0.000531,
2023-03-23 05:00:00,2023-03-23,5,0.9659258262890688,0.2588190451025191,82,0.98493692604274,0.1729140009295892,0.000248,0.00045,0.000496,0.000677,-9.85e-05,
2023-03-23 05:15:00,2023-03-23,5,0.9807852804032172,0.1950903220161941,82,0.9849678956560954,0.1727375017962316,0.000918,0.00117,0.0016899999999999,0.0016899999999999,0.00111,
2023-03-23 05:30:00,2023-03-23,5,0.9914448613738076,0.1305261922200738,82,0.9849988336410866,0.1725609971160893,0.00766,0.00808,0.00828,0.00736,0.0076,
2023-03-23 05:45:00,2023-03-23,5,0.9978589232386011,0.0654031292301774,82,0.98502973999672,0.1723844868948305,0.0325,0.0326,0.0308999999999999,0.027,0.0305,
2023-03-23 06:00:00,2023-03-23,6,1.0,-1.0297555783659771e-14,82,0.9850606147220036,0.1722079711381227,0.0591,0.0589,0.0574,0.0509,0.0573,
2023-03-23 06:15:00,2023-03-23,6,0.9978589232386036,-0.0654031292301413,82,0.9850914578159454,0.1720314498516342,0.0402999999999999,0.117,0.156,0.113,0.141,
2023-03-23 06:30:00,2023-03-23,6,0.9914448613738196,-0.1305261922199815,82,0.9851222692775554,0.1718549230410335,0.0417,0.168,0.227,0.169,0.207,
2023-03-23 06:45:00,2023-03-23,6,0.9807852804032356,-0.1950903220161028,82,0.985153049105844,0.1716783907119888,0.0467999999999999,0.217,0.294,0.23,0.275,
2023-03-23 07:00:00,2023-03-23,7,0.965925826289078,-0.2588190451024841,82,0.9851837972998232,0.1715018528701689,0.0491,0.267,0.359,0.293,0.343,
2023-03-23 07:15:00,2023-03-23,7,0.9469301294951036,-0.321439465303168,82,0.9852145138585052,0.1713253095212424,0.0523,0.32,0.432,0.36,0.414,
2023-03-23 07:30:00,2023-03-23,7,0.9238795325112888,-0.3826834323650849,82,0.9852451987809036,0.1711487606708786,0.0561,0.371,0.503,0.431,0.483,
2023-03-23 07:45:00,2023-03-23,7,0.8968727415327211,-0.4422886902189347,82,0.9852758520660336,0.1709722063247465,0.0587,0.421,0.57,0.495,0.549,
2023-03-23 08:00:00,2023-03-23,8,0.8660254037844534,-0.4999999999999745,82,0.9853064737129104,0.170795646488515,0.0615,0.467,0.629,0.555,0.608,
2023-03-23 08:15:00,2023-03-23,8,0.8314696123025682,-0.5555702330195678,82,0.985337063720551,0.1706190811678546,0.0616,0.512,0.691,0.617,0.667,
2023-03-23 08:30:00,2023-03-23,8,0.7933533402912332,-0.6087614290087233,82,0.9853676220879728,0.1704425103684342,0.0622999999999999,0.558,0.753,0.679,0.728,
2023-03-23 08:45:00,2023-03-23,8,0.7518398074789832,-0.6593458151000623,82,0.985398148814195,0.1702659340959242,0.0670999999999999,0.6,0.808,0.735,0.782,
2023-03-23 09:00:00,2023-03-23,9,0.707106781186522,-0.707106781186573,82,0.985428643898237,0.1700893523559941,0.0702,0.599,0.807,0.74,0.782,
2023-03-23 09:15:00,2023-03-23,9,0.6593458151000936,-0.7518398074789557,82,0.9854591073391196,0.1699127651543147,0.0732,0.676,0.91,0.837,0.881,
2023-03-23 09:30:00,2023-03-23,9,0.6087614290087563,-0.7933533402912079,82,0.9854895391358648,0.1697361724965561,0.0848,0.708,0.952,0.88,0.923,
2023-03-23 09:45:00,2023-03-23,9,0.5555702330196024,-0.8314696123025451,82,0.9855199392874954,0.1695595743883885,0.0927,0.704,0.948,0.882,0.919,
2023-03-23 10:00:00,2023-03-23,10,0.5000000000000107,-0.8660254037844325,82,0.9855503077930348,0.1693829708354835,0.0925,0.765,1.03,0.961,0.998,
2023-03-23 10:15:00,2023-03-23,10,0.4422886902189721,-0.8968727415327027,82,0.9855806446515084,0.1692063618435113,0.115,0.79,1.05,0.99,1.03,
2023-03-23 10:30:00,2023-03-23,10,0.3826834323651233,-0.9238795325112727,82,0.9856109498619416,0.1690297474181436,0.149,0.759,1.01,0.958,0.987,
2023-03-23 10:45:00,2023-03-23,10,0.3214394653032074,-0.94693012949509,82,0.9856412234233614,0.1688531275650513,0.137,0.737,0.995,0.945,0.968,
2023-03-23 11:00:00,2023-03-23,11,0.2588190451025243,-0.9659258262890672,82,0.9856714653347958,0.1686765022899057,0.123,0.795,1.07,1.02,1.04,
2023-03-23 11:15:00,2023-03-23,11,0.1950903220161437,-0.9807852804032274,82,0.9857016755952736,0.1684998715983789,0.123,0.815,1.09,1.04,1.07,
2023-03-23 11:30:00,2023-03-23,11,0.1305261922200228,-0.9914448613738142,82,0.9857318542038248,0.168323235496142,0.149,0.81,1.07,1.03,1.05,
2023-03-23 11:45:00,2023-03-23,11,0.0654031292301261,-0.9978589232386046,82,0.98576200115948,0.1681465939888678,0.143,0.852,1.12,1.08,1.1,
2023-03-23 12:00:00,2023-03-23,12,5.193616593530636e-14,-1.0,82,0.9857921164612716,0.1679699470822281,0.178,0.786,1.02,0.992,1.01,
2023-03-23 12:15:00,2023-03-23,12,-0.0654031292301359,-0.997858923238604,82,0.9858222001082324,0.1677932947818949,0.205,0.78,1.01,0.984,0.998,
2023-03-23 12:30:00,2023-03-23,12,-0.1305261922199761,-0.9914448613738204,82,0.9858522520993964,0.1676166370935413,0.228,0.653,0.848,0.827,0.833,
2023-03-23 12:45:00,2023-03-23,12,-0.1950903220160975,-0.9807852804032364,82,0.9858822724337988,0.1674399740228394,0.215,0.696,0.911,0.894,0.895,
2023-03-23 13:00:00,2023-03-23,13,-0.2588190451025338,-0.9659258262890648,82,0.985912261110475,0.1672633055754624,0.164,0.743,0.977,0.966,0.959,
2023-03-23 13:15:00,2023-03-23,13,-0.3214394653031091,-0.9469301294951236,82,0.9859422181284626,0.167086631757083,0.137,0.779,1.01,0.999,0.993,
2023-03-23 13:30:00,2023-03-23,13,-0.3826834323650799,-0.9238795325112908,82,0.9859721434867994,0.1669099525733746,0.128,0.747,0.958,0.954,0.946,
2023-03-23 13:45:00,2023-03-23,13,-0.4422886902189299,-0.8968727415327234,82,0.9860020371845246,0.1667332680300108,0.147,0.636,0.813,0.812,0.805,
2023-03-23 14:00:00,2023-03-23,14,-0.4999999999999698,-0.866025403784456,82,0.986031899220678,0.1665565781326645,0.0980999999999999,0.657,0.861,0.87,0.853,
2023-03-23 14:15:00,2023-03-23,14,-0.5555702330196105,-0.8314696123025397,82,0.9860617295943012,0.1663798828870101,0.0843,0.607,0.797,0.812,0.792,
2023-03-23 14:30:00,2023-03-23,14,-0.6087614290087641,-0.7933533402912019,82,0.986091528304436,0.1662031822987208,0.0980999999999999,0.583,0.76,0.78,0.758,
2023-03-23 14:45:00,2023-03-23,14,-0.6593458151000582,-0.7518398074789867,82,0.9861212953501254,0.1660264763734713,0.0731,0.525,0.684,0.707,0.681,
2023-03-23 15:00:00,2023-03-23,15,-0.7071067811864888,-0.7071067811866063,82,0.9861510307304138,0.1658497651169352,0.0612,0.473,0.619,0.646,0.619,
2023-03-23 15:15:00,2023-03-23,15,-0.7518398074789522,-0.6593458151000976,82,0.9861807344443462,0.1656730485347872,0.0613,0.425,0.551,0.58,0.553,
2023-03-23 15:30:00,2023-03-23,15,-0.7933533402912392,-0.6087614290087154,82,0.9862104064909688,0.165496326632702,0.0635,0.372,0.476,0.51,0.482,
2023-03-23 15:45:00,2023-03-23,15,-0.8314696123025738,-0.5555702330195595,82,0.986240046869329,0.165319599416354,0.0679,0.307,0.383,0.42,0.392,
2023-03-23 16:00:00,2023-03-23,16,-0.8660254037844298,-0.5000000000000153,82,0.9862696555784748,0.1651428668914184,0.0687,0.245,0.304,0.341,0.31,
2023-03-23 16:15:00,2023-03-23,16,-0.8968727415326501,-0.4422886902190789,82,0.9862992326174554,0.1649661290635702,0.0513,0.22,0.272,0.312,0.277,
2023-03-23 16:30:00,2023-03-23,16,-0.9238795325112708,-0.3826834323651283,82,0.9863287779853214,0.1647893859384843,0.0431,0.151,0.179,0.209,0.183,
2023-03-23 16:45:00,2023-03-23,16,-0.9469301294951066,-0.3214394653031587,82,0.9863582916811235,0.1646126375218363,0.0345,0.123,0.141,0.171,0.149,
2023-03-23 17:00:00,2023-03-23,17,-0.9659258262890806,-0.2588190451024746,82,0.9863877737039146,0.164435883819302,0.027,0.078,0.0833,0.107,0.0907,
2023-03-23 17:15:00,2023-03-23,17,-0.9807852804032264,-0.1950903220161489,82,0.9864172240527476,0.1642591248365571,0.0163,0.0338,0.0342,0.0477999999999999,0.0335,
2023-03-23 17:30:00,2023-03-23,17,-0.9914448613737986,-0.1305261922201408,82,0.9864466427266768,0.1640823605792775,0.00552,0.0058499999999999,0.00816,0.00818,0.00649,
2023-03-23 17:45:00,2023-03-23,17,-0.9978589232386006,-0.0654031292301882,82,0.9864760297247578,0.1639055910531389,-0.00187,-0.0015,0.000124,8.41e-05,-0.00123,
2023-03-23 18:00:00,2023-03-23,18,-1.0,-4.830499326564693e-16,82,0.9865053850460468,0.1637288162638182,-0.0028599999999999,-0.00256,-0.00148,-0.0014,-0.00278,
2023-03-23 18:15:00,2023-03-23,18,-0.9978589232386006,0.0654031292301872,82,0.986534708689601,0.1635520362169912,-0.00308,-0.0025099999999999,-0.00128,-0.00125,-0.0022299999999999,
2023-03-23 18:30:00,2023-03-23,18,-0.9914448613738136,0.1305261922200271,82,0.9865640006544792,0.1633752509183348,-0.0030299999999999,-0.00221,-0.000965,-0.000818,-0.00171,
2023-03-23 18:45:00,2023-03-23,18,-0.9807852804032487,0.1950903220160365,82,0.9865932609397404,0.1631984603735259,-0.00235,-0.00173,-0.000645,-0.000661,-0.00151,
2023-03-23 19:00:00,2023-03-23,19,-0.9659258262890807,0.2588190451024736,82,0.9866224895444452,0.1630216645882411,-0.00184,-0.00152,-0.000765,-0.000711,-0.0016799999999999,
2023-03-23 19:15:00,2023-03-23,19,-0.9469301294951068,0.3214394653031578,82,0.9866516864676552,0.1628448635681579,0.000997,0.000248,-0.000524,-0.000443,-0.00152,
2023-03-23 19:30:00,2023-03-23,19,-0.9238795325112712,0.3826834323651275,82,0.9866808517084324,0.1626680573189532,-0.0027,-0.00216,-0.00105,-0.00104,-0.00222,
2023-03-23 19:45:00,2023-03-23,19,-0.8968727415327007,0.4422886902189761,82,0.9867099852658407,0.1624912458463047,-0.0027,-0.00204,-0.00112,-0.00102,-0.00195,
2023-03-23 20:00:00,2023-03-23,20,-0.8660254037844303,0.5000000000000144,82,0.9867390871389444,0.1623144291558897,-0.00239,-0.00172,-0.00111,-0.00101,-0.00187,
2023-03-23 20:15:00,2023-03-23,20,-0.8314696123025742,0.5555702330195588,82,0.9867681573268092,0.1621376072533862,-0.00308,-0.00213,-0.00092,-0.000856,-0.0020099999999999,
2023-03-23 20:30:00,2023-03-23,20,-0.7933533402912397,0.6087614290087148,82,0.9867971958285014,0.1619607801444723,-0.00244,-0.00187,-0.000989,-0.00083,-0.0024,
2023-03-23 20:45:00,2023-03-23,20,-0.7518398074789528,0.6593458151000969,82,0.9868262026430888,0.1617839478348257,-0.00218,-0.00185,-0.00134,-0.00094,-0.00235,
2023-03-23 21:00:00,2023-03-23,21,-0.7071067811865699,0.7071067811865251,82,0.9868551777696396,0.161607110330125,-0.00246,-0.00206,-0.00149,-0.00099,-0.0022299999999999,
2023-03-23 21:15:00,2023-03-23,21,-0.659345815100059,0.751839807478986,82,0.9868841212072236,0.1614302676360484,-0.00294,-0.00245,-0.00135,-0.000864,-0.00207,
2023-03-23 21:30:00,2023-03-23,21,-0.6087614290087648,0.7933533402912012,82,0.9869130329549112,0.1612534197582748,-0.0030099999999999,-0.0026,-0.00158,-0.00121,-0.00254,
2023-03-23 21:45:00,2023-03-23,21,-0.5555702330196113,0.8314696123025391,82,0.9869419130117744,0.1610765667024826,-0.00306,-0.00266,-0.00129,-0.000849,-0.00173,
2023-03-23 22:00:00,2023-03-23,22,-0.4999999999999707,0.8660254037844556,82,0.9869707613768854,0.1608997084743509,-0.00283,-0.00246,-0.00135,-0.000902,-0.00208,
2023-03-23 22:15:00,2023-03-23,22,-0.4422886902190328,0.8968727415326728,82,0.986999578049318,0.1607228450795591,-0.00265,-0.00227,-0.00148,-0.00109,-0.00198,
2023-03-23 22:30:00,2023-03-23,22,-0.3826834323650808,0.9238795325112904,82,0.9870283630281472,0.160545976523786,-0.00335,-0.00277,-0.00133,-0.000986,-0.0019199999999999,
2023-03-23 22:45:00,2023-03-23,22,-0.3214394653032176,0.9469301294950866,82,0.9870571163124482,0.1603691028127115,-0.00215,-0.00181,-0.00117,-0.00128,-0.000951,
2023-03-23 23:00:00,2023-03-23,23,-0.2588190451025347,0.9659258262890644,82,0.987085837901298,0.1601922239520149,-0.00243,-0.00224,-0.00117,-0.00106,-0.00189,
2023-03-23 23:15:00,2023-03-23,23,-0.1950903220160985,0.9807852804032364,82,0.9871145277937742,0.1600153399473758,-0.00235,-0.00202,-0.0013,-0.00104,-0.00177,
2023-03-23 23:30:00,2023-03-23,23,-0.1305261922200898,0.9914448613738054,82,0.9871431859889556,0.1598384508044744,-0.0027,-0.00239,-0.00155,-0.0014299999999999,-0.00195,
2023-03-23 23:45:00,2023-03-23,23,-0.0654031292301368,0.997858923238604,82,0.9871718124859218,0.1596615565289907,-0.0019399999999999,-0.00174,-0.00128,-0.00136,-0.00133,
2023-03-24 00:00:00,2023-03-24,0,-6.27167716516226e-14,1.0,83,0.9872004072837536,0.1594846571266052,-0.00261,-0.0024,-0.0014,-0.00148,-0.00202,
2023-03-24 00:15:00,2023-03-24,0,0.0654031292301251,0.9978589232386048,83,0.9872289703815332,0.1593077526029982,-0.00244,-0.00222,-0.00154,-0.0014299999999999,-0.00231,
2023-03-24 00:30:00,2023-03-24,0,0.1305261922200782,0.9914448613738068,83,0.9872575017783428,0.15913084296385,-0.00273,-0.00228,-0.00138,-0.00135,-0.00237,
2023-03-24 00:45:00,2023-03-24,0,0.195090322016087,0.9807852804032386,83,0.9872860014732664,0.1589539282148418,-0.00247,-0.00199,-0.00111,-0.00114,-0.00216,
2023-03-24 01:00:00,2023-03-24,1,0.2588190451025233,0.9659258262890676,83,0.9873144694653894,0.1587770083616541,-0.0045,-0.00376,-0.0011899999999999,-0.00121,-0.00219,
2023-03-24 01:15:00,2023-03-24,1,0.3214394653030988,0.9469301294951268,83,0.9873429057537968,0.1586000834099682,-0.000616,-0.000468,-0.000951,-0.000715,-0.0020499999999999,
2023-03-24 01:30:00,2023-03-24,1,0.3826834323650699,0.923879532511295,83,0.9873713103375762,0.1584231533654654,-0.00146,-0.00109,-0.000869,-0.000593,-0.0019399999999999,
2023-03-24 01:45:00,2023-03-24,1,0.4422886902190222,0.8968727415326779,83,0.9873996832158152,0.1582462182338272,-0.00157,-0.00135,-0.00102,-0.000619,-0.00202,
2023-03-24 02:00:00,2023-03-24,2,0.4999999999999605,0.8660254037844615,83,0.9874280243876024,0.158069278020735,-0.00213,-0.0017,-0.0013,-0.000914,-0.00242,
2023-03-24 02:15:00,2023-03-24,2,0.5555702330196016,0.8314696123025457,83,0.9874563338520282,0.1578923327318704,-0.00156,-0.000837,-0.00122,-0.00109,-0.00261,
2023-03-24 02:30:00,2023-03-24,2,0.6087614290086654,0.7933533402912776,83,0.9874846116081836,0.1577153823729157,-0.00227,-0.00105,-0.0007,-0.000615,-0.00177,
2023-03-24 02:45:00,2023-03-24,2,0.6593458151000501,0.7518398074789938,83,0.98751285765516,0.1575384269495525,-0.00315,-0.00213,-0.00103,-0.000833,-0.00239,
2023-03-24 03:00:00,2023-03-24,3,0.7071067811865616,0.7071067811865335,83,0.9875410719920512,0.1573614664674633,-0.0025299999999999,-0.00187,-0.00109,-0.000826,-0.00243,
2023-03-24 03:15:00,2023-03-24,3,0.7518398074789451,0.6593458151001057,83,0.9875692546179504,0.1571845009323306,-0.0028,-0.00208,-0.0011,-0.000749,-0.0022299999999999,
2023-03-24 03:30:00,2023-03-24,3,0.7933533402912326,0.608761429008724,83,0.9875974055319532,0.1570075303498365,-0.0027,-0.00225,-0.00107,-0.000627,-0.0020499999999999,
2023-03-24 03:45:00,2023-03-24,3,0.8314696123025046,0.5555702330196631,83,0.9876255247331552,0.1568305547256644,-0.00264,-0.0022299999999999,-0.00111,-0.000784,-0.00174,
2023-03-24 04:00:00,2023-03-24,4,0.8660254037844244,0.5000000000000246,83,0.987653612220654,0.1566535740654965,-0.0033,-0.00293,-0.0019,-0.00183,-0.0033599999999999,
2023-03-24 04:15:00,2023-03-24,4,0.8968727415326956,0.4422886902189866,83,0.9876816679935472,0.1564765883750163,-0.00276,-0.00221,-0.00125,-0.0013,-0.00276,
2023-03-24 04:30:00,2023-03-24,4,0.9238795325112666,0.3826834323651383,83,0.9877096920509342,0.1562995976599069,-0.00299,-0.00227,-0.0014299999999999,-0.00145,-0.00312,
2023-03-24 04:45:00,2023-03-24,4,0.9469301294951032,0.3214394653031689,83,0.987737684391915,0.1561226019258511,-0.00325,-0.00257,-0.00128,-0.00123,-0.00273,
2023-03-24 05:00:00,2023-03-24,5,0.9659258262890484,0.2588190451025948,83,0.9877656450155906,0.1559456011785333,-0.0025099999999999,-0.00189,-0.000948,-0.000562,-0.00198,
2023-03-24 05:15:00,2023-03-24,5,0.9807852804032242,0.1950903220161595,83,0.9877935739210636,0.1557685954236366,0.00258,0.00306,0.00442,0.00435,0.00321,
2023-03-24 05:30:00,2023-03-24,5,0.991444861373812,0.1305261922200388,83,0.9878214711074365,0.1555915846668452,0.0101999999999999,0.0108,0.0132,0.0121,0.0116999999999999,
2023-03-24 05:45:00,2023-03-24,5,0.9978589232385998,0.0654031292301989,83,0.987849336573814,0.155414568913843,0.0226,0.023,0.0268,0.0249,0.0252,
2023-03-24 06:00:00,2023-03-24,6,1.0,1.1263655648972708e-14,83,0.9878771703193012,0.1552375481703139,0.0321,0.0331,0.0389,0.0354,0.0365,
2023-03-24 06:15:00,2023-03-24,6,0.9978589232386088,-0.065403129230063,83,0.987904972343004,0.1550605224419426,0.0396,0.111,0.144,0.104,0.131,
2023-03-24 06:30:00,2023-03-24,6,0.991444861373815,-0.1305261922200165,83,0.9879327426440304,0.1548834917344129,0.0462,0.169,0.223,0.168,0.206,
2023-03-24 06:45:00,2023-03-24,6,0.9807852804032288,-0.1950903220161374,83,0.987960481221488,0.1547064560534105,0.0479,0.214,0.288,0.225,0.27,
2023-03-24 07:00:00,2023-03-24,7,0.9659258262890544,-0.2588190451025731,83,0.9879881880744864,0.1545294154046193,0.0522,0.253,0.335,0.273,0.32,
2023-03-24 07:15:00,2023-03-24,7,0.9469301294951104,-0.3214394653031476,83,0.9880158632021356,0.1543523697937249,0.0603,0.331,0.439,0.367,0.421,
2023-03-24 07:30:00,2023-03-24,7,0.9238795325113188,-0.3826834323650124,83,0.9880435066035472,0.1541753192264121,0.0735,0.377,0.497,0.426,0.48,
2023-03-24 07:45:00,2023-03-24,7,0.8968727415327055,-0.4422886902189664,83,0.9880711182778336,0.153998263708366,0.159,0.499,0.615,0.535,0.603,
2023-03-24 08:00:00,2023-03-24,8,0.8660254037844357,-0.5000000000000051,83,0.988098698224108,0.1538212032452726,0.202,0.362,0.434,0.385,0.429,
2023-03-24 08:15:00,2023-03-24,8,0.831469612302517,-0.5555702330196444,83,0.9881262464414846,0.1536441378428166,0.11,0.347,0.467,0.42,0.452,
2023-03-24 08:30:00,2023-03-24,8,0.7933533402912463,-0.6087614290087061,83,0.9881537629290792,0.1534670675066848,0.0764,0.551,0.742,0.671,0.719,
2023-03-24 08:45:00,2023-03-24,8,0.7518398074790349,-0.6593458151000033,83,0.9881812476860078,0.1532899922425625,0.0788,0.534,0.722,0.659,0.698,
2023-03-24 09:00:00,2023-03-24,9,0.7071067811865774,-0.7071067811865176,83,0.9882087007113882,0.1531129120561358,0.0752999999999999,0.636,0.857,0.787,0.826,
2023-03-24 09:15:00,2023-03-24,9,0.6593458151000671,-0.7518398074789789,83,0.9882361220043386,0.1529358269530913,0.0835,0.65,0.876,0.807,0.845,
2023-03-24 09:30:00,2023-03-24,9,0.6087614290086832,-0.7933533402912639,83,0.9882635115639788,0.1527587369391148,0.0972,0.697,0.928,0.857,0.901,
2023-03-24 09:45:00,2023-03-24,9,0.5555702330196203,-0.8314696123025331,83,0.9882908693894288,0.1525816420198935,0.115,0.681,0.914,0.85,0.886,
2023-03-24 10:00:00,2023-03-24,10,0.5000000000000785,-0.8660254037843933,83,0.9883181954798106,0.1524045422011135,0.142,0.696,0.938,0.877,0.91,
2023-03-24 10:15:00,2023-03-24,10,0.4422886902190424,-0.896872741532668,83,0.9883454898342464,0.1522274374884619,0.091,0.788,1.07,1.01,1.04,
2023-03-24 10:30:00,2023-03-24,10,0.3826834323650908,-0.9238795325112864,83,0.9883727524518598,0.152050327887626,0.0823,0.776,1.05,0.996,1.02,
2023-03-24 10:45:00,2023-03-24,10,0.3214394653031202,-0.9469301294951196,83,0.9883999833317756,0.1518732134042926,0.0716,0.802,1.08,1.02,1.05,
2023-03-24 11:00:00,2023-03-24,11,0.2588190451025451,-0.9659258262890618,83,0.988427182473119,0.1516960940441493,0.0664,0.811,1.09,1.04,1.06,
2023-03-24 11:15:00,2023-03-24,11,0.1950903220162206,-0.980785280403212,83,0.988454349875017,0.1515189698128835,0.0662,0.817,1.1,1.05,1.07,
2023-03-24 11:30:00,2023-03-24,11,0.1305261922201005,-0.991444861373804,83,0.988481485536597,0.1513418407161827,0.0672,0.818,1.1,1.05,1.07,
2023-03-24 11:45:00,2023-03-24,11,0.0654031292301476,-0.9978589232386031,83,0.9885085894569876,0.1511647067597347,0.0757,0.807,1.08,1.04,1.05,
2023-03-24 12:00:00,2023-03-24,12,-4.018946035367719e-14,-1.0,83,0.9885356616353188,0.1509875679492276,0.0676,0.81,1.08,1.05,1.06,
2023-03-24 12:15:00,2023-03-24,12,-0.0654031292301144,-0.9978589232386054,83,0.9885627020707208,0.1508104242903497,0.0682,0.8,1.07,1.04,1.05,
2023-03-24 12:30:00,2023-03-24,12,-0.1305261922200675,-0.9914448613738084,83,0.9885897107623256,0.1506332757887888,0.0770999999999999,0.789,1.05,1.03,1.03,
2023-03-24 12:45:00,2023-03-24,12,-0.1950903220160764,-0.9807852804032408,83,0.988616687709266,0.1504561224502339,0.119,0.756,1.0,0.986,0.984,
2023-03-24 13:00:00,2023-03-24,13,-0.2588190451025129,-0.9659258262890704,83,0.9886436329106754,0.1502789642803733,0.135,0.744,0.989,0.977,0.971,
2023-03-24 13:15:00,2023-03-24,13,-0.3214394653031963,-0.946930129495094,83,0.9886705463656889,0.1501018012848954,0.169,0.707,0.916,0.907,0.903,
2023-03-24 13:30:00,2023-03-24,13,-0.38268343236506,-0.9238795325112992,83,0.988697428073442,0.1499246334694894,0.238,0.842,1.0,0.987,1.0,
2023-03-24 13:45:00,2023-03-24,13,-0.4422886902190125,-0.8968727415326827,83,0.988724278033072,0.1497474608398444,0.253,0.712,0.863,0.852,0.863,
2023-03-24 14:00:00,2023-03-24,14,-0.4999999999999512,-0.8660254037844668,83,0.988751096243716,0.1495702834016497,0.206,0.415,0.519,0.517,0.513,
2023-03-24 14:15:00,2023-03-24,14,-0.5555702330195926,-0.8314696123025517,83,0.9887778827045134,0.1493931011605945,0.269,0.308,0.323,0.307,0.326,
2023-03-24 14:30:00,2023-03-24,14,-0.608761429008747,-0.793353340291215,83,0.9888046374146038,0.1492159141223681,0.248,0.253,0.26,0.241,0.264,
2023-03-24 14:45:00,2023-03-24,14,-0.659345815100042,-0.7518398074790009,83,0.988831360373128,0.1490387222926607,0.17,0.593,0.764,0.78,0.764,
2023-03-24 15:00:00,2023-03-24,15,-0.7071067811865539,-0.7071067811865411,83,0.9888580515792283,0.1488615256771615,0.117,0.388,0.491,0.509,0.493,
2023-03-24 15:15:00,2023-03-24,15,-0.751839807478938,-0.6593458151001138,83,0.9888847110320472,0.1486843242815607,0.206,0.37,0.423,0.431,0.429,
2023-03-24 15:30:00,2023-03-24,15,-0.793353340291226,-0.6087614290087325,83,0.9889113387307288,0.1485071181115488,0.16,0.4,0.467,0.487,0.476,
2023-03-24 15:45:00,2023-03-24,15,-0.8314696123025618,-0.5555702330195775,83,0.9889379346744184,0.1483299071728155,0.123,0.179,0.189,0.192,0.191,
2023-03-24 16:00:00,2023-03-24,16,-0.8660254037844191,-0.500000000000034,83,0.9889644988622612,0.1481526914710517,0.0909,0.0935999999999999,0.0964,0.0935,0.0949,
2023-03-24 16:15:00,2023-03-24,16,-0.8968727415326908,-0.4422886902189962,83,0.9889910312934048,0.1479754710119476,0.127,0.161,0.163,0.165,0.168,
2023-03-24 16:30:00,2023-03-24,16,-0.9238795325112624,-0.3826834323651483,83,0.9890175319669968,0.1477982458011943,0.103,0.11,0.116,0.114,0.117,
2023-03-24 16:45:00,2023-03-24,16,-0.9469301294950996,-0.3214394653031791,83,0.9890440008821868,0.1476210158444824,0.0544,0.054,0.0576,0.0557999999999999,0.0571,
2023-03-24 17:00:00,2023-03-24,17,-0.9659258262890752,-0.2588190451024954,83,0.9890704380381244,0.147443781147503,0.0276,0.0276,0.027,0.0259,0.0264,
2023-03-24 17:15:00,2023-03-24,17,-0.980785280403222,-0.1950903220161701,83,0.9890968434339608,0.1472665417159475,0.0182,0.0182,0.0166,0.0150999999999999,0.0165,
2023-03-24 17:30:00,2023-03-24,17,-0.9914448613738108,-0.1305261922200495,83,0.989123217068848,0.1470892975555069,0.00346,0.00372,0.00477,0.00414,0.00428,
2023-03-24 17:45:00,2023-03-24,17,-0.9978589232385991,-0.0654031292302097,83,0.9891495589419392,0.1469120486718731,-0.000662,-0.000436,0.000228,-2.29e-05,-0.000214,
2023-03-24 18:00:00,2023-03-24,18,-1.0,-2.2044261365288943e-14,83,0.9891758690523887,0.1467347950707374,-0.0016899999999999,-0.0015,-0.00072,-0.000929,-0.000938,
2023-03-24 18:15:00,2023-03-24,18,-0.997858923238602,0.0654031292301657,83,0.9892021473993516,0.1465575367577919,-0.00162,-0.00148,-0.000658,-0.000891,-0.00078,
2023-03-24 18:30:00,2023-03-24,18,-0.9914448613738164,0.1305261922200058,83,0.9892283939819838,0.1463802737387282,-0.00172,-0.00147,-0.000889,-0.0011,-0.0011799999999999,
2023-03-24 18:45:00,2023-03-24,18,-0.9807852804032308,0.1950903220161269,83,0.9892546087994428,0.1462030060192385,-0.00276,-0.00246,-0.00162,-0.0016899999999999,-0.00237,
2023-03-24 19:00:00,2023-03-24,19,-0.9659258262890864,0.2588190451024528,83,0.9892807918508864,0.1460257336050155,-0.00283,-0.00249,-0.0014199999999999,-0.00172,-0.00188,
2023-03-24 19:15:00,2023-03-24,19,-0.946930129495114,0.3214394653031374,83,0.9893069431354744,0.145848456501751,-0.00227,-0.002,-0.00109,-0.00148,-0.00115,
2023-03-24 19:30:00,2023-03-24,19,-0.9238795325112794,0.3826834323651075,83,0.9893330626523668,0.145671174715138,-0.00232,-0.00202,-0.00111,-0.0014,-0.00135,
2023-03-24 19:45:00,2023-03-24,19,-0.8968727415327102,0.4422886902189567,83,0.9893591504007246,0.145493888250869,-0.00232,-0.00209,-0.00102,-0.00135,-0.0012,
2023-03-24 20:00:00,2023-03-24,20,-0.866025403784441,0.4999999999999958,83,0.9893852063797104,0.1453165971146367,-0.00181,-0.00151,-0.00092,-0.00123,-0.000835,
2023-03-24 20:15:00,2023-03-24,20,-0.8314696123025862,0.5555702330195409,83,0.9894112305884876,0.1451393013121343,-0.00202,-0.00181,-0.00101,-0.00122,-0.00132,
2023-03-24 20:30:00,2023-03-24,20,-0.7933533402912528,0.6087614290086976,83,0.9894372230262204,0.1449620008490549,-0.00279,-0.00259,-0.00138,-0.00159,-0.00206,
2023-03-24 20:45:00,2023-03-24,20,-0.7518398074789671,0.6593458151000807,83,0.989463183692074,0.144784695731092,-0.0028399999999999,-0.00246,-0.00141,-0.00181,-0.00146,
2023-03-24 21:00:00,2023-03-24,21,-0.7071067811865851,0.7071067811865099,83,0.989489112585215,0.144607385963939,-0.0037099999999999,-0.0033599999999999,-0.00198,-0.00231,-0.00248,
2023-03-24 21:15:00,2023-03-24,21,-0.6593458151000752,0.7518398074789718,83,0.9895150097048108,0.1444300715532891,-0.00299,-0.00267,-0.0016,-0.00172,-0.0022299999999999,
2023-03-24 21:30:00,2023-03-24,21,-0.6087614290087819,0.7933533402911881,83,0.9895408750500296,0.1442527525048367,-0.0038399999999999,-0.00348,-0.00146,-0.00149,-0.00199,
2023-03-24 21:45:00,2023-03-24,21,-0.5555702330196293,0.8314696123025271,83,0.989566708620041,0.1440754288242751,-0.00454,-0.00426,-0.00158,-0.00161,-0.00257,
2023-03-24 22:00:00,2023-03-24,22,-0.4999999999999894,0.8660254037844448,83,0.9895925104140156,0.1438981005172986,-0.00292,-0.00258,-0.00149,-0.00151,-0.00233,
2023-03-24 22:15:00,2023-03-24,22,-0.4422886902190521,0.8968727415326633,83,0.9896182804311244,0.1437207675896016,-0.0023799999999999,-0.00211,-0.00131,-0.00129,-0.00198,
2023-03-24 22:30:00,2023-03-24,22,-0.3826834323651007,0.9238795325112822,83,0.9896440186705404,0.143543430046878,-0.000906,-0.000748,2.4100000000000003e-05,-0.000153,4.28e-05,
2023-03-24 22:45:00,2023-03-24,22,-0.3214394653032381,0.9469301294950796,83,0.9896697251314368,0.1433660878948229,0.0011899999999999,0.00129,0.000614,0.000677,0.000484,
2023-03-24 23:00:00,2023-03-24,23,-0.2588190451025555,0.965925826289059,83,0.9896953998129884,0.1431887411391303,6.2e-05,7.09e-06,0.00041,0.00034,0.000274,
2023-03-24 23:15:00,2023-03-24,23,-0.1950903220161196,0.9807852804032322,83,0.9897210427143708,0.1430113897854955,-0.000443,-0.000422,7.93e-05,6.12e-05,-0.000227,
2023-03-24 23:30:00,2023-03-24,23,-0.1305261922199985,0.9914448613738174,83,0.98974665383476,0.1428340338396131,-0.000521,-0.000454,1.38e-05,1.53e-05,-0.000257,
2023-03-24 23:45:00,2023-03-24,23,-0.0654031292301584,0.9978589232386024,83,0.9897722331733342,0.1426566733071782,-0.000252,-0.000241,6.89e-06,3.82e-06,-0.000163,
2023-03-25 00:00:00,2023-03-25,0,-8.427798308425509e-14,1.0,84,0.9897977807292716,0.1424793081938865,0.00122,0.000922,-1.03e-05,0.000122,-0.000214,
2023-03-25 00:15:00,2023-03-25,0,0.0654031292301036,0.997858923238606,84,0.9898232965017524,0.1423019385054328,-0.000885,-0.000702,-0.000117,-3.06e-05,-0.000261,
2023-03-25 00:30:00,2023-03-25,0,0.1305261922200568,0.9914448613738096,84,0.9898487804899568,0.142124564247513,-0.00125,-0.0012,-0.0005,-0.000508,-0.000981,
2023-03-25 00:45:00,2023-03-25,0,0.1950903220161773,0.9807852804032208,84,0.9898742326930664,0.1419471854258225,-0.000666,-0.00067,-0.000469,-0.00039,-0.000758,
2023-03-25 01:00:00,2023-03-25,1,0.2588190451025025,0.9659258262890732,84,0.9898996531102644,0.1417698020460575,-0.00364,-0.00326,-0.0019299999999999,-0.0017,-0.00275,
2023-03-25 01:15:00,2023-03-25,1,0.3214394653030785,0.946930129495134,84,0.989925041740734,0.1415924141139137,-0.00312,-0.00282,-0.0019399999999999,-0.00188,-0.00321,
2023-03-25 01:30:00,2023-03-25,1,0.38268343236505,0.9238795325113032,84,0.9899503985836604,0.1414150216350868,-0.00327,-0.00282,-0.0016,-0.00157,-0.00281,
2023-03-25 01:45:00,2023-03-25,1,0.4422886902190028,0.8968727415326875,84,0.9899757236382288,0.1412376246152739,-0.0035,-0.00273,-0.00129,-0.00133,-0.0023,
2023-03-25 02:00:00,2023-03-25,2,0.5000000000000403,0.8660254037844154,84,0.9900010169036266,0.1410602230601709,-0.00189,-0.0016799999999999,-0.000917,-0.000807,-0.00195,
2023-03-25 02:15:00,2023-03-25,2,0.5555702330195836,0.8314696123025577,84,0.9900262783790412,0.1408828169754747,-0.00265,-0.00204,-0.001,-0.000967,-0.002,
2023-03-25 02:30:00,2023-03-25,2,0.6087614290086483,0.7933533402912907,84,0.9900515080636616,0.1407054063668817,-0.00227,-0.00187,-0.000938,-0.000803,-0.00199,
2023-03-25 02:45:00,2023-03-25,2,0.6593458151000339,0.751839807479008,84,0.9900767059566776,0.1405279912400886,-0.00263,-0.00208,-0.00105,-0.000959,-0.00216,
2023-03-25 03:00:00,2023-03-25,3,0.7071067811865464,0.7071067811865487,84,0.9901018720572802,0.1403505716007928,-0.00377,-0.00289,-0.000927,-0.000944,-0.00174,
2023-03-25 03:15:00,2023-03-25,3,0.7518398074790058,0.6593458151000365,84,0.990127006364661,0.1401731474546908,-0.000467,-0.000362,-0.000931,-0.000703,-0.00241,
2023-03-25 03:30:00,2023-03-25,3,0.7933533402912194,0.6087614290087412,84,0.9901521088780132,0.1399957188074808,-0.00267,-0.00165,-0.00106,-0.000959,-0.00227,
2023-03-25 03:45:00,2023-03-25,3,0.8314696123024926,0.555570233019681,84,0.9901771795965304,0.1398182856648596,-0.00382,-0.00243,-0.000738,-0.000715,-0.0018,
2023-03-25 04:00:00,2023-03-25,4,0.8660254037844136,0.5000000000000433,84,0.990202218519408,0.1396408480325248,-0.00497,-0.00365,-0.000913,-0.000994,-0.00224,
2023-03-25 04:15:00,2023-03-25,4,0.896872741532686,0.4422886902190059,84,0.9902272256458416,0.1394634059161744,-0.00264,-0.00166,-0.00101,-0.00102,-0.00269,
2023-03-25 04:30:00,2023-03-25,4,0.923879532511302,0.3826834323650532,84,0.9902522009750284,0.1392859593215058,-0.00179,-0.00123,-0.00136,-0.00116,-0.00265,
2023-03-25 04:45:00,2023-03-25,4,0.9469301294950964,0.3214394653031893,84,0.990277144506166,0.1391085082542175,-0.00259,-0.0023599999999999,-0.00107,-0.000894,-0.00222,
2023-03-25 05:00:00,2023-03-25,5,0.9659258262890724,0.2588190451025058,84,0.9903020562384542,0.138931052720007,-0.00273,-0.00213,-0.00105,-0.00094,-0.00229,
2023-03-25 05:15:00,2023-03-25,5,0.98078528040322,0.1950903220161807,84,0.9903269361710926,0.1387535927245734,0.00157,0.002,0.00272,0.00239,0.00171,
2023-03-25 05:30:00,2023-03-25,5,0.9914448613738092,0.1305261922200602,84,0.9903517843032822,0.1385761282736147,0.0083,0.00861,0.00975,0.00912,0.00896,
2023-03-25 05:45:00,2023-03-25,5,0.997858923238606,0.065403129230107,84,0.9903766006342252,0.1383986593728293,0.0236,0.0236,0.026,0.0243,0.0249,
2023-03-25 06:00:00,2023-03-25,6,1.0,3.282486708160518e-14,84,0.9904013851631248,0.1382211860279163,0.0354,0.0376,0.0461,0.0402999999999999,0.0435,
2023-03-25 06:15:00,2023-03-25,6,0.9978589232386028,-0.065403129230155,84,0.990426137889185,0.1380437082445742,0.0456,0.127,0.161,0.118,0.145,
2023-03-25 06:30:00,2023-03-25,6,0.9914448613738178,-0.1305261922199951,84,0.9904508588116112,0.1378662260285023,0.0567999999999999,0.182,0.234,0.175,0.214,
2023-03-25 06:45:00,2023-03-25,6,0.9807852804032328,-0.1950903220161163,84,0.9904755479296092,0.1376887393853994,0.057,0.226,0.297,0.232,0.279,
2023-03-25 07:00:00,2023-03-25,7,0.96592582628906,-0.2588190451025522,84,0.9905002052423866,0.137511248320965,0.0687,0.286,0.371,0.303,0.357,
2023-03-25 07:15:00,2023-03-25,7,0.9469301294951172,-0.3214394653031271,84,0.9905248307491512,0.1373337528408987,0.0846,0.34,0.439,0.366,0.425,
2023-03-25 07:30:00,2023-03-25,7,0.9238795325112836,-0.3826834323650976,84,0.9905494244491128,0.1371562529508997,0.0985,0.336,0.436,0.375,0.423,
2023-03-25 07:45:00,2023-03-25,7,0.896872741532715,-0.442288690218947,84,0.9905739863414814,0.1369787486566681,0.0949,0.398,0.528,0.459,0.511,
2023-03-25 08:00:00,2023-03-25,8,0.8660254037844465,-0.4999999999999864,84,0.990598516425468,0.1368012399639036,0.0673,0.472,0.63,0.554,0.611,
2023-03-25 08:15:00,2023-03-25,8,0.831469612302529,-0.5555702330196264,84,0.9906230147002856,0.1366237268783058,0.0682,0.522,0.693,0.618,0.672,
2023-03-25 08:30:00,2023-03-25,8,0.7933533402912594,-0.608761429008689,84,0.9906474811651468,0.1364462094055753,0.0940999999999999,0.582,0.762,0.685,0.743,
2023-03-25 08:45:00,2023-03-25,8,0.7518398074789742,-0.6593458151000726,84,0.9906719158192664,0.1362686875514122,0.0772,0.615,0.817,0.742,0.787,
2023-03-25 09:00:00,2023-03-25,9,0.7071067811865928,-0.7071067811865023,84,0.9906963186618596,0.1360911613215171,0.177,0.599,0.773,0.703,0.749,
2023-03-25 09:15:00,2023-03-25,9,0.6593458151000833,-0.7518398074789647,84,0.9907206896921428,0.1359136307215905,0.177,0.665,0.878,0.803,0.849,
2023-03-25 09:30:00,2023-03-25,9,0.6087614290087003,-0.7933533402912507,84,0.9907450289093336,0.1357360957573327,0.136,0.697,0.927,0.854,0.895,
2023-03-25 09:45:00,2023-03-25,9,0.5555702330196383,-0.8314696123025211,84,0.9907693363126502,0.1355585564344451,0.112,0.717,0.958,0.886,0.928,
2023-03-25 10:00:00,2023-03-25,10,0.4999999999999987,-0.8660254037844394,84,0.9907936119013122,0.1353810127586283,0.0812,0.777,1.04,0.965,1.01,
2023-03-25 10:15:00,2023-03-25,10,0.4422886902190617,-0.8968727415326585,84,0.9908178556745402,0.1352034647355834,0.0765,0.801,1.07,1.0,1.04,
2023-03-25 10:30:00,2023-03-25,10,0.3826834323651107,-0.923879532511278,84,0.9908420676315554,0.1350259123710119,0.0803,0.816,1.09,1.02,1.06,
2023-03-25 10:45:00,2023-03-25,10,0.3214394653031406,-0.9469301294951128,84,0.9908662477715804,0.1348483556706152,0.0815999999999999,0.829,1.11,1.04,1.08,
2023-03-25 11:00:00,2023-03-25,11,0.258819045102566,-0.9659258262890562,84,0.9908903960938392,0.1346707946400948,0.0849,0.837,1.12,1.06,1.09,
2023-03-25 11:15:00,2023-03-25,11,0.1950903220161302,-0.98078528040323,84,0.9909145125975558,0.1344932292851521,0.0917999999999999,0.852,1.14,1.08,1.11,
2023-03-25 11:30:00,2023-03-25,11,0.1305261922201219,-0.9914448613738012,84,0.990938597281956,0.1343156596114892,0.104,0.865,1.15,1.1,1.12,
2023-03-25 11:45:00,2023-03-25,11,0.0654031292301691,-0.9978589232386018,84,0.9909626501462664,0.1341380856248079,0.107,0.815,1.09,1.05,1.07,
2023-03-25 12:00:00,2023-03-25,12,-1.8628248921044712e-14,-1.0,84,0.9909866711897148,0.1339605073308102,0.0837,0.852,1.13,1.1,1.11,
2023-03-25 12:15:00,2023-03-25,12,-0.0654031292300929,-0.9978589232386068,84,0.9910106604115296,0.1337829247351988,0.094,0.812,1.07,1.04,1.06,
2023-03-25 12:30:00,2023-03-25,12,-0.1305261922200461,-0.9914448613738112,84,0.9910346178109408,0.1336053378436755,0.135,0.873,1.12,1.09,1.11,
2023-03-25 12:45:00,2023-03-25,12,-0.1950903220160552,-0.980785280403245,84,0.9910585433871788,0.1334277466619432,0.18,0.704,0.909,0.888,0.897,
2023-03-25 13:00:00,2023-03-25,13,-0.2588190451024921,-0.965925826289076,84,0.9910824371394752,0.1332501511957042,0.111,0.774,1.02,1.01,1.01,
2023-03-25 13:15:00,2023-03-25,13,-0.3214394653031759,-0.9469301294951008,84,0.9911062990670632,0.1330725514506617,0.166,0.758,0.978,0.967,0.967,
2023-03-25 13:30:00,2023-03-25,13,-0.3826834323650401,-0.9238795325113074,84,0.9911301291691764,0.1328949474325181,0.185,0.666,0.853,0.846,0.844,
2023-03-25 13:45:00,2023-03-25,13,-0.4422886902189932,-0.8968727415326923,84,0.9911539274450496,0.1327173391469768,0.149,0.664,0.85,0.851,0.841,
2023-03-25 14:00:00,2023-03-25,14,-0.4999999999999325,-0.8660254037844776,84,0.9911776938939182,0.1325397265997411,0.183,0.617,0.764,0.765,0.762,
2023-03-25 14:15:00,2023-03-25,14,-0.5555702330195746,-0.8314696123025637,84,0.9912014285150196,0.132362109796514,0.192,0.513,0.636,0.639,0.635,
2023-03-25 14:30:00,2023-03-25,14,-0.6087614290087299,-0.7933533402912281,84,0.9912251313075916,0.1321844887429993,0.153,0.447,0.577,0.59,0.573,
2023-03-25 14:45:00,2023-03-25,14,-0.6593458151000258,-0.7518398074790151,84,0.9912488022708724,0.1320068634449004,0.123,0.517,0.662,0.684,0.664,
2023-03-25 15:00:00,2023-03-25,15,-0.7071067811865387,-0.7071067811865563,84,0.991272441404103,0.1318292339079208,0.122,0.445,0.574,0.6,0.576,
2023-03-25 15:15:00,2023-03-25,15,-0.7518398074789238,-0.65934581510013,84,0.9912960487065234,0.1316516001377647,0.128,0.377,0.482,0.506,0.485,
2023-03-25 15:30:00,2023-03-25,15,-0.7933533402912128,-0.6087614290087497,84,0.991319624177376,0.131473962140136,0.104,0.366,0.462,0.492,0.468,
2023-03-25 15:45:00,2023-03-25,15,-0.8314696123025498,-0.5555702330195954,84,0.9913431678159036,0.1312963199207391,0.096,0.287,0.354,0.385,0.361,
2023-03-25 16:00:00,2023-03-25,16,-0.8660254037844651,-0.4999999999999541,84,0.9913666796213504,0.1311186734852778,0.0858,0.113,0.129,0.135,0.13,
2023-03-25 16:15:00,2023-03-25,16,-0.8968727415326813,-0.4422886902190156,84,0.9913901595929612,0.130941022839457,0.0640999999999999,0.0644,0.0673,0.0665,0.0665999999999999,
2023-03-25 16:30:00,2023-03-25,16,-0.9238795325112544,-0.3826834323651682,84,0.991413607729982,0.1307633679889811,0.0511,0.0519,0.0536,0.0535,0.0531,
2023-03-25 16:45:00,2023-03-25,16,-0.9469301294950928,-0.3214394653031995,84,0.9914370240316598,0.1305857089395544,0.0392,0.0392,0.0372,0.0358,0.0373,
2023-03-25 17:00:00,2023-03-25,17,-0.9659258262890696,-0.2588190451025162,84,0.9914604084972428,0.1304080456968821,0.0354,0.0354,0.0367,0.0351,0.0366,
2023-03-25 17:15:00,2023-03-25,17,-0.98078528040324,-0.1950903220160798,84,0.9914837611259804,0.130230378266669,0.0205,0.0218,0.0218,0.0215,0.0217,
2023-03-25 17:30:00,2023-03-25,17,-0.9914448613738078,-0.1305261922200709,84,0.9915070819171224,0.1300527066546206,0.00855,0.0086,0.00852,0.00794,0.00783,
2023-03-25 17:45:00,2023-03-25,17,-0.9978589232385976,-0.0654031292302312,84,0.9915303708699198,0.1298750308664417,-0.0019,-0.00155,-0.000424,-0.000535,-0.00172,
2023-03-25 18:00:00,2023-03-25,18,-1.0,-4.360547279792143e-14,84,0.9915536279836252,0.1296973509078376,-0.00277,-0.00243,-0.0014299999999999,-0.00148,-0.00263,
2023-03-25 18:15:00,2023-03-25,18,-0.9978589232386036,0.0654031292301442,84,0.9915768532574912,0.1295196667845142,-0.0019199999999999,-0.00125,-0.000338,-0.000455,-0.00121,
2023-03-25 18:30:00,2023-03-25,18,-0.9914448613738044,0.1305261922200971,84,0.9916000466907726,0.1293419785021766,-0.00207,-0.00162,-0.000407,-0.000336,-0.00162,
2023-03-25 18:45:00,2023-03-25,18,-0.980785280403235,0.1950903220161057,84,0.9916232082827244,0.1291642860665309,-0.00232,-0.00163,-0.000579,-0.000807,-0.0019,
2023-03-25 19:00:00,2023-03-25,19,-0.965925826289092,0.258819045102432,84,0.9916463380326028,0.1289865894832831,-0.0033599999999999,-0.00279,-0.00148,-0.0014299999999999,-0.00321,
2023-03-25 19:15:00,2023-03-25,19,-0.9469301294951208,0.3214394653031169,84,0.9916694359396652,0.1288088887581388,-0.00335,-0.00259,-0.00116,-0.00131,-0.00275,
2023-03-25 19:30:00,2023-03-25,19,-0.9238795325112876,0.3826834323650876,84,0.9916925020031696,0.1286311838968047,-0.00376,-0.00293,-0.0014199999999999,-0.00148,-0.00323,
2023-03-25 19:45:00,2023-03-25,19,-0.8968727415326695,0.4422886902190394,84,0.9917155362223756,0.1284534749049865,-0.00291,-0.00234,-0.00117,-0.00127,-0.0026,
2023-03-25 20:00:00,2023-03-25,20,-0.8660254037844519,0.4999999999999771,84,0.9917385385965436,0.1282757617883912,-0.00293,-0.0023599999999999,-0.00114,-0.0011799999999999,-0.00237,
2023-03-25 20:15:00,2023-03-25,20,-0.8314696123025982,0.5555702330195229,84,0.9917615091249348,0.1280980445527251,-0.00256,-0.00202,-0.000986,-0.000917,-0.00207,
2023-03-25 20:30:00,2023-03-25,20,-0.7933533402912659,0.6087614290086805,84,0.9917844478068116,0.1279203232036944,-0.0030299999999999,-0.00222,-0.000855,-0.00086,-0.0019399999999999,
2023-03-25 20:45:00,2023-03-25,20,-0.7518398074789813,0.6593458151000645,84,0.9918073546414377,0.1277425977470069,-0.00299,-0.00172,-0.000458,-0.000501,-0.00213,
2023-03-25 21:00:00,2023-03-25,21,-0.7071067811865199,0.7071067811865751,84,0.9918302296280772,0.1275648681883687,-0.0036,-0.00258,-0.00155,-0.00152,-0.0031,
2023-03-25 21:15:00,2023-03-25,21,-0.6593458151000914,0.7518398074789576,84,0.9918530727659954,0.1273871345334876,-0.00295,-0.00218,-0.00124,-0.000894,-0.00254,
2023-03-25 21:30:00,2023-03-25,21,-0.6087614290087089,0.7933533402912442,84,0.9918758840544594,0.1272093967880701,-0.00264,-0.00129,0.000183,-7.65e-06,-0.00117,
2023-03-25 21:45:00,2023-03-25,21,-0.5555702330196471,0.8314696123025151,84,0.991898663492736,0.1270316549578242,-0.00297,-0.00148,-4.48e-05,-0.000283,-0.00163,
2023-03-25 22:00:00,2023-03-25,22,-0.5000000000000081,0.866025403784434,84,0.9919214110800944,0.1268539090484571,-0.00348,-0.00186,-0.000314,-0.000485,-0.00189,
2023-03-25 22:15:00,2023-03-25,22,-0.4422886902189695,0.896872741532704,84,0.991944126815804,0.1266761590656758,-0.00313,-0.00226,-0.00125,-0.00127,-0.00341,
2023-03-25 22:30:00,2023-03-25,22,-0.3826834323651206,0.923879532511274,84,0.9919668106991348,0.1264984050151892,-0.00369,-0.00227,-0.000741,-0.000917,-0.00246,
2023-03-25 22:45:00,2023-03-25,22,-0.3214394653031508,0.9469301294951094,84,0.991989462729359,0.1263206469027043,-0.00346,-0.0022,-0.000741,-0.000875,-0.00292,
2023-03-25 23:00:00,2023-03-25,23,-0.2588190451025763,0.9659258262890534,84,0.9920120829057488,0.1261428847339297,-0.00103,-0.000429,-0.0002,-0.000302,-0.00162,
2023-03-25 23:15:00,2023-03-25,23,-0.1950903220161408,0.980785280403228,84,0.9920346712275784,0.1259651185145732,-0.000327,-0.000681,-0.000531,-0.000562,-0.0022,
2023-03-25 23:30:00,2023-03-25,23,-0.1305261922200198,0.9914448613738146,84,0.992057227694122,0.1257873482503428,-0.00592,-0.00417,-0.00179,-0.00199,-0.00346,
2023-03-25 23:45:00,2023-03-25,23,-0.0654031292301799,0.997858923238601,84,0.9920797523046554,0.1256095739469475,-0.000538,-0.00104,-0.00113,-0.000948,-0.00243,
2023-03-26 00:00:00,2023-03-26,0,7.847643204728474e-15,1.0,85,0.9921022450584552,0.125431795610095,-0.00218,-0.00181,-0.000851,-0.000875,-0.00199,
2023-03-26 00:15:00,2023-03-26,0,0.0654031292300821,0.9978589232386076,85,0.9921247059547996,0.1252540132454949,-0.00321,-0.0023799999999999,-0.000907,-0.000986,-0.00186,
2023-03-26 00:30:00,2023-03-26,0,0.1305261922200354,0.9914448613738124,85,0.9921471349929668,0.1250762268588556,-0.0031,-0.00218,-0.000831,-0.000906,-0.00207,
2023-03-26 00:45:00,2023-03-26,0,0.1950903220161562,0.9807852804032248,85,0.9921695321722368,0.1248984364558857,-0.00337,-0.00221,-0.000714,-0.000711,-0.00181,
2023-03-26 01:00:00,2023-03-26,1,0.2588190451024817,0.9659258262890787,85,0.9921918974918904,0.1247206420422947,-0.0033599999999999,-0.0022299999999999,-0.000848,-0.000814,-0.0023599999999999,
2023-03-26 01:15:00,2023-03-26,1,0.3214394653031657,0.9469301294951042,85,0.9922142309512094,0.1245428436237913,-0.00218,-0.00184,-0.000869,-0.000791,-0.0021,
2023-03-26 01:30:00,2023-03-26,1,0.3826834323650301,0.9238795325113116,85,0.9922365325494766,0.1243650412060853,-0.00224,-0.00165,-0.000676,-0.000749,-0.0019399999999999,
2023-03-26 01:45:00,2023-03-26,1,0.4422886902189835,0.896872741532697,85,0.9922588022859762,0.1241872347948856,-0.00176,-0.00135,-0.00061,-0.000229,-0.00135,
2023-03-26 02:00:00,2023-03-26,2,0.5000000000000216,0.8660254037844262,85,0.9922810401599929,0.1240094243959021,-0.00248,-0.00184,-0.0008,-0.000833,-0.00214,
2023-03-26 02:15:00,2023-03-26,2,0.5555702330195658,0.8314696123025697,85,0.992303246170812,0.1238316100148446,-0.00242,-0.00166,-0.000765,-0.000787,-0.00206,
2023-03-26 02:30:00,2023-03-26,2,0.6087614290087213,0.7933533402912346,85,0.9923254203177216,0.1236537916574225,-0.00273,-0.00176,-0.000982,-0.000971,-0.00233,
2023-03-26 02:45:00,2023-03-26,2,0.6593458151000177,0.7518398074790222,85,0.9923475626000088,0.1234759693293462,-0.00263,-0.0020299999999999,-0.000907,-0.000761,-0.00234,
2023-03-26 03:00:00,2023-03-26,3,0.707106781186531,0.707106781186564,85,0.9923696730169628,0.1232981430363252,-0.00277,-0.00156,-0.000707,-0.000474,-0.00162,
2023-03-26 03:15:00,2023-03-26,3,0.7518398074789916,0.6593458151000527,85,0.9923917515678738,0.1231203127840703,-0.0017,-0.000461,0.000683,0.000474,-0.000446,
2023-03-26 03:30:00,2023-03-26,3,0.7933533402912063,0.6087614290087583,85,0.9924137982520328,0.1229424785782913,-0.00256,-0.00148,-0.00101,-0.000887,-0.00256,
2023-03-26 03:45:00,2023-03-26,3,0.8314696123025438,0.5555702330196044,85,0.9924358130687316,0.1227646404246988,-0.00319,-0.0018,-0.00113,-0.0011,-0.00273,
2023-03-26 04:00:00,2023-03-26,4,0.8660254037844028,0.500000000000062,85,0.9924577960172636,0.1225867983290037,-0.00182,-0.0016899999999999,-0.0014199999999999,-0.00125,-0.00287,
2023-03-26 04:15:00,2023-03-26,4,0.8968727415326765,0.4422886902190253,85,0.9924797470969224,0.1224089522969162,-0.00328,-0.0025,-0.00105,-0.00128,-0.00234,
2023-03-26 04:30:00,2023-03-26,4,0.9238795325112936,0.3826834323650731,85,0.9925016663070038,0.1222311023341476,-0.00289,-0.00183,-0.000655,-0.000726,-0.0018,
2023-03-26 04:45:00,2023-03-26,4,0.9469301294950891,0.3214394653032097,85,0.9925235536468036,0.1220532484464086,-0.0023,-0.0020099999999999,-0.00091,-0.00106,-0.00217,
2023-03-26 05:00:00,2023-03-26,5,0.9659258262890668,0.2588190451025267,85,0.9925454091156188,0.1218753906394101,-0.000484,-0.00115,-0.000579,-0.000367,-0.00146,
2023-03-26 05:15:00,2023-03-26,5,0.9807852804032158,0.1950903220162018,85,0.992567232712748,0.1216975289188635,0.00124,0.00126,0.0020299999999999,0.00191,0.000805,
2023-03-26 05:30:00,2023-03-26,5,0.9914448613738064,0.1305261922200815,85,0.99258902443749,0.1215196632904801,0.0056,0.00621,0.00875,0.0078099999999999,0.00802,
2023-03-26 05:45:00,2023-03-26,5,0.9978589232386044,0.0654031292301285,85,0.9926107842891456,0.1213417937599716,0.0177,0.0179,0.0195,0.018,0.0188,
2023-03-26 06:00:00,2023-03-26,6,1.0,5.438607851423766e-14,85,0.9926325122670154,0.1211639203330494,0.0291,0.0296,0.0315,0.0286,0.0311,
2023-03-26 06:15:00,2023-03-26,6,0.997858923238604,-0.0654031292301334,85,0.9926542083704022,0.1209860430154249,0.0372,0.0376,0.0407999999999999,0.0368,0.0396,
2023-03-26 06:30:00,2023-03-26,6,0.9914448613738208,-0.1305261922199737,85,0.992675872598609,0.1208081618128104,0.048,0.109,0.137,0.108,0.128,
2023-03-26 06:45:00,2023-03-26,6,0.980785280403237,-0.1950903220160951,85,0.9926975049509404,0.1206302767309174,0.0545,0.238,0.307,0.236,0.287,
2023-03-26 07:00:00,2023-03-26,7,0.9659258262890654,-0.2588190451025314,85,0.9927191054267016,0.1204523877754582,0.0596,0.286,0.37,0.296,0.35,
2023-03-26 07:15:00,2023-03-26,7,0.9469301294951242,-0.3214394653031068,85,0.9927406740251988,0.1202744949521453,0.0637,0.335,0.438,0.363,0.416,
2023-03-26 07:30:00,2023-03-26,7,0.9238795325112916,-0.3826834323650777,85,0.99276221074574,0.1200965982666906,0.0654,0.381,0.502,0.427,0.48,
2023-03-26 07:45:00,2023-03-26,7,0.8968727415327246,-0.4422886902189277,85,0.9927837155876332,0.1199186977248068,0.0713,0.429,0.562,0.488,0.541,
2023-03-26 08:00:00,2023-03-26,8,0.8660254037844572,-0.4999999999999677,85,0.9928051885501876,0.1197407933322062,0.0761,0.461,0.598,0.528,0.576,
2023-03-26 08:15:00,2023-03-26,8,0.831469612302541,-0.5555702330196085,85,0.9928266296327144,0.1195628850946019,0.0783,0.517,0.676,0.604,0.651,
2023-03-26 08:30:00,2023-03-26,8,0.7933533402912033,-0.6087614290087622,85,0.9928480388345244,0.1193849730177063,0.0861,0.559,0.732,0.659,0.708,
2023-03-26 08:45:00,2023-03-26,8,0.7518398074789884,-0.6593458151000564,85,0.9928694161549309,0.1192070571072326,0.114,0.602,0.784,0.71,0.761,
2023-03-26 09:00:00,2023-03-26,9,0.707106781186608,-0.7071067811864871,85,0.9928907615932464,0.1190291373688939,0.11,0.653,0.853,0.776,0.828,
2023-03-26 09:15:00,2023-03-26,9,0.6593458151000995,-0.7518398074789505,85,0.9929120751487864,0.1188512138084032,0.0995,0.673,0.887,0.813,0.862,
2023-03-26 09:30:00,2023-03-26,9,0.6087614290087174,-0.7933533402912376,85,0.992933356820866,0.1186732864314741,0.118,0.724,0.936,0.861,0.911,
2023-03-26 09:45:00,2023-03-26,9,0.5555702330195617,-0.8314696123025723,85,0.992954606608802,0.1184953552438196,0.107,0.735,0.966,0.896,0.94,
2023-03-26 10:00:00,2023-03-26,10,0.5000000000000174,-0.8660254037844286,85,0.9929758245119122,0.1183174202511538,0.154,0.788,1.01,0.938,0.985,
2023-03-26 10:15:00,2023-03-26,10,0.4422886902190811,-0.896872741532649,85,0.9929970105295152,0.1181394814591898,0.163,0.814,1.05,0.981,1.02,
2023-03-26 10:30:00,2023-03-26,10,0.3826834323651306,-0.92387953251127,85,0.9930181646609302,0.1179615388736418,0.548,0.67,0.735,0.672,0.735,
2023-03-26 10:45:00,2023-03-26,10,0.321439465303161,-0.9469301294951058,85,0.9930392869054784,0.1177835925002238,0.301,0.296,0.245,0.215,0.26,
2023-03-26 11:00:00,2023-03-26,11,0.258819045102477,-0.96592582628908,85,0.9930603772624816,0.1176056423446494,0.336,0.332,0.335,0.313,0.344,
2023-03-26 11:15:00,2023-03-26,11,0.1950903220161514,-0.980785280403226,85,0.9930814357312624,0.1174276884126333,0.369,0.376,0.363,0.327,0.374,
2023-03-26 11:30:00,2023-03-26,11,0.1305261922201432,-0.9914448613737984,85,0.9931024623111446,0.1172497307098896,0.489,0.56,0.617,0.579,0.625,
2023-03-26 11:45:00,2023-03-26,11,0.0654031292301906,-0.9978589232386004,85,0.993123457001453,0.1170717692421323,0.506,0.52,0.552,0.511,0.563,
2023-03-26 12:00:00,2023-03-26,12,2.9329625115877638e-15,-1.0,85,0.9931444198015136,0.1168938040150764,0.184,0.182,0.17,0.155,0.175,
2023-03-26 12:15:00,2023-03-26,12,-0.0654031292301848,-0.9978589232386008,85,0.9931653507106528,0.1167158350344363,0.137,0.135,0.119,0.105,0.124,
2023-03-26 12:30:00,2023-03-26,12,-0.1305261922200247,-0.991444861373814,85,0.9931862497281992,0.1165378623059272,0.119,0.118,0.105,0.0937,0.109,
2023-03-26 12:45:00,2023-03-26,12,-0.1950903220160341,-0.9807852804032492,85,0.9932071168534812,0.1163598858352637,0.0617,0.0611,0.0561,0.0509,0.0579,
2023-03-26 13:00:00,2023-03-26,13,-0.2588190451024713,-0.9659258262890816,85,0.9932279520858288,0.1161819056281605,0.0933,0.0922,0.0829,0.0756,0.0867,
2023-03-26 13:15:00,2023-03-26,13,-0.3214394653031555,-0.9469301294951076,85,0.9932487554245728,0.1160039216903333,0.117,0.115,0.105,0.094,0.11,
2023-03-26 13:30:00,2023-03-26,13,-0.3826834323651252,-0.923879532511272,85,0.9932695268690456,0.1158259340274969,0.0366,0.0358,0.0335,0.0304,0.034,
2023-03-26 13:45:00,2023-03-26,13,-0.4422886902189739,-0.8968727415327018,85,0.99329026641858,0.1156479426453669,0.0837,0.0836,0.0782,0.0711,0.082,
2023-03-26 14:00:00,2023-03-26,14,-0.5000000000000123,-0.8660254037844315,85,0.9933109740725102,0.1154699475496587,0.103,0.102,0.0953,0.0857,0.0995,
2023-03-26 14:15:00,2023-03-26,14,-0.5555702330195568,-0.8314696123025757,85,0.993331649830171,0.1152919487460882,0.0516,0.0509,0.0476,0.043,0.0494,
2023-03-26 14:30:00,2023-03-26,14,-0.6087614290087128,-0.7933533402912412,85,0.9933522936908984,0.1151139462403708,0.053,0.0521,0.0432,0.0387999999999999,0.0458,
2023-03-26 14:45:00,2023-03-26,14,-0.659345815100095,-0.7518398074789544,85,0.99337290565403,0.1149359400382224,0.0384,0.0377,0.0325,0.0289,0.0343,
2023-03-26 15:00:00,2023-03-26,15,-0.7071067811865235,-0.7071067811865716,85,0.9933934857189032,0.1147579301453591,0.0188,0.0183,0.0150999999999999,0.0135,0.0157,
2023-03-26 15:15:00,2023-03-26,15,-0.7518398074789845,-0.6593458151000609,85,0.9934140338848578,0.1145799165674967,0.0229,0.0223,0.0166,0.0147,0.0177,
2023-03-26 15:30:00,2023-03-26,15,-0.7933533402911997,-0.6087614290087668,85,0.9934345501512336,0.1144018993103517,0.0575,0.0564,0.0507,0.0456,0.0533999999999999,
2023-03-26 15:45:00,2023-03-26,15,-0.8314696123025378,-0.5555702330196134,85,0.9934550345173722,0.1142238783796405,0.0557999999999999,0.0547,0.0533,0.0493,0.055,
2023-03-26 16:00:00,2023-03-26,16,-0.8660254037844544,-0.4999999999999728,85,0.9934754869826152,0.1140458537810791,0.0812,0.0800999999999999,0.0764,0.0706,0.0792,
2023-03-26 16:15:00,2023-03-26,16,-0.8968727415326717,-0.4422886902190349,85,0.9934959075463066,0.1138678255203846,0.0334,0.0329,0.0344,0.0324,0.0347,
2023-03-26 16:30:00,2023-03-26,16,-0.9238795325112896,-0.382683432365083,85,0.99351629620779,0.1136897936032732,0.0367,0.0361,0.0336,0.0305,0.0348,
2023-03-26 16:45:00,2023-03-26,16,-0.9469301294950858,-0.32143946530322,85,0.993536652966411,0.1135117580354621,0.042,0.0412999999999999,0.0412999999999999,0.0377,0.042,
2023-03-26 17:00:00,2023-03-26,17,-0.965925826289064,-0.258819045102537,85,0.993556977821516,0.113333718822668,0.00777,0.00766,0.0078,0.00719,0.0078,
2023-03-26 17:15:00,2023-03-26,17,-0.980785280403236,-0.1950903220161009,85,0.9935772707724524,0.1131556759706075,0.00536,0.00528,0.0046,0.00409,0.00462,
2023-03-26 17:30:00,2023-03-26,17,-0.991444861373805,-0.1305261922200922,85,0.993597531818568,0.1129776294849986,0.0016899999999999,0.00179,0.00155,0.00151,0.0015,
2023-03-26 17:45:00,2023-03-26,17,-0.9978589232386036,-0.0654031292301393,85,0.993617760959213,0.112799579371558,-0.000165,8.159999999999999e-05,0.000407,0.000344,-0.000146,
2023-03-26 18:00:00,2023-03-26,18,-1.0,-6.516668423055391e-14,85,0.9936379581937372,0.1126215256360033,-0.00136,-0.00105,-0.000562,-0.000482,-0.000848,
2023-03-26 18:15:00,2023-03-26,18,-0.9978589232386048,0.0654031292301227,85,0.9936581235214924,0.1124434682840521,-0.00107,-0.00078,-0.000562,-0.000375,-0.00102,
2023-03-26 18:30:00,2023-03-26,18,-0.9914448613738072,0.1305261922200757,85,0.9936782569418308,0.1122654073214215,-0.00179,-0.00139,-0.000869,-0.000665,-0.00147,
2023-03-26 18:45:00,2023-03-26,18,-0.9807852804032392,0.1950903220160846,85,0.9936983584541064,0.1120873427538298,-0.00101,-0.000585,-0.000452,-0.000134,-0.000514,
2023-03-26 19:00:00,2023-03-26,19,-0.9659258262890682,0.258819045102521,85,0.9937184280576732,0.1119092745869941,-0.000496,-0.000309,-0.000548,-0.000145,-0.000681,
2023-03-26 19:15:00,2023-03-26,19,-0.9469301294951278,0.3214394653030966,85,0.9937384657518868,0.1117312028266334,-0.00177,-0.00126,-0.0006,-0.000187,-0.000308,
2023-03-26 19:30:00,2023-03-26,19,-0.9238795325112958,0.3826834323650677,85,0.993758471536104,0.1115531274784649,-0.00131,-0.000972,-0.000617,-0.000367,-0.000634,
2023-03-26 19:45:00,2023-03-26,19,-0.896872741532679,0.44228869021902,85,0.993778445409682,0.1113750485482074,-0.000161,2.48e-05,-0.000648,-0.000329,-0.000613,
2023-03-26 20:00:00,2023-03-26,20,-0.8660254037844627,0.4999999999999584,85,0.99379838737198,0.1111969660415789,-0.000947,-0.000738,-0.000862,-0.00055,-0.000913,
2023-03-26 20:15:00,2023-03-26,20,-0.831469612302547,0.5555702330195995,85,0.9938182974223572,0.1110188799642976,-0.00166,-0.0013,-0.00103,-0.000791,-0.00113,
2023-03-26 20:30:00,2023-03-26,20,-0.7933533402912791,0.6087614290086634,85,0.9938381755601744,0.1108407903220825,-0.00189,-0.00153,-0.00135,-0.00112,-0.00173,
2023-03-26 20:45:00,2023-03-26,20,-0.7518398074789955,0.6593458151000483,85,0.9938580217847934,0.1106626971206516,-0.00187,-0.00134,-0.00127,-0.000902,-0.00126,
2023-03-26 21:00:00,2023-03-26,21,-0.7071067811865352,0.7071067811865598,85,0.9938778360955768,0.1104846003657245,-0.00212,-0.00161,-0.00133,-0.00101,-0.00156,
2023-03-26 21:15:00,2023-03-26,21,-0.6593458151001076,0.7518398074789434,85,0.9938976184918884,0.1103065000630197,-0.00241,-0.00185,-0.00146,-0.00114,-0.00185,
2023-03-26 21:30:00,2023-03-26,21,-0.608761429008726,0.7933533402912311,85,0.9939173689730928,0.1101283962182559,-0.00281,-0.00224,-0.00166,-0.00136,-0.0022299999999999,
2023-03-26 21:45:00,2023-03-26,21,-0.5555702330196651,0.8314696123025032,85,0.9939370875385558,0.1099502888371527,-0.0023799999999999,-0.0019,-0.00147,-0.00108,-0.00165,
2023-03-26 22:00:00,2023-03-26,22,-0.5000000000000268,0.8660254037844232,85,0.9939567741876444,0.1097721779254288,-0.00148,-0.00112,-0.00126,-0.00112,-0.00171,
2023-03-26 22:15:00,2023-03-26,22,-0.4422886902189888,0.8968727415326945,85,0.9939764289197264,0.109594063488804,-0.000186,2.84e-05,-0.00039,-0.00018,-0.000347,
2023-03-26 22:30:00,2023-03-26,22,-0.3826834323651406,0.9238795325112658,85,0.9939960517341708,0.1094159455329973,-0.00174,-0.00136,-0.00105,-0.000822,-0.00127,
2023-03-26 22:45:00,2023-03-26,22,-0.3214394653031712,0.9469301294951024,85,0.994015642630347,0.1092378240637286,-0.0016,-0.0015,-0.0014,-0.00113,-0.00185,
2023-03-26 23:00:00,2023-03-26,23,-0.2588190451025972,0.9659258262890478,85,0.9940352016076264,0.1090596990867176,-0.00153,-0.00113,-0.000782,-0.000497,-0.000814,
2023-03-26 23:15:00,2023-03-26,23,-0.1950903220161619,0.9807852804032238,85,0.9940547286653808,0.1088815706076837,-0.000711,-0.000582,-0.000365,-0.000214,-0.000531,
2023-03-26 23:30:00,2023-03-26,23,-0.1305261922200412,0.9914448613738118,85,0.9940742238029832,0.1087034386323473,-0.0006,-0.000681,-0.000355,-0.000409,-0.00033,
2023-03-26 23:45:00,2023-03-26,23,-0.0654031292302014,0.9978589232385996,85,0.9940936870198074,0.1085253031664282,-0.000689,-0.000547,-0.000353,-0.000261,-0.000488,
2023-03-27 00:00:00,2023-03-27,0,-1.3713568227904002e-14,1.0,86,0.9941131183152286,0.1083471642156462,-0.000124,-0.000138,-0.000186,-4.59e-05,-0.000257,
2023-03-27 00:15:00,2023-03-27,0,0.0654031292300606,0.9978589232386088,86,0.9941325176886228,0.1081690217857218,-0.000786,-0.000603,-0.000152,-0.000122,-0.000441,
2023-03-27 00:30:00,2023-03-27,0,0.130526192220014,0.9914448613738154,86,0.9941518851393673,0.1079908758823753,-4.139999999999999e-06,-0.000106,-0.000186,-0.000199,-0.000501,
2023-03-27 00:45:00,2023-03-27,0,0.195090322016135,0.9807852804032292,86,0.9941712206668396,0.1078127265113275,-0.00122,-0.00095,-0.000252,-0.000382,-0.000514,
2023-03-27 01:00:00,2023-03-27,1,0.2588190451025707,0.9659258262890548,86,0.9941905242704192,0.1076345736782984,0.0016799999999999,0.00106,-0.000376,-0.000164,-0.000608,
2023-03-27 01:15:00,2023-03-27,1,0.3214394653031452,0.9469301294951112,86,0.9942097959494862,0.1074564173890091,-0.0013,-0.00105,-0.000379,-0.000466,-0.00063,
2023-03-27 01:30:00,2023-03-27,1,0.3826834323650102,0.9238795325113196,86,0.9942290357034218,0.1072782576491803,-0.00161,-0.00129,-0.000507,-0.000627,-0.000857,
2023-03-27 01:45:00,2023-03-27,1,0.4422886902189642,0.8968727415327066,86,0.9942482435316082,0.1071000944645326,-0.00174,-0.00148,-0.00113,-0.00104,-0.00166,
2023-03-27 02:00:00,2023-03-27,2,0.500000000000003,0.8660254037844369,86,0.9942674194334288,0.1069219278407872,-0.00163,-0.00135,-0.000927,-0.000887,-0.00131,
2023-03-27 02:15:00,2023-03-27,2,0.5555702330196424,0.8314696123025185,86,0.9942865634082672,0.1067437577836652,-0.000931,-0.000823,-0.000686,-0.000715,-0.00103,
2023-03-27 02:30:00,2023-03-27,2,0.6087614290087042,0.7933533402912477,86,0.9943056754555092,0.1065655842988882,-0.000558,-0.000468,-0.000214,-0.000195,-0.000446,
2023-03-27 02:45:00,2023-03-27,2,0.6593458151000015,0.7518398074790364,86,0.9943247555745413,0.1063874073921772,-0.00191,-0.00163,-0.000572,-0.000604,-0.00099,
2023-03-27 03:00:00,2023-03-27,3,0.7071067811865158,0.7071067811865792,86,0.99434380376475,0.1062092270692534,-0.0012,-0.000972,-0.000396,-0.000413,-0.000634,
2023-03-27 03:15:00,2023-03-27,3,0.7518398074789774,0.659345815100069,86,0.9943628200255245,0.1060310433358389,-0.00103,-0.000848,-0.000617,-0.000516,-0.000814,
2023-03-27 03:30:00,2023-03-27,3,0.7933533402912624,0.6087614290086851,86,0.9943818043562536,0.1058528561976548,-0.00164,-0.0014,-0.00107,-0.00099,-0.0016799999999999,
2023-03-27 03:45:00,2023-03-27,3,0.8314696123025318,0.5555702330196224,86,0.994400756756328,0.1056746656604232,-0.0011799999999999,-0.000989,-0.000676,-0.000619,-0.000865,
2023-03-27 04:00:00,2023-03-27,4,0.8660254037843921,0.5000000000000806,86,0.9944196772251388,0.1054964717298662,-0.000765,-0.00061,-0.00019,-0.000161,-0.000257,
2023-03-27 04:15:00,2023-03-27,4,0.8968727415326669,0.4422886902190446,86,0.994438565762079,0.1053182744117054,-0.000579,-0.000493,-0.000207,-0.000138,-0.000458,
2023-03-27 04:30:00,2023-03-27,4,0.9238795325112854,0.382683432365093,86,0.9944574223665416,0.1051400737116632,4.139999999999999e-06,-3.19e-05,-0.000203,-0.000199,-0.00048,
2023-03-27 04:45:00,2023-03-27,4,0.9469301294951188,0.3214394653031225,86,0.9944762470379211,0.1049618696354615,-0.000149,-0.000167,-0.000221,-0.000248,-0.000518,
2023-03-27 05:00:00,2023-03-27,5,0.9659258262890612,0.2588190451025475,86,0.9944950397756132,0.104783662188823,-0.000261,-0.000206,1.38e-05,-1.91e-05,-0.000249,
2023-03-27 05:15:00,2023-03-27,5,0.9807852804032116,0.195090322016223,86,0.9945138005790144,0.1046054513774697,0.00209,0.00208,0.00215,0.00204,0.0019199999999999,
2023-03-27 05:30:00,2023-03-27,5,0.9914448613738036,0.1305261922201029,86,0.9945325294475224,0.1044272372071244,0.00683,0.00683,0.00756,0.00718,0.0075,
2023-03-27 05:45:00,2023-03-27,5,0.997858923238603,0.06540312923015,86,0.9945512263805356,0.1042490196835099,0.0368999999999999,0.0362,0.0272,0.0233999999999999,0.0292,
2023-03-27 06:00:00,2023-03-27,6,1.0,-3.773954777474589e-14,86,0.9945698913774536,0.1040707988123485,0.0331,0.0327,0.027,0.0245,0.0278,
2023-03-27 06:15:00,2023-03-27,6,0.9978589232386056,-0.0654031292301119,86,0.994588524437677,0.1038925745993636,0.0415,0.0411,0.0372,0.0332,0.0378999999999999,
2023-03-27 06:30:00,2023-03-27,6,0.9914448613738086,-0.1305261922200651,86,0.9946071255606076,0.1037143470502777,0.0536,0.0535,0.0491,0.0438,0.0494,
2023-03-27 06:45:00,2023-03-27,6,0.9807852804032412,-0.195090322016074,86,0.9946256947456484,0.1035361161708143,0.0862,0.191,0.22,0.173,0.212,
2023-03-27 07:00:00,2023-03-27,7,0.965925826289071,-0.2588190451025106,86,0.9946442319922024,0.1033578819666961,0.086,0.291,0.366,0.299,0.351,
2023-03-27 07:15:00,2023-03-27,7,0.9469301294950948,-0.321439465303194,86,0.9946627372996752,0.1031796444436467,0.112,0.279,0.35,0.294,0.337,
2023-03-27 07:30:00,2023-03-27,7,0.9238795325113,-0.3826834323650577,86,0.994681210667472,0.1030014036073896,0.121,0.318,0.402,0.343,0.39,
2023-03-27 07:45:00,2023-03-27,7,0.8968727415326838,-0.4422886902190103,86,0.9946996520949996,0.1028231594636479,0.109,0.457,0.592,0.51,0.572,
2023-03-27 08:00:00,2023-03-27,8,0.866025403784468,-0.4999999999999491,86,0.994718061581666,0.1026449120181457,0.136,0.474,0.612,0.532,0.593,
2023-03-27 08:15:00,2023-03-27,8,0.831469612302553,-0.5555702330195905,86,0.99473643912688,0.1024666612766065,0.135,0.565,0.729,0.642,0.704,
2023-03-27 08:30:00,2023-03-27,8,0.7933533402912164,-0.6087614290087451,86,0.9947547847300516,0.1022884072447538,0.134,0.569,0.74,0.657,0.712,
2023-03-27 08:45:00,2023-03-27,8,0.7518398074790026,-0.6593458151000402,86,0.9947730983905916,0.1021101499283119,0.2,0.548,0.687,0.61,0.665,
2023-03-27 09:00:00,2023-03-27,9,0.7071067811865428,-0.7071067811865522,86,0.994791380107912,0.1019318893330047,0.199,0.574,0.736,0.664,0.711,
2023-03-27 09:15:00,2023-03-27,9,0.6593458151001157,-0.7518398074789363,86,0.9948096298814256,0.1017536254645566,0.116,0.717,0.94,0.857,0.908,
2023-03-27 09:30:00,2023-03-27,9,0.6087614290087345,-0.7933533402912245,86,0.9948278477105464,0.1015753583286916,0.101,0.735,0.966,0.886,0.934,
2023-03-27 09:45:00,2023-03-27,9,0.5555702330195795,-0.8314696123025603,86,0.9948460335946894,0.1013970879311339,0.0950999999999999,0.761,0.999,0.922,0.97,
2023-03-27 10:00:00,2023-03-27,10,0.5000000000000361,-0.8660254037844178,86,0.9948641875332708,0.1012188142776083,0.101,0.78,1.02,0.95,0.996,
2023-03-27 10:15:00,2023-03-27,10,0.4422886902189984,-0.8968727415326897,86,0.9948823095257076,0.101040537373839,0.0967,0.806,1.06,0.987,1.03,
2023-03-27 10:30:00,2023-03-27,10,0.3826834323651505,-0.9238795325112616,86,0.9949003995714178,0.1008622572255508,0.107,0.827,1.08,1.01,1.06,
2023-03-27 10:45:00,2023-03-27,10,0.3214394653031814,-0.9469301294950988,86,0.9949184576698206,0.1006839738384685,0.0991,0.837,1.1,1.03,1.07,
2023-03-27 11:00:00,2023-03-27,11,0.2588190451024978,-0.9659258262890744,86,0.994936483820336,0.1005056872183172,0.0982,0.842,1.1,1.04,1.08,
2023-03-27 11:15:00,2023-03-27,11,0.1950903220161725,-0.9807852804032215,86,0.9949544780223852,0.1003273973708216,0.104,0.844,1.11,1.05,1.08,
2023-03-27 11:30:00,2023-03-27,11,0.1305261922200519,-0.9914448613738104,86,0.9949724402753908,0.1001491043017067,0.103,0.841,1.1,1.05,1.08,
2023-03-27 11:45:00,2023-03-27,11,0.0654031292302121,-0.9978589232385988,86,0.9949903705787752,0.0999708080166979,0.093,0.846,1.11,1.06,1.09,
2023-03-27 12:00:00,2023-03-27,12,2.4494173944220243e-14,-1.0,86,0.9950082689319634,0.0997925085215203,0.0878,0.844,1.1,1.06,1.08,
2023-03-27 12:15:00,2023-03-27,12,-0.0654031292301633,-0.997858923238602,86,0.9950261353343802,0.0996142058218993,0.0841,0.834,1.09,1.05,1.07,
2023-03-27 12:30:00,2023-03-27,12,-0.1305261922200034,-0.9914448613738168,86,0.995043969785452,0.0994358999235607,0.0790999999999999,0.822,1.07,1.04,1.05,
2023-03-27 12:45:00,2023-03-27,12,-0.1950903220161245,-0.9807852804032312,86,0.9950617722846063,0.0992575908322296,0.088,0.802,1.04,1.02,1.03,
2023-03-27 13:00:00,2023-03-27,13,-0.2588190451024504,-0.9659258262890872,86,0.9950795428312712,0.0990792785536321,0.101,0.776,1.01,0.987,0.994,
2023-03-27 13:15:00,2023-03-27,13,-0.3214394653031351,-0.9469301294951148,86,0.9950972814248764,0.0989009630934937,0.107,0.747,0.973,0.956,0.958,
2023-03-27 13:30:00,2023-03-27,13,-0.3826834323651052,-0.9238795325112804,86,0.9951149880648518,0.0987226444575407,0.115,0.714,0.929,0.917,0.915,
2023-03-27 13:45:00,2023-03-27,13,-0.4422886902189545,-0.8968727415327113,86,0.9951326627506292,0.0985443226514987,0.126,0.68,0.88,0.875,0.867,
2023-03-27 14:00:00,2023-03-27,14,-0.4999999999999936,-0.8660254037844424,86,0.9951503054816409,0.0983659976810936,0.117,0.648,0.832,0.834,0.823,
2023-03-27 14:15:00,2023-03-27,14,-0.5555702330195388,-0.8314696123025876,86,0.9951679162573204,0.0981876695520524,0.122,0.61,0.775,0.784,0.769,
2023-03-27 14:30:00,2023-03-27,14,-0.6087614290086957,-0.7933533402912544,86,0.9951854950771022,0.0980093382701007,0.133,0.566,0.708,0.723,0.706,
2023-03-27 14:45:00,2023-03-27,14,-0.6593458151000788,-0.7518398074789686,86,0.995203041940422,0.0978310038409654,0.128,0.52,0.644,0.667,0.645,
2023-03-27 15:00:00,2023-03-27,15,-0.7071067811865082,-0.7071067811865869,86,0.9952205568467158,0.0976526662703727,0.127,0.476,0.581,0.609,0.585,
2023-03-27 15:15:00,2023-03-27,15,-0.7518398074789703,-0.6593458151000771,86,0.995238039795422,0.0974743255640491,0.131,0.418,0.503,0.534,0.508,
2023-03-27 15:30:00,2023-03-27,15,-0.7933533402911866,-0.6087614290087839,86,0.9952554907859784,0.0972959817277217,0.127,0.377,0.442,0.474,0.449,
2023-03-27 15:45:00,2023-03-27,15,-0.8314696123025258,-0.5555702330196313,86,0.9952729098178252,0.0971176347671167,0.106,0.331,0.38,0.416,0.389,
2023-03-27 16:00:00,2023-03-27,16,-0.8660254037844436,-0.4999999999999915,86,0.9952902968904028,0.0969392846879618,0.0955999999999999,0.279,0.313,0.347,0.32,
2023-03-27 16:15:00,2023-03-27,16,-0.8968727415327125,-0.4422886902189523,86,0.9953076520031532,0.0967609314959834,0.0825,0.229,0.251,0.281,0.258,
2023-03-27 16:30:00,2023-03-27,16,-0.9238795325112812,-0.382683432365103,86,0.9953249751555184,0.096582575196909,0.0749,0.177,0.188,0.214,0.191,
2023-03-27 16:45:00,2023-03-27,16,-0.9469301294950788,-0.3214394653032404,86,0.9953422663469428,0.0964042157964657,0.0639,0.126,0.131,0.15,0.131,
2023-03-27 17:00:00,2023-03-27,17,-0.9659258262890584,-0.2588190451025579,86,0.995359525576871,0.0962258533003805,0.0499,0.0868,0.0869,0.0988,0.0875,
2023-03-27 17:15:00,2023-03-27,17,-0.9807852804032317,-0.1950903220161221,86,0.9953767528447486,0.0960474877143813,0.0349,0.0513,0.0485,0.0575,0.0523999999999999,
2023-03-27 17:30:00,2023-03-27,17,-0.991444861373817,-0.1305261922200009,86,0.9953939481500228,0.0958691190441948,0.0162,0.0162,0.0172,0.0172,0.0165,
2023-03-27 17:45:00,2023-03-27,17,-0.9978589232386024,-0.0654031292301608,86,0.9954111114921408,0.0956907472955497,0.000939,0.00115,0.00176,0.00177,0.00135,
2023-03-27 18:00:00,2023-03-27,18,-1.0,-8.672789566318638e-14,86,0.995428242870552,0.0955123724741732,-0.00222,-0.00185,-0.000917,-0.00086,-0.00135,
2023-03-27 18:15:00,2023-03-27,18,-0.9978589232386064,0.0654031292301012,86,0.9954453422847064,0.0953339945857928,-0.0025099999999999,-0.00199,-0.0014299999999999,-0.00127,-0.0016799999999999,
2023-03-27 18:30:00,2023-03-27,18,-0.99144486137381,0.1305261922200544,86,0.9954624097340544,0.095155613636137,-0.00283,-0.00233,-0.00158,-0.00136,-0.0020099999999999,
2023-03-27 18:45:00,2023-03-27,18,-0.9807852804032212,0.1950903220161749,86,0.9954794452180482,0.0949772296309332,-0.00282,-0.00232,-0.00156,-0.00135,-0.00191,
2023-03-27 19:00:00,2023-03-27,19,-0.9659258262890738,0.2588190451025002,86,0.9954964487361408,0.09479884257591,-0.00337,-0.00282,-0.002,-0.00172,-0.0027,
2023-03-27 19:15:00,2023-03-27,19,-0.9469301294951348,0.3214394653030761,86,0.9955134202877862,0.0946204524767951,-0.00387,-0.00331,-0.00211,-0.0019199999999999,-0.00326,
2023-03-27 19:30:00,2023-03-27,19,-0.9238795325113042,0.3826834323650478,86,0.9955303598724397,0.0944420593393172,-0.00364,-0.0030099999999999,-0.0020499999999999,-0.00196,-0.00307,
2023-03-27 19:45:00,2023-03-27,19,-0.8968727415326886,0.4422886902190007,86,0.9955472674895566,0.0942636631692047,-0.00346,-0.00275,-0.00191,-0.0017,-0.00278,
2023-03-27 20:00:00,2023-03-27,20,-0.8660254037844166,0.5000000000000382,86,0.9955641431385946,0.0940852639721857,-0.00365,-0.00306,-0.00186,-0.00186,-0.00307,
2023-03-27 20:15:00,2023-03-27,20,-0.831469612302559,0.5555702330195816,86,0.9955809868190116,0.0939068617539893,-0.00339,-0.00262,-0.00146,-0.00127,-0.00243,
2023-03-27 20:30:00,2023-03-27,20,-0.7933533402912922,0.6087614290086463,86,0.995597798530267,0.093728456520344,-0.00345,-0.00291,-0.00175,-0.00152,-0.00307,
2023-03-27 20:45:00,2023-03-27,20,-0.7518398074790097,0.6593458151000321,86,0.9956145782718204,0.0935500482769783,-0.00325,-0.00279,-0.00149,-0.00137,-0.00276,
2023-03-27 21:00:00,2023-03-27,21,-0.7071067811865505,0.7071067811865446,86,0.9956313260431336,0.0933716370296212,-0.00307,-0.0025099999999999,-0.00139,-0.00136,-0.00243,
2023-03-27 21:15:00,2023-03-27,21,-0.6593458151000383,0.7518398074790041,86,0.9956480418436684,0.0931932227840018,-0.0024,-0.00178,-0.00104,-0.000975,-0.0021,
2023-03-27 21:30:00,2023-03-27,21,-0.6087614290087431,0.793353340291218,86,0.9956647256728882,0.0930148055458494,-0.0016699999999999,-0.00131,-0.00112,-0.00109,-0.0023,
2023-03-27 21:45:00,2023-03-27,21,-0.5555702330195885,0.8314696123025545,86,0.9956813775302572,0.0928363853208926,-0.00345,-0.00257,-0.00103,-0.000998,-0.0020299999999999,
2023-03-27 22:00:00,2023-03-27,22,-0.5000000000000454,0.8660254037844124,86,0.9956979974152408,0.0926579621148613,-0.0031,-0.0023799999999999,-0.00108,-0.00102,-0.00229,
2023-03-27 22:15:00,2023-03-27,22,-0.4422886902190081,0.8968727415326849,86,0.9957145853273052,0.0924795359334844,-0.00321,-0.00244,-0.0013,-0.000952,-0.0021,
2023-03-27 22:30:00,2023-03-27,22,-0.3826834323650555,0.923879532511301,86,0.9957311412659178,0.0923011067824913,-0.00328,-0.00261,-0.00128,-0.00105,-0.00225,
2023-03-27 22:45:00,2023-03-27,22,-0.3214394653031917,0.9469301294950956,86,0.9957476652305468,0.0921226746676118,-0.00322,-0.00256,-0.00122,-0.000971,-0.00234,
2023-03-27 23:00:00,2023-03-27,23,-0.2588190451025082,0.9659258262890716,86,0.995764157220662,0.0919442395945754,-0.00335,-0.00279,-0.00172,-0.00136,-0.00278,
2023-03-27 23:15:00,2023-03-27,23,-0.1950903220161831,0.9807852804032196,86,0.9957806172357336,0.0917658015691121,-0.00319,-0.00259,-0.0014399999999999,-0.00115,-0.00237,
2023-03-27 23:30:00,2023-03-27,23,-0.1305261922200626,0.9914448613738088,86,0.9957970452752328,0.0915873605969516,-0.0025099999999999,-0.00187,-0.000948,-0.000638,-0.00171,
2023-03-27 23:45:00,2023-03-27,23,-0.0654031292301095,0.9978589232386056,86,0.9958134413386324,0.0914089166838235,-0.0028,-0.0022299999999999,-0.0012,-0.00083,-0.00213,
2023-03-28 00:00:00,2023-03-28,0,-3.527477966053648e-14,1.0,87,0.9958298054254058,0.0912304698354584,-0.0028599999999999,-0.00215,-0.00111,-0.00113,-0.0025,
2023-03-28 00:15:00,2023-03-28,0,0.0654031292301525,0.9978589232386028,87,0.9958461375350276,0.0910520200575856,-0.00322,-0.00252,-0.00127,-0.00133,-0.0025299999999999,
2023-03-28 00:30:00,2023-03-28,0,0.1305261922199927,0.9914448613738182,87,0.9958624376669732,0.0908735673559364,-0.00276,-0.00219,-0.00126,-0.00125,-0.00249,
2023-03-28 00:45:00,2023-03-28,0,0.1950903220161139,0.9807852804032332,87,0.9958787058207194,0.0906951117362404,-0.0030099999999999,-0.00234,-0.00117,-0.00109,-0.00217,
2023-03-28 01:00:00,2023-03-28,1,0.2588190451025499,0.9659258262890604,87,0.9958949419957436,0.0905166532042279,-0.00327,-0.00256,-0.00136,-0.00107,-0.0023799999999999,
2023-03-28 01:15:00,2023-03-28,1,0.3214394653031249,0.946930129495118,87,0.9959111461915244,0.0903381917656299,-0.00269,-0.00202,-0.00109,-0.00107,-0.00225,
2023-03-28 01:30:00,2023-03-28,1,0.3826834323650953,0.9238795325112844,87,0.995927318407542,0.0901597274261765,-0.00304,-0.00229,-0.00126,-0.00106,-0.00181,
2023-03-28 01:45:00,2023-03-28,1,0.4422886902189448,0.8968727415327161,87,0.9959434586432764,0.0899812601915988,-0.0030499999999999,-0.00243,-0.00126,-0.0011899999999999,-0.00244,
2023-03-28 02:00:00,2023-03-28,2,0.4999999999999843,0.8660254037844477,87,0.99595956689821,0.0898027900676271,-0.0027,-0.00204,-0.0011799999999999,-0.00114,-0.00228,
2023-03-28 02:15:00,2023-03-28,2,0.5555702330196244,0.8314696123025305,87,0.9959756431718249,0.0896243170599926,-0.00313,-0.00249,-0.0011799999999999,-0.000906,-0.0023799999999999,
2023-03-28 02:30:00,2023-03-28,2,0.6087614290086871,0.7933533402912609,87,0.9959916874636048,0.0894458411744264,-0.00309,-0.00237,-0.000993,-0.00109,-0.0022,
2023-03-28 02:45:00,2023-03-28,2,0.6593458151000707,0.7518398074789757,87,0.9960076997730352,0.0892673624166591,-0.00313,-0.00241,-0.00129,-0.00123,-0.00262,
2023-03-28 03:00:00,2023-03-28,3,0.7071067811865006,0.7071067811865944,87,0.9960236800996016,0.0890888807924222,-0.00156,-0.00115,-0.00105,-0.00111,-0.00237,
2023-03-28 03:15:00,2023-03-28,3,0.7518398074789632,0.6593458151000852,87,0.9960396284427908,0.0889103963074467,-0.0028599999999999,-0.0011799999999999,-8.27e-05,-0.000241,-0.00104,
2023-03-28 03:30:00,2023-03-28,3,0.7933533402912493,0.6087614290087022,87,0.9960555448020908,0.0887319089674643,-0.0014199999999999,-0.00116,-0.00111,-0.00109,-0.00273,
2023-03-28 03:45:00,2023-03-28,3,0.8314696123025198,0.5555702330196403,87,0.99607142917699,0.0885534187782058,-0.0043,-0.0033399999999999,-0.00149,-0.00127,-0.00244,
2023-03-28 04:00:00,2023-03-28,4,0.8660254037844382,0.5000000000000009,87,0.9960872815669792,0.0883749257454032,-0.00385,-0.00347,-0.00196,-0.00225,-0.0035,
2023-03-28 04:15:00,2023-03-28,4,0.8968727415326574,0.442288690219064,87,0.9961031019715488,0.0881964298747881,-0.00347,-0.003,-0.0016,-0.00184,-0.00319,
2023-03-28 04:30:00,2023-03-28,4,0.9238795325112772,0.382683432365113,87,0.9961188903901907,0.0880179311720918,-0.00379,-0.00312,-0.0017,-0.0016799999999999,-0.00315,
2023-03-28 04:45:00,2023-03-28,4,0.946930129495112,0.3214394653031429,87,0.9961346468223984,0.0878394296430467,-0.00235,-0.00207,-0.00148,-0.000979,-0.0025099999999999,
2023-03-28 05:00:00,2023-03-28,5,0.9659258262890555,0.2588190451025683,87,0.9961503712676656,0.0876609252933842,-0.00309,-0.00186,-0.000941,-0.00101,-0.00243,
2023-03-28 05:15:00,2023-03-28,5,0.9807852804032297,0.1950903220161326,87,0.9961660637254872,0.0874824181288362,0.0017,0.00294,0.00475,0.00463,0.00474,
2023-03-28 05:30:00,2023-03-28,5,0.9914448613738008,0.1305261922201243,87,0.9961817241953598,0.0873039081551349,0.0132,0.0135,0.0161,0.0146,0.0163,
2023-03-28 05:45:00,2023-03-28,5,0.9978589232386016,0.0654031292301716,87,0.99619735267678,0.0871253953780125,0.0256,0.0256,0.0298,0.0277,0.0287,
2023-03-28 06:00:00,2023-03-28,6,1.0,-1.6178336342113418e-14,87,0.9962129491692464,0.0869468798032015,0.0361,0.0814,0.0970999999999999,0.0654,0.0884,
2023-03-28 06:15:00,2023-03-28,6,0.9978589232386068,-0.0654031292300904,87,0.996228513672258,0.0867683614364338,0.0452,0.142,0.178,0.124,0.163,
2023-03-28 06:30:00,2023-03-28,6,0.9914448613738116,-0.1305261922200437,87,0.996244046185315,0.0865898402834418,0.0584,0.191,0.242,0.179,0.228,
2023-03-28 06:45:00,2023-03-28,6,0.9807852804032454,-0.1950903220160529,87,0.9962595467079186,0.0864113163499584,0.0712,0.241,0.306,0.238,0.293,
2023-03-28 07:00:00,2023-03-28,7,0.9659258262890766,-0.2588190451024897,87,0.9962750152395712,0.0862327896417157,0.0800999999999999,0.295,0.375,0.306,0.361,
2023-03-28 07:15:00,2023-03-28,7,0.9469301294951016,-0.3214394653031736,87,0.9962904517797758,0.0860542601644466,0.108,0.354,0.444,0.373,0.431,
2023-03-28 07:30:00,2023-03-28,7,0.9238795325113084,-0.3826834323650378,87,0.9963058563280368,0.0858757279238842,0.121,0.369,0.462,0.393,0.449,
2023-03-28 07:45:00,2023-03-28,7,0.8968727415326934,-0.442288690218991,87,0.99632122888386,0.0856971929257608,0.131,0.409,0.519,0.449,0.504,
2023-03-28 08:00:00,2023-03-28,8,0.8660254037844788,-0.4999999999999304,87,0.9963365694467512,0.0855186551758098,0.147,0.455,0.585,0.512,0.567,
2023-03-28 08:15:00,2023-03-28,8,0.831469612302565,-0.5555702330195726,87,0.996351878016218,0.0853401146797638,0.141,0.514,0.672,0.596,0.651,
2023-03-28 08:30:00,2023-03-28,8,0.7933533402912296,-0.608761429008728,87,0.9963671545917688,0.0851615714433565,0.137,0.578,0.755,0.675,0.731,
2023-03-28 08:45:00,2023-03-28,8,0.7518398074789419,-0.6593458151001095,87,0.9963823991729134,0.0849830254723205,0.136,0.619,0.806,0.726,0.781,
2023-03-28 09:00:00,2023-03-28,9,0.7071067811865581,-0.7071067811865369,87,0.9963976117591616,0.0848044767723894,0.175,0.615,0.805,0.731,0.783,
2023-03-28 09:15:00,2023-03-28,9,0.6593458151001319,-0.7518398074789221,87,0.9964127923500256,0.0846259253492967,0.136,0.698,0.922,0.845,0.895,
2023-03-28 09:30:00,2023-03-28,9,0.6087614290087516,-0.7933533402912114,87,0.9964279409450176,0.0844473712087756,0.128,0.719,0.943,0.869,0.919,
2023-03-28 09:45:00,2023-03-28,9,0.5555702330195975,-0.8314696123025485,87,0.9964430575436508,0.0842688143565601,0.127,0.753,0.988,0.916,0.965,
2023-03-28 10:00:00,2023-03-28,10,0.4999999999999562,-0.8660254037844639,87,0.9964581421454404,0.0840902547983832,0.123,0.785,1.03,0.962,1.01,
2023-03-28 10:15:00,2023-03-28,10,0.4422886902190178,-0.8968727415326802,87,0.996473194749902,0.0839116925399793,0.114,0.796,1.05,0.98,1.02,
2023-03-28 10:30:00,2023-03-28,10,0.3826834323651704,-0.9238795325112532,87,0.9964882153565516,0.0837331275870819,0.0965,0.821,1.08,1.01,1.05,
2023-03-28 10:45:00,2023-03-28,10,0.3214394653032019,-0.946930129495092,87,0.9965032039649075,0.0835545599454245,0.0861,0.838,1.1,1.04,1.08,
2023-03-28 11:00:00,2023-03-28,11,0.2588190451025186,-0.9659258262890688,87,0.9965181605744884,0.083375989620742,0.0838,0.85,1.11,1.05,1.09,
2023-03-28 11:15:00,2023-03-28,11,0.1950903220160821,-0.9807852804032396,87,0.9965330851848138,0.0831974166187677,0.0838,0.853,1.11,1.06,1.09,
2023-03-28 11:30:00,2023-03-28,11,0.1305261922200733,-0.9914448613738076,87,0.9965479777954044,0.0830188409452364,0.0869,0.857,1.11,1.06,1.09,
2023-03-28 11:45:00,2023-03-28,11,0.0654031292302337,-0.9978589232385976,87,0.996562838405782,0.0828402626058819,0.0829,0.847,1.1,1.05,1.08,
2023-03-28 12:00:00,2023-03-28,12,4.6055385376852725e-14,-1.0,87,0.9965776670154692,0.0826616816064386,0.0761,0.847,1.1,1.06,1.08,
2023-03-28 12:15:00,2023-03-28,12,-0.0654031292301417,-0.9978589232386036,87,0.9965924636239906,0.0824830979526411,0.0772,0.837,1.08,1.05,1.07,
2023-03-28 12:30:00,2023-03-28,12,-0.1305261922200947,-0.9914448613738048,87,0.9966072282308704,0.0823045116502234,0.0746,0.83,1.07,1.04,1.05,
2023-03-28 12:45:00,2023-03-28,12,-0.1950903220161033,-0.9807852804032354,87,0.9966219608356348,0.082125922704921,0.0742,0.811,1.04,1.02,1.03,
2023-03-28 13:00:00,2023-03-28,13,-0.2588190451024296,-0.9659258262890928,87,0.9966366614378104,0.081947331122468,0.0779,0.79,1.01,0.993,1.0,
2023-03-28 13:15:00,2023-03-28,13,-0.3214394653031147,-0.9469301294951216,87,0.9966513300369252,0.0817687369085991,0.0797,0.769,0.985,0.968,0.973,
2023-03-28 13:30:00,2023-03-28,13,-0.3826834323650853,-0.9238795325112886,87,0.9966659666325086,0.0815901400690495,0.0768,0.732,0.937,0.926,0.926,
2023-03-28 13:45:00,2023-03-28,13,-0.4422886902190371,-0.8968727415326706,87,0.9966805712240904,0.0814115406095537,0.0703,0.7,0.891,0.885,0.882,
2023-03-28 14:00:00,2023-03-28,14,-0.4999999999999749,-0.8660254037844531,87,0.9966951438112012,0.0812329385358472,0.0703,0.663,0.839,0.839,0.832,
2023-03-28 14:15:00,2023-03-28,14,-0.5555702330196154,-0.8314696123025365,87,0.9967096843933736,0.0810543338536644,0.0726,0.624,0.782,0.79,0.78,
2023-03-28 14:30:00,2023-03-28,14,-0.6087614290086786,-0.7933533402912675,87,0.9967241929701408,0.0808757265687413,0.0664,0.581,0.719,0.737,0.722,
2023-03-28 14:45:00,2023-03-28,14,-0.6593458151000626,-0.7518398074789828,87,0.9967386695410362,0.0806971166868129,0.0655,0.538,0.653,0.679,0.662,
2023-03-28 15:00:00,2023-03-28,15,-0.7071067811865733,-0.7071067811865217,87,0.9967531141055954,0.0805185042136142,0.0615,0.491,0.59,0.621,0.601,
2023-03-28 15:15:00,2023-03-28,15,-0.7518398074789561,-0.6593458151000933,87,0.9967675266633548,0.0803398891548812,0.0607,0.443,0.526,0.558,0.537,
2023-03-28 15:30:00,2023-03-28,15,-0.7933533402912427,-0.6087614290087108,87,0.996781907213851,0.0801612715163488,0.0577,0.395,0.465,0.495,0.47,
2023-03-28 15:45:00,2023-03-28,15,-0.8314696123025138,-0.5555702330196493,87,0.9967962557566228,0.0799826513037529,0.0547999999999999,0.338,0.397,0.427,0.4,
2023-03-28 16:00:00,2023-03-28,16,-0.8660254037844328,-0.5000000000000102,87,0.996810572291209,0.0798040285228295,0.0538999999999999,0.287,0.329,0.362,0.333,
2023-03-28 16:15:00,2023-03-28,16,-0.8968727415327029,-0.4422886902189716,87,0.99682485681715,0.0796254031793138,0.0504,0.234,0.265,0.296,0.269,
2023-03-28 16:30:00,2023-03-28,16,-0.923879532511273,-0.3826834323651229,87,0.9968391093339872,0.0794467752789422,0.0432,0.183,0.202,0.232,0.21,
2023-03-28 16:45:00,2023-03-28,16,-0.9469301294951086,-0.3214394653031531,87,0.9968533298412632,0.0792681448274501,0.037,0.136,0.139,0.167,0.15,
2023-03-28 17:00:00,2023-03-28,17,-0.9659258262890528,-0.2588190451025787,87,0.9968675183385208,0.079089511830574,0.0291,0.0930999999999999,0.0889,0.109,0.0938,
2023-03-28 17:15:00,2023-03-28,17,-0.9807852804032274,-0.1950903220161432,87,0.996881674825305,0.0789108762940497,0.0188,0.0523999999999999,0.0439,0.0598,0.0509,
2023-03-28 17:30:00,2023-03-28,17,-0.9914448613738144,-0.1305261922200223,87,0.9968957993011608,0.078732238223613,0.0128,0.0125,0.0143,0.0145,0.0126,
2023-03-28 17:45:00,2023-03-28,17,-0.9978589232386008,-0.0654031292301823,87,0.9969098917656348,0.0785535976250011,0.00155,0.0016,0.00293,0.00278,0.0019,
2023-03-28 18:00:00,2023-03-28,18,-1.0,5.39773062579718e-15,87,0.9969239522182742,0.0783749545039496,-0.00391,-0.00359,-0.00188,-0.002,-0.00309,
2023-03-28 18:15:00,2023-03-28,18,-0.9978589232386076,0.0654031292300797,87,0.9969379806586278,0.0781963088661953,-0.00292,-0.0025099999999999,-0.00265,-0.00245,-0.00404,
2023-03-28 18:30:00,2023-03-28,18,-0.9914448613738128,0.130526192220033,87,0.9969519770862452,0.0780176607174746,-0.00422,-0.00354,-0.00213,-0.0023,-0.00357,
2023-03-28 18:45:00,2023-03-28,18,-0.9807852804032252,0.1950903220161538,87,0.9969659415006766,0.0778390100635238,-0.00352,-0.00299,-0.00155,-0.00179,-0.00221,
2023-03-28 19:00:00,2023-03-28,19,-0.9659258262890794,0.2588190451024793,87,0.996979873901474,0.0776603569100801,-0.00457,-0.004,-0.00204,-0.0020499999999999,-0.0032,
2023-03-28 19:15:00,2023-03-28,19,-0.946930129495105,0.3214394653031633,87,0.9969937742881898,0.0774817012628794,-0.0038,-0.00317,-0.0016699999999999,-0.00146,-0.00275,
2023-03-28 19:30:00,2023-03-28,19,-0.9238795325113124,0.3826834323650279,87,0.9970076426603776,0.0773030431276595,-0.00328,-0.00271,-0.00139,-0.00147,-0.00222,
2023-03-28 19:45:00,2023-03-28,19,-0.8968727415326981,0.4422886902189814,87,0.9970214790175922,0.0771243825101567,-0.00361,-0.00313,-0.00165,-0.00177,-0.00273,
2023-03-28 20:00:00,2023-03-28,20,-0.8660254037844274,0.5000000000000195,87,0.9970352833593892,0.0769457194161084,-0.00317,-0.00278,-0.00148,-0.0016699999999999,-0.00227,
2023-03-28 20:15:00,2023-03-28,20,-0.831469612302571,0.5555702330195637,87,0.9970490556853254,0.0767670538512513,-0.00321,-0.00275,-0.00164,-0.00172,-0.00242,
2023-03-28 20:30:00,2023-03-28,20,-0.7933533402912362,0.6087614290087194,87,0.9970627959949584,0.0765883858213225,-0.00276,-0.00231,-0.0014299999999999,-0.00139,-0.00183,
2023-03-28 20:45:00,2023-03-28,20,-0.7518398074790239,0.6593458151000159,87,0.9970765042878472,0.0764097153320596,-0.00175,-0.00161,-0.00173,-0.0015,-0.00264,
2023-03-28 21:00:00,2023-03-28,21,-0.7071067811865657,0.7071067811865294,87,0.9970901805635516,0.0762310423891992,-0.0042,-0.00368,-0.00178,-0.0018,-0.00273,
2023-03-28 21:15:00,2023-03-28,21,-0.6593458151000545,0.7518398074789899,87,0.9971038248216324,0.0760523669984796,-0.00261,-0.00218,-0.00137,-0.00115,-0.00195,
2023-03-28 21:30:00,2023-03-28,21,-0.6087614290087602,0.7933533402912049,87,0.9971174370616512,0.0758736891656378,-0.0020299999999999,-0.00164,-0.00141,-0.00102,-0.00213,
2023-03-28 21:45:00,2023-03-28,21,-0.5555702330196064,0.8314696123025425,87,0.9971310172831714,0.0756950088964111,-0.0028,-0.00239,-0.00151,-0.00131,-0.00227,
2023-03-28 22:00:00,2023-03-28,22,-0.5000000000000641,0.8660254037844016,87,0.9971445654857564,0.0755163261965376,-0.00274,-0.0023599999999999,-0.00157,-0.00141,-0.00234,
2023-03-28 22:15:00,2023-03-28,22,-0.4422886902190275,0.8968727415326754,87,0.9971580816689716,0.0753376410717545,-0.00183,-0.00145,-0.00145,-0.00106,-0.00231,
2023-03-28 22:30:00,2023-03-28,22,-0.3826834323650754,0.9238795325112928,87,0.9971715658323828,0.0751589535278,-0.00315,-0.00271,-0.00147,-0.00127,-0.00228,
2023-03-28 22:45:00,2023-03-28,22,-0.3214394653032121,0.9469301294950884,87,0.9971850179755568,0.0749802635704116,-0.00274,-0.00232,-0.00148,-0.00122,-0.00232,
2023-03-28 23:00:00,2023-03-28,23,-0.258819045102529,0.965925826289066,87,0.997198438098062,0.0748015712053273,-0.0028,-0.0023799999999999,-0.0015,-0.00121,-0.00215,
2023-03-28 23:15:00,2023-03-28,23,-0.1950903220162042,0.9807852804032152,87,0.9972118261994672,0.0746228764382855,-0.00495,-0.00436,-0.00145,-0.0014299999999999,-0.00191,
2023-03-28 23:30:00,2023-03-28,23,-0.130526192220084,0.9914448613738062,87,0.9972251822793426,0.0744441792750236,-0.00317,-0.00274,-0.00141,-0.00122,-0.00225,
2023-03-28 23:45:00,2023-03-28,23,-0.065403129230131,0.9978589232386044,87,0.9972385063372594,0.0742654797212805,-0.000988,-0.000635,-0.00145,-0.000925,-0.00213,
2023-03-29 08:15:00,2023-03-29,8,0.831469612302577,-0.5555702330195547,88,0.9976724682467392,0.0681883135328857,0.244,0.486,0.587,0.517,0.576,
2023-03-29 08:30:00,2023-03-29,8,0.7933533402912427,-0.6087614290087108,88,0.9976846712738994,0.0680095339279093,0.35,0.59,0.715,0.639,0.699,
2023-03-29 08:45:00,2023-03-29,8,0.7518398074789561,-0.6593458151000933,88,0.997696842264346,0.0678307521390744,0.387,0.435,0.489,0.443,0.487,
2023-03-29 09:00:00,2023-03-29,9,0.7071067811865733,-0.7071067811865217,88,0.9977089812176886,0.0676519681721221,0.388,0.519,0.596,0.539,0.598,
2023-03-29 09:15:00,2023-03-29,9,0.6593458151000626,-0.7518398074789828,88,0.9977210881335372,0.0674731820327933,0.378,0.374,0.372,0.334,0.382,
2023-03-29 09:30:00,2023-03-29,9,0.6087614290087687,-0.7933533402911983,88,0.997733163011503,0.0672943937268293,0.415,0.797,0.945,0.862,0.937,
2023-03-29 09:45:00,2023-03-29,9,0.5555702330196154,-0.8314696123025365,88,0.9977452058511984,0.0671156032599708,0.433,0.694,0.829,0.767,0.822,
2023-03-29 10:00:00,2023-03-29,10,0.4999999999999749,-0.8660254037844531,88,0.9977572166522364,0.066936810637959,0.385,0.87,1.04,0.964,1.04,
2023-03-29 10:15:00,2023-03-29,10,0.4422886902190371,-0.8968727415326706,88,0.9977691954142318,0.0667580158665353,0.395,0.656,0.788,0.731,0.776,
2023-03-29 10:30:00,2023-03-29,10,0.3826834323650853,-0.9238795325112886,88,0.9977811421367996,0.0665792189514407,0.406,0.551,0.645,0.6,0.641,
2023-03-29 10:45:00,2023-03-29,10,0.3214394653032223,-0.946930129495085,88,0.997793056819556,0.0664004198984167,0.355,0.42,0.486,0.456,0.484,
2023-03-29 11:00:00,2023-03-29,11,0.2588190451025394,-0.9659258262890632,88,0.997804939462119,0.0662216187132051,0.445,0.659,0.778,0.73,0.777,
2023-03-29 11:15:00,2023-03-29,11,0.1950903220161033,-0.9807852804032354,88,0.9978167900641064,0.0660428154015467,0.392,0.428,0.48,0.452,0.481,
2023-03-29 11:30:00,2023-03-29,11,0.1305261922200947,-0.9914448613738048,88,0.9978286086251382,0.0658640099691837,0.361,0.435,0.465,0.439,0.5,
2023-03-29 11:45:00,2023-03-29,11,0.0654031292301417,-0.9978589232386036,88,0.9978403951448346,0.0656852024218573,0.552,0.629,0.712,0.67,0.72,
2023-03-29 12:00:00,2023-03-29,12,6.76165968094852e-14,-1.0,88,0.9978521496228172,0.0655063927653095,0.398,0.879,1.06,1.02,1.06,
2023-03-29 12:15:00,2023-03-29,12,-0.0654031292301202,-0.997858923238605,88,0.9978638720587084,0.0653275810052817,0.41,0.785,0.942,0.902,0.937,
2023-03-29 12:30:00,2023-03-29,12,-0.1305261922200733,-0.9914448613738076,88,0.997875562452132,0.065148767147516,0.329,0.718,0.906,0.881,0.894,
2023-03-29 12:45:00,2023-03-29,12,-0.1950903220160822,-0.9807852804032396,88,0.9978872208027124,0.0649699511977544,0.334,0.477,0.587,0.573,0.581,
2023-03-29 13:00:00,2023-03-29,13,-0.2588190451025186,-0.9659258262890688,88,0.9978988471100756,0.0647911331617386,0.373,0.378,0.388,0.362,0.396,
2023-03-29 13:15:00,2023-03-29,13,-0.3214394653030942,-0.9469301294951286,88,0.9979104413738478,0.064612313045211,0.429,0.772,0.884,0.846,0.892,
2023-03-29 13:30:00,2023-03-29,13,-0.3826834323650654,-0.9238795325112968,88,0.9979220035936568,0.0644334908539132,0.302,0.3,0.317,0.299,0.32,
2023-03-29 13:45:00,2023-03-29,13,-0.4422886902190178,-0.8968727415326802,88,0.9979335337691316,0.0642546665935879,0.268,0.282,0.256,0.232,0.266,
2023-03-29 14:00:00,2023-03-29,14,-0.4999999999999563,-0.8660254037844639,88,0.997945031899902,0.064075840269977,0.328,0.391,0.389,0.367,0.4,
2023-03-29 14:15:00,2023-03-29,14,-0.5555702330195975,-0.8314696123025483,88,0.9979564979855984,0.0638970118888225,0.215,0.212,0.18,0.16,0.191,
2023-03-29 14:30:00,2023-03-29,14,-0.6087614290086615,-0.7933533402912806,88,0.9979679320258528,0.0637181814558676,0.219,0.222,0.216,0.199,0.223,
2023-03-29 14:45:00,2023-03-29,14,-0.6593458151000464,-0.751839807478997,88,0.997979334020298,0.0635393489768541,0.136,0.135,0.128,0.118,0.132,
2023-03-29 15:00:00,2023-03-29,15,-0.7071067811865581,-0.7071067811865369,88,0.997990703968568,0.0633605144575248,0.294,0.502,0.562,0.571,0.567,
2023-03-29 15:15:00,2023-03-29,15,-0.7518398074789419,-0.6593458151001095,88,0.9980020418702974,0.0631816779036223,0.158,0.206,0.226,0.23,0.228,
2023-03-29 15:30:00,2023-03-29,15,-0.7933533402912296,-0.6087614290087279,88,0.9980133477251224,0.0630028393208887,0.23,0.431,0.469,0.492,0.48,
2023-03-29 15:45:00,2023-03-29,15,-0.8314696123025018,-0.5555702330196671,88,0.99802462153268,0.0628239987150674,0.176,0.289,0.306,0.319,0.312,
2023-03-29 16:00:00,2023-03-29,16,-0.8660254037844219,-0.5000000000000289,88,0.998035863292608,0.0626451560919004,0.185,0.248,0.246,0.251,0.251,
2023-03-29 16:15:00,2023-03-29,16,-0.8968727415326934,-0.442288690218991,88,0.9980470730045456,0.0624663114571314,0.144,0.17,0.166,0.17,0.17,
2023-03-29 16:30:00,2023-03-29,16,-0.9238795325112648,-0.3826834323651428,88,0.9980582506681326,0.0622874648165029,0.109,0.166,0.167,0.179,0.172,
2023-03-29 16:45:00,2023-03-29,16,-0.9469301294951016,-0.3214394653031736,88,0.9980693962830102,0.0621086161757575,0.069,0.0693,0.0681,0.068,0.0691,
2023-03-29 17:00:00,2023-03-29,17,-0.9659258262890472,-0.2588190451025995,88,0.9980805098488204,0.0619297655406388,0.0444,0.0471,0.0485,0.0496,0.0495,
2023-03-29 17:15:00,2023-03-29,17,-0.9807852804032232,-0.1950903220161643,88,0.9980915913652066,0.0617509129168895,0.0258,0.0259,0.0261,0.0261999999999999,0.0264,
2023-03-29 17:30:00,2023-03-29,17,-0.9914448613738116,-0.1305261922200437,88,0.9981026408318128,0.061572058310253,0.0107,0.0105,0.0118,0.0116,0.0113,
2023-03-29 17:45:00,2023-03-29,17,-0.9978589232386068,-0.0654031292300904,88,0.9981136582482842,0.0613932017264719,-0.000211,-9.57e-05,0.000672,0.00068,-0.000257,
2023-03-29 18:00:00,2023-03-29,18,-1.0,-1.6163480806835296e-14,88,0.998124643614267,0.0612143431712904,-0.00165,-0.00146,-0.0004,-0.000371,-0.00115,
2023-03-29 18:15:00,2023-03-29,18,-0.997858923238609,0.0654031292300581,88,0.9981355969294085,0.0610354826504514,1.65e-05,-1.06e-05,-0.000255,-0.000103,-0.000814,
2023-03-29 18:30:00,2023-03-29,18,-0.9914448613738156,0.1305261922200116,88,0.9981465181933568,0.0608566201696981,-0.0014,-0.0013,-0.000951,-0.000852,-0.00202,
2023-03-29 18:45:00,2023-03-29,18,-0.9807852804032297,0.1950903220161326,88,0.9981574074057612,0.0606777557347744,-0.0033799999999999,-0.0030099999999999,-0.00147,-0.0014,-0.0024,
2023-03-29 19:00:00,2023-03-29,19,-0.9659258262890555,0.2588190451025683,88,0.9981682645662724,0.0604988893514233,-0.00244,-0.00212,-0.00125,-0.001,-0.00202,
2023-03-29 19:15:00,2023-03-29,19,-0.946930129495112,0.321439465303143,88,0.9981790896745416,0.060320021025389,-0.00244,-0.00202,-0.00103,-0.000688,-0.0016699999999999,
2023-03-29 19:30:00,2023-03-29,19,-0.9238795325113206,0.3826834323650079,88,0.9981898827302212,0.0601411507624145,-0.0026,-0.00221,-0.0011799999999999,-0.000933,-0.00207,
2023-03-29 19:45:00,2023-03-29,19,-0.8968727415327077,0.442288690218962,88,0.9982006437329644,0.0599622785682438,-0.00268,-0.00221,-0.0011799999999999,-0.000948,-0.00211,
2023-03-29 20:00:00,2023-03-29,20,-0.8660254037844382,0.5000000000000009,88,0.9982113726824255,0.059783404448621,-0.00269,-0.00232,-0.00127,-0.00104,-0.00231,
2023-03-29 20:15:00,2023-03-29,20,-0.8314696123025198,0.5555702330196403,88,0.9982220695782608,0.0596045284092895,-0.00266,-0.0022,-0.00127,-0.000917,-0.00217,
2023-03-29 20:30:00,2023-03-29,20,-0.7933533402912493,0.6087614290087022,88,0.9982327344201262,0.0594256504559935,-0.00228,-0.00189,-0.00122,-0.000799,-0.00182,
2023-03-29 20:45:00,2023-03-29,20,-0.7518398074790381,0.6593458150999997,88,0.9982433672076793,0.0592467705944768,-0.00165,-0.00132,-0.00121,-0.000906,-0.0014399999999999,
2023-03-29 21:00:00,2023-03-29,21,-0.707106781186581,0.707106781186514,88,0.9982539679405784,0.0590678888304832,-0.00133,-0.00111,-0.000845,-0.000921,-0.000788,
2023-03-29 21:15:00,2023-03-29,21,-0.6593458151000707,0.7518398074789757,88,0.998264536618484,0.058889005169757,-0.00258,-0.00244,-0.00141,-0.00146,-0.00183,
2023-03-29 21:30:00,2023-03-29,21,-0.6087614290086871,0.7933533402912609,88,0.9982750732410556,0.0587101196180424,-0.00228,-0.00207,-0.00151,-0.00152,-0.00198,
2023-03-29 21:45:00,2023-03-29,21,-0.5555702330196244,0.8314696123025305,88,0.9982855778079558,0.0585312321810838,-0.00219,-0.0019299999999999,-0.0013,-0.00147,-0.00153,
2023-03-29 22:00:00,2023-03-29,22,-0.5000000000000827,0.8660254037843909,88,0.9982960503188466,0.0583523428646252,-0.00141,-0.00121,-0.00106,-0.00125,-0.0012,
2023-03-29 22:15:00,2023-03-29,22,-0.4422886902190468,0.8968727415326658,88,0.9983064907733922,0.0581734516744108,-0.00224,-0.00207,-0.0012,-0.00141,-0.0015,
2023-03-29 22:30:00,2023-03-29,22,-0.3826834323650953,0.9238795325112844,88,0.9983168991712572,0.0579945586161853,-0.0033399999999999,-0.003,-0.00152,-0.00177,-0.00183,
2023-03-29 22:45:00,2023-03-29,22,-0.3214394653031248,0.946930129495118,88,0.9983272755121072,0.0578156636956928,-0.0045899999999999,-0.00409,-0.00175,-0.00177,-0.00225,
2023-03-29 23:00:00,2023-03-29,23,-0.2588190451025499,0.9659258262890604,88,0.998337619795609,0.057636766918678,-0.00327,-0.00298,-0.00175,-0.00185,-0.00285,
2023-03-29 23:15:00,2023-03-29,23,-0.1950903220161139,0.9807852804032332,88,0.9983479320214308,0.0574578682908854,-0.00269,-0.0022,-0.00115,-0.00121,-0.00224,
2023-03-29 23:30:00,2023-03-29,23,-0.1305261922201054,0.9914448613738032,88,0.998358212189241,0.05727896781806,-0.00309,-0.00256,-0.00128,-0.0011799999999999,-0.00179,
2023-03-29 23:45:00,2023-03-29,23,-0.0654031292301525,0.9978589232386028,88,0.9983684602987098,0.0571000655059461,-0.00435,-0.00365,-0.00154,-0.00104,-0.00296,
2023-03-30 08:15:00,2023-03-30,8,0.831469612302589,-0.5555702330195368,89,0.9986978190184992,0.0510163335383174,0.0581,0.567,0.725,0.636,0.705,
2023-03-30 08:30:00,2023-03-30,8,0.7933533402912558,-0.6087614290086937,89,0.9987069448860484,0.0508373704707059,0.0567999999999999,0.606,0.779,0.69,0.757,
2023-03-30 08:45:00,2023-03-30,8,0.7518398074789703,-0.6593458151000771,89,0.9987160386840576,0.0506584057706526,0.0576,0.646,0.827,0.738,0.805,
2023-03-30 09:00:00,2023-03-30,9,0.7071067811865885,-0.7071067811865065,89,0.9987251004122352,0.0504794394439042,0.0607,0.683,0.873,0.786,0.851,
2023-03-30 09:15:00,2023-03-30,9,0.6593458151000788,-0.7518398074789686,89,0.99873413007029,0.050300471496207,0.0756,0.69,0.88,0.798,0.86,
2023-03-30 09:30:00,2023-03-30,9,0.6087614290087858,-0.7933533402911851,89,0.9987431276579324,0.0501215019333088,0.0755,0.746,0.95,0.868,0.929,
2023-03-30 09:45:00,2023-03-30,9,0.5555702330196334,-0.8314696123025245,89,0.9987520931748732,0.0499425307609557,0.0973,0.796,1.01,0.926,0.985,
2023-03-30 10:00:00,2023-03-30,10,0.4999999999999936,-0.8660254037844424,89,0.9987610266208248,0.0497635579848952,0.159,0.772,0.949,0.876,0.938,
2023-03-30 10:15:00,2023-03-30,10,0.4422886902189545,-0.8968727415327113,89,0.9987699279955,0.0495845836108738,0.212,0.881,1.07,0.995,1.06,
2023-03-30 10:30:00,2023-03-30,10,0.3826834323651052,-0.9238795325112804,89,0.9987787972986132,0.049405607644639,0.292,0.846,1.03,0.958,1.01,
2023-03-30 10:45:00,2023-03-30,10,0.3214394653032427,-0.9469301294950782,89,0.9987876345298792,0.0492266300919378,0.42,0.724,0.854,0.796,0.848,
2023-03-30 11:00:00,2023-03-30,11,0.2588190451025602,-0.9659258262890577,89,0.9987964396890148,0.0490476509585167,0.406,0.585,0.689,0.645,0.684,
2023-03-30 11:15:00,2023-03-30,11,0.1950903220161244,-0.9807852804032312,89,0.9988052127757366,0.0488686702501241,0.372,0.748,0.904,0.853,0.896,
2023-03-30 11:30:00,2023-03-30,11,0.1305261922200033,-0.9914448613738168,89,0.9988139537897636,0.0486896879725063,0.36,0.729,0.886,0.838,0.879,
2023-03-30 11:45:00,2023-03-30,11,0.0654031292301633,-0.997858923238602,89,0.9988226627308148,0.0485107041314112,0.303,0.852,1.05,1.0,1.04,
2023-03-30 12:00:00,2023-03-30,12,8.917780824211766e-14,-1.0,89,0.9988313395986104,0.048331718732586,0.352,0.727,0.88,0.84,0.872,
2023-03-30 12:15:00,2023-03-30,12,-0.0654031292300987,-0.9978589232386064,89,0.9988399843928716,0.0481527317817777,0.351,0.515,0.611,0.578,0.608,
2023-03-30 12:30:00,2023-03-30,12,-0.1305261922200519,-0.9914448613738104,89,0.9988485971133216,0.0479737432847344,0.228,0.605,0.806,0.783,0.788,
2023-03-30 12:45:00,2023-03-30,12,-0.1950903220161725,-0.9807852804032215,89,0.998857177759683,0.0477947532472028,0.115,0.814,1.05,1.02,1.03,
2023-03-30 13:00:00,2023-03-30,13,-0.2588190451024978,-0.9659258262890744,89,0.9988657263316808,0.0476157616749314,0.109,0.71,0.903,0.88,0.891,
2023-03-30 13:15:00,2023-03-30,13,-0.3214394653030738,-0.9469301294951354,89,0.99887424282904,0.0474367685736674,0.207,0.634,0.773,0.753,0.77,
2023-03-30 13:30:00,2023-03-30,13,-0.3826834323650455,-0.9238795325113052,89,0.998882727251488,0.0472577739491583,0.17,0.703,0.894,0.878,0.889,
2023-03-30 13:45:00,2023-03-30,13,-0.4422886902189984,-0.8968727415326897,89,0.9988911795987512,0.047078777807152,0.0625,0.715,0.894,0.888,0.895,
2023-03-30 14:00:00,2023-03-30,14,-0.5000000000000361,-0.8660254037844178,89,0.9988995998705592,0.046899780153396,0.0596,0.678,0.833,0.833,0.835,
2023-03-30 14:15:00,2023-03-30,14,-0.5555702330195795,-0.8314696123025603,89,0.9989079880666408,0.0467207809936386,0.0583,0.638,0.773,0.78,0.78,
2023-03-30 14:30:00,2023-03-30,14,-0.6087614290086444,-0.7933533402912937,89,0.9989163441867274,0.0465417803336271,0.0592,0.596,0.714,0.729,0.722,
2023-03-30 14:45:00,2023-03-30,14,-0.6593458151000302,-0.7518398074790112,89,0.9989246682305502,0.0463627781791096,0.0595,0.553,0.659,0.678,0.664,
2023-03-30 15:00:00,2023-03-30,15,-0.7071067811865428,-0.7071067811865522,89,0.998932960197842,0.0461837745358344,0.0598,0.507,0.604,0.625,0.604,
2023-03-30 15:15:00,2023-03-30,15,-0.7518398074790026,-0.6593458151000402,89,0.9989412200883364,0.0460047694095489,0.0699,0.437,0.519,0.534,0.513,
2023-03-30 15:30:00,2023-03-30,15,-0.7933533402912164,-0.6087614290087451,89,0.9989494479017684,0.0458257628060017,0.094,0.408,0.479,0.487,0.465,
2023-03-30 15:45:00,2023-03-30,15,-0.831469612302553,-0.5555702330195905,89,0.998957643637874,0.0456467547309404,0.0902999999999999,0.269,0.316,0.327,0.304,
2023-03-30 16:00:00,2023-03-30,16,-0.8660254037844112,-0.5000000000000475,89,0.9989658072963894,0.0454677451901136,0.0947,0.34,0.382,0.406,0.371,
2023-03-30 16:15:00,2023-03-30,16,-0.8968727415326838,-0.4422886902190103,89,0.9989739388770528,0.0452887341892691,0.0669,0.255,0.277,0.303,0.278,
2023-03-30 16:30:00,2023-03-30,16,-0.9238795325113,-0.3826834323650577,89,0.9989820383796032,0.0451097217341552,0.0567,0.194,0.208,0.233,0.209,
2023-03-30 16:45:00,2023-03-30,16,-0.9469301294950948,-0.321439465303194,89,0.9989901058037804,0.0449307078305205,0.0442,0.141,0.149,0.169,0.149,
2023-03-30 17:00:00,2023-03-30,17,-0.965925826289071,-0.2588190451025106,89,0.9989981411493254,0.0447516924841129,0.032,0.0917,0.0836,0.105,0.0907,
2023-03-30 17:15:00,2023-03-30,17,-0.9807852804032192,-0.1950903220161855,89,0.99900614441598,0.0445726757006812,0.0224,0.052,0.0424,0.0562999999999999,0.048,
2023-03-30 17:30:00,2023-03-30,17,-0.9914448613738086,-0.130526192220065,89,0.9990141156034874,0.0443936574859736,0.00911,0.00928,0.0116,0.0116,0.00931,
2023-03-30 17:45:00,2023-03-30,17,-0.9978589232386056,-0.0654031292301119,89,0.9990220547115916,0.0442146378457383,-0.000794,-0.000582,0.000631,0.000608,-0.00154,
2023-03-30 18:00:00,2023-03-30,18,-1.0,-3.7724692239467775e-14,89,0.9990299617400376,0.0440356167857241,-0.0038,-0.00347,-0.00183,-0.00178,-0.00347,
2023-03-30 18:15:00,2023-03-30,18,-0.997858923238603,0.0654031292301501,89,0.9990378366885716,0.0438565943116795,-0.00366,-0.00324,-0.00175,-0.00161,-0.00282,
2023-03-30 18:30:00,2023-03-30,18,-0.9914448613738184,0.1305261922199902,89,0.9990456795569403,0.0436775704293534,-0.00385,-0.0034,-0.00183,-0.0016799999999999,-0.00324,
2023-03-30 18:45:00,2023-03-30,18,-0.9807852804032338,0.1950903220161115,89,0.9990534903448924,0.0434985451444941,-0.00368,-0.00324,-0.00164,-0.00157,-0.00314,
2023-03-30 19:00:00,2023-03-30,19,-0.9659258262890612,0.2588190451025475,89,0.9990612690521772,0.0433195184628502,-0.0035499999999999,-0.00307,-0.00147,-0.00137,-0.00219,
2023-03-30 19:15:00,2023-03-30,19,-0.9469301294951188,0.3214394653031225,89,0.9990690156785444,0.0431404903901708,-0.00325,-0.00289,-0.0014399999999999,-0.00124,-0.00277,
2023-03-30 19:30:00,2023-03-30,19,-0.9238795325112854,0.382683432365093,89,0.9990767302237454,0.0429614609322042,-0.00313,-0.00261,-0.00151,-0.00123,-0.00269,
2023-03-30 19:45:00,2023-03-30,19,-0.8968727415327172,0.4422886902189427,89,0.9990844126875328,0.0427824300946996,-0.0033799999999999,-0.003,-0.0014399999999999,-0.00135,-0.00196,
2023-03-30 20:00:00,2023-03-30,20,-0.8660254037844489,0.4999999999999822,89,0.9990920630696594,0.0426033978834059,-0.00282,-0.00239,-0.0014,-0.00112,-0.00222,
2023-03-30 20:15:00,2023-03-30,20,-0.8314696123025318,0.5555702330196224,89,0.9990996813698798,0.0424243643040717,-0.00259,-0.0020299999999999,-0.00133,-0.000917,-0.0018,
2023-03-30 20:30:00,2023-03-30,20,-0.7933533402912624,0.6087614290086851,89,0.9991072675879494,0.0422453293624464,-0.00439,-0.00417,-0.00163,-0.00162,-0.00283,
2023-03-30 20:45:00,2023-03-30,20,-0.7518398074789774,0.659345815100069,89,0.9991148217236246,0.0420662930642785,-0.00418,-0.00389,-0.0014399999999999,-0.00156,-0.00214,
2023-03-30 21:00:00,2023-03-30,21,-0.7071067811865962,0.7071067811864988,89,0.9991223437766628,0.0418872554153176,-0.00289,-0.0023799999999999,-0.0013,-0.000925,-0.00212,
2023-03-30 21:15:00,2023-03-30,21,-0.6593458151000869,0.7518398074789615,89,0.9991298337468224,0.0417082164213122,-0.00342,-0.0030099999999999,-0.00157,-0.00138,-0.00256,
2023-03-30 21:30:00,2023-03-30,21,-0.6087614290087042,0.7933533402912478,89,0.999137291633863,0.0415291760880117,-0.00277,-0.00231,-0.00134,-0.001,-0.00207,
2023-03-30 21:45:00,2023-03-30,21,-0.5555702330196423,0.8314696123025185,89,0.999144717437545,0.0413501344211655,-0.00156,-0.00095,-0.0012,-0.000581,-0.00199,
2023-03-30 22:00:00,2023-03-30,22,-0.500000000000003,0.8660254037844369,89,0.99915211115763,0.0411710914265225,-0.00297,-0.0027,-0.00136,-0.00134,-0.0018,
2023-03-30 22:15:00,2023-03-30,22,-0.4422886902190661,0.8968727415326563,89,0.9991594727938804,0.0409920471098322,-0.00302,-0.0026,-0.00154,-0.00131,-0.00214,
2023-03-30 22:30:00,2023-03-30,22,-0.3826834323651152,0.9238795325112762,89,0.9991668023460604,0.0408130014768435,-0.00257,-0.00219,-0.00112,-0.0017,-0.000775,
2023-03-30 22:45:00,2023-03-30,22,-0.3214394653031452,0.9469301294951112,89,0.999174099813934,0.0406339545333063,-0.003,-0.00261,-0.00163,-0.00164,-0.00209,
2023-03-30 23:00:00,2023-03-30,23,-0.2588190451025707,0.9659258262890548,89,0.9991813651972672,0.0404549062849695,-0.0034,-0.0030499999999999,-0.00178,-0.00162,-0.00261,
2023-03-30 23:15:00,2023-03-30,23,-0.195090322016135,0.9807852804032292,89,0.9991885984958264,0.0402758567375827,-0.00359,-0.00321,-0.00218,-0.00199,-0.00359,
2023-03-30 23:30:00,2023-03-30,23,-0.1305261922201267,0.9914448613738004,89,0.9991957997093796,0.0400968058968957,-0.0035499999999999,-0.00316,-0.00175,-0.00162,-0.00272,
2023-03-30 23:45:00,2023-03-30,23,-0.065403129230174,0.9978589232386016,89,0.9992029688376955,0.0399177537686574,-0.00308,-0.00266,-0.00133,-0.00124,-0.00191,
