Time,date,hour,hour_sin,hour_cos,day_of_year,doy_sin,doy_cos,Diffus_kW,Global0_kW,Global45_kW,Global60_kW,Global30_kW,ClearSky0_kW
2023-01-01 00:00:00,2023-01-01,0,0.0,1.0,1,0.0,1.0,-0.00222,-0.00179,-0.000886,-0.000772,-0.00211,
2023-01-01 00:15:00,2023-01-01,0,0.065403129230143,0.9978589232386036,1,0.0001791955936111,0.9999999839444697,-0.0023,-0.0018,-0.000717,-0.000745,-0.00215,
2023-01-01 00:30:00,2023-01-01,0,0.1305261922200515,0.9914448613738104,1,0.000358391181468,0.9999999357778784,-0.00231,-0.00171,-0.000655,-0.000719,-0.00221,
2023-01-01 00:45:00,2023-01-01,0,0.1950903220161282,0.9807852804032304,1,0.0005375867578167,0.9999998555002284,-0.00197,-0.00111,-0.000272,-0.000302,-0.00156,
2023-01-01 01:00:00,2023-01-01,1,0.2588190451025207,0.9659258262890684,1,0.0007167823169028,0.999999743111522,-0.00233,-0.00145,-0.000565,-0.000489,-0.00244,
2023-01-01 01:15:00,2023-01-01,1,0.3214394653031616,0.9469301294951056,1,0.0008959778529723,0.9999995986117628,-0.00249,-0.00156,-0.000614,-0.0006,-0.00244,
2023-01-01 01:30:00,2023-01-01,1,0.3826834323650898,0.9238795325112868,1,0.0010751733602711,0.9999994220009556,-0.00262,-0.00213,-0.000986,-0.000967,-0.00221,
2023-01-01 01:45:00,2023-01-01,1,0.4422886902190012,0.8968727415326884,1,0.0012543688330448,0.999999213279106,-0.00328,-0.00291,-0.00174,-0.00148,-0.00326,
2023-01-01 02:00:00,2023-01-01,2,0.4999999999999999,0.8660254037844387,1,0.0014335642655395,0.9999989724462204,-0.00308,-0.00274,-0.00174,-0.0019199999999999,-0.00328,
2023-01-01 02:15:00,2023-01-01,2,0.5555702330196022,0.8314696123025452,1,0.0016127596520009,0.9999986995023068,-0.00219,-0.00182,-0.00133,-0.00125,-0.00222,
2023-01-01 02:30:00,2023-01-01,2,0.6087614290087207,0.7933533402912352,1,0.0017919549866748,0.999998394447374,-0.00266,-0.00241,-0.0015,-0.00149,-0.00272,
2023-01-01 02:45:00,2023-01-01,2,0.6593458151000688,0.7518398074789774,1,0.0019711502638072,0.9999980572814317,-0.00225,-0.00178,-0.000855,-0.000902,-0.00207,
2023-01-01 03:00:00,2023-01-01,3,0.7071067811865475,0.7071067811865476,1,0.0021503454776438,0.9999976880044908,-0.00219,-0.00138,-0.000469,-0.000501,-0.00174,
2023-01-01 03:15:00,2023-01-01,3,0.7518398074789774,0.6593458151000688,1,0.0023295406224306,0.999997286616563,-0.00281,-0.0020499999999999,-0.000948,-0.000833,-0.00287,
2023-01-01 03:30:00,2023-01-01,3,0.7933533402912352,0.6087614290087207,1,0.0025087356924134,0.9999968531176614,-0.0030099999999999,-0.00247,-0.00146,-0.0012,-0.00293,
2023-01-01 03:45:00,2023-01-01,3,0.8314696123025451,0.5555702330196024,1,0.002687930681838,0.9999963875077996,-0.00292,-0.0025499999999999,-0.00138,-0.00133,-0.0028799999999999,
2023-01-01 04:00:00,2023-01-01,4,0.8660254037844386,0.5000000000000001,1,0.0028671255849502,0.9999958897869932,-0.00237,-0.00159,-0.000814,-0.000776,-0.00214,
2023-01-01 04:15:00,2023-01-01,4,0.8968727415326884,0.4422886902190012,1,0.0030463203959961,0.9999953599552576,-0.0023799999999999,-0.00147,-0.00061,-0.000478,-0.0019399999999999,
2023-01-01 04:30:00,2023-01-01,4,0.9238795325112868,0.3826834323650898,1,0.0032255151092213,0.9999947980126096,-0.00333,-0.00259,-0.00151,-0.0014199999999999,-0.00349,
2023-01-01 04:45:00,2023-01-01,4,0.9469301294951056,0.3214394653031617,1,0.0034047097188719,0.999994203959068,-0.00271,-0.00229,-0.0014,-0.00157,-0.00262,
2023-01-01 05:00:00,2023-01-01,5,0.9659258262890684,0.2588190451025207,1,0.0035839042191936,0.9999935777946516,-0.00258,-0.00229,-0.00132,-0.00125,-0.00237,
2023-01-01 05:15:00,2023-01-01,5,0.9807852804032304,0.1950903220161283,1,0.0037630986044323,0.99999291951938,-0.00213,-0.00196,-0.000889,-0.00102,-0.00189,
2023-01-01 05:30:00,2023-01-01,5,0.9914448613738104,0.1305261922200517,1,0.003942292868834,0.999992229133275,-0.00211,-0.0019299999999999,-0.000989,-0.00113,-0.00222,
2023-01-01 05:45:00,2023-01-01,5,0.9978589232386036,0.0654031292301432,1,0.0041214870066444,0.9999915066363584,-0.0022,-0.0019,-0.000962,-0.00099,-0.00222,
2023-01-01 06:00:00,2023-01-01,6,1.0,6.123233995736766e-17,1,0.0043006810121095,0.9999907520286536,-0.00218,-0.00185,-0.000979,-0.000929,-0.00208,
2023-01-01 06:15:00,2023-01-01,6,0.9978589232386036,-0.0654031292301431,1,0.0044798748794752,0.9999899653101846,-0.00221,-0.00152,-0.000476,-0.000382,-0.0020099999999999,
2023-01-01 06:30:00,2023-01-01,6,0.9914448613738104,-0.1305261922200516,1,0.0046590686029874,0.9999891464809768,-0.00163,-0.00139,-0.000176,-0.000203,-0.00135,
2023-01-01 06:45:00,2023-01-01,6,0.9807852804032304,-0.1950903220161282,1,0.0048382621768919,0.9999882955410566,0.00139,0.00195,0.0037099999999999,0.00358,0.00247,
2023-01-01 07:00:00,2023-01-01,7,0.9659258262890684,-0.2588190451025206,1,0.0050174555954347,0.9999874124904512,0.00828,0.00889,0.0128,0.0126,0.011,
2023-01-01 07:15:00,2023-01-01,7,0.9469301294951056,-0.3214394653031616,1,0.0051966488528617,0.999986497329189,0.0193999999999999,0.0361,0.134,0.136,0.11,
2023-01-01 07:30:00,2023-01-01,7,0.9238795325112868,-0.3826834323650895,1,0.0053758419434187,0.9999855500572992,0.0276,0.0668,0.237,0.239,0.198,
2023-01-01 07:45:00,2023-01-01,7,0.8968727415326884,-0.4422886902190011,1,0.0055550348613518,0.9999845706748124,0.0355,0.0947,0.32,0.318,0.273,
2023-01-01 08:00:00,2023-01-01,8,0.8660254037844387,-0.4999999999999998,1,0.0057342276009068,0.9999835591817604,0.0422,0.13,0.403,0.408,0.348,
2023-01-01 08:15:00,2023-01-01,8,0.8314696123025451,-0.5555702330196023,1,0.0059134201563297,0.9999825155781747,0.0469,0.166,0.491,0.496,0.428,
2023-01-01 08:30:00,2023-01-01,8,0.7933533402912352,-0.6087614290087207,1,0.0060926125218663,0.9999814398640898,0.0502,0.186,0.525,0.531,0.459,
2023-01-01 08:45:00,2023-01-01,8,0.7518398074789774,-0.6593458151000688,1,0.0062718046917628,0.9999803320395398,0.0526,0.233,0.636,0.645,0.558,
2023-01-01 09:00:00,2023-01-01,9,0.7071067811865476,-0.7071067811865475,1,0.0064509966602649,0.9999791921045604,0.0572,0.25,0.637,0.645,0.562,
2023-01-01 09:15:00,2023-01-01,9,0.659345815100069,-0.7518398074789773,1,0.0066301884216186,0.999978020059188,0.0653,0.287,0.699,0.707,0.619,
2023-01-01 09:30:00,2023-01-01,9,0.6087614290087209,-0.793353340291235,1,0.00680937997007,0.9999768159034604,0.0679,0.317,0.75,0.758,0.664,
2023-01-01 09:45:00,2023-01-01,9,0.5555702330196025,-0.831469612302545,1,0.006988571299865,0.9999755796374163,0.0757999999999999,0.352,0.813,0.831,0.726,
2023-01-01 10:00:00,2023-01-01,10,0.4999999999999999,-0.8660254037844387,1,0.0071677624052495,0.9999743112610952,0.09,0.384,0.867,0.886,0.777,
2023-01-01 10:15:00,2023-01-01,10,0.4422886902190017,-0.8968727415326881,1,0.0073469532804696,0.9999730107745382,0.102,0.359,0.791,0.81,0.711,
2023-01-01 10:30:00,2023-01-01,10,0.3826834323650899,-0.9238795325112868,1,0.0075261439197712,0.9999716781777866,0.0972,0.389,0.855,0.881,0.769,
2023-01-01 10:45:00,2023-01-01,10,0.3214394653031617,-0.9469301294951056,1,0.0077053343174004,0.9999703134708836,0.101,0.422,0.918,0.949,0.827,
2023-01-01 11:00:00,2023-01-01,11,0.258819045102521,-0.9659258262890682,1,0.0078845244676031,0.9999689166538728,0.105,0.424,0.914,0.947,0.825,
2023-01-01 11:15:00,2023-01-01,11,0.1950903220161281,-0.9807852804032304,1,0.0080637143646253,0.9999674877267988,0.111,0.453,0.97,1.01,0.876,
2023-01-01 11:30:00,2023-01-01,11,0.130526192220052,-0.9914448613738104,1,0.0082429040027131,0.999966026689708,0.119,0.411,0.859,0.897,0.779,
2023-01-01 11:45:00,2023-01-01,11,0.0654031292301431,-0.9978589232386036,1,0.0084220933761125,0.9999645335426472,0.142,0.434,0.889,0.929,0.807,
2023-01-01 12:00:00,2023-01-01,12,1.2246467991473532e-16,-1.0,1,0.0086012824790696,0.9999630082856642,0.168,0.46,0.928,0.971,0.844,
2023-01-01 12:15:00,2023-01-01,12,-0.0654031292301428,-0.9978589232386036,1,0.0087804713058304,0.999961450918808,0.191,0.373,0.708,0.737,0.649,
2023-01-01 12:30:00,2023-01-01,12,-0.1305261922200517,-0.9914448613738104,1,0.0089596598506409,0.9999598614421285,0.181,0.264,0.464,0.478,0.43,
2023-01-01 12:45:00,2023-01-01,12,-0.1950903220161279,-0.9807852804032304,1,0.0091388481077472,0.9999582398556768,0.161,0.253,0.479,0.5,0.441,
2023-01-01 13:00:00,2023-01-01,13,-0.2588190451025208,-0.9659258262890684,1,0.0093180360713954,0.9999565861595052,0.143,0.274,0.562,0.597,0.512,
2023-01-01 13:15:00,2023-01-01,13,-0.3214394653031615,-0.9469301294951056,1,0.0094972237358316,0.9999549003536669,0.131,0.251,0.528,0.565,0.478,
2023-01-01 13:30:00,2023-01-01,13,-0.3826834323650896,-0.9238795325112868,1,0.0096764110953019,0.9999531824382152,0.107,0.198,0.429,0.462,0.386,
2023-01-01 13:45:00,2023-01-01,13,-0.4422886902190014,-0.8968727415326883,1,0.0098555981440523,0.9999514324132064,0.0916,0.314,0.778,0.855,0.689,
2023-01-01 14:00:00,2023-01-01,14,-0.4999999999999997,-0.8660254037844388,1,0.010034784876329,0.9999496502786956,0.077,0.267,0.69,0.771,0.611,
2023-01-01 14:15:00,2023-01-01,14,-0.555570233019602,-0.8314696123025455,1,0.0102139712863781,0.9999478360347408,0.0779,0.223,0.591,0.672,0.53,
2023-01-01 14:30:00,2023-01-01,14,-0.6087614290087207,-0.7933533402912352,1,0.0103931573684458,0.9999459896814,0.0798,0.167,0.427,0.486,0.379,
2023-01-01 14:45:00,2023-01-01,14,-0.6593458151000688,-0.7518398074789775,1,0.0105723431167782,0.9999441112187326,0.079,0.158,0.427,0.492,0.377,
2023-01-01 15:00:00,2023-01-01,15,-0.7071067811865471,-0.7071067811865479,1,0.0107515285256214,0.9999422006467988,0.0653,0.0978,0.264,0.308,0.232,
2023-01-01 15:15:00,2023-01-01,15,-0.7518398074789773,-0.6593458151000691,1,0.0109307135892216,0.99994025796566,0.0482,0.066,0.181,0.211,0.158,
2023-01-01 15:30:00,2023-01-01,15,-0.7933533402912349,-0.6087614290087209,1,0.011109898301825,0.9999382831753784,0.0355,0.0576,0.216,0.265,0.184,
2023-01-01 15:45:00,2023-01-01,15,-0.8314696123025452,-0.5555702330196022,1,0.0112890826576778,0.9999362762760176,0.0144,0.0162,0.0375,0.0421,0.0319,
2023-01-01 16:00:00,2023-01-01,16,-0.8660254037844384,-0.5000000000000004,1,0.0114682666510262,0.999934237267642,0.00165,0.00224,0.00788,0.00813,0.00539,
2023-01-01 16:15:00,2023-01-01,16,-0.8968727415326883,-0.4422886902190013,1,0.0116474502761163,0.9999321661503172,0.000252,0.000372,0.00361,0.00352,0.00178,
2023-01-01 16:30:00,2023-01-01,16,-0.9238795325112868,-0.3826834323650895,1,0.0118266335271945,0.9999300629241096,-0.00307,-0.0030499999999999,-0.00171,-0.00186,-0.00265,
2023-01-01 16:45:00,2023-01-01,16,-0.9469301294951056,-0.3214394653031618,1,0.0120058163985069,0.9999279275890864,-0.00271,-0.00246,-0.00134,-0.00115,-0.00211,
2023-01-01 17:00:00,2023-01-01,17,-0.9659258262890684,-0.2588190451025206,1,0.0121849988842998,0.9999257601453168,-0.00256,-0.00218,-0.00125,-0.000818,-0.00221,
2023-01-01 17:15:00,2023-01-01,17,-0.9807852804032304,-0.1950903220161286,1,0.0123641809788195,0.99992356059287,-0.00273,-0.00235,-0.00147,-0.0011,-0.0023599999999999,
2023-01-01 17:30:00,2023-01-01,17,-0.9914448613738104,-0.1305261922200516,1,0.0125433626763122,0.9999213289318168,-0.0027,-0.00237,-0.00138,-0.00113,-0.00235,
2023-01-01 17:45:00,2023-01-01,17,-0.9978589232386036,-0.0654031292301427,1,0.0127225439710242,0.9999190651622288,-0.00275,-0.00247,-0.00139,-0.00125,-0.00268,
2023-01-01 18:00:00,2023-01-01,18,-1.0,-1.8369701987210294e-16,1,0.0129017248572018,0.9999167692841784,-0.00263,-0.00237,-0.00134,-0.0013,-0.00256,
2023-01-01 18:15:00,2023-01-01,18,-0.9978589232386036,0.0654031292301423,1,0.0130809053290914,0.99991444129774,-0.00244,-0.0020499999999999,-0.00102,-0.00109,-0.00227,
2023-01-01 18:30:00,2023-01-01,18,-0.9914448613738104,0.1305261922200512,1,0.0132600853809392,0.9999120812029876,-0.00239,-0.0020099999999999,-0.000976,-0.000998,-0.00216,
2023-01-01 18:45:00,2023-01-01,18,-0.9807852804032304,0.1950903220161283,1,0.0134392650069916,0.9999096889999975,-0.0023,-0.0018,-0.00081,-0.000761,-0.0019299999999999,
2023-01-01 19:00:00,2023-01-01,19,-0.9659258262890684,0.2588190451025203,1,0.0136184442014949,0.9999072646888464,-0.00227,-0.00176,-0.000641,-0.00057,-0.00178,
2023-01-01 19:15:00,2023-01-01,19,-0.9469301294951056,0.3214394653031615,1,0.0137976229586956,0.999904808269612,-0.00235,-0.00151,-0.000307,-0.000394,-0.0021,
2023-01-01 19:30:00,2023-01-01,19,-0.923879532511287,0.3826834323650891,1,0.0139768012728399,0.9999023197423734,-0.00254,-0.00152,-0.000265,-0.000436,-0.00226,
2023-01-01 19:45:00,2023-01-01,19,-0.8968727415326885,0.442288690219001,1,0.0141559791381743,0.9998997991072104,-0.00273,-0.00178,-0.000234,-0.000474,-0.0025299999999999,
2023-01-01 20:00:00,2023-01-01,20,-0.8660254037844386,0.5000000000000001,1,0.0143351565489452,0.9998972463642036,-0.0033,-0.0023799999999999,-0.00113,-0.00137,-0.00364,
2023-01-01 20:15:00,2023-01-01,20,-0.8314696123025455,0.5555702330196018,1,0.014514333499399,0.9998946615134358,-0.00275,-0.0020099999999999,-0.0011799999999999,-0.0012,-0.00317,
2023-01-01 20:30:00,2023-01-01,20,-0.7933533402912357,0.6087614290087199,1,0.0146935099837822,0.9998920445549891,-0.002,-0.00166,-0.000651,-0.000795,-0.00198,
2023-01-01 20:45:00,2023-01-01,20,-0.7518398074789772,0.6593458151000691,1,0.0148726859963412,0.9998893954889482,-0.00231,-0.00189,-0.00113,-0.00102,-0.00227,
2023-01-01 21:00:00,2023-01-01,21,-0.7071067811865477,0.7071067811865474,1,0.0150518615313224,0.9998867143153978,-0.00285,-0.00245,-0.00158,-0.00114,-0.00262,
2023-01-01 21:15:00,2023-01-01,21,-0.6593458151000687,0.7518398074789775,1,0.0152310365829724,0.999884001034424,-0.00294,-0.00237,-0.00117,-0.000956,-0.00275,
2023-01-01 21:30:00,2023-01-01,21,-0.6087614290087209,0.7933533402912349,1,0.0154102111455377,0.9998812556461142,-0.00285,-0.00232,-0.00127,-0.00117,-0.00278,
2023-01-01 21:45:00,2023-01-01,21,-0.555570233019603,0.8314696123025448,1,0.0155893852132647,0.9998784781505564,-0.0027,-0.00222,-0.0011,-0.00106,-0.00261,
2023-01-01 22:00:00,2023-01-01,22,-0.5000000000000004,0.8660254037844384,1,0.0157685587804,0.9998756685478396,-0.00261,-0.0020099999999999,-0.000807,-0.0007,-0.00231,
2023-01-01 22:15:00,2023-01-01,22,-0.4422886902190014,0.8968727415326883,1,0.0159477318411902,0.9998728268380542,-0.00241,-0.00191,-0.00092,-0.000894,-0.00225,
2023-01-01 22:30:00,2023-01-01,22,-0.3826834323650895,0.9238795325112868,1,0.0161269043898818,0.9998699530212914,-0.00232,-0.00184,-0.000807,-0.000715,-0.00212,
2023-01-01 22:45:00,2023-01-01,22,-0.3214394653031618,0.9469301294951056,1,0.0163060764207213,0.9998670470976436,-0.00234,-0.00184,-0.000727,-0.000642,-0.00218,
2023-01-01 23:00:00,2023-01-01,23,-0.2588190451025215,0.965925826289068,1,0.0164852479279555,0.999864109067204,-0.0021,-0.0016,-0.000796,-0.000772,-0.00189,
2023-01-01 23:15:00,2023-01-01,23,-0.1950903220161287,0.9807852804032304,1,0.0166644189058308,0.9998611389300672,-0.00244,-0.00178,-0.000448,-0.000306,-0.00217,
2023-01-01 23:30:00,2023-01-01,23,-0.1305261922200516,0.9914448613738104,1,0.016843589348594,0.999858136686328,-0.0023799999999999,-0.00187,-0.000858,-0.000684,-0.00224,
2023-01-01 23:45:00,2023-01-01,23,-0.0654031292301428,0.9978589232386036,1,0.0170227592504917,0.9998551023360834,-0.00259,-0.00191,-0.000517,-0.000321,-0.00224,
2023-01-02 00:00:00,2023-01-02,0,-2.4492935982947064e-16,1.0,2,0.0172019286057705,0.9998520358794304,-0.0020499999999999,-0.0016799999999999,-0.00107,-0.000971,-0.00183,
2023-01-02 00:15:00,2023-01-02,0,0.0654031292301423,0.9978589232386036,2,0.0173810974086771,0.9998489373164678,-0.00246,-0.00185,-0.000724,-0.000489,-0.00217,
2023-01-02 00:30:00,2023-01-02,0,0.1305261922200511,0.9914448613738104,2,0.0175602656534582,0.9998458066472948,-0.00262,-0.0020499999999999,-0.000962,-0.000833,-0.0023599999999999,
2023-01-02 00:45:00,2023-01-02,0,0.1950903220161282,0.9807852804032304,2,0.0177394333343606,0.9998426438720124,-0.00263,-0.00196,-0.000751,-0.000531,-0.00226,
2023-01-02 01:00:00,2023-01-02,1,0.2588190451025211,0.9659258262890682,2,0.0179186004456309,0.9998394489907216,-0.0025099999999999,-0.00208,-0.0012,-0.000948,-0.00233,
2023-01-02 01:15:00,2023-01-02,1,0.3214394653031614,0.9469301294951056,2,0.018097766981516,0.9998362220035252,-0.00252,-0.00206,-0.001,-0.000833,-0.00231,
2023-01-02 01:30:00,2023-01-02,1,0.3826834323650891,0.9238795325112872,2,0.0182769329362626,0.999832962910527,-0.00266,-0.00227,-0.00122,-0.000906,-0.00252,
2023-01-02 01:45:00,2023-01-02,1,0.4422886902190009,0.8968727415326885,2,0.0184560983041174,0.9998296717118316,-0.0025,-0.0020299999999999,-0.00109,-0.00102,-0.00235,
2023-01-02 02:00:00,2023-01-02,2,0.5,0.8660254037844386,2,0.0186352630793274,0.9998263484075444,-0.00241,-0.0019,-0.000931,-0.000917,-0.00227,
2023-01-02 02:15:00,2023-01-02,2,0.5555702330196025,0.831469612302545,2,0.0188144272561393,0.9998229929977724,-0.00231,-0.00173,-0.000776,-0.000654,-0.00207,
2023-01-02 02:30:00,2023-01-02,2,0.6087614290087205,0.7933533402912353,2,0.0189935908288,0.9998196054826232,-0.00234,-0.00172,-0.000762,-0.000745,-0.0020099999999999,
2023-01-02 02:45:00,2023-01-02,2,0.6593458151000684,0.7518398074789778,2,0.0191727537915563,0.9998161858622056,-0.00242,-0.00185,-0.000896,-0.000807,-0.0023,
2023-01-02 03:00:00,2023-01-02,3,0.7071067811865474,0.7071067811865477,2,0.0193519161386551,0.9998127341366294,-0.00249,-0.00197,-0.000931,-0.000925,-0.00263,
2023-01-02 03:15:00,2023-01-02,3,0.7518398074789768,0.6593458151000695,2,0.0195310778643434,0.9998092503060056,-0.00243,-0.00188,-0.000803,-0.000807,-0.00229,
2023-01-02 03:30:00,2023-01-02,3,0.7933533402912355,0.6087614290087203,2,0.0197102389628681,0.999805734370446,-0.0023,-0.00176,-0.000786,-0.000872,-0.0021,
2023-01-02 03:45:00,2023-01-02,3,0.8314696123025452,0.5555702330196023,2,0.0198893994284761,0.9998021863300632,-0.00232,-0.00165,-0.000548,-0.000593,-0.00212,
2023-01-02 04:00:00,2023-01-02,4,0.8660254037844384,0.5000000000000006,2,0.0200685592554143,0.9997986061849716,-0.0022,-0.00151,-0.000469,-0.000336,-0.0019399999999999,
2023-01-02 04:15:00,2023-01-02,4,0.8968727415326883,0.4422886902190014,2,0.0202477184379298,0.999794993935286,-0.00228,-0.00166,-0.000724,-0.000635,-0.00222,
2023-01-02 04:30:00,2023-01-02,4,0.9238795325112864,0.3826834323650904,2,0.0204268769702696,0.999791349581122,-0.0023599999999999,-0.00191,-0.000993,-0.000826,-0.00233,
2023-01-02 04:45:00,2023-01-02,4,0.9469301294951058,0.3214394653031611,2,0.0206060348466807,0.9997876731225972,-0.0025099999999999,-0.00196,-0.000831,-0.000807,-0.0024,
2023-01-02 05:00:00,2023-01-02,5,0.9659258262890684,0.2588190451025207,2,0.0207851920614102,0.9997839645598294,-0.0024,-0.00186,-0.000803,-0.000875,-0.00232,
2023-01-02 05:15:00,2023-01-02,5,0.9807852804032304,0.1950903220161287,2,0.0209643486087051,0.9997802238929376,-0.00249,-0.00196,-0.000962,-0.000917,-0.00257,
2023-01-02 05:30:00,2023-01-02,5,0.9914448613738104,0.1305261922200517,2,0.0211435044828125,0.9997764511220424,-0.00243,-0.00185,-0.000862,-0.000902,-0.0024,
2023-01-02 05:45:00,2023-01-02,5,0.9978589232386036,0.0654031292301437,2,0.0213226596779796,0.999772646247264,-0.00231,-0.00171,-0.000724,-0.000822,-0.00225,
2023-01-02 06:00:00,2023-01-02,6,1.0,1.1943401194869637e-15,2,0.0215018141884534,0.9997688092687256,-0.00225,-0.00171,-0.000817,-0.000856,-0.00217,
2023-01-02 06:15:00,2023-01-02,6,0.9978589232386036,-0.0654031292301431,2,0.0216809680084812,0.9997649401865496,-0.00219,-0.00172,-0.000762,-0.000734,-0.00209,
2023-01-02 06:30:00,2023-01-02,6,0.9914448613738104,-0.1305261922200511,2,0.02186012113231,0.9997610390008608,-0.00151,-0.000954,0.000731,0.000784,-0.000621,
2023-01-02 06:45:00,2023-01-02,6,0.9807852804032308,-0.1950903220161273,2,0.0220392735541872,0.9997571057117842,0.00136,0.00206,0.00479,0.00469,0.00306,
2023-01-02 07:00:00,2023-01-02,7,0.9659258262890684,-0.2588190451025202,2,0.0222184252683599,0.9997531403194462,0.00864,0.0094399999999999,0.0161,0.0157,0.0134,
2023-01-02 07:15:00,2023-01-02,7,0.9469301294951056,-0.3214394653031613,2,0.0223975762690755,0.999749142823974,0.0189,0.035,0.146,0.146,0.118,
2023-01-02 07:30:00,2023-01-02,7,0.9238795325112868,-0.3826834323650899,2,0.0225767265505811,0.9997451132254962,0.0292,0.0664,0.25,0.249,0.207,
2023-01-02 07:45:00,2023-01-02,7,0.896872741532688,-0.4422886902190017,2,0.022755876107124,0.999741051524142,0.035,0.0804,0.26,0.259,0.22,
2023-01-02 08:00:00,2023-01-02,8,0.8660254037844392,-0.4999999999999992,2,0.0229350249329516,0.999736957720042,0.0397,0.0912,0.265,0.266,0.231,
2023-01-02 08:15:00,2023-01-02,8,0.8314696123025456,-0.5555702330196017,2,0.0231141730223112,0.9997328318133274,0.0477999999999999,0.164,0.48,0.484,0.417,
2023-01-02 08:30:00,2023-01-02,8,0.7933533402912353,-0.6087614290087205,2,0.0232933203694502,0.9997286738041308,0.0512,0.19,0.525,0.53,0.46,
2023-01-02 08:45:00,2023-01-02,8,0.7518398074789773,-0.659345815100069,2,0.023472466968616,0.9997244836925858,0.0536,0.229,0.606,0.613,0.533,
2023-01-02 09:00:00,2023-01-02,9,0.7071067811865471,-0.7071067811865479,2,0.023651612814056,0.9997202614788268,0.0552,0.26,0.666,0.675,0.59,
2023-01-02 09:15:00,2023-01-02,9,0.6593458151000695,-0.7518398074789768,2,0.0238307579000175,0.9997160071629896,0.0583,0.297,0.736,0.747,0.651,
2023-01-02 09:30:00,2023-01-02,9,0.608761429008721,-0.7933533402912348,2,0.0240099022207482,0.9997117207452106,0.0636,0.323,0.775,0.785,0.686,
2023-01-02 09:45:00,2023-01-02,9,0.5555702330196023,-0.8314696123025451,2,0.0241890457704954,0.9997074022256276,0.0716,0.347,0.815,0.834,0.727,
2023-01-02 10:00:00,2023-01-02,10,0.4999999999999998,-0.8660254037844388,2,0.0243681885435067,0.9997030516043792,0.0797,0.342,0.778,0.795,0.699,
2023-01-02 10:15:00,2023-01-02,10,0.4422886902190007,-0.8968727415326886,2,0.0245473305340296,0.9996986688816052,0.0795999999999999,0.385,0.863,0.885,0.774,
2023-01-02 10:30:00,2023-01-02,10,0.3826834323650905,-0.9238795325112864,2,0.0247264717363117,0.999694254057446,0.086,0.387,0.854,0.877,0.773,
2023-01-02 10:45:00,2023-01-02,10,0.321439465303162,-0.9469301294951056,2,0.0249056121446005,0.9996898071320436,0.0914,0.393,0.858,0.883,0.773,
2023-01-02 11:00:00,2023-01-02,11,0.2588190451025208,-0.9659258262890684,2,0.0250847517531437,0.999685328105541,0.0879,0.406,0.886,0.916,0.8,
2023-01-02 11:15:00,2023-01-02,11,0.1950903220161297,-0.9807852804032302,2,0.0252638905561889,0.9996808169780818,0.0855,0.396,0.858,0.89,0.774,
2023-01-02 11:30:00,2023-01-02,11,0.1305261922200509,-0.9914448613738104,2,0.0254430285479838,0.9996762737498108,0.0757,0.437,0.954,0.994,0.862,
2023-01-02 11:45:00,2023-01-02,11,0.0654031292301438,-0.9978589232386036,2,0.025622165722776,0.999671698420874,0.0733,0.418,0.911,0.955,0.825,
2023-01-02 12:00:00,2023-01-02,12,3.673940397442059e-16,-1.0,2,0.0258013020748133,0.9996670909914182,0.0665999999999999,0.414,0.906,0.954,0.821,
2023-01-02 12:15:00,2023-01-02,12,-0.065403129230143,-0.9978589232386036,2,0.0259804375983434,0.9996624514615914,0.0561,0.411,0.91,0.963,0.822,
2023-01-02 12:30:00,2023-01-02,12,-0.1305261922200501,-0.9914448613738106,2,0.0261595722876141,0.9996577798315428,0.0527,0.392,0.877,0.932,0.793,
2023-01-02 12:45:00,2023-01-02,12,-0.195090322016129,-0.9807852804032304,2,0.0263387061368732,0.999653076101422,0.0513,0.379,0.868,0.929,0.781,
2023-01-02 13:00:00,2023-01-02,13,-0.2588190451025201,-0.9659258262890684,2,0.0265178391403685,0.9996483402713804,0.0491,0.362,0.853,0.922,0.765,
2023-01-02 13:15:00,2023-01-02,13,-0.3214394653031613,-0.9469301294951058,2,0.0266969712923478,0.99964357234157,0.0471,0.339,0.817,0.889,0.73,
2023-01-02 13:30:00,2023-01-02,13,-0.3826834323650898,-0.9238795325112868,2,0.0268761025870591,0.9996387723121436,0.0458,0.311,0.768,0.835,0.682,
2023-01-02 13:45:00,2023-01-02,13,-0.4422886902190001,-0.8968727415326889,2,0.0270552330187501,0.9996339401832558,0.0456,0.287,0.724,0.794,0.641,
2023-01-02 14:00:00,2023-01-02,14,-0.4999999999999991,-0.8660254037844392,2,0.027234362581669,0.9996290759550616,0.0438,0.255,0.676,0.752,0.597,
2023-01-02 14:15:00,2023-01-02,14,-0.5555702330196017,-0.8314696123025456,2,0.0274134912700636,0.999624179627717,0.0423,0.227,0.644,0.735,0.572,
2023-01-02 14:30:00,2023-01-02,14,-0.6087614290087204,-0.7933533402912353,2,0.0275926190781818,0.9996192512013794,0.0395,0.192,0.577,0.664,0.506,
2023-01-02 14:45:00,2023-01-02,14,-0.659345815100069,-0.7518398074789773,2,0.0277717460002718,0.999614290676207,0.0365,0.158,0.51,0.595,0.442,
2023-01-02 15:00:00,2023-01-02,15,-0.7071067811865466,-0.7071067811865485,2,0.0279508720305816,0.9996092980523592,0.0306,0.12,0.43,0.512,0.37,
2023-01-02 15:15:00,2023-01-02,15,-0.7518398074789768,-0.6593458151000695,2,0.0281299971633592,0.999604273329996,0.0238,0.0831,0.33,0.4,0.282,
2023-01-02 15:30:00,2023-01-02,15,-0.7933533402912348,-0.6087614290087211,2,0.0283091213928528,0.9995992165092792,0.0163,0.0493,0.235,0.292,0.198,
2023-01-02 15:45:00,2023-01-02,15,-0.8314696123025451,-0.5555702330196024,2,0.0284882447133104,0.9995941275903708,0.0052,0.00811,0.0355,0.0422,0.0283999999999999,
2023-01-02 16:00:00,2023-01-02,16,-0.8660254037844387,-0.4999999999999998,2,0.0286673671189803,0.9995890065734344,0.00038,0.000745,0.00452,0.00463,0.00207,
2023-01-02 16:15:00,2023-01-02,16,-0.8968727415326878,-0.4422886902190023,2,0.0288464886041105,0.9995838534586344,-0.00295,-0.0026,-0.00133,-0.00177,-0.00365,
2023-01-02 16:30:00,2023-01-02,16,-0.9238795325112864,-0.3826834323650905,2,0.0290256091629495,0.9995786682461364,-0.0042699999999999,-0.00407,-0.00219,-0.00261,-0.0040199999999999,
2023-01-02 16:45:00,2023-01-02,16,-0.9469301294951056,-0.321439465303162,2,0.0292047287897453,0.9995734509361068,-0.0037,-0.00313,-0.00182,-0.00214,-0.00352,
2023-01-02 17:00:00,2023-01-02,17,-0.9659258262890678,-0.2588190451025225,2,0.0293838474787463,0.999568201528713,-0.00331,-0.00282,-0.000814,-0.0013,-0.00276,
2023-01-02 17:15:00,2023-01-02,17,-0.98078528040323,-0.1950903220161297,2,0.0295629652242008,0.9995629200241236,-0.00318,-0.00279,-0.00154,-0.00127,-0.00269,
2023-01-02 17:30:00,2023-01-02,17,-0.9914448613738104,-0.130526192220051,2,0.0297420820203571,0.9995576064225083,-0.0031,-0.00252,-0.00145,-0.00112,-0.00304,
2023-01-02 17:45:00,2023-01-02,17,-0.9978589232386036,-0.065403129230142,2,0.0299211978614636,0.999552260724038,-0.00293,-0.00244,-0.00121,-0.00123,-0.00283,
2023-01-02 18:00:00,2023-01-02,18,-1.0,-4.286263797015736e-16,2,0.0301003127417686,0.9995468829288838,-0.00309,-0.00268,-0.00152,-0.00124,-0.0025099999999999,
2023-01-02 18:15:00,2023-01-02,18,-0.9978589232386036,0.065403129230143,2,0.0302794266555207,0.9995414730372186,-0.00271,-0.00174,-0.000958,-0.000872,-0.00242,
2023-01-02 18:30:00,2023-01-02,18,-0.9914448613738104,0.1305261922200519,2,0.0304585395969683,0.9995360310492164,-0.0028399999999999,-0.00227,-0.00122,-0.00109,-0.00254,
2023-01-02 18:45:00,2023-01-02,18,-0.9807852804032308,0.1950903220161272,2,0.0306376515603599,0.9995305569650514,-0.0030299999999999,-0.00262,-0.00124,-0.00114,-0.00269,
2023-01-02 19:00:00,2023-01-02,19,-0.9659258262890684,0.2588190451025201,2,0.0308167625399439,0.9995250507848998,-0.00256,-0.0019199999999999,-0.000855,-0.000753,-0.00227,
2023-01-02 19:15:00,2023-01-02,19,-0.9469301294951058,0.3214394653031612,2,0.030995872529969,0.9995195125089384,-0.00243,-0.00179,-0.000951,-0.000482,-0.0019399999999999,
2023-01-02 19:30:00,2023-01-02,19,-0.9238795325112874,0.3826834323650881,2,0.0311749815246838,0.9995139421373448,-0.00262,-0.00213,-0.00131,-0.000684,-0.00212,
2023-01-02 19:45:00,2023-01-02,19,-0.8968727415326889,0.442288690219,2,0.0313540895183368,0.9995083396702982,-0.00309,-0.00277,-0.00152,-0.00117,-0.00259,
2023-01-02 20:00:00,2023-01-02,20,-0.8660254037844392,0.4999999999999991,2,0.0315331965051768,0.999502705107978,-0.0023799999999999,-0.00186,-0.00112,-0.000539,-0.0018,
2023-01-02 20:15:00,2023-01-02,20,-0.8314696123025446,0.5555702330196032,2,0.0317123024794523,0.9994970384505656,-0.00267,-0.00235,-0.00163,-0.00107,-0.00234,
2023-01-02 20:30:00,2023-01-02,20,-0.7933533402912354,0.6087614290087204,2,0.0318914074354122,0.999491339698243,-0.00283,-0.00248,-0.00102,-0.00114,-0.00262,
2023-01-02 20:45:00,2023-01-02,20,-0.7518398074789774,0.659345815100069,2,0.0320705113673051,0.9994856088511928,-0.0025,-0.0020499999999999,-0.00103,-0.00113,-0.00219,
2023-01-02 21:00:00,2023-01-02,21,-0.7071067811865472,0.7071067811865478,2,0.0322496142693799,0.9994798459095992,-0.00237,-0.0019199999999999,-0.00103,-0.00104,-0.00228,
2023-01-02 21:15:00,2023-01-02,21,-0.6593458151000696,0.7518398074789767,2,0.0324287161358854,0.9994740508736474,-0.0023799999999999,-0.0019299999999999,-0.000845,-0.00094,-0.0020099999999999,
2023-01-02 21:30:00,2023-01-02,21,-0.6087614290087211,0.7933533402912348,2,0.0326078169610704,0.9994682237435232,-0.00229,-0.0016,-0.000527,-0.000558,-0.00166,
2023-01-02 21:45:00,2023-01-02,21,-0.5555702330196024,0.8314696123025451,2,0.0327869167391837,0.999462364519414,-0.0025299999999999,-0.00171,-0.000469,-0.000635,-0.0022,
2023-01-02 22:00:00,2023-01-02,22,-0.5000000000000014,0.8660254037844378,2,0.0329660154644744,0.9994564732015075,-0.0023799999999999,-0.00178,-0.000724,-0.0006,-0.00232,
2023-01-02 22:15:00,2023-01-02,22,-0.4422886902190024,0.8968727415326877,2,0.0331451131311914,0.9994505497899936,-0.00294,-0.00245,-0.00146,-0.00136,-0.00293,
2023-01-02 22:30:00,2023-01-02,22,-0.3826834323650906,0.9238795325112864,2,0.0333242097335836,0.999444594285062,-0.00244,-0.00204,-0.00104,-0.00111,-0.00221,
2023-01-02 22:45:00,2023-01-02,22,-0.3214394653031604,0.946930129495106,2,0.0335033052659001,0.999438606686904,-0.00256,-0.0020499999999999,-0.00106,-0.000998,-0.00246,
2023-01-02 23:00:00,2023-01-02,23,-0.2588190451025209,0.9659258262890682,2,0.0336823997223898,0.9994325869957118,-0.00235,-0.0019299999999999,-0.000965,-0.000929,-0.00222,
2023-01-02 23:15:00,2023-01-02,23,-0.195090322016128,0.9807852804032304,2,0.033861493097302,0.999426535211679,-0.00213,-0.00166,-0.000631,-0.000554,-0.00187,
2023-01-02 23:30:00,2023-01-02,23,-0.130526192220051,0.9914448613738104,2,0.0340405853848858,0.9994204513349996,-0.00221,-0.00181,-0.00105,-0.000979,-0.00187,
2023-01-02 23:45:00,2023-01-02,23,-0.0654031292301439,0.9978589232386036,2,0.0342196765793902,0.9994143353658692,-0.00226,-0.00153,-0.00029,-0.000241,-0.00186,
2023-01-03 00:00:00,2023-01-03,0,-4.898587196589413e-16,1.0,3,0.0343987666750645,0.999408187304484,-0.0022299999999999,-0.00154,-0.0004,-0.000394,-0.00171,
2023-01-03 00:15:00,2023-01-03,0,0.0654031292301429,0.9978589232386036,3,0.0345778556661579,0.9994020071510414,-0.00227,-0.00172,-0.000731,-0.000657,-0.00198,
2023-01-03 00:30:00,2023-01-03,0,0.13052619222005,0.9914448613738106,3,0.0347569435469196,0.9993957949057402,-0.00219,-0.00189,-0.00137,-0.00115,-0.00204,
2023-01-03 00:45:00,2023-01-03,0,0.1950903220161271,0.9807852804032308,3,0.034936030311599,0.9993895505687794,-0.00222,-0.00175,-0.000979,-0.000879,-0.00195,
2023-01-03 01:00:00,2023-01-03,1,0.25881904510252,0.9659258262890684,3,0.0351151159544455,0.99938327414036,-0.00222,-0.00154,-0.000445,-0.000317,-0.00181,
2023-01-03 01:15:00,2023-01-03,1,0.3214394653031595,0.9469301294951064,3,0.0352942004697083,0.9993769656206832,-0.0025299999999999,-0.00206,-0.00103,-0.000849,-0.0022,
2023-01-03 01:30:00,2023-01-03,1,0.3826834323650897,0.9238795325112868,3,0.0354732838516368,0.9993706250099516,-0.00242,-0.00183,-0.000758,-0.000593,-0.0020299999999999,
2023-01-03 01:45:00,2023-01-03,1,0.4422886902190016,0.8968727415326881,3,0.0356523660944806,0.9993642523083688,-0.00249,-0.00197,-0.000931,-0.00091,-0.00207,
2023-01-03 02:00:00,2023-01-03,2,0.5000000000000006,0.8660254037844383,3,0.0358314471924891,0.9993578475161397,-0.0025,-0.00191,-0.000765,-0.000864,-0.00228,
2023-01-03 02:15:00,2023-01-03,2,0.5555702330196016,0.8314696123025457,3,0.0360105271399118,0.9993514106334696,-0.00252,-0.00176,-0.000358,-0.000474,-0.0020099999999999,
2023-01-03 02:30:00,2023-01-03,2,0.6087614290087203,0.7933533402912354,3,0.0361896059309983,0.9993449416605656,-0.00275,-0.0021,-0.000955,-0.000845,-0.00248,
2023-01-03 02:45:00,2023-01-03,2,0.6593458151000688,0.7518398074789774,3,0.0363686835599981,0.9993384405976348,-0.00265,-0.00188,-0.000869,-0.000654,-0.00234,
2023-01-03 03:00:00,2023-01-03,3,0.7071067811865466,0.7071067811865486,3,0.0365477600211609,0.9993319074448868,-0.00297,-0.00242,-0.0014399999999999,-0.00113,-0.0030299999999999,
2023-01-03 03:15:00,2023-01-03,3,0.7518398074789767,0.6593458151000696,3,0.0367268353087363,0.9993253422025308,-0.0028799999999999,-0.00228,-0.00104,-0.00102,-0.00269,
2023-01-03 03:30:00,2023-01-03,3,0.7933533402912347,0.6087614290087212,3,0.0369059094169741,0.9993187448707777,-0.00252,-0.00189,-0.000772,-0.000738,-0.00209,
2023-01-03 03:45:00,2023-01-03,3,0.8314696123025441,0.555570233019604,3,0.037084982340124,0.9993121154498392,-0.00289,-0.00209,-0.00133,-0.00141,-0.00326,
2023-01-03 04:00:00,2023-01-03,4,0.8660254037844387,0.4999999999999999,3,0.0372640540724357,0.9993054539399284,-0.00278,-0.0019399999999999,-0.000803,-0.000914,-0.00271,
2023-01-03 04:15:00,2023-01-03,4,0.8968727415326885,0.4422886902190009,3,0.0374431246081592,0.9992987603412594,-0.00215,-0.000823,0.000107,0.000107,-0.00152,
2023-01-03 04:30:00,2023-01-03,4,0.9238795325112872,0.382683432365089,3,0.0376221939415442,0.9992920346540468,-0.00358,-0.00265,-0.00153,-0.00151,-0.00405,
2023-01-03 04:45:00,2023-01-03,4,0.9469301294951056,0.3214394653031621,3,0.0378012620668406,0.9992852768785068,-0.00254,-0.0019399999999999,-0.000845,-0.000795,-0.0026,
2023-01-03 05:00:00,2023-01-03,5,0.9659258262890682,0.258819045102521,3,0.0379803289782984,0.9992784870148562,-0.00229,-0.00141,-0.000262,-0.000325,-0.0022,
2023-01-03 05:15:00,2023-01-03,5,0.9807852804032304,0.1950903220161281,3,0.0381593946701675,0.9992716650633132,-0.00257,-0.00185,-0.00127,-0.00106,-0.0028599999999999,
2023-01-03 05:30:00,2023-01-03,5,0.9914448613738104,0.1305261922200528,3,0.0383384591366979,0.9992648110240968,-0.00264,-0.00218,-0.0014199999999999,-0.00129,-0.00302,
2023-01-03 05:45:00,2023-01-03,5,0.9978589232386036,0.0654031292301439,3,0.0385175223721398,0.9992579248974268,-0.0023799999999999,-0.00198,-0.00128,-0.00117,-0.00271,
2023-01-03 06:00:00,2023-01-03,6,1.0,5.51091059616309e-16,3,0.0386965843707432,0.999251006683525,-0.00206,-0.00154,-0.000789,-0.000593,-0.00202,
2023-01-03 06:15:00,2023-01-03,6,0.9978589232386036,-0.0654031292301411,3,0.0388756451267581,0.9992440563826128,-0.00184,-0.00146,-0.0009,-0.000818,-0.0019299999999999,
2023-01-03 06:30:00,2023-01-03,6,0.9914448613738106,-0.13052619222005,3,0.0390547046344349,0.999237073994914,-0.000629,-0.000422,0.000317,0.000271,-0.000763,
2023-01-03 06:45:00,2023-01-03,6,0.9807852804032304,-0.1950903220161288,3,0.0392337628880237,0.9992300595206522,0.00379,0.00399,0.00587,0.00546,0.0047,
2023-01-03 07:00:00,2023-01-03,7,0.965925826289068,-0.2588190451025216,3,0.0394128198817747,0.9992230129600532,0.0074199999999999,0.0074199999999999,0.0096999999999999,0.00917,0.00888,
2023-01-03 07:15:00,2023-01-03,7,0.9469301294951058,-0.3214394653031611,3,0.0395918756099382,0.9992159343133432,0.0243,0.0251,0.0362,0.0348,0.033,
2023-01-03 07:30:00,2023-01-03,7,0.9238795325112868,-0.3826834323650896,3,0.0397709300667646,0.999208823580749,0.0436,0.0453999999999999,0.0676,0.0643,0.0636,
2023-01-03 07:45:00,2023-01-03,7,0.8968727415326881,-0.4422886902190015,3,0.0399499832465042,0.9992016807624996,0.0953,0.109,0.201,0.193,0.185,
2023-01-03 08:00:00,2023-01-03,8,0.8660254037844393,-0.499999999999999,3,0.0401290351434075,0.999194505858824,0.0368999999999999,0.0373999999999999,0.0504,0.048,0.0484,
2023-01-03 08:15:00,2023-01-03,8,0.8314696123025457,-0.5555702330196015,3,0.0403080857517249,0.9991872988699524,0.0859,0.148,0.339,0.337,0.302,
2023-01-03 08:30:00,2023-01-03,8,0.7933533402912354,-0.6087614290087203,3,0.0404871350657069,0.9991800597961168,0.0831,0.189,0.477,0.479,0.423,
2023-01-03 08:45:00,2023-01-03,8,0.7518398074789786,-0.6593458151000675,3,0.040666183079604,0.999172788637549,0.111,0.192,0.418,0.421,0.377,
2023-01-03 09:00:00,2023-01-03,9,0.7071067811865486,-0.7071067811865465,3,0.0408452297876669,0.9991654853944828,0.141,0.144,0.219,0.214,0.207,
2023-01-03 09:15:00,2023-01-03,9,0.6593458151000697,-0.7518398074789767,3,0.0410242751841461,0.999158150067153,0.147,0.367,0.831,0.841,0.745,
2023-01-03 09:30:00,2023-01-03,9,0.6087614290087198,-0.7933533402912358,3,0.0412033192632922,0.9991507826557948,0.114,0.215,0.469,0.475,0.421,
2023-01-03 09:45:00,2023-01-03,9,0.5555702330196025,-0.831469612302545,3,0.0413823620193561,0.9991433831606448,0.131,0.301,0.641,0.652,0.58,
2023-01-03 10:00:00,2023-01-03,10,0.5,-0.8660254037844386,3,0.0415614034465884,0.9991359515819406,0.0970999999999999,0.293,0.652,0.667,0.586,
2023-01-03 10:15:00,2023-01-03,10,0.4422886902190009,-0.8968727415326885,3,0.04174044353924,0.9991284879199208,0.104,0.368,0.819,0.841,0.736,
2023-01-03 10:30:00,2023-01-03,10,0.3826834323650907,-0.9238795325112864,3,0.0419194822915616,0.9991209921748254,0.0867,0.38,0.848,0.875,0.763,
2023-01-03 10:45:00,2023-01-03,10,0.3214394653031622,-0.9469301294951056,3,0.0420985196978042,0.9991134643468946,0.109,0.39,0.837,0.863,0.756,
2023-01-03 11:00:00,2023-01-03,11,0.2588190451025211,-0.9659258262890682,3,0.0422775557522186,0.9991059044363706,0.139,0.468,0.965,0.995,0.877,
2023-01-03 11:15:00,2023-01-03,11,0.1950903220161299,-0.98078528040323,3,0.0424565904490559,0.9990983124434958,0.151,0.409,0.819,0.848,0.746,
2023-01-03 11:30:00,2023-01-03,11,0.1305261922200529,-0.9914448613738104,3,0.042635623782567,0.999090688368514,0.166,0.275,0.498,0.511,0.458,
2023-01-03 11:45:00,2023-01-03,11,0.065403129230144,-0.9978589232386036,3,0.042814655747003,0.9990830322116704,0.157,0.254,0.453,0.466,0.419,
2023-01-03 12:00:00,2023-01-03,12,2.388680238973927e-15,-1.0,3,0.0429936863366149,0.9990753439732104,0.167,0.197,0.312,0.316,0.294,
2023-01-03 12:15:00,2023-01-03,12,-0.0654031292301428,-0.9978589232386036,3,0.043172715545654,0.9990676236533812,0.168,0.254,0.448,0.462,0.416,
2023-01-03 12:30:00,2023-01-03,12,-0.1305261922200517,-0.9914448613738104,3,0.0433517433683714,0.9990598712524305,0.165,0.268,0.483,0.502,0.447,
2023-01-03 12:45:00,2023-01-03,12,-0.1950903220161287,-0.9807852804032304,3,0.0435307697990183,0.9990520867706072,0.154,0.373,0.769,0.818,0.7,
2023-01-03 13:00:00,2023-01-03,13,-0.2588190451025198,-0.9659258262890684,3,0.043709794831846,0.9990442702081614,0.173,0.436,0.898,0.959,0.816,
2023-01-03 13:15:00,2023-01-03,13,-0.321439465303161,-0.9469301294951058,3,0.0438888184611057,0.9990364215653442,0.169,0.266,0.482,0.507,0.443,
2023-01-03 13:30:00,2023-01-03,13,-0.3826834323650879,-0.9238795325112876,3,0.044067840681049,0.9990285408424074,0.159,0.232,0.42,0.442,0.386,
2023-01-03 13:45:00,2023-01-03,13,-0.4422886902190014,-0.8968727415326883,3,0.0442468614859272,0.9990206280396042,0.132,0.188,0.353,0.376,0.323,
2023-01-03 14:00:00,2023-01-03,14,-0.4999999999999989,-0.8660254037844393,3,0.0444258808699916,0.9990126831571886,0.113,0.285,0.688,0.764,0.615,
2023-01-03 14:15:00,2023-01-03,14,-0.5555702330196001,-0.8314696123025467,3,0.0446048988274939,0.9990047061954158,0.107,0.228,0.535,0.601,0.482,
2023-01-03 14:30:00,2023-01-03,14,-0.6087614290087202,-0.7933533402912355,3,0.0447839153526856,0.998996697154542,0.118,0.246,0.586,0.664,0.524,
2023-01-03 14:45:00,2023-01-03,14,-0.6593458151000701,-0.7518398074789763,3,0.0449629304398183,0.998988656034824,0.0808,0.181,0.478,0.551,0.421,
2023-01-03 15:00:00,2023-01-03,15,-0.7071067811865477,-0.7071067811865474,3,0.0451419440831435,0.9989805828365206,0.0486,0.119,0.37,0.435,0.322,
2023-01-03 15:15:00,2023-01-03,15,-0.7518398074789766,-0.6593458151000697,3,0.045320956276913,0.9989724775598906,0.0319,0.05,0.14,0.163,0.121,
2023-01-03 15:30:00,2023-01-03,15,-0.7933533402912357,-0.6087614290087199,3,0.0454999670153785,0.9989643402051944,0.0248,0.0448,0.154,0.185,0.132,
2023-01-03 15:45:00,2023-01-03,15,-0.831469612302545,-0.5555702330196026,3,0.0456789762927918,0.9989561707726934,0.0106,0.0107,0.0176,0.0182,0.0150999999999999,
2023-01-03 16:00:00,2023-01-03,16,-0.8660254037844377,-0.5000000000000016,3,0.0458579841034047,0.9989479692626496,0.00216,0.00248,0.00494,0.00466,0.00317,
2023-01-03 16:15:00,2023-01-03,16,-0.8968727415326885,-0.442288690219001,3,0.0460369904414691,0.9989397356753268,-0.00191,-0.00148,8.27e-05,-0.000195,-0.0016,
2023-01-03 16:30:00,2023-01-03,16,-0.9238795325112864,-0.3826834323650908,3,0.0462159953012369,0.9989314700109894,-0.00266,-0.00227,-0.00115,-0.00127,-0.00254,
2023-01-03 16:45:00,2023-01-03,16,-0.9469301294951048,-0.321439465303164,3,0.04639499867696,0.9989231722699022,-0.00202,-0.00173,-0.000848,-0.00101,-0.0020299999999999,
2023-01-03 17:00:00,2023-01-03,17,-0.9659258262890682,-0.2588190451025211,3,0.0465740005628905,0.9989148424523324,3.31e-05,0.000461,0.000545,0.000627,0.000544,
2023-01-03 17:15:00,2023-01-03,17,-0.98078528040323,-0.19509032201613,3,0.0467530009532804,0.9989064805585468,-0.00163,-0.00113,-0.000231,-0.000229,-0.00141,
2023-01-03 17:30:00,2023-01-03,17,-0.9914448613738104,-0.1305261922200512,3,0.0469319998423819,0.9988980865888144,-0.00242,-0.002,-0.00107,-0.000979,-0.0023599999999999,
2023-01-03 17:45:00,2023-01-03,17,-0.9978589232386036,-0.0654031292301441,3,0.047110997224447,0.9988896605434048,-0.00252,-0.0022,-0.0013,-0.00122,-0.00243,
2023-01-03 18:00:00,2023-01-03,18,-1.0,1.1028010998692062e-15,3,0.0472899930937281,0.998881202422588,-0.00221,-0.0019,-0.000982,-0.00103,-0.00207,
2023-01-03 18:15:00,2023-01-03,18,-0.9978589232386036,0.0654031292301427,3,0.0474689874444772,0.998872712226636,-0.00199,-0.0016799999999999,-0.0011,-0.000799,-0.00182,
2023-01-03 18:30:00,2023-01-03,18,-0.9914448613738106,0.1305261922200498,3,0.0476479802709469,0.9988641899558216,-0.0019,-0.00156,-0.000872,-0.000841,-0.0014399999999999,
2023-01-03 18:45:00,2023-01-03,18,-0.9807852804032304,0.1950903220161287,3,0.0478269715673893,0.998855635610418,-0.00234,-0.00197,-0.00115,-0.000833,-0.0020499999999999,
2023-01-03 19:00:00,2023-01-03,19,-0.9659258262890684,0.2588190451025198,3,0.0480059613280569,0.9988470491907002,-0.0023799999999999,-0.00198,-0.000862,-0.00099,-0.00224,
2023-01-03 19:15:00,2023-01-03,19,-0.9469301294951064,0.3214394653031593,3,0.0481849495472022,0.998838430696944,-0.00229,-0.00188,-0.000855,-0.000784,-0.00202,
2023-01-03 19:30:00,2023-01-03,19,-0.9238795325112868,0.3826834323650895,3,0.0483639362190776,0.9988297801294258,-0.00213,-0.00183,-0.000786,-0.000738,-0.00196,
2023-01-03 19:45:00,2023-01-03,19,-0.896872741532689,0.4422886902189998,3,0.0485429213379357,0.9988210974884236,-0.00197,-0.0016,-0.000769,-0.000738,-0.00178,
2023-01-03 20:00:00,2023-01-03,20,-0.8660254037844384,0.5000000000000004,3,0.0487219048980291,0.9988123827742162,-0.00163,-0.00106,0.000148,0.000161,-0.0011899999999999,
2023-01-03 20:15:00,2023-01-03,20,-0.8314696123025458,0.5555702330196015,3,0.0489008868936104,0.9988036359870834,-0.00125,-0.000624,0.000631,0.000635,-0.000977,
2023-01-03 20:30:00,2023-01-03,20,-0.7933533402912344,0.6087614290087217,3,0.0490798673189324,0.9987948571273062,-0.00137,-0.000727,0.000152,0.000126,-0.00132,
2023-01-03 20:45:00,2023-01-03,20,-0.7518398074789775,0.6593458151000687,3,0.0492588461682477,0.9987860461951664,-0.00161,-0.000872,0.00031,0.000577,-0.00132,
2023-01-03 21:00:00,2023-01-03,21,-0.7071067811865487,0.7071067811865464,3,0.0494378234358093,0.9987772031909468,-0.000856,-0.000511,-3.79e-05,-1.15e-05,-0.00078,
2023-01-03 21:15:00,2023-01-03,21,-0.6593458151000684,0.7518398074789777,3,0.0496167991158699,0.9987683281149314,-0.0018,-0.00141,-0.000531,-0.000642,-0.00204,
2023-01-03 21:30:00,2023-01-03,21,-0.6087614290087213,0.7933533402912346,3,0.0497957732026824,0.9987594209674054,-0.00191,-0.00156,-0.000834,-0.000845,-0.00217,
2023-01-03 21:45:00,2023-01-03,21,-0.5555702330196041,0.831469612302544,3,0.0499747456904998,0.9987504817486548,-0.0016,-0.00151,-0.00107,-0.00113,-0.00187,
2023-01-03 22:00:00,2023-01-03,22,-0.5000000000000001,0.8660254037844386,3,0.0501537165735751,0.9987415104589664,-0.00136,-0.00102,-0.000489,-0.000482,-0.00132,
2023-01-03 22:15:00,2023-01-03,22,-0.4422886902190026,0.8968727415326876,3,0.0503326858461613,0.9987325070986284,-0.00159,-0.00123,-0.000552,-0.000463,-0.00162,
2023-01-03 22:30:00,2023-01-03,22,-0.3826834323650925,0.9238795325112856,3,0.0505116535025116,0.99872347166793,-0.00141,-0.0011,-0.000489,-0.000268,-0.00129,
2023-01-03 22:45:00,2023-01-03,22,-0.3214394653031623,0.9469301294951054,3,0.0506906195368791,0.998714404167161,-0.00148,-0.00117,-0.000452,-0.000287,-0.0015,
2023-01-03 23:00:00,2023-01-03,23,-0.2588190451025194,0.9659258262890686,3,0.050869583943517,0.998705304596613,-0.00157,-0.00127,-0.000589,-0.000413,-0.00156,
2023-01-03 23:15:00,2023-01-03,23,-0.1950903220161283,0.9807852804032304,3,0.0510485467166786,0.998696172956578,-0.00155,-0.00115,-0.000393,-8.41e-05,-0.00125,
2023-01-03 23:30:00,2023-01-03,23,-0.130526192220053,0.9914448613738104,3,0.0512275078506172,0.9986870092473492,-0.00137,-0.00108,-0.000462,-0.000191,-0.00117,
2023-01-03 23:45:00,2023-01-03,23,-0.0654031292301424,0.9978589232386036,3,0.0514064673395862,0.9986778134692208,-0.0014299999999999,-0.00112,-0.000431,-0.000313,-0.00129,
2023-01-04 00:00:00,2023-01-04,0,-7.34788079488412e-16,1.0,4,0.051585425177839,0.9986685856224884,-0.00129,-0.000996,-0.000372,-0.000203,-0.00109,
2023-01-04 00:15:00,2023-01-04,0,0.0654031292301409,0.9978589232386036,4,0.051764381359629,0.998659325707448,-0.00104,-0.00083,-0.000327,-0.000119,-0.000771,
2023-01-04 00:30:00,2023-01-04,0,0.1305261922200516,0.9914448613738104,4,0.0519433358792098,0.9986500337243972,-0.000988,-0.000681,-6.55e-05,0.000222,-0.000514,
2023-01-04 00:45:00,2023-01-04,0,0.1950903220161269,0.9807852804032308,4,0.052122288730835,0.998640709673634,-0.00116,-0.000876,-0.000327,-1.53e-05,-0.000788,
2023-01-04 01:00:00,2023-01-04,1,0.258819045102518,0.965925826289069,4,0.0523012399087582,0.9986313535554582,-0.00102,-0.000865,-0.000228,-0.00018,-0.000835,
2023-01-04 01:15:00,2023-01-04,1,0.3214394653031609,0.946930129495106,4,0.0524801894072331,0.99862196537017,-0.000997,-0.000794,-0.000186,-7.65e-05,-0.000844,
2023-01-04 01:30:00,2023-01-04,1,0.3826834323650911,0.9238795325112862,4,0.0526591372205135,0.9986125451180708,-0.00152,-0.00126,-0.000755,-0.000577,-0.0017,
2023-01-04 01:45:00,2023-01-04,1,0.4422886902190013,0.8968727415326883,4,0.052838083342853,0.9986030927994634,-0.0014,-0.0011899999999999,-0.000607,-0.000615,-0.00146,
2023-01-04 02:00:00,2023-01-04,2,0.4999999999999988,0.8660254037844394,4,0.0530170277685057,0.9985936084146512,-0.00129,-0.000954,-0.000421,-0.000455,-0.00141,
2023-01-04 02:15:00,2023-01-04,2,0.5555702330196028,0.8314696123025448,4,0.0531959704917253,0.9985840919639384,-0.00147,-0.000965,-0.000252,-0.00018,-0.00107,
2023-01-04 02:30:00,2023-01-04,2,0.6087614290087201,0.7933533402912355,4,0.0533749115067659,0.9985745434476312,-0.00196,-0.00139,-0.000545,-0.000539,-0.00187,
2023-01-04 02:45:00,2023-01-04,2,0.6593458151000674,0.7518398074789787,4,0.0535538508078814,0.9985649628660356,-0.00247,-0.00191,-0.00112,-0.00094,-0.0025099999999999,
2023-01-04 03:00:00,2023-01-04,3,0.7071067811865476,0.7071067811865475,4,0.0537327883893259,0.9985553502194596,-0.00254,-0.00218,-0.00122,-0.00116,-0.0026,
2023-01-04 03:15:00,2023-01-04,3,0.7518398074789765,0.6593458151000698,4,0.0539117242453537,0.998545705508212,-0.00222,-0.00187,-0.00091,-0.00094,-0.00234,
2023-01-04 03:30:00,2023-01-04,3,0.7933533402912335,0.6087614290087228,4,0.0540906583702187,0.9985360287326024,-0.00166,-0.00122,-0.000538,-0.000432,-0.00164,
2023-01-04 03:45:00,2023-01-04,3,0.8314696123025449,0.5555702330196027,4,0.0542695907581753,0.9985263198929412,-0.00198,-0.00152,-0.000607,-0.000367,-0.00184,
2023-01-04 04:00:00,2023-01-04,4,0.8660254037844377,0.5000000000000017,4,0.0544485214034778,0.9985165789895404,-0.00153,-0.00155,-0.00123,-0.00123,-0.00176,
2023-01-04 04:15:00,2023-01-04,4,0.8968727415326884,0.4422886902190011,4,0.0546274503003805,0.9985068060227128,-0.00154,-0.00149,-0.00105,-0.00081,-0.00177,
2023-01-04 04:30:00,2023-01-04,4,0.9238795325112864,0.3826834323650909,4,0.0548063774431378,0.9984970009927724,-0.00166,-0.00138,-0.000693,-0.000642,-0.00165,
2023-01-04 04:45:00,2023-01-04,4,0.946930129495106,0.3214394653031607,4,0.0549853028260041,0.9984871639000336,-0.00176,-0.00126,-0.000293,7.65e-05,-0.0013,
2023-01-04 05:00:00,2023-01-04,5,0.9659258262890682,0.2588190451025212,4,0.0551642264432341,0.9984772947448128,-0.0016,-0.0014299999999999,-0.000748,-0.000585,-0.00163,
2023-01-04 05:15:00,2023-01-04,5,0.98078528040323,0.1950903220161301,4,0.0553431482890822,0.9984673935274264,-0.0019,-0.00147,-0.000521,-0.000554,-0.00159,
2023-01-04 05:30:00,2023-01-04,5,0.9914448613738104,0.1305261922200513,4,0.0555220683578031,0.9984574602481928,-0.00191,-0.00149,-0.000903,-0.000474,-0.00153,
2023-01-04 05:45:00,2023-01-04,5,0.9978589232386036,0.0654031292301442,4,0.0557009866436514,0.9984474949074308,-0.00202,-0.00154,-0.000655,-0.000279,-0.00159,
2023-01-04 06:00:00,2023-01-04,6,1.0,2.57237725884603e-15,4,0.055879903140882,0.99843749750546,-0.0016699999999999,-0.00145,-0.00092,-0.00068,-0.00162,
2023-01-04 06:15:00,2023-01-04,6,0.9978589232386036,-0.0654031292301426,4,0.0560588178437496,0.9984274680426022,-0.00171,-0.00145,-0.000596,-0.000669,-0.00147,
2023-01-04 06:30:00,2023-01-04,6,0.9914448613738106,-0.1305261922200497,4,0.0562377307465091,0.9984174065191788,-0.00134,-0.00102,-0.000321,-0.00031,-0.00122,
2023-01-04 06:45:00,2023-01-04,6,0.9807852804032304,-0.1950903220161285,4,0.0564166418434154,0.9984073129355132,0.000517,0.00112,0.0016,0.00155,0.000801,
2023-01-04 07:00:00,2023-01-04,7,0.9659258262890684,-0.2588190451025197,4,0.0565955511287234,0.9983971872919296,0.00462,0.00513,0.00562,0.00503,0.00468,
2023-01-04 07:15:00,2023-01-04,7,0.9469301294951054,-0.3214394653031626,4,0.0567744585966883,0.9983870295887528,0.0173,0.0179,0.0223,0.0206,0.021,
2023-01-04 07:30:00,2023-01-04,7,0.9238795325112868,-0.3826834323650894,4,0.056953364241565,0.9983768398263092,0.0386,0.0544,0.14,0.136,0.121,
2023-01-04 07:45:00,2023-01-04,7,0.8968727415326891,-0.4422886902189997,4,0.0571322680576088,0.998366618004926,0.0582,0.0662,0.117,0.113,0.107,
2023-01-04 08:00:00,2023-01-04,8,0.8660254037844385,-0.5000000000000003,4,0.0573111700390749,0.9983563641249312,0.0698,0.0819,0.143,0.14,0.132,
2023-01-04 08:15:00,2023-01-04,8,0.8314696123025458,-0.5555702330196014,4,0.0574900701802184,0.9983460781866544,0.0797,0.17,0.436,0.436,0.384,
2023-01-04 08:30:00,2023-01-04,8,0.7933533402912366,-0.6087614290087187,4,0.0576689684752948,0.9983357601904258,0.065,0.194,0.527,0.532,0.463,
2023-01-04 08:45:00,2023-01-04,8,0.7518398074789776,-0.6593458151000686,4,0.0578478649185595,0.9983254101365768,0.0635,0.108,0.259,0.263,0.232,
2023-01-04 09:00:00,2023-01-04,9,0.7071067811865487,-0.7071067811865464,4,0.0580267595042678,0.9983150280254394,0.0689,0.082,0.189,0.194,0.169,
2023-01-04 09:15:00,2023-01-04,9,0.6593458151000712,-0.7518398074789754,4,0.0582056522266753,0.9983046138573471,0.0772,0.286,0.713,0.725,0.631,
2023-01-04 09:30:00,2023-01-04,9,0.6087614290087214,-0.7933533402912346,4,0.0583845430800376,0.9982941676326348,0.0697,0.311,0.757,0.77,0.671,
2023-01-04 09:45:00,2023-01-04,9,0.5555702330196013,-0.8314696123025459,4,0.0585634320586102,0.9982836893516376,0.0713,0.334,0.799,0.82,0.713,
2023-01-04 10:00:00,2023-01-04,10,0.5000000000000033,-0.8660254037844367,4,0.0587423191566489,0.9982731790146916,0.0745,0.356,0.834,0.856,0.745,
2023-01-04 10:15:00,2023-01-04,10,0.4422886902190027,-0.8968727415326876,4,0.0589212043684094,0.9982626366221348,0.0757,0.373,0.853,0.877,0.765,
2023-01-04 10:30:00,2023-01-04,10,0.3826834323650926,-0.9238795325112856,4,0.0591000876881476,0.9982520621743054,0.0725,0.383,0.86,0.885,0.774,
2023-01-04 10:45:00,2023-01-04,10,0.3214394653031625,-0.9469301294951054,4,0.0592789691101191,0.9982414556715432,0.0731,0.394,0.876,0.904,0.79,
2023-01-04 11:00:00,2023-01-04,11,0.2588190451025196,-0.9659258262890686,4,0.0594578486285801,0.9982308171141888,0.0762,0.402,0.887,0.918,0.799,
2023-01-04 11:15:00,2023-01-04,11,0.1950903220161284,-0.9807852804032304,4,0.0596367262377865,0.9982201465025836,0.0803,0.407,0.894,0.929,0.807,
2023-01-04 11:30:00,2023-01-04,11,0.1305261922200496,-0.9914448613738108,4,0.0598156019319944,0.9982094438370704,0.0802,0.409,0.897,0.937,0.809,
2023-01-04 11:45:00,2023-01-04,11,0.065403129230146,-0.9978589232386031,4,0.0599944757054597,0.9981987091179928,0.0804,0.404,0.892,0.937,0.806,
2023-01-04 12:00:00,2023-01-04,12,8.572527594031472e-16,-1.0,4,0.0601733475524389,0.9981879423456954,0.0844,0.405,0.895,0.943,0.806,
2023-01-04 12:15:00,2023-01-04,12,-0.0654031292301408,-0.9978589232386036,4,0.0603522174671879,0.9981771435205242,0.0835,0.392,0.876,0.929,0.79,
2023-01-04 12:30:00,2023-01-04,12,-0.1305261922200514,-0.9914448613738104,4,0.0605310854439633,0.9981663126428258,0.0952,0.384,0.861,0.917,0.776,
2023-01-04 12:45:00,2023-01-04,12,-0.1950903220161267,-0.9807852804032308,4,0.0607099514770213,0.998155449712948,0.0920999999999999,0.374,0.847,0.906,0.761,
2023-01-04 13:00:00,2023-01-04,13,-0.2588190451025213,-0.965925826289068,4,0.0608888155606183,0.99814455473124,0.0925,0.353,0.813,0.875,0.728,
2023-01-04 13:15:00,2023-01-04,13,-0.3214394653031575,-0.946930129495107,4,0.0610676776890108,0.9981336276980508,0.0832,0.336,0.789,0.855,0.706,
2023-01-04 13:30:00,2023-01-04,13,-0.3826834323650877,-0.9238795325112876,4,0.0612465378564554,0.998122668613732,0.0747,0.311,0.753,0.819,0.669,
2023-01-04 13:45:00,2023-01-04,13,-0.4422886902190012,-0.8968727415326884,4,0.0614253960572087,0.9981116774786352,0.0732,0.287,0.711,0.783,0.632,
2023-01-04 14:00:00,2023-01-04,14,-0.4999999999999987,-0.8660254037844394,4,0.0616042522855274,0.9981006542931136,0.0703,0.258,0.66,0.734,0.585,
2023-01-04 14:15:00,2023-01-04,14,-0.5555702330196027,-0.8314696123025449,4,0.0617831065356681,0.9980895990575206,0.0624,0.221,0.6,0.682,0.533,
2023-01-04 14:30:00,2023-01-04,14,-0.6087614290087201,-0.7933533402912356,4,0.0619619588018878,0.998078511772212,0.0571,0.187,0.536,0.614,0.47,
2023-01-04 14:45:00,2023-01-04,14,-0.65934581510007,-0.7518398074789765,4,0.0621408090784432,0.998067392437543,0.0493,0.152,0.467,0.542,0.406,
2023-01-04 15:00:00,2023-01-04,15,-0.707106781186545,-0.70710678118655,4,0.0623196573595913,0.9980562410538713,0.0419,0.116,0.387,0.457,0.334,
2023-01-04 15:15:00,2023-01-04,15,-0.7518398074789765,-0.65934581510007,4,0.062498503639589,0.9980450576215546,0.0336,0.0825999999999999,0.27,0.319,0.234,
2023-01-04 15:30:00,2023-01-04,15,-0.7933533402912335,-0.6087614290087229,4,0.0626773479126936,0.9980338421409524,0.0251,0.0256,0.0437,0.0464,0.0377,
2023-01-04 15:45:00,2023-01-04,15,-0.8314696123025449,-0.5555702330196027,4,0.0628561901731619,0.9980225946124244,0.0145,0.015,0.0271,0.0298,0.0238999999999999,
2023-01-04 16:00:00,2023-01-04,16,-0.8660254037844376,-0.5000000000000018,4,0.0630350304152513,0.9980113150363318,0.00434,0.00492,0.0125,0.014,0.0096899999999999,
2023-01-04 16:15:00,2023-01-04,16,-0.8968727415326884,-0.4422886902190012,4,0.063213868633219,0.9980000034130372,-0.00131,-0.00073,0.000889,0.000761,-0.000913,
2023-01-04 16:30:00,2023-01-04,16,-0.9238795325112876,-0.3826834323650877,4,0.0633927048213223,0.9979886597429034,-0.00267,-0.00206,-0.000696,-0.000887,-0.00221,
2023-01-04 16:45:00,2023-01-04,16,-0.9469301294951048,-0.3214394653031642,4,0.0635715389738186,0.997977284026295,-0.00276,-0.0020499999999999,-0.000896,-0.00102,-0.0023799999999999,
2023-01-04 17:00:00,2023-01-04,17,-0.965925826289068,-0.2588190451025213,4,0.0637503710849654,0.997965876263577,-0.0025099999999999,-0.00189,-0.00101,-0.000937,-0.00215,
2023-01-04 17:15:00,2023-01-04,17,-0.98078528040323,-0.1950903220161302,4,0.06392920114902,0.997954436455116,-0.000467,-0.000131,0.000186,0.000294,-0.000244,
2023-01-04 17:30:00,2023-01-04,17,-0.9914448613738104,-0.1305261922200514,4,0.0641080291602402,0.9979429646012792,-0.00108,-0.000748,-0.000393,-0.000359,-0.00124,
2023-01-04 17:45:00,2023-01-04,17,-0.9978589232386034,-0.0654031292301443,4,0.0642868551128835,0.9979314607024348,-0.00242,-0.00199,-0.0012,-0.00109,-0.00262,
2023-01-04 18:00:00,2023-01-04,18,-1.0,8.578717400397357e-16,4,0.0644656790012078,0.9979199247589524,-0.00327,-0.00268,-0.00148,-0.00146,-0.00315,
2023-01-04 18:15:00,2023-01-04,18,-0.9978589232386038,0.0654031292301389,4,0.0646445008194706,0.9979083567712024,-0.00337,-0.00291,-0.00177,-0.0016899999999999,-0.00343,
2023-01-04 18:30:00,2023-01-04,18,-0.9914448613738108,0.1305261922200496,4,0.06482332056193,0.9978967567395564,-0.00266,-0.00225,-0.00141,-0.00111,-0.00231,
2023-01-04 18:45:00,2023-01-04,18,-0.9807852804032304,0.1950903220161284,4,0.0650021382228438,0.9978851246643866,-0.00261,-0.00222,-0.00127,-0.00106,-0.00231,
2023-01-04 19:00:00,2023-01-04,19,-0.9659258262890686,0.2588190451025196,4,0.0651809537964699,0.9978734605460666,-0.00244,-0.00198,-0.00123,-0.000753,-0.0020499999999999,
2023-01-04 19:15:00,2023-01-04,19,-0.9469301294951054,0.3214394653031625,4,0.0653597672770664,0.9978617643849712,-0.0025499999999999,-0.00215,-0.00125,-0.000826,-0.00226,
2023-01-04 19:30:00,2023-01-04,19,-0.923879532511287,0.3826834323650893,4,0.0655385786588915,0.9978500361814756,-0.0027,-0.00231,-0.00125,-0.00101,-0.0024,
2023-01-04 19:45:00,2023-01-04,19,-0.8968727415326876,0.4422886902190027,4,0.0657173879362033,0.9978382759359568,-0.00274,-0.00237,-0.00125,-0.00127,-0.0026,
2023-01-04 20:00:00,2023-01-04,20,-0.8660254037844403,0.4999999999999971,4,0.06589619510326,0.997826483648792,-0.00242,-0.0019199999999999,-0.00104,-0.000807,-0.00198,
2023-01-04 20:15:00,2023-01-04,20,-0.8314696123025459,0.5555702330196013,4,0.06607500015432,0.9978146593203604,-0.0025099999999999,-0.00204,-0.00107,-0.000757,-0.00222,
2023-01-04 20:30:00,2023-01-04,20,-0.7933533402912367,0.6087614290087185,4,0.0662538030836416,0.9978028029510412,-0.00244,-0.0019,-0.00092,-0.000619,-0.00191,
2023-01-04 20:45:00,2023-01-04,20,-0.7518398074789777,0.6593458151000685,4,0.0664326038854832,0.9977909145412152,-0.00272,-0.00218,-0.000993,-0.000872,-0.0023599999999999,
2023-01-04 21:00:00,2023-01-04,21,-0.7071067811865488,0.7071067811865462,4,0.0666114025541036,0.9977789940912642,-0.00262,-0.00217,-0.00107,-0.00104,-0.00246,
2023-01-04 21:15:00,2023-01-04,21,-0.6593458151000686,0.7518398074789776,4,0.066790199083761,0.9977670416015711,-0.00237,-0.0019399999999999,-0.000965,-0.000914,-0.00216,
2023-01-04 21:30:00,2023-01-04,21,-0.6087614290087187,0.7933533402912366,4,0.0669689934687144,0.9977550570725198,-0.0023799999999999,-0.00184,-0.0008,-0.000787,-0.00211,
2023-01-04 21:45:00,2023-01-04,21,-0.5555702330196043,0.8314696123025438,4,0.0671477857032223,0.9977430405044948,-0.00229,-0.0016,-0.000558,-0.000585,-0.00186,
2023-01-04 22:00:00,2023-01-04,22,-0.5000000000000003,0.8660254037844385,4,0.0673265757815435,0.9977309918978824,-0.0025,-0.00183,-0.000689,-0.000745,-0.0023,
2023-01-04 22:15:00,2023-01-04,22,-0.4422886902190028,0.8968727415326875,4,0.067505363697937,0.9977189112530688,-0.00244,-0.0019199999999999,-0.000976,-0.000994,-0.0023799999999999,
2023-01-04 22:30:00,2023-01-04,22,-0.3826834323650894,0.9238795325112868,4,0.0676841494466616,0.9977067985704428,-0.00219,-0.00164,-0.000755,-0.000722,-0.00204,
2023-01-04 22:45:00,2023-01-04,22,-0.3214394653031626,0.9469301294951054,4,0.0678629330219763,0.9976946538503926,-0.00216,-0.00154,-0.000538,-0.000585,-0.00183,
2023-01-04 23:00:00,2023-01-04,23,-0.2588190451025197,0.9659258262890684,4,0.0680417144181403,0.9976824770933086,-0.00245,-0.00166,-0.0006,-0.000707,-0.0026,
2023-01-04 23:15:00,2023-01-04,23,-0.195090322016132,0.9807852804032297,4,0.0682204936294126,0.9976702682995816,-0.00242,-0.00162,-0.000548,-0.000661,-0.0023,
2023-01-04 23:30:00,2023-01-04,23,-0.1305261922200533,0.9914448613738102,4,0.0683992706500525,0.997658027469604,-0.00261,-0.00198,-0.000755,-0.000757,-0.00265,
2023-01-04 23:45:00,2023-01-04,23,-0.0654031292301461,0.9978589232386031,4,0.0685780454743192,0.9976457546037684,-0.0025,-0.002,-0.000838,-0.000921,-0.00246,
2023-01-05 00:00:00,2023-01-05,0,-9.797174393178826e-16,1.0,5,0.0687568180964722,0.9976334497024688,-0.0024,-0.00195,-0.000865,-0.000776,-0.00231,
2023-01-05 00:15:00,2023-01-05,0,0.0654031292301442,0.9978589232386036,5,0.0689355885107707,0.997621112766101,-0.00246,-0.00202,-0.000962,-0.00101,-0.00234,
2023-01-05 00:30:00,2023-01-05,0,0.1305261922200513,0.9914448613738104,5,0.0691143567114744,0.9976087437950608,-0.0025299999999999,-0.0020299999999999,-0.001,-0.000994,-0.00237,
2023-01-05 00:45:00,2023-01-05,0,0.1950903220161301,0.98078528040323,5,0.0692931226928428,0.9975963427897452,-0.0025,-0.002,-0.000996,-0.000979,-0.00239,
2023-01-05 01:00:00,2023-01-05,1,0.2588190451025178,0.9659258262890692,5,0.0694718864491354,0.9975839097505524,-0.00231,-0.00175,-0.000993,-0.000776,-0.0019,
2023-01-05 01:15:00,2023-01-05,1,0.3214394653031607,0.946930129495106,5,0.0696506479746121,0.997571444677882,-0.00212,-0.0016699999999999,-0.000779,-0.000524,-0.00177,
2023-01-05 01:30:00,2023-01-05,1,0.3826834323650876,0.9238795325112876,5,0.0698294072635325,0.997558947572134,-0.00162,-0.00111,-0.0007,1.15e-05,-0.00109,
2023-01-05 01:45:00,2023-01-05,1,0.4422886902190011,0.8968727415326884,5,0.0700081643101566,0.9975464184337098,-0.00244,-0.00204,-0.0013,-0.000604,-0.00218,
2023-01-05 02:00:00,2023-01-05,2,0.4999999999999986,0.8660254037844395,5,0.0701869191087442,0.9975338572630116,-0.00256,-0.00224,-0.0015,-0.00104,-0.00234,
2023-01-05 02:15:00,2023-01-05,2,0.5555702330196027,0.8314696123025449,5,0.0703656716535555,0.997521264060443,-0.00254,-0.00216,-0.00155,-0.00103,-0.00218,
2023-01-05 02:30:00,2023-01-05,2,0.6087614290087171,0.7933533402912378,5,0.0705444219388503,0.997508638826408,-0.00227,-0.00184,-0.00102,-0.000482,-0.00178,
2023-01-05 02:45:00,2023-01-05,2,0.6593458151000672,0.7518398074789789,5,0.0707231699588889,0.9974959815613124,-0.00114,-0.00104,-0.000462,-0.000168,-0.00117,
2023-01-05 03:00:00,2023-01-05,3,0.7071067811865475,0.7071067811865476,5,0.0709019157079315,0.9974832922655624,-0.00158,-0.00139,-0.000679,-0.00034,-0.00114,
2023-01-05 03:15:00,2023-01-05,3,0.7518398074789764,0.6593458151000701,5,0.0710806591802383,0.9974705709395656,-0.0023,-0.00195,-0.00125,-0.000868,-0.00211,
2023-01-05 03:30:00,2023-01-05,3,0.7933533402912355,0.6087614290087201,5,0.0712594003700698,0.9974578175837302,-0.0021,-0.00187,-0.000858,-0.000585,-0.00173,
2023-01-05 03:45:00,2023-01-05,3,0.8314696123025448,0.5555702330196028,5,0.0714381392716863,0.997445032198466,-0.00208,-0.00189,-0.000872,-0.000612,-0.0018,
2023-01-05 04:00:00,2023-01-05,4,0.8660254037844394,0.4999999999999988,5,0.0716168758793483,0.9974322147841838,-0.0025499999999999,-0.00225,-0.00127,-0.00113,-0.00217,
2023-01-05 04:15:00,2023-01-05,4,0.8968727415326867,0.4422886902190045,5,0.0717956101873165,0.9974193653412946,-0.00233,-0.00204,-0.00114,-0.000982,-0.0019199999999999,
2023-01-05 04:30:00,2023-01-05,4,0.9238795325112862,0.3826834323650911,5,0.0719743421898514,0.9974064838702114,-0.00235,-0.0021,-0.00113,-0.00112,-0.0019199999999999,
2023-01-05 04:45:00,2023-01-05,4,0.9469301294951048,0.3214394653031643,5,0.0721530718812139,0.9973935703713476,-0.00275,-0.0023799999999999,-0.00123,-0.00146,-0.0020099999999999,
2023-01-05 05:00:00,2023-01-05,5,0.965925826289068,0.2588190451025214,5,0.0723317992556647,0.997380624845118,-0.00125,-0.00103,-0.000558,-0.000814,-0.000878,
2023-01-05 05:15:00,2023-01-05,5,0.98078528040323,0.1950903220161303,5,0.0725105243074646,0.9973676472919384,-0.00232,-0.00204,-0.00137,-0.0014399999999999,-0.00198,
2023-01-05 05:30:00,2023-01-05,5,0.9914448613738104,0.1305261922200516,5,0.0726892470308747,0.9973546377122254,-0.00308,-0.00278,-0.00179,-0.00188,-0.0028399999999999,
2023-01-05 05:45:00,2023-01-05,5,0.9978589232386036,0.0654031292301409,5,0.0728679674201559,0.9973415961063968,-0.00326,-0.00282,-0.00191,-0.00198,-0.00269,
2023-01-05 06:00:00,2023-01-05,6,1.0,2.8173066186755008e-15,5,0.0730466854695694,0.9973285224748712,-0.00307,-0.00271,-0.00174,-0.0016699999999999,-0.00264,
2023-01-05 06:15:00,2023-01-05,6,0.9978589232386036,-0.0654031292301424,5,0.0732254011733763,0.9973154168180688,-0.00276,-0.00243,-0.00139,-0.0016899999999999,-0.0019199999999999,
2023-01-05 06:30:00,2023-01-05,6,0.9914448613738108,-0.1305261922200495,5,0.0734041145258378,0.99730227913641,-0.00207,-0.00175,-0.000572,-0.000837,-0.0011799999999999,
2023-01-05 06:45:00,2023-01-05,6,0.9807852804032304,-0.1950903220161283,5,0.0735828255212154,0.9972891094303168,0.00187,0.00206,0.00344,0.00291,0.00287,
2023-01-05 07:00:00,2023-01-05,7,0.9659258262890686,-0.2588190451025194,5,0.0737615341537704,0.9972759077002122,0.0154,0.0154,0.0173,0.0155,0.0167,
2023-01-05 07:15:00,2023-01-05,7,0.9469301294951054,-0.3214394653031623,5,0.0739402404177642,0.99726267394652,0.0325,0.0324,0.037,0.0337,0.0367,
2023-01-05 07:30:00,2023-01-05,7,0.9238795325112884,-0.3826834323650859,5,0.0741189443074585,0.9972494081696652,0.0577,0.066,0.11,0.103,0.101,
2023-01-05 07:45:00,2023-01-05,7,0.8968727415326891,-0.4422886902189994,5,0.0742976458171148,0.997236110370074,0.0385,0.0755,0.205,0.203,0.179,
2023-01-05 08:00:00,2023-01-05,8,0.8660254037844386,-0.5000000000000001,5,0.0744763449409949,0.9972227805481731,0.0497,0.0487999999999999,0.0392,0.0345,0.0421,
2023-01-05 08:15:00,2023-01-05,8,0.8314696123025459,-0.5555702330196012,5,0.0746550416733606,0.9972094187043908,0.0506,0.0499,0.0433,0.039,0.0456,
2023-01-05 08:30:00,2023-01-05,8,0.7933533402912346,-0.6087614290087213,5,0.0748337360084736,0.9971960248391556,0.0768,0.0757999999999999,0.0615,0.054,0.066,
2023-01-05 08:45:00,2023-01-05,8,0.7518398074789777,-0.6593458151000684,5,0.075012427940596,0.9971825989528984,0.0845,0.083,0.0716,0.0640999999999999,0.0755,
2023-01-05 09:00:00,2023-01-05,9,0.7071067811865464,-0.7071067811865487,5,0.0751911174639897,0.9971691410460496,0.109,0.107,0.0933,0.0835,0.0986,
2023-01-05 09:15:00,2023-01-05,9,0.6593458151000714,-0.7518398074789752,5,0.0753698045729168,0.9971556511190418,0.118,0.116,0.106,0.096,0.111,
2023-01-05 09:30:00,2023-01-05,9,0.6087614290087217,-0.7933533402912344,5,0.0755484892616396,0.997142129172308,0.129,0.127,0.115,0.105,0.12,
2023-01-05 09:45:00,2023-01-05,9,0.5555702330196044,-0.8314696123025438,5,0.0757271715244202,0.9971285752062824,0.147,0.145,0.134,0.122,0.141,
2023-01-05 10:00:00,2023-01-05,10,0.5000000000000004,-0.8660254037844384,5,0.075905851355521,0.9971149892214004,0.15,0.148,0.136,0.123,0.142,
2023-01-05 10:15:00,2023-01-05,10,0.4422886902190029,-0.8968727415326875,5,0.0760845287492044,0.997101371218098,0.158,0.156,0.143,0.131,0.149,
2023-01-05 10:30:00,2023-01-05,10,0.3826834323650895,-0.9238795325112868,5,0.0762632036997328,0.9970877211968128,0.148,0.146,0.13,0.116,0.137,
2023-01-05 10:45:00,2023-01-05,10,0.3214394653031593,-0.9469301294951064,5,0.0764418762013688,0.9970740391579828,0.0969,0.0953,0.0819,0.0733,0.0862,
2023-01-05 11:00:00,2023-01-05,11,0.2588190451025232,-0.9659258262890676,5,0.0766205462483751,0.9970603251020476,0.122,0.12,0.109,0.0987,0.114,
2023-01-05 11:15:00,2023-01-05,11,0.1950903220161287,-0.9807852804032304,5,0.0767992138350143,0.9970465790294472,0.0873,0.0858,0.0726,0.0642,0.077,
2023-01-05 11:30:00,2023-01-05,11,0.1305261922200534,-0.9914448613738102,5,0.0769778789555493,0.9970328009406234,0.0848,0.0835,0.0653,0.0564,0.0708,
2023-01-05 11:45:00,2023-01-05,11,0.0654031292301427,-0.9978589232386036,5,0.077156541604243,0.9970189908360184,0.121,0.119,0.111,0.1,0.116,
2023-01-05 12:00:00,2023-01-05,12,1.102182119232618e-15,-1.0,5,0.0773352017753582,0.997005148716076,0.0805,0.0790999999999999,0.0603,0.0523,0.0654,
2023-01-05 12:15:00,2023-01-05,12,-0.0654031292301441,-0.9978589232386036,5,0.077513859463158,0.99699127458124,0.0677,0.067,0.0603999999999999,0.0551,0.0631,
2023-01-05 12:30:00,2023-01-05,12,-0.1305261922200477,-0.9914448613738108,5,0.0776925146619056,0.9969773684319568,0.062,0.0613,0.055,0.0498,0.0576,
2023-01-05 12:45:00,2023-01-05,12,-0.1950903220161265,-0.9807852804032308,5,0.0778711673658641,0.9969634302686722,0.0525,0.0517,0.0467999999999999,0.0428,0.0485,
2023-01-05 13:00:00,2023-01-05,13,-0.2588190451025177,-0.9659258262890692,5,0.0780498175692967,0.996949460091834,0.0598,0.0592,0.0561,0.0519,0.0581,
2023-01-05 13:15:00,2023-01-05,13,-0.3214394653031606,-0.946930129495106,5,0.0782284652664669,0.9969354579018912,0.0747999999999999,0.0737,0.0576,0.0503,0.0621,
2023-01-05 13:30:00,2023-01-05,13,-0.3826834323650908,-0.9238795325112864,5,0.0784071104516381,0.9969214236992928,0.0316,0.0311,0.0281,0.0254,0.0292,
2023-01-05 13:45:00,2023-01-05,13,-0.442288690219001,-0.8968727415326885,5,0.0785857531190738,0.9969073574844896,0.0195,0.0193,0.0188,0.0176,0.0192,
2023-01-05 14:00:00,2023-01-05,14,-0.5000000000000016,-0.8660254037844377,5,0.0787643932630376,0.9968932592579336,0.0426,0.042,0.031,0.0272,0.0339,
2023-01-05 14:15:00,2023-01-05,14,-0.5555702330195996,-0.831469612302547,5,0.0789430308777931,0.9968791290200772,0.0395,0.039,0.0305,0.0272,0.0327999999999999,
2023-01-05 14:30:00,2023-01-05,14,-0.6087614290087199,-0.7933533402912357,5,0.0791216659576042,0.9968649667713744,0.0418,0.0412,0.0336,0.0306999999999999,0.0355,
2023-01-05 14:45:00,2023-01-05,14,-0.6593458151000671,-0.7518398074789789,5,0.0793002984967346,0.9968507725122796,0.038,0.0372,0.0288,0.0253,0.031,
2023-01-05 15:00:00,2023-01-05,15,-0.7071067811865474,-0.7071067811865477,5,0.0794789284894482,0.996836546243249,0.0337,0.0332999999999999,0.0283,0.0251,0.0297,
2023-01-05 15:15:00,2023-01-05,15,-0.7518398074789763,-0.6593458151000701,5,0.0796575559300092,0.9968222879647392,0.024,0.0237,0.02,0.0177,0.021,
2023-01-05 15:30:00,2023-01-05,15,-0.7933533402912355,-0.6087614290087202,5,0.0798361808126815,0.996807997677208,0.0113,0.0111,0.0092699999999999,0.00821,0.00968,
2023-01-05 15:45:00,2023-01-05,15,-0.8314696123025428,-0.555570233019606,5,0.0800148031317294,0.9967936753811144,0.00625,0.00619,0.00513,0.00444,0.00521,
2023-01-05 16:00:00,2023-01-05,16,-0.8660254037844375,-0.500000000000002,5,0.080193422881417,0.9967793210769184,-0.00124,-0.00109,-0.000876,-0.000814,-0.00158,
2023-01-05 16:15:00,2023-01-05,16,-0.8968727415326883,-0.4422886902190014,5,0.0803720400560087,0.9967649347650804,-0.000819,-0.000865,-0.00107,-0.00113,-0.00149,
2023-01-05 16:30:00,2023-01-05,16,-0.9238795325112862,-0.3826834323650912,5,0.0805506546497689,0.9967505164460632,-0.0011899999999999,-0.00112,-0.000851,-0.000841,-0.00132,
2023-01-05 16:45:00,2023-01-05,16,-0.9469301294951058,-0.321439465303161,5,0.0807292666569622,0.9967360661203292,-0.00106,-0.000862,-0.000555,-0.000497,-0.00106,
2023-01-05 17:00:00,2023-01-05,17,-0.965925826289068,-0.2588190451025215,5,0.080907876071853,0.9967215837883424,-0.00062,-0.000535,-0.000427,-0.000352,-0.000775,
2023-01-05 17:15:00,2023-01-05,17,-0.9807852804032308,-0.195090322016127,5,0.0810864828887061,0.996707069450568,-0.000827,-0.000826,-0.0004,-0.000378,-0.000814,
2023-01-05 17:30:00,2023-01-05,17,-0.99144486137381,-0.1305261922200552,5,0.0812650871017862,0.9966925231074724,0.000691,0.00034,0.00061,0.000703,-8.570000000000001e-06,
2023-01-05 17:45:00,2023-01-05,17,-0.9978589232386034,-0.0654031292301445,5,0.0814436887053581,0.996677944759522,-0.00031,-0.000351,-6.2e-05,-6.5e-05,-0.000484,
2023-01-05 18:00:00,2023-01-05,18,-1.0,-2.939771298590236e-15,5,0.0816222876936868,0.9966633344071854,-0.000806,-0.000713,-0.000503,-0.000417,-0.00108,
2023-01-05 18:15:00,2023-01-05,18,-0.9978589232386036,0.0654031292301422,5,0.0818008840610372,0.9966486920509317,-0.0005,-0.000592,-0.000131,-0.000141,-0.000767,
2023-01-05 18:30:00,2023-01-05,18,-0.9914448613738108,0.1305261922200494,5,0.0819794778016744,0.996634017691231,-0.000782,-0.000706,-0.000155,-0.000141,-0.00057,
2023-01-05 18:45:00,2023-01-05,18,-0.9807852804032304,0.1950903220161282,5,0.0821580689098636,0.9966193113285544,0.000174,0.000149,0.000365,0.000371,-0.000223,
2023-01-05 19:00:00,2023-01-05,19,-0.9659258262890678,0.2588190451025228,5,0.0823366573798701,0.9966045729633743,-0.00106,-0.000996,-0.00062,-0.000512,-0.00129,
2023-01-05 19:15:00,2023-01-05,19,-0.9469301294951066,0.3214394653031588,5,0.0825152432059591,0.996589802596164,-0.000678,-0.000596,-0.000259,-0.000248,-0.000895,
2023-01-05 19:30:00,2023-01-05,19,-0.9238795325112872,0.3826834323650891,5,0.0826938263823961,0.996575000227398,-0.00091,-0.000887,-0.000483,-0.000229,-0.00108,
2023-01-05 19:45:00,2023-01-05,19,-0.8968727415326893,0.4422886902189993,5,0.0828724069034466,0.996560165857551,-0.00084,-0.000734,-0.000421,-0.000329,-0.0011,
2023-01-05 20:00:00,2023-01-05,20,-0.8660254037844386,0.5,5,0.0830509847633762,0.9965452994870998,-0.000558,-0.000514,-0.000314,-0.000226,-0.000771,
2023-01-05 20:15:00,2023-01-05,20,-0.831469612302546,0.5555702330196011,5,0.0832295599564505,0.9965304011165216,-0.00055,-0.000496,-0.000172,-0.000164,-0.000673,
2023-01-05 20:30:00,2023-01-05,20,-0.7933533402912347,0.6087614290087212,5,0.0834081324769354,0.996515470746295,7.86e-05,6.379999999999999e-05,0.000441,0.00065,-8.570000000000001e-06,
2023-01-05 20:45:00,2023-01-05,20,-0.7518398074789802,0.6593458151000657,5,0.0835867023190966,0.9965005083768992,1.65e-05,-1.06e-05,0.000279,0.000474,1.29e-05,
2023-01-05 21:00:00,2023-01-05,21,-0.707106781186549,0.707106781186546,5,0.0837652694772002,0.9964855140088148,-2.07e-05,1.06e-05,0.000265,0.000428,-0.000129,
2023-01-05 21:15:00,2023-01-05,21,-0.6593458151000715,0.751839807478975,5,0.083943833945512,0.9964704876425232,-0.000393,-0.000348,-2.76e-05,0.000237,-0.000596,
2023-01-05 21:30:00,2023-01-05,21,-0.6087614290087217,0.7933533402912344,5,0.0841223957182983,0.9964554292785072,-0.00138,-0.0011899999999999,-0.000665,-0.000566,-0.00109,
2023-01-05 21:45:00,2023-01-05,21,-0.5555702330196015,0.8314696123025457,5,0.0843009547898252,0.99644033891725,-0.00198,-0.0017,-0.00106,-0.000933,-0.00183,
2023-01-05 22:00:00,2023-01-05,22,-0.5000000000000006,0.8660254037844384,5,0.084479511154359,0.996425216559236,-0.00213,-0.00184,-0.00114,-0.00103,-0.0019299999999999,
2023-01-05 22:15:00,2023-01-05,22,-0.4422886902189999,0.896872741532689,5,0.0846580648061661,0.9964100622049512,-0.00263,-0.00221,-0.00131,-0.0014399999999999,-0.0016899999999999,
2023-01-05 22:30:00,2023-01-05,22,-0.3826834323650929,0.9238795325112854,5,0.0848366157395128,0.9963948758548824,-0.00179,-0.00154,-0.000893,-0.000929,-0.00147,
2023-01-05 22:45:00,2023-01-05,22,-0.3214394653031628,0.9469301294951052,5,0.0850151639486658,0.9963796575095164,-0.0019299999999999,-0.00171,-0.00111,-0.00109,-0.00189,
2023-01-05 23:00:00,2023-01-05,23,-0.2588190451025233,0.9659258262890676,5,0.0851937094278917,0.9963644071693428,-0.00237,-0.0021,-0.00132,-0.00127,-0.00215,
2023-01-05 23:15:00,2023-01-05,23,-0.1950903220161288,0.9807852804032304,5,0.0853722521714572,0.9963491248348508,-0.00237,-0.00211,-0.00132,-0.00132,-0.00213,
2023-01-05 23:30:00,2023-01-05,23,-0.1305261922200535,0.9914448613738102,5,0.0855507921736291,0.9963338105065312,-0.00206,-0.00183,-0.00111,-0.000979,-0.00187,
2023-01-05 23:45:00,2023-01-05,23,-0.0654031292301428,0.9978589232386036,5,0.0857293294286744,0.996318464184876,-0.0020299999999999,-0.00171,-0.00101,-0.00105,-0.00152,
2023-01-06 00:00:00,2023-01-06,0,-4.777360477947854e-15,1.0,6,0.0859078639308598,0.9963030858703776,-0.00218,-0.00195,-0.00116,-0.00115,-0.0019,
2023-01-06 00:15:00,2023-01-06,0,0.0654031292301404,0.9978589232386036,6,0.0860863956744526,0.99628767556353,-0.0020099999999999,-0.00185,-0.000996,-0.000875,-0.00174,
2023-01-06 00:30:00,2023-01-06,0,0.1305261922200511,0.9914448613738104,6,0.0862649246537199,0.996272233264828,-0.00191,-0.00157,-0.000927,-0.000795,-0.00139,
2023-01-06 00:45:00,2023-01-06,0,0.1950903220161264,0.9807852804032308,6,0.0864434508629289,0.9962567589747676,-0.00145,-0.00114,-0.000376,-0.000333,-0.00105,
2023-01-06 01:00:00,2023-01-06,1,0.258819045102521,0.9659258262890682,6,0.0866219742963471,0.9962412526938458,-0.0012,-0.000982,-0.000524,-0.00039,-0.00084,
2023-01-06 01:15:00,2023-01-06,1,0.3214394653031605,0.946930129495106,6,0.0868004949482417,0.99622571442256,-0.00139,-0.00123,-0.000376,-0.000359,-0.00115,
2023-01-06 01:30:00,2023-01-06,1,0.3826834323650906,0.9238795325112864,6,0.0869790128128803,0.9962101441614096,-0.000823,-0.000691,1.38e-05,-1.53e-05,-0.000471,
2023-01-06 01:45:00,2023-01-06,1,0.4422886902189977,0.89687274153269,6,0.0871575278845305,0.9961945419108946,-0.000889,-0.000706,-3.1e-05,-0.000168,-0.000167,
2023-01-06 02:00:00,2023-01-06,2,0.4999999999999984,0.8660254037844396,6,0.0873360401574601,0.9961789076715158,-0.0011799999999999,-0.00107,-0.000648,-0.00055,-0.00081,
2023-01-06 02:15:00,2023-01-06,2,0.5555702330195995,0.831469612302547,6,0.0875145496259367,0.9961632414437752,-0.0005,-0.000496,0.000145,6.879999999999999e-05,-0.000407,
2023-01-06 02:30:00,2023-01-06,2,0.6087614290087198,0.7933533402912358,6,0.0876930562842282,0.9961475432281762,-0.000463,-0.000465,-0.000114,-0.000172,-0.000176,
2023-01-06 02:45:00,2023-01-06,2,0.6593458151000696,0.7518398074789767,6,0.0878715601266027,0.9961318130252224,0.000141,0.000227,0.000245,0.000191,-9e-05,
2023-01-06 03:00:00,2023-01-06,3,0.7071067811865448,0.7071067811865503,6,0.0880500611473282,0.9961160508354192,3.72e-05,0.000149,4.48e-05,8.03e-05,-0.000377,
2023-01-06 03:15:00,2023-01-06,3,0.7518398074789763,0.6593458151000702,6,0.0882285593406728,0.9961002566592728,-0.000376,-0.000298,-0.000317,-0.000126,-0.000283,
2023-01-06 03:30:00,2023-01-06,3,0.7933533402912354,0.6087614290087203,6,0.0884070547009047,0.9960844304972905,-0.00024,-0.00034,0.000214,0.000115,-0.000266,
2023-01-06 03:45:00,2023-01-06,3,0.8314696123025467,0.5555702330196002,6,0.0885855472222923,0.9960685723499798,-5.79e-05,7.8e-05,-0.000114,7.65e-05,-0.000317,
2023-01-06 04:00:00,2023-01-06,4,0.8660254037844374,0.5000000000000021,6,0.088764036899104,0.9960526822178506,-0.000749,-0.000617,-0.000393,-0.000352,-0.000754,
2023-01-06 04:15:00,2023-01-06,4,0.8968727415326881,0.4422886902190016,6,0.0889425237256082,0.996036760101413,-0.00108,-0.00102,-0.000534,-0.000558,-0.0011799999999999,
2023-01-06 04:30:00,2023-01-06,4,0.9238795325112849,0.3826834323650946,6,0.0891210076960737,0.996020806001178,-0.000984,-0.000901,-0.000379,-0.000375,-0.00099,
2023-01-06 04:45:00,2023-01-06,4,0.9469301294951048,0.3214394653031645,6,0.0892994888047691,0.9960048199176584,-0.00174,-0.00147,-0.00109,-0.00091,-0.00173,
2023-01-06 05:00:00,2023-01-06,5,0.965925826289068,0.2588190451025217,6,0.0894779670459631,0.995988801851367,-0.00242,-0.00213,-0.00132,-0.00116,-0.00209,
2023-01-06 05:15:00,2023-01-06,5,0.9807852804032308,0.1950903220161271,6,0.0896564424139246,0.9959727518028184,-0.00256,-0.0022299999999999,-0.00141,-0.0011,-0.00222,
2023-01-06 05:30:00,2023-01-06,5,0.9914448613738108,0.1305261922200483,6,0.0898349149029227,0.9959566697725282,-0.00287,-0.0025499999999999,-0.00151,-0.0011899999999999,-0.00272,
2023-01-06 05:45:00,2023-01-06,5,0.9978589232386034,0.0654031292301447,6,0.0900133845072263,0.9959405557610124,-0.00246,-0.0020499999999999,-0.00134,-0.000837,-0.00213,
2023-01-06 06:00:00,2023-01-06,6,1.0,-4.904777002955296e-16,6,0.0901918512211047,0.9959244097687888,-0.0022,-0.00184,-0.00111,-0.0007,-0.00174,
2023-01-06 06:15:00,2023-01-06,6,0.9978589232386038,-0.0654031292301386,6,0.090370315038827,0.9959082317963754,-0.000364,-0.000209,8.96e-05,0.000386,-0.000167,
2023-01-06 06:30:00,2023-01-06,6,0.9914448613738108,-0.1305261922200493,6,0.0905487759546626,0.9958920218442924,-0.000108,-2.84e-05,0.000262,0.000505,-2.14e-05,
2023-01-06 06:45:00,2023-01-06,6,0.9807852804032304,-0.195090322016128,6,0.0907272339628809,0.9958757799130596,0.000984,0.00125,0.00146,0.0014299999999999,0.000818,
2023-01-06 07:00:00,2023-01-06,7,0.9659258262890678,-0.2588190451025227,6,0.0909056890577515,0.995859506003199,0.00574,0.00595,0.00536,0.0048899999999999,0.00501,
2023-01-06 07:15:00,2023-01-06,7,0.9469301294951066,-0.3214394653031587,6,0.0910841412335439,0.9958432001152328,0.0163999999999999,0.0165,0.0156,0.0143,0.0155,
2023-01-06 07:30:00,2023-01-06,7,0.9238795325112872,-0.382683432365089,6,0.091262590484528,0.9958268622496852,0.0292,0.0295,0.0377,0.0361,0.0356,
2023-01-06 07:45:00,2023-01-06,7,0.8968727415326909,-0.4422886902189961,6,0.0914410368049734,0.9958104924070802,0.0462,0.0471,0.0645,0.061,0.0608,
2023-01-06 08:00:00,2023-01-06,8,0.8660254037844405,-0.4999999999999968,6,0.0916194801891501,0.9957940905879438,0.0693,0.102,0.216,0.212,0.196,
2023-01-06 08:15:00,2023-01-06,8,0.8314696123025461,-0.555570233019601,6,0.0917979206313281,0.9957776567928024,0.0844,0.131,0.272,0.267,0.255,
2023-01-06 08:30:00,2023-01-06,8,0.7933533402912348,-0.6087614290087211,6,0.0919763581257775,0.9957611910221842,0.0867,0.0862,0.109,0.102,0.106,
2023-01-06 08:45:00,2023-01-06,8,0.7518398074789756,-0.659345815100071,6,0.0921547926667684,0.9957446932766174,0.0790999999999999,0.0912999999999999,0.166,0.165,0.141,
2023-01-06 09:00:00,2023-01-06,9,0.7071067811865491,-0.707106781186546,6,0.0923332242485711,0.995728163556632,0.132,0.151,0.219,0.211,0.221,
2023-01-06 09:15:00,2023-01-06,9,0.659345815100069,-0.7518398074789774,6,0.0925116528654561,0.995711601862759,0.165,0.188,0.284,0.278,0.255,
2023-01-06 09:30:00,2023-01-06,9,0.6087614290087247,-0.7933533402912321,6,0.0926900785116937,0.9956950081955296,0.188,0.215,0.352,0.347,0.327,
2023-01-06 09:45:00,2023-01-06,9,0.5555702330196046,-0.8314696123025437,6,0.0928685011815545,0.9956783825554774,0.204,0.239,0.409,0.406,0.383,
2023-01-06 10:00:00,2023-01-06,10,0.5000000000000007,-0.8660254037844383,6,0.0930469208693093,0.9956617249431358,0.189,0.208,0.343,0.341,0.317,
2023-01-06 10:15:00,2023-01-06,10,0.442288690219,-0.8968727415326889,6,0.0932253375692287,0.9956450353590396,0.225,0.474,0.902,0.91,0.829,
2023-01-06 10:30:00,2023-01-06,10,0.382683432365093,-0.9238795325112854,6,0.0934037512755835,0.9956283138037252,0.209,0.208,0.228,0.214,0.23,
2023-01-06 10:45:00,2023-01-06,10,0.3214394653031629,-0.9469301294951052,6,0.0935821619826448,0.995611560277729,0.198,0.196,0.217,0.206,0.217,
2023-01-06 11:00:00,2023-01-06,11,0.2588190451025201,-0.9659258262890684,6,0.0937605696846837,0.9955947747815892,0.281,0.279,0.346,0.332,0.341,
2023-01-06 11:15:00,2023-01-06,11,0.1950903220161324,-0.9807852804032297,6,0.0939389743759711,0.9955779573158452,0.203,0.363,0.641,0.65,0.615,
2023-01-06 11:30:00,2023-01-06,11,0.1305261922200536,-0.9914448613738102,6,0.0941173760507784,0.9955611078810362,0.183,0.191,0.27,0.264,0.261,
2023-01-06 11:45:00,2023-01-06,11,0.065403129230143,-0.9978589232386036,6,0.0942957747033769,0.995544226477704,0.183,0.182,0.202,0.19,0.203,
2023-01-06 12:00:00,2023-01-06,12,-2.2056021997384123e-15,-1.0,6,0.094474170328038,0.9955273131063904,0.195,0.195,0.223,0.21,0.224,
2023-01-06 12:15:00,2023-01-06,12,-0.0654031292301403,-0.9978589232386036,6,0.0946525629190332,0.9955103677676382,0.18,0.178,0.165,0.149,0.173,
2023-01-06 12:30:00,2023-01-06,12,-0.130526192220051,-0.9914448613738104,6,0.0948309524706343,0.995493390461992,0.166,0.164,0.138,0.122,0.148,
2023-01-06 12:45:00,2023-01-06,12,-0.1950903220161228,-0.9807852804032317,6,0.0950093389771128,0.9954763811899968,0.151,0.15,0.121,0.106,0.13,
2023-01-06 13:00:00,2023-01-06,13,-0.2588190451025174,-0.9659258262890692,6,0.0951877224327406,0.9954593399521988,0.117,0.116,0.092,0.0803,0.0996,
2023-01-06 13:15:00,2023-01-06,13,-0.3214394653031603,-0.946930129495106,6,0.0953661028317897,0.9954422667491452,0.101,0.1,0.08,0.0702,0.0861,
2023-01-06 13:30:00,2023-01-06,13,-0.3826834323650905,-0.9238795325112864,6,0.0955444801685321,0.9954251615813844,0.11,0.109,0.0912,0.0809,0.0975999999999999,
2023-01-06 13:45:00,2023-01-06,13,-0.4422886902190039,-0.8968727415326869,6,0.0957228544372398,0.9954080244494652,0.0991,0.0983,0.0823,0.072,0.0885,
2023-01-06 14:00:00,2023-01-06,14,-0.4999999999999983,-0.8660254037844396,6,0.0959012256321851,0.9953908553539382,0.0635,0.0628,0.0554,0.0489,0.0584,
2023-01-06 14:15:00,2023-01-06,14,-0.5555702330196024,-0.8314696123025451,6,0.0960795937476402,0.9953736542953548,0.0517,0.0513,0.0416,0.0361,0.0445,
2023-01-06 14:30:00,2023-01-06,14,-0.6087614290087169,-0.793353340291238,6,0.0962579587778777,0.9953564212742672,0.0507,0.0502,0.0389,0.0329,0.0426,
2023-01-06 14:45:00,2023-01-06,14,-0.6593458151000668,-0.7518398074789792,6,0.09643632071717,0.9953391562912288,0.0243,0.0241,0.0192,0.0168,0.0202,
2023-01-06 15:00:00,2023-01-06,15,-0.7071067811865471,-0.7071067811865479,6,0.0966146795597897,0.995321859346794,0.0272,0.027,0.0226999999999999,0.02,0.0236,
2023-01-06 15:15:00,2023-01-06,15,-0.7518398074789785,-0.6593458151000676,6,0.0967930353000096,0.9953045304415182,0.0201,0.0198999999999999,0.0179,0.0161,0.0184,
2023-01-06 15:30:00,2023-01-06,15,-0.7933533402912332,-0.6087614290087232,6,0.0969713879321023,0.995287169575958,0.0132,0.0129,0.0113,0.0101,0.011,
2023-01-06 15:45:00,2023-01-06,15,-0.8314696123025446,-0.5555702330196032,6,0.097149737450341,0.9952697767506706,0.00523,0.00509,0.00487,0.00456,0.00409,
2023-01-06 16:00:00,2023-01-06,16,-0.8660254037844392,-0.4999999999999991,6,0.0973280838489984,0.9952523519662148,0.0034,0.00328,0.00374,0.00368,0.00295,
2023-01-06 16:15:00,2023-01-06,16,-0.8968727415326866,-0.4422886902190048,6,0.0975064271223479,0.99523489522315,0.00104,0.00107,0.00112,0.000986,0.000291,
2023-01-06 16:30:00,2023-01-06,16,-0.923879532511286,-0.3826834323650914,6,0.0976847672646625,0.9952174065220366,-0.000136,-0.000152,3.1e-05,3.06e-05,-0.000771,
2023-01-06 16:45:00,2023-01-06,16,-0.9469301294951058,-0.3214394653031613,6,0.0978631042702155,0.9951998858634364,-0.000145,-2.13e-05,0.000259,0.00021,-0.000527,
2023-01-06 17:00:00,2023-01-06,17,-0.9659258262890688,-0.2588190451025184,6,0.0980414381332805,0.995182333247912,-0.000385,-0.000248,0.000155,0.000111,-0.000771,
2023-01-06 17:15:00,2023-01-06,17,-0.98078528040323,-0.1950903220161307,6,0.0982197688481309,0.9951647486760268,-0.000744,-0.00061,-0.0003,-0.000302,-0.00126,
2023-01-06 17:30:00,2023-01-06,17,-0.9914448613738104,-0.1305261922200519,6,0.0983980964090402,0.9951471321483458,-0.000616,-0.000504,-0.000162,-0.000119,-0.00101,
2023-01-06 17:45:00,2023-01-06,17,-0.9978589232386031,-0.0654031292301483,6,0.0985764208102823,0.9951294836654344,-0.000385,-0.00033,-0.000183,-0.000176,-0.000823,
2023-01-06 18:00:00,2023-01-06,18,-1.0,-3.1847006584197066e-15,6,0.0987547420461309,0.9951118032278596,-0.000211,-7.8e-05,0.000124,3.82e-05,-0.000634,
2023-01-06 18:15:00,2023-01-06,18,-0.9978589232386036,0.065403129230142,6,0.09893306011086,0.9950940908361888,-0.00048,-0.000433,-4.14e-05,-0.000134,-0.000771,
2023-01-06 18:30:00,2023-01-06,18,-0.9914448613738104,0.1305261922200526,6,0.0991113749987435,0.9950763464909907,-0.000422,-0.000298,-0.000245,-0.000122,-0.00075,
2023-01-06 18:45:00,2023-01-06,18,-0.9807852804032298,0.1950903220161314,6,0.0992896867040557,0.9950585701928356,-0.000533,-0.000411,-0.00011,1.3e-20,-0.000617,
2023-01-06 19:00:00,2023-01-06,19,-0.9659258262890688,0.2588190451025191,6,0.0994679952210706,0.995040761942294,-0.00157,-0.00141,-0.00082,-0.000673,-0.00157,
2023-01-06 19:15:00,2023-01-06,19,-0.9469301294951056,0.321439465303162,6,0.0996463005440627,0.9950229217399378,-0.00133,-0.00111,-0.000627,-0.000623,-0.00141,
2023-01-06 19:30:00,2023-01-06,19,-0.9238795325112884,0.3826834323650855,6,0.0998246026673063,0.9950050495863396,-0.00103,-0.000954,-0.000507,-0.000558,-0.00117,
2023-01-06 19:45:00,2023-01-06,19,-0.8968727415326894,0.4422886902189991,6,0.1000029015850761,0.994987145482074,-0.000459,-0.000496,2.76e-05,0.000398,-0.000835,
2023-01-06 20:00:00,2023-01-06,20,-0.8660254037844388,0.4999999999999998,6,0.1001811972916465,0.994969209427715,0.000145,9.57e-05,0.000293,0.000558,-0.000514,
2023-01-06 20:15:00,2023-01-06,20,-0.8314696123025442,0.5555702330196038,6,0.1003594897812925,0.9949512414238392,0.000339,0.00055,0.000531,0.000768,-0.000381,
2023-01-06 20:30:00,2023-01-06,20,-0.793353340291237,0.6087614290087182,6,0.1005377790482887,0.9949332414710232,7.03e-05,0.000355,0.000455,0.000638,-0.000497,
2023-01-06 20:45:00,2023-01-06,20,-0.751839807478978,0.6593458151000682,6,0.1007160650869101,0.9949152095698454,-0.00103,-0.00104,-0.000624,-0.000455,-0.0011,
2023-01-06 21:00:00,2023-01-06,21,-0.7071067811865517,0.7071067811865434,6,0.1008943478914319,0.9948971457208844,-0.00125,-0.000989,-0.000514,-0.000298,-0.00151,
2023-01-06 21:15:00,2023-01-06,21,-0.6593458151000717,0.7518398074789749,6,0.1010726274561291,0.9948790499247204,-0.00164,-0.00139,-0.000817,-0.000593,-0.00198,
2023-01-06 21:30:00,2023-01-06,21,-0.6087614290087219,0.7933533402912342,6,0.1012509037752769,0.9948609221819348,-1.24e-05,4.26e-05,0.00011,0.000386,-0.000236,
2023-01-06 21:45:00,2023-01-06,21,-0.5555702330196017,0.8314696123025456,6,0.1014291768431509,0.9948427624931092,-0.00126,-0.00121,-0.000751,-0.000409,-0.00128,
2023-01-06 22:00:00,2023-01-06,22,-0.4999999999999976,0.86602540378444,6,0.1016074466540263,0.9948245708588268,-0.000583,-0.000592,-0.000265,-9.94e-05,-0.00108,
2023-01-06 22:15:00,2023-01-06,22,-0.4422886902190033,0.8968727415326873,6,0.1017857132021788,0.9948063472796722,-4.14e-05,-6.740000000000001e-05,-1.38e-05,0.000111,-0.00069,
2023-01-06 22:30:00,2023-01-06,22,-0.3826834323650899,0.9238795325112868,6,0.1019639764818841,0.9947880917562302,0.000157,8.87e-05,0.000152,0.000226,-0.000463,
2023-01-06 22:45:00,2023-01-06,22,-0.3214394653031664,0.946930129495104,6,0.1021422364874179,0.994769804289087,-0.00024,-0.000252,-8.620000000000001e-05,7.259999999999999e-05,-0.000698,
2023-01-06 23:00:00,2023-01-06,23,-0.2588190451025236,0.9659258262890676,6,0.1023204932130561,0.99475148487883,-0.000124,-8.87e-05,2.07e-05,0.000195,-0.000544,
2023-01-06 23:15:00,2023-01-06,23,-0.195090322016129,0.9807852804032304,6,0.1024987466530747,0.9947331335260472,-6.62e-05,-4.26e-05,3.79e-05,0.000233,-0.00054,
2023-01-06 23:30:00,2023-01-06,23,-0.1305261922200502,0.9914448613738106,6,0.1026769968017498,0.994714750231328,7.03e-05,1.06e-05,7.240000000000001e-05,0.000313,-0.000317,
2023-01-06 23:45:00,2023-01-06,23,-0.0654031292301466,0.9978589232386031,6,0.1028552436533576,0.994696334995263,-5.79e-05,-7.09e-05,5.86e-05,0.000149,-0.000548,
2023-01-07 00:00:00,2023-01-07,0,-1.469576158976824e-15,1.0,7,0.1030334872021744,0.9946778878184432,-0.000203,-0.000234,-8.27e-05,5.73e-05,-0.000643,
2023-01-07 00:15:00,2023-01-07,0,0.0654031292301437,0.9978589232386036,7,0.1032117274424765,0.994659408701461,-0.000269,-0.000309,-6.890000000000001e-05,-1.3e-20,-0.000677,
2023-01-07 00:30:00,2023-01-07,0,0.1305261922200473,0.9914448613738108,7,0.1033899643685406,0.9946408976449098,-0.00043,-0.000394,-0.000121,-2.29e-05,-0.000694,
2023-01-07 00:45:00,2023-01-07,0,0.1950903220161261,0.9807852804032308,7,0.1035681979746433,0.994622354649384,-0.000575,-0.000543,-0.0003,-1.53e-05,-0.000771,
2023-01-07 01:00:00,2023-01-07,1,0.2588190451025207,0.9659258262890684,7,0.1037464282550612,0.9946037797154792,-0.000707,-0.000699,-0.000376,-0.000134,-0.000977,
2023-01-07 01:15:00,2023-01-07,1,0.3214394653031636,0.946930129495105,7,0.1039246552040713,0.9945851728437916,-0.000868,-0.000812,-0.000431,-0.000195,-0.00103,
2023-01-07 01:30:00,2023-01-07,1,0.3826834323650872,0.9238795325112878,7,0.1041028788159503,0.9945665340349188,-0.00181,-0.00165,-0.00105,-0.000711,-0.0019399999999999,
2023-01-07 01:45:00,2023-01-07,1,0.4422886902190007,0.8968727415326886,7,0.1042810990849755,0.9945478632894597,-0.00249,-0.00213,-0.00139,-0.000975,-0.00235,
2023-01-07 02:00:00,2023-01-07,2,0.4999999999999951,0.8660254037844415,7,0.104459316005424,0.994529160608013,-0.00271,-0.00227,-0.00147,-0.0011,-0.00228,
2023-01-07 02:15:00,2023-01-07,2,0.5555702330195993,0.8314696123025471,7,0.104637529571573,0.99451042599118,-0.00267,-0.0023,-0.00138,-0.00103,-0.0023799999999999,
2023-01-07 02:30:00,2023-01-07,2,0.6087614290087195,0.7933533402912359,7,0.1048157397776999,0.994491659439562,-0.0025099999999999,-0.00208,-0.00127,-0.000745,-0.0019,
2023-01-07 02:45:00,2023-01-07,2,0.6593458151000695,0.7518398074789768,7,0.1049939466180821,0.9944728609537614,-0.00245,-0.00209,-0.0014,-0.000979,-0.00212,
2023-01-07 03:00:00,2023-01-07,3,0.7071067811865496,0.7071067811865455,7,0.1051721500869974,0.9944540305343824,-0.00156,-0.00132,-0.000996,-0.000654,-0.00148,
2023-01-07 03:15:00,2023-01-07,3,0.751839807478976,0.6593458151000704,7,0.1053503501787233,0.994435168182029,-0.00111,-0.00094,-0.000496,-0.000356,-0.0012,
2023-01-07 03:30:00,2023-01-07,3,0.7933533402912353,0.6087614290087205,7,0.1055285468875377,0.9944162738973076,-0.0014,-0.00124,-0.000648,-0.000394,-0.0016699999999999,
2023-01-07 03:45:00,2023-01-07,3,0.8314696123025426,0.5555702330196063,7,0.1057067402077185,0.9943973476808242,-0.00132,-0.00115,-0.000976,-0.000799,-0.00165,
2023-01-07 04:00:00,2023-01-07,4,0.8660254037844373,0.5000000000000023,7,0.1058849301335437,0.994378389533187,-0.0020299999999999,-0.00159,-0.000872,-0.000757,-0.0019,
2023-01-07 04:15:00,2023-01-07,4,0.896872741532688,0.4422886902190018,7,0.1060631166592914,0.9943593994550046,-0.00242,-0.00218,-0.000945,-0.000791,-0.0026,
2023-01-07 04:30:00,2023-01-07,4,0.9238795325112874,0.3826834323650883,7,0.10624129977924,0.994340377446887,-0.00245,-0.00214,-0.00139,-0.00122,-0.0025499999999999,
2023-01-07 04:45:00,2023-01-07,4,0.9469301294951046,0.3214394653031647,7,0.1064194794876676,0.9943213235094448,-0.00268,-0.00215,-0.00161,-0.00147,-0.00225,
2023-01-07 05:00:00,2023-01-07,5,0.965925826289068,0.2588190451025219,7,0.1065976557788529,0.9943022376432898,-0.00247,-0.00211,-0.000931,-0.000791,-0.00231,
2023-01-07 05:15:00,2023-01-07,5,0.9807852804032292,0.1950903220161343,7,0.1067758286470743,0.9942831198490352,-0.0023799999999999,-0.00195,-0.00101,-0.000887,-0.00224,
2023-01-07 05:30:00,2023-01-07,5,0.99144486137381,0.1305261922200556,7,0.1069539980866106,0.9942639701272944,-0.00227,-0.0018,-0.0011899999999999,-0.00101,-0.00199,
2023-01-07 05:45:00,2023-01-07,5,0.9978589232386034,0.0654031292301449,7,0.1071321640917406,0.9942447884786826,-0.00228,-0.00188,-0.000969,-0.000654,-0.00196,
2023-01-07 06:00:00,2023-01-07,6,1.0,-2.45548340466059e-16,7,0.107310326656743,0.9942255749038158,-0.00222,-0.00179,-0.0007,-0.000531,-0.00188,
2023-01-07 06:15:00,2023-01-07,6,0.9978589232386034,-0.0654031292301454,7,0.1074884857758971,0.9942063294033108,-0.00086,-0.000518,6.89e-06,0.000195,-0.000441,
2023-01-07 06:30:00,2023-01-07,6,0.9914448613738108,-0.130526192220049,7,0.1076666414434818,0.994187051977786,-0.00019,0.000188,0.000765,0.00083,0.000253,
2023-01-07 06:45:00,2023-01-07,6,0.9807852804032304,-0.1950903220161278,7,0.1078447936537764,0.9941677426278598,0.00114,0.0017,0.00175,0.0018,0.00158,
2023-01-07 07:00:00,2023-01-07,7,0.9659258262890696,-0.2588190451025156,7,0.1080229424010602,0.9941484013541526,0.00674,0.00731,0.00711,0.00698,0.00692,
2023-01-07 07:15:00,2023-01-07,7,0.9469301294951068,-0.3214394653031585,7,0.1082010876796128,0.9941290281572854,0.0197,0.0201,0.0218,0.0206,0.0214,
2023-01-07 07:30:00,2023-01-07,7,0.9238795325112872,-0.3826834323650887,7,0.1083792294837136,0.9941096230378804,0.0391,0.0407999999999999,0.0532,0.0506,0.0512,
2023-01-07 07:45:00,2023-01-07,7,0.8968727415326878,-0.4422886902190022,7,0.1085573678076424,0.9940901859965604,0.0527,0.0526,0.0629,0.0588,0.0616,
2023-01-07 08:00:00,2023-01-07,8,0.8660254037844406,-0.4999999999999966,7,0.1087355026456789,0.99407071703395,0.0436,0.117,0.331,0.33,0.286,
2023-01-07 08:15:00,2023-01-07,8,0.8314696123025462,-0.5555702330196007,7,0.108913633992103,0.9940512161506742,0.0492,0.173,0.484,0.486,0.423,
2023-01-07 08:30:00,2023-01-07,8,0.7933533402912349,-0.6087614290087209,7,0.1090917618411948,0.9940316833473588,0.0592,0.119,0.278,0.278,0.247,
2023-01-07 08:45:00,2023-01-07,8,0.7518398074789804,-0.6593458151000654,7,0.1092698861872344,0.9940121186246316,0.082,0.264,0.64,0.643,0.569,
2023-01-07 09:00:00,2023-01-07,9,0.7071067811865492,-0.7071067811865458,7,0.109448007024502,0.9939925219831206,0.178,0.223,0.392,0.387,0.365,
2023-01-07 09:15:00,2023-01-07,9,0.6593458151000691,-0.7518398074789772,7,0.109626124347278,0.9939728934234552,0.183,0.187,0.237,0.227,0.232,
2023-01-07 09:30:00,2023-01-07,9,0.6087614290087192,-0.7933533402912363,7,0.1098042381498428,0.9939532329462653,0.173,0.172,0.195,0.184,0.195,
2023-01-07 09:45:00,2023-01-07,9,0.5555702330196048,-0.8314696123025435,7,0.109982348426477,0.9939335405521824,0.192,0.194,0.221,0.209,0.221,
2023-01-07 10:00:00,2023-01-07,10,0.5000000000000009,-0.8660254037844382,7,0.1101604551714613,0.9939138162418392,0.177,0.175,0.169,0.155,0.175,
2023-01-07 10:15:00,2023-01-07,10,0.4422886902190066,-0.8968727415326857,7,0.1103385583790765,0.9938940600158688,0.188,0.186,0.19,0.176,0.194,
2023-01-07 10:30:00,2023-01-07,10,0.3826834323650933,-0.9238795325112852,7,0.1105166580436035,0.9938742718749052,0.236,0.234,0.257,0.24,0.259,
2023-01-07 10:45:00,2023-01-07,10,0.3214394653031631,-0.9469301294951052,7,0.1106947541593234,0.9938544518195844,0.222,0.22,0.224,0.206,0.229,
2023-01-07 11:00:00,2023-01-07,11,0.2588190451025203,-0.9659258262890684,7,0.1108728467205172,0.9938345998505428,0.197,0.194,0.184,0.167,0.191,
2023-01-07 11:15:00,2023-01-07,11,0.1950903220161257,-0.980785280403231,7,0.1110509357214664,0.9938147159684178,0.162,0.16,0.14,0.126,0.148,
2023-01-07 11:30:00,2023-01-07,11,0.1305261922200539,-0.9914448613738102,7,0.1112290211564521,0.9937948001738476,0.126,0.124,0.114,0.105,0.119,
2023-01-07 11:45:00,2023-01-07,11,0.0654031292301432,-0.9978589232386036,7,0.111407103019756,0.993774852467472,0.142,0.14,0.131,0.12,0.136,
2023-01-07 12:00:00,2023-01-07,12,5.14475451769206e-15,-1.0,7,0.1115851813056595,0.9937548728499312,0.161,0.159,0.148,0.135,0.154,
2023-01-07 12:15:00,2023-01-07,12,-0.06540312923014,-0.9978589232386036,7,0.1117632560084445,0.9937348613218672,0.142,0.141,0.13,0.119,0.136,
2023-01-07 12:30:00,2023-01-07,12,-0.1305261922200507,-0.9914448613738104,7,0.1119413271223928,0.9937148178839226,0.169,0.167,0.157,0.144,0.163,
2023-01-07 12:45:00,2023-01-07,12,-0.1950903220161295,-0.9807852804032302,7,0.1121193946417863,0.9936947425367408,0.174,0.172,0.166,0.154,0.172,
2023-01-07 13:00:00,2023-01-07,13,-0.2588190451025172,-0.9659258262890692,7,0.112297458560907,0.9936746352809664,0.207,0.277,0.4,0.406,0.382,
2023-01-07 13:15:00,2023-01-07,13,-0.3214394653031601,-0.946930129495106,7,0.1124755188740373,0.993654496117245,0.124,0.123,0.108,0.101,0.113,
2023-01-07 13:30:00,2023-01-07,13,-0.3826834323650903,-0.9238795325112864,7,0.1126535755754592,0.9936343250462236,0.0869,0.0859,0.0779,0.0729,0.0792,
2023-01-07 13:45:00,2023-01-07,13,-0.4422886902189973,-0.8968727415326903,7,0.1128316286594553,0.9936141220685496,0.0982,0.0970999999999999,0.0858,0.0789,0.0895,
2023-01-07 14:00:00,2023-01-07,14,-0.4999999999999981,-0.8660254037844397,7,0.1130096781203082,0.993593887184872,0.0975,0.0969,0.0945,0.0907,0.0968,
2023-01-07 14:15:00,2023-01-07,14,-0.5555702330196022,-0.8314696123025452,7,0.1131877239523003,0.9935736203958404,0.122,0.122,0.13,0.127,0.131,
2023-01-07 14:30:00,2023-01-07,14,-0.6087614290087223,-0.7933533402912339,7,0.1133657661497145,0.993553321702106,0.0909,0.0902999999999999,0.0866,0.0807,0.0896,
2023-01-07 14:45:00,2023-01-07,14,-0.6593458151000667,-0.7518398074789793,7,0.1135438047068337,0.9935329911043198,0.0542,0.0536,0.0453999999999999,0.0395,0.0481,
2023-01-07 15:00:00,2023-01-07,15,-0.707106781186547,-0.707106781186548,7,0.1137218396179409,0.9935126286031352,0.0281,0.0276,0.0214,0.0185,0.0226999999999999,
2023-01-07 15:15:00,2023-01-07,15,-0.7518398074789736,-0.6593458151000732,7,0.1138998708773191,0.993492234199206,0.0224,0.0221,0.0189,0.0171,0.0195,
2023-01-07 15:30:00,2023-01-07,15,-0.7933533402912331,-0.6087614290087234,7,0.1140778984792516,0.993471807893187,0.00982,0.0097899999999999,0.0101,0.00985,0.00966,
2023-01-07 15:45:00,2023-01-07,15,-0.8314696123025445,-0.5555702330196034,7,0.1142559224180217,0.9934513496857342,0.00733,0.00748,0.0094399999999999,0.00974,0.00884,
2023-01-07 16:00:00,2023-01-07,16,-0.866025403784439,-0.4999999999999994,7,0.114433942687913,0.9934308595775044,0.00179,0.0023,0.00841,0.0104,0.00675,
2023-01-07 16:15:00,2023-01-07,16,-0.8968727415326896,-0.4422886902189987,7,0.1146119592832089,0.9934103375691558,-0.00122,-0.000876,-0.000379,-0.000443,-0.000797,
2023-01-07 16:30:00,2023-01-07,16,-0.923879532511286,-0.3826834323650916,7,0.1147899721981933,0.9933897836613472,-0.00297,-0.00278,-0.00232,-0.0019199999999999,-0.00291,
2023-01-07 16:45:00,2023-01-07,16,-0.9469301294951056,-0.3214394653031615,7,0.1149679814271498,0.9933691978547384,-0.00235,-0.00215,-0.00156,-0.00121,-0.00197,
2023-01-07 17:00:00,2023-01-07,17,-0.965925826289067,-0.2588190451025255,7,0.1151459869643624,0.9933485801499908,-0.000993,-0.000801,-0.000517,-0.000359,-0.00087,
2023-01-07 17:15:00,2023-01-07,17,-0.98078528040323,-0.1950903220161309,7,0.1153239888041153,0.9933279305477664,-0.00072,-0.000599,-0.000345,-0.000405,-0.000608,
2023-01-07 17:30:00,2023-01-07,17,-0.9914448613738104,-0.1305261922200522,7,0.1155019869406925,0.993307249048728,-0.00133,-0.00117,-0.00072,-0.000726,-0.00117,
2023-01-07 17:45:00,2023-01-07,17,-0.9978589232386036,-0.0654031292301415,7,0.1156799813683783,0.9932865356535402,-0.00207,-0.00188,-0.00115,-0.000952,-0.00195,
2023-01-07 18:00:00,2023-01-07,18,-1.0,-3.4296300182491773e-15,7,0.1158579720814572,0.9932657903628676,-0.00231,-0.0020099999999999,-0.00131,-0.00101,-0.002,
2023-01-07 18:15:00,2023-01-07,18,-0.9978589232386036,0.0654031292301417,7,0.1160359590742137,0.9932450131773768,-0.00249,-0.00215,-0.00135,-0.00101,-0.00215,
2023-01-07 18:30:00,2023-01-07,18,-0.9914448613738112,0.1305261922200454,7,0.1162139423409324,0.9932242040977346,-0.00225,-0.0019199999999999,-0.00111,-0.00078,-0.00183,
2023-01-07 18:45:00,2023-01-07,18,-0.9807852804032312,0.1950903220161242,7,0.1163919218758981,0.9932033631246094,-0.0019399999999999,-0.0016899999999999,-0.000924,-0.000596,-0.00166,
2023-01-07 19:00:00,2023-01-07,19,-0.9659258262890688,0.2588190451025188,7,0.1165698976733957,0.9931824902586704,-0.00208,-0.0018,-0.0011899999999999,-0.000937,-0.0018,
2023-01-07 19:15:00,2023-01-07,19,-0.9469301294951056,0.3214394653031617,7,0.1167478697277103,0.993161585500588,-0.00242,-0.00207,-0.00124,-0.000902,-0.00191,
2023-01-07 19:30:00,2023-01-07,19,-0.923879532511286,0.3826834323650919,7,0.1169258380331269,0.993140648851033,-0.00247,-0.00208,-0.00134,-0.000982,-0.00183,
2023-01-07 19:45:00,2023-01-07,19,-0.8968727415326895,0.4422886902189989,7,0.1171038025839307,0.9931196803106782,-0.00252,-0.00218,-0.00112,-0.000994,-0.0018,
2023-01-07 20:00:00,2023-01-07,20,-0.8660254037844425,0.4999999999999934,7,0.1172817633744072,0.9930986798801968,-0.00126,-0.00104,-0.000186,-0.0006,-0.000566,
2023-01-07 20:15:00,2023-01-07,20,-0.8314696123025443,0.5555702330196036,7,0.1174597203988418,0.993077647560263,-0.00158,-0.00135,-0.000465,-0.000707,-0.00102,
2023-01-07 20:30:00,2023-01-07,20,-0.7933533402912372,0.608761429008718,7,0.1176376736515202,0.9930565833515522,-0.000844,-0.000667,-0.000334,-0.000459,-0.000313,
2023-01-07 20:45:00,2023-01-07,20,-0.7518398074789782,0.659345815100068,7,0.117815623126728,0.993035487254741,-0.000624,-0.000553,-0.000269,-0.000344,-0.000501,
2023-01-07 21:00:00,2023-01-07,21,-0.7071067811865519,0.7071067811865432,7,0.1179935688187512,0.9930143592705064,-0.000902,-0.000826,-0.000145,-0.000409,-0.000608,
2023-01-07 21:15:00,2023-01-07,21,-0.6593458151000665,0.7518398074789795,7,0.1181715107218757,0.9929931993995276,-0.000637,-0.000592,-0.000479,-0.000436,-0.000613,
2023-01-07 21:30:00,2023-01-07,21,-0.6087614290087221,0.793353340291234,7,0.1183494488303876,0.9929720076424832,-0.00146,-0.00141,-0.000941,-0.000887,-0.00105,
2023-01-07 21:45:00,2023-01-07,21,-0.5555702330196078,0.8314696123025415,7,0.1185273831385731,0.992950784000054,-0.00098,-0.000979,-0.000217,-0.000474,-0.000514,
2023-01-07 22:00:00,2023-01-07,22,-0.4999999999999979,0.8660254037844398,7,0.1187053136407187,0.9929295284729216,-0.000984,-0.000982,-0.000114,-0.000463,-0.000728,
2023-01-07 22:15:00,2023-01-07,22,-0.4422886902190035,0.8968727415326871,7,0.1188832403311106,0.9929082410617688,-0.000902,-0.000837,-0.00029,-0.000516,-0.00081,
2023-01-07 22:30:00,2023-01-07,22,-0.3826834323650901,0.9238795325112866,7,0.1190611632040355,0.9928869217672786,-0.00106,-0.00094,-0.00062,-0.000646,-0.00103,
2023-01-07 22:45:00,2023-01-07,22,-0.3214394653031666,0.946930129495104,7,0.1192390822537802,0.992865570590136,-0.00117,-0.000986,-0.000589,-0.000719,-0.000857,
2023-01-07 23:00:00,2023-01-07,23,-0.2588190451025169,0.9659258262890692,7,0.1194169974746314,0.9928441875310264,-0.000575,-0.000457,-0.000265,-0.000401,-0.00054,
2023-01-07 23:15:00,2023-01-07,23,-0.1950903220161292,0.9807852804032302,7,0.1195949088608761,0.9928227725906364,-0.00153,-0.00138,-0.00091,-0.00104,-0.00126,
2023-01-07 23:30:00,2023-01-07,23,-0.1305261922200575,0.9914448613738096,7,0.1197728164068014,0.992801325769654,-0.0014,-0.00123,-0.000586,-0.00081,-0.0011799999999999,
2023-01-07 23:45:00,2023-01-07,23,-0.0654031292301469,0.9978589232386031,7,0.1199507201066945,0.9927798470687677,-0.000819,-0.000702,-0.000596,-0.000631,-0.000844,
2023-04-01 00:00:00,2023-04-01,0,-7.832787669450353e-15,1.0,91,0.9997458409224182,0.0225444795532454,0.000112,-8.51e-05,-0.000545,-0.00042,-0.00104,
2023-04-01 00:15:00,2023-04-01,0,0.0654031292301799,0.997858923238601,91,0.9997498647423646,0.0223653291418574,-0.000835,-0.000713,-0.000572,-0.000566,-0.000925,
2023-04-01 00:30:00,2023-04-01,0,0.1305261922200199,0.9914448613738146,91,0.999753856459282,0.0221861780122951,-0.00212,-0.0016,-0.000645,-0.000722,-0.00102,
2023-04-01 00:45:00,2023-04-01,0,0.1950903220161408,0.980785280403228,91,0.9997578160730424,0.0220070261703109,-0.00166,-0.0011899999999999,-0.000631,-0.00055,-0.00114,
2023-04-01 01:00:00,2023-04-01,1,0.2588190451024665,0.9659258262890827,91,0.9997617435835184,0.0218278736216578,-0.00112,-0.000922,-0.000627,-0.000589,-0.000968,
2023-04-01 01:15:00,2023-04-01,1,0.3214394653031509,0.9469301294951094,91,0.9997656389905842,0.0216487203720887,-0.000364,-0.00039,-0.00062,-0.000558,-0.00116,
2023-04-01 01:30:00,2023-04-01,1,0.3826834323651207,0.923879532511274,91,0.9997695022941144,0.021469566427356,8.269999999999999e-06,3.55e-06,-0.00061,-0.000417,-0.00116,
2023-04-01 01:45:00,2023-04-01,1,0.4422886902189695,0.896872741532704,91,0.9997733334939852,0.0212904117932129,-0.00147,-0.000989,-0.000638,-0.000501,-0.00128,
2023-04-01 02:00:00,2023-04-01,2,0.5000000000000081,0.8660254037844339,91,0.9997771325900736,0.0211112564754119,-0.00125,-0.00103,-0.000617,-0.000619,-0.00114,
2023-04-01 02:15:00,2023-04-01,2,0.5555702330195527,0.8314696123025783,91,0.9997808995822572,0.0209321004797063,-0.00126,-0.00101,-0.00062,-0.000562,-0.00107,
2023-04-01 02:30:00,2023-04-01,2,0.6087614290087089,0.7933533402912442,91,0.9997846344704154,0.0207529438118488,-0.000939,-0.000798,-0.000538,-0.000493,-0.00101,
2023-04-01 02:45:00,2023-04-01,2,0.6593458151000914,0.7518398074789576,91,0.9997883372544284,0.0205737864775917,-0.0018,-0.00148,-0.000779,-0.00078,-0.00133,
2023-04-01 03:00:00,2023-04-01,3,0.7071067811865199,0.7071067811865751,91,0.9997920079341768,0.020394628482689,-0.0016699999999999,-0.00135,-0.000648,-0.00065,-0.0011,
2023-04-01 03:15:00,2023-04-01,3,0.7518398074789813,0.6593458151000645,91,0.9997956465095432,0.0202154698328929,-0.0020499999999999,-0.00179,-0.00124,-0.00104,-0.002,
2023-04-01 03:30:00,2023-04-01,3,0.7933533402911968,0.6087614290087707,91,0.9997992529804104,0.0200363105339568,-0.00204,-0.00173,-0.0012,-0.000963,-0.00179,
2023-04-01 03:45:00,2023-04-01,3,0.831469612302535,0.5555702330196175,91,0.9998028273466628,0.0198571505916336,-0.00335,-0.00279,-0.0019,-0.00165,-0.00247,
2023-04-01 04:00:00,2023-04-01,4,0.8660254037844519,0.4999999999999771,91,0.999806369608186,0.0196779900116759,-0.00381,-0.00322,-0.00221,-0.00208,-0.00314,
2023-04-01 04:15:00,2023-04-01,4,0.8968727415326695,0.4422886902190393,91,0.9998098797648656,0.0194988287998374,-0.00356,-0.0028599999999999,-0.0015,-0.00145,-0.00187,
2023-04-01 04:30:00,2023-04-01,4,0.9238795325112876,0.3826834323650876,91,0.9998133578165888,0.0193196669618703,-0.000715,-0.000649,-0.00122,-0.000673,-0.0014399999999999,
2023-04-01 04:45:00,2023-04-01,4,0.9469301294950844,0.3214394653032246,91,0.9998168037632448,0.0191405045035286,-0.00256,-0.00214,-0.00132,-0.00135,-0.00198,
2023-04-01 05:00:00,2023-04-01,5,0.9659258262890628,0.2588190451025418,91,0.999820217604722,0.0189613414305651,0.00257,0.00293,0.00328,0.00282,0.00268,
2023-04-01 05:15:00,2023-04-01,5,0.980785280403235,0.1950903220161057,91,0.9998235993409113,0.0187821777487325,0.0070199999999999,0.00687,0.00495,0.00423,0.0047,
2023-04-01 05:30:00,2023-04-01,5,0.9914448613738044,0.1305261922200971,91,0.999826948971704,0.0186030134637845,0.0176,0.0172,0.0128,0.0114,0.013,
2023-04-01 05:45:00,2023-04-01,5,0.9978589232386036,0.0654031292301442,91,0.9998302664969924,0.0184238485814738,0.0238,0.0238,0.0212,0.0189,0.0218,
2023-04-01 06:00:00,2023-04-01,6,1.0,7.006650938841648e-14,91,0.9998335519166702,0.0182446831075539,0.0547,0.0541,0.0453999999999999,0.0395,0.0477,
2023-04-01 06:15:00,2023-04-01,6,0.9978589232386053,-0.0654031292301178,91,0.999836805230632,0.0180655170477775,0.0732,0.0733,0.0612,0.0527,0.0642,
2023-04-01 06:30:00,2023-04-01,6,0.9914448613738078,-0.1305261922200709,91,0.9998400264387728,0.0178863504078986,0.0975999999999999,0.0963,0.0778,0.0670999999999999,0.0825999999999999,
2023-04-01 06:45:00,2023-04-01,6,0.98078528040324,-0.1950903220160798,91,0.9998432155409896,0.0177071831936701,0.114,0.114,0.101,0.0888,0.104,
2023-04-01 07:00:00,2023-04-01,7,0.9659258262890696,-0.2588190451025163,91,0.99984637253718,0.0175280154108448,0.133,0.132,0.133,0.119,0.134,
2023-04-01 07:15:00,2023-04-01,7,0.9469301294951292,-0.3214394653030919,91,0.9998494974272424,0.0173488470651766,0.145,0.144,0.141,0.127,0.143,
2023-04-01 07:30:00,2023-04-01,7,0.9238795325112976,-0.3826834323650632,91,0.9998525902110764,0.0171696781624183,0.209,0.219,0.225,0.2,0.228,
2023-04-01 07:45:00,2023-04-01,7,0.8968727415326813,-0.4422886902190156,91,0.9998556508885832,0.0169905087083237,0.279,0.31,0.317,0.279,0.322,
2023-04-01 08:00:00,2023-04-01,8,0.8660254037844651,-0.4999999999999541,91,0.999858679459664,0.0168113387086455,0.3,0.334,0.343,0.303,0.347,
2023-04-01 08:15:00,2023-04-01,8,0.8314696123025498,-0.5555702330195954,91,0.9998616759242218,0.0166321681691375,0.376,0.517,0.558,0.491,0.56,
2023-04-01 08:30:00,2023-04-01,8,0.793353340291282,-0.6087614290086595,91,0.9998646402821604,0.016452997095553,0.332,0.35,0.357,0.318,0.361,
2023-04-01 08:45:00,2023-04-01,8,0.7518398074789987,-0.6593458151000446,91,0.9998675725333842,0.0162738254936452,0.362,0.401,0.422,0.379,0.424,
2023-04-01 09:00:00,2023-04-01,9,0.7071067811865387,-0.7071067811865563,91,0.9998704726777996,0.0160946533691678,0.371,0.728,0.858,0.778,0.846,
2023-04-01 09:15:00,2023-04-01,9,0.6593458151001113,-0.7518398074789402,91,0.9998733407153132,0.015915480727874,0.4,0.712,0.836,0.76,0.826,
2023-04-01 09:30:00,2023-04-01,9,0.6087614290087299,-0.7933533402912281,91,0.9998761766458328,0.015736307575517,0.326,0.776,0.951,0.872,0.936,
2023-04-01 09:45:00,2023-04-01,9,0.5555702330196692,-0.8314696123025005,91,0.9998789804692676,0.0155571339178505,0.298,0.847,1.05,0.972,1.04,
2023-04-01 10:00:00,2023-04-01,10,0.500000000000031,-0.8660254037844207,91,0.9998817521855274,0.0153779597606279,0.411,0.524,0.611,0.563,0.608,
2023-04-01 10:15:00,2023-04-01,10,0.4422886902189932,-0.8968727415326923,91,0.9998844917945232,0.0151987851096029,0.404,0.624,0.756,0.705,0.748,
2023-04-01 10:30:00,2023-04-01,10,0.3826834323651451,-0.923879532511264,91,0.9998871992961672,0.0150196099705288,0.367,0.667,0.838,0.79,0.826,
2023-04-01 10:45:00,2023-04-01,10,0.3214394653031759,-0.9469301294951008,91,0.9998898746903724,0.0148404343491588,0.364,0.866,1.05,0.985,1.04,
2023-04-01 11:00:00,2023-04-01,11,0.2588190451026019,-0.9659258262890466,91,0.9998925179770524,0.014661258251247,0.386,0.863,1.05,0.982,1.03,
2023-04-01 11:15:00,2023-04-01,11,0.1950903220161667,-0.9807852804032228,91,0.9998951291561232,0.0144820816825464,0.387,0.821,0.986,0.93,0.984,
2023-04-01 11:30:00,2023-04-01,11,0.1305261922200461,-0.9914448613738112,91,0.9998977082275,0.0143029046488108,0.433,0.78,0.918,0.866,0.919,
2023-04-01 11:45:00,2023-04-01,11,0.0654031292300928,-0.9978589232386068,91,0.9999002551911008,0.0141237271557937,0.452,0.673,0.769,0.723,0.771,
2023-04-01 12:00:00,2023-04-01,12,1.8613393385766592e-14,-1.0,91,0.9999027700468436,0.0139445492092491,0.338,0.674,0.835,0.8,0.828,
2023-04-01 12:15:00,2023-04-01,12,-0.0654031292300557,-0.9978589232386093,91,0.9999052527946471,0.0137653708149301,0.393,0.553,0.659,0.626,0.659,
2023-04-01 12:30:00,2023-04-01,12,-0.1305261922200092,-0.991444861373816,91,0.9999077034344324,0.0135861919785903,0.366,0.744,0.914,0.88,0.909,
2023-04-01 12:45:00,2023-04-01,12,-0.1950903220161302,-0.98078528040323,91,0.9999101219661204,0.0134070127059836,0.263,0.802,1.01,0.988,1.01,
2023-04-01 13:00:00,2023-04-01,13,-0.258819045102566,-0.9659258262890562,91,0.9999125083896332,0.0132278330028633,0.328,0.372,0.413,0.393,0.415,
2023-04-01 13:15:00,2023-04-01,13,-0.3214394653031406,-0.9469301294951128,91,0.9999148627048946,0.0130486528749833,0.262,0.704,0.881,0.863,0.876,
2023-04-01 13:30:00,2023-04-01,13,-0.3826834323650057,-0.9238795325113216,91,0.9999171849118288,0.0128694723280974,0.207,0.703,0.891,0.882,0.885,
2023-04-01 13:45:00,2023-04-01,13,-0.4422886902189598,-0.8968727415327088,91,0.9999194750103612,0.0126902913679588,0.178,0.696,0.876,0.869,0.872,
2023-04-01 14:00:00,2023-04-01,14,-0.4999999999999987,-0.8660254037844394,91,0.9999217330004184,0.0125111100003218,0.229,0.675,0.815,0.808,0.811,
2023-04-01 14:15:00,2023-04-01,14,-0.5555702330196383,-0.8314696123025211,91,0.9999239588819276,0.0123319282309395,0.281,0.512,0.609,0.606,0.615,
2023-04-01 14:30:00,2023-04-01,14,-0.6087614290087003,-0.7933533402912507,91,0.9999261526548178,0.0121527460655661,0.227,0.595,0.703,0.704,0.708,
2023-04-01 14:45:00,2023-04-01,14,-0.6593458150999978,-0.7518398074790397,91,0.999928314319018,0.011973563509955,0.372,0.639,0.694,0.681,0.714,
2023-04-01 15:00:00,2023-04-01,15,-0.7071067811865124,-0.7071067811865827,91,0.9999304438744594,0.01179438056986,0.195,0.402,0.46,0.471,0.468,
2023-04-01 15:15:00,2023-04-01,15,-0.7518398074789742,-0.6593458151000726,91,0.9999325413210732,0.0116151972510352,0.11,0.109,0.124,0.125,0.122,
2023-04-01 15:30:00,2023-04-01,15,-0.7933533402912594,-0.608761429008689,91,0.999934606658792,0.0114360135592338,0.11,0.109,0.109,0.104,0.111,
2023-04-01 15:45:00,2023-04-01,15,-0.831469612302529,-0.5555702330196264,91,0.9999366398875495,0.0112568295002101,0.16,0.163,0.152,0.145,0.158,
2023-04-01 16:00:00,2023-04-01,16,-0.8660254037844465,-0.4999999999999864,91,0.9999386410072808,0.0110776450797175,0.163,0.16,0.147,0.137,0.153,
2023-04-01 16:15:00,2023-04-01,16,-0.8968727415326647,-0.442288690219049,91,0.9999406100179214,0.0108984603035102,0.102,0.101,0.103,0.1,0.104,
2023-04-01 16:30:00,2023-04-01,16,-0.9238795325112836,-0.3826834323650975,91,0.999942546919408,0.0107192751773415,0.134,0.24,0.23,0.25,0.243,
2023-04-01 16:45:00,2023-04-01,16,-0.9469301294951172,-0.3214394653031271,91,0.9999444517116785,0.0105400897069655,0.112,0.189,0.168,0.183,0.178,
2023-04-01 17:00:00,2023-04-01,17,-0.96592582628906,-0.2588190451025522,91,0.9999463243946716,0.0103609038981363,0.0828,0.135,0.109,0.121,0.12,
2023-04-01 17:15:00,2023-04-01,17,-0.9807852804032328,-0.1950903220161163,91,0.9999481649683272,0.0101817177566072,0.0455,0.0683,0.0523999999999999,0.0629,0.0578,
2023-04-01 17:30:00,2023-04-01,17,-0.991444861373803,-0.1305261922201078,91,0.9999499734325864,0.0100025312881326,0.0121,0.0123,0.013,0.0126,0.0118,
2023-04-01 17:45:00,2023-04-01,17,-0.9978589232386028,-0.0654031292301549,91,0.9999517497873908,0.0098233444984661,0.000753,0.0012,0.00267,0.0025,0.00186,
2023-04-01 18:00:00,2023-04-01,18,-1.0,3.2839722616883303e-14,91,0.9999534940326836,0.0096441573933614,-0.000294,-0.000152,6.890000000000001e-05,0.000134,-8.570000000000001e-05,
2023-04-01 18:15:00,2023-04-01,18,-0.9978589232386058,0.065403129230107,91,0.9999552061684088,0.0094649699785725,-0.00242,-0.0020499999999999,-0.00147,-0.00128,-0.00217,
2023-04-01 18:30:00,2023-04-01,18,-0.9914448613738092,0.1305261922200602,91,0.9999568861945112,0.0092857822598534,-0.00264,-0.0022,-0.00163,-0.00141,-0.00227,
2023-04-01 18:45:00,2023-04-01,18,-0.9807852804032422,0.1950903220160692,91,0.999958534110937,0.0091065942429582,-0.000285,-0.000284,-0.00115,-0.00081,-0.00165,
2023-04-01 19:00:00,2023-04-01,19,-0.9659258262890724,0.2588190451025058,91,0.9999601499176336,0.0089274059336406,-0.00235,-0.0019299999999999,-0.0014199999999999,-0.0012,-0.0019399999999999,
2023-04-01 19:15:00,2023-04-01,19,-0.9469301294950964,0.3214394653031894,91,0.9999617336145484,0.0087482173376543,-0.0030099999999999,-0.0024,-0.0014,-0.00122,-0.00191,
2023-04-01 19:30:00,2023-04-01,19,-0.923879532511302,0.3826834323650532,91,0.9999632852016312,0.0085690284607537,-0.00208,-0.00155,-0.00105,-0.000948,-0.00156,
2023-04-01 19:45:00,2023-04-01,19,-0.896872741532686,0.4422886902190059,91,0.999964804678832,0.0083898393086923,-0.00155,-0.00113,-0.000745,-0.000512,-0.00108,
2023-04-01 20:00:00,2023-04-01,20,-0.8660254037844705,0.4999999999999448,91,0.9999662920461015,0.0082106498872242,-0.000182,-3.9e-05,-0.000303,-6.879999999999999e-05,-0.000257,
2023-04-01 20:15:00,2023-04-01,20,-0.8314696123025558,0.5555702330195865,91,0.9999677473033928,0.0080314602021037,-0.00154,-0.00126,-0.000851,-0.0007,-0.0012,
2023-04-01 20:30:00,2023-04-01,20,-0.7933533402912194,0.6087614290087412,91,0.9999691704506586,0.0078522702590842,-0.000769,-0.000613,-0.000669,-0.000478,-0.0009,
2023-04-01 20:45:00,2023-04-01,20,-0.7518398074790058,0.6593458151000365,91,0.9999705614878532,0.0076730800639202,-0.00103,-0.000823,-0.000696,-0.000547,-0.000998,
2023-04-01 21:00:00,2023-04-01,21,-0.7071067811865464,0.7071067811865488,91,0.9999719204149324,0.0074938896223653,-0.000691,-0.000578,-0.000527,-0.000424,-0.000801,
2023-04-01 21:15:00,2023-04-01,21,-0.6593458151001194,0.7518398074789331,91,0.999973247231852,0.0073146989401739,-0.000401,-0.000496,-0.00061,-0.000463,-0.00111,
2023-04-01 21:30:00,2023-04-01,21,-0.6087614290087384,0.7933533402912215,91,0.9999745419385696,0.0071355080230994,-0.00246,-0.00233,-0.00165,-0.00161,-0.00237,
2023-04-01 21:45:00,2023-04-01,21,-0.5555702330195836,0.8314696123025577,91,0.999975804535044,0.0069563168768963,-0.00198,-0.0014399999999999,-0.00125,-0.000891,-0.00159,
2023-04-01 22:00:00,2023-04-01,22,-0.5000000000000403,0.8660254037844154,91,0.999977035021234,0.0067771255073186,0.000335,0.000138,-0.000703,-0.000306,-0.000925,
2023-04-01 22:15:00,2023-04-01,22,-0.4422886902190028,0.8968727415326875,91,0.9999782333971003,0.0065979339201201,-0.000782,-0.000567,-0.000534,-0.000325,-0.000647,
2023-04-01 22:30:00,2023-04-01,22,-0.382683432365155,0.9238795325112598,91,0.9999793996626049,0.0064187421210551,-0.000728,-0.000567,-0.000414,-0.000371,-0.000733,
2023-04-01 22:45:00,2023-04-01,22,-0.3214394653031861,0.9469301294950974,91,0.9999805338177096,0.0062395501158772,-0.000459,-0.000379,-0.000293,-0.000226,-0.000587,
2023-04-01 23:00:00,2023-04-01,23,-0.2588190451025025,0.9659258262890732,91,0.9999816358623784,0.006060357910341,-0.000207,-0.000277,-0.000317,-0.000229,-0.000771,
2023-04-01 23:15:00,2023-04-01,23,-0.1950903220161773,0.9807852804032208,91,0.999982705796576,0.0058811655102003,-0.0012,-0.00101,-0.00062,-0.000547,-0.00109,
2023-04-01 23:30:00,2023-04-01,23,-0.1305261922200568,0.9914448613738096,91,0.999983743620268,0.0057019729212087,-0.000761,-0.000628,-0.0005,-0.000405,-0.000848,
2023-04-01 23:45:00,2023-04-01,23,-0.065403129230217,0.9978589232385988,91,0.9999847493334209,0.0055227801491211,-0.000418,-0.000333,-0.000217,-0.000195,-0.000514,
2023-04-02 00:00:00,2023-04-02,0,-2.939399910208283e-14,1.0,92,0.9999857229360024,0.005343587199691,-0.00211,-0.00158,-0.000524,-0.000585,-0.000823,
2023-04-02 00:15:00,2023-04-02,0,0.0654031292301584,0.9978589232386024,92,0.9999866644279812,0.0051643940786728,1.24e-05,-6.740000000000001e-05,-0.000241,-0.00013,-0.000638,
2023-04-02 00:30:00,2023-04-02,0,0.1305261922199985,0.9914448613738174,92,0.9999875738093276,0.0049852007918204,-0.00117,-0.00103,-0.000893,-0.00083,-0.0015,
2023-04-02 00:45:00,2023-04-02,0,0.1950903220161196,0.9807852804032322,92,0.9999884510800116,0.0048060073448878,-0.000575,-0.000479,-0.000303,-0.000252,-0.000634,
2023-04-02 01:00:00,2023-04-02,1,0.2588190451024457,0.9659258262890884,92,0.9999892962400057,0.0046268137436294,-0.00136,-0.00106,-0.000572,-0.000524,-0.00103,
2023-04-02 01:15:00,2023-04-02,1,0.3214394653031304,0.9469301294951162,92,0.9999901092892824,0.0044476199937986,-0.000711,-0.000677,-0.000527,-0.000455,-0.00104,
2023-04-02 01:30:00,2023-04-02,1,0.3826834323651008,0.9238795325112822,92,0.9999908902278156,0.0042684261011505,-0.000629,-0.000535,-0.000376,-0.000333,-0.000771,
2023-04-02 01:45:00,2023-04-02,1,0.4422886902189501,0.8968727415327136,92,0.9999916390555804,0.0040892320714387,-0.00213,-0.0016799999999999,-0.000893,-0.000925,-0.00138,
2023-04-02 02:00:00,2023-04-02,2,0.4999999999999894,0.8660254037844448,92,0.9999923557725524,0.0039100379104171,-0.000513,-0.000429,-0.00031,-0.000245,-0.0006,
2023-04-02 02:15:00,2023-04-02,2,0.5555702330195348,0.8314696123025903,92,0.9999930403787092,0.0037308436238402,-0.000947,-0.000933,-0.000817,-0.000688,-0.000874,
2023-04-02 02:30:00,2023-04-02,2,0.6087614290086918,0.7933533402912573,92,0.9999936928740282,0.0035516492174618,-0.00179,-0.00132,-0.000727,-0.000784,-0.00116,
2023-04-02 02:45:00,2023-04-02,2,0.6593458151000752,0.7518398074789718,92,0.9999943132584888,0.0033724546970364,-0.000521,-0.000461,-0.000538,-0.000363,-0.000895,
2023-04-02 03:00:00,2023-04-02,3,0.7071067811865851,0.7071067811865099,92,0.9999949015320708,0.0031932600683174,-0.00184,-0.00159,-0.00126,-0.00112,-0.0019299999999999,
2023-04-02 03:15:00,2023-04-02,3,0.7518398074789671,0.6593458151000807,92,0.9999954576947556,0.0030140653370599,-0.00237,-0.00196,-0.0014299999999999,-0.00129,-0.00222,
2023-04-02 03:30:00,2023-04-02,3,0.7933533402911837,0.6087614290087878,92,0.9999959817465254,0.0028348705090176,-0.000918,-0.000667,-0.000396,-0.000283,-0.000835,
2023-04-02 03:45:00,2023-04-02,3,0.8314696123025231,0.5555702330196354,92,0.999996473687363,0.0026556755899443,-0.000695,-0.0005,-0.000431,-0.000352,-0.000917,
2023-04-02 04:00:00,2023-04-02,4,0.8660254037844412,0.4999999999999957,92,0.9999969335172528,0.0024764805855947,-0.00124,-0.000968,-0.000479,-0.000417,-0.0011899999999999,
2023-04-02 04:15:00,2023-04-02,4,0.8968727415327102,0.4422886902189567,92,0.9999973612361802,0.0022972855017225,-0.00114,-0.000865,-0.000352,-0.000237,-0.00106,
2023-04-02 04:30:00,2023-04-02,4,0.9238795325112794,0.3826834323651075,92,0.9999977568441312,0.0021180903440822,-0.00177,-0.00151,-0.000776,-0.000623,-0.00162,
2023-04-02 04:45:00,2023-04-02,4,0.9469301294950774,0.321439465303245,92,0.9999981203410933,0.0019388951184276,-0.0016899999999999,-0.00129,-0.000693,-0.000646,-0.0016,
2023-04-02 05:00:00,2023-04-02,5,0.9659258262890572,0.2588190451025626,92,0.9999984517270548,0.0017596998305129,3.72e-05,0.000266,0.0006,0.000501,5.14e-05,
2023-04-02 05:15:00,2023-04-02,5,0.9807852804032308,0.1950903220161269,92,0.9999987510020047,0.0015805044860927,0.00123,0.00141,0.0014299999999999,0.0012,0.000977,
2023-04-02 05:30:00,2023-04-02,5,0.9914448613738164,0.1305261922200058,92,0.9999990181659338,0.0014013090909206,0.00751,0.00765,0.0072699999999999,0.0066,0.00682,
2023-04-02 05:45:00,2023-04-02,5,0.997858923238602,0.0654031292301657,92,0.9999992532188334,0.0012221136507512,0.0206,0.0203999999999999,0.018,0.0161,0.0186999999999999,
2023-04-02 06:00:00,2023-04-02,6,1.0,9.162772082104897e-14,92,0.999999456160696,0.0010429181713384,0.024,0.0237,0.0208,0.0188,0.0217,
2023-04-02 06:15:00,2023-04-02,6,0.9978589232386066,-0.0654031292300963,92,0.9999996269915152,0.0008637226584362,0.0275,0.0269,0.0235,0.0213,0.0246,
2023-04-02 06:30:00,2023-04-02,6,0.9914448613738108,-0.1305261922200495,92,0.999999765711285,0.0006845271177989,0.0231,0.0225,0.0203,0.0186999999999999,0.0209,
2023-04-02 06:45:00,2023-04-02,6,0.980785280403222,-0.1950903220161701,92,0.9999998723200016,0.0005053315551807,0.0195,0.0193,0.0178,0.0163,0.0186999999999999,
2023-04-02 07:00:00,2023-04-02,7,0.9659258262890752,-0.2588190451024954,92,0.999999946817661,0.0003261359763361,0.0265,0.0264,0.0226,0.0197,0.024,
2023-04-02 07:15:00,2023-04-02,7,0.9469301294951362,-0.3214394653030715,92,0.9999999892042613,0.0001469403870188,0.0424,0.0412,0.0326,0.0285,0.0346,
2023-04-02 07:30:00,2023-04-02,7,0.923879532511306,-0.3826834323650432,92,0.9999999994798008,-3.225520701700355e-05,0.0742999999999999,0.0728,0.0583,0.0506,0.0625,
2023-04-02 07:45:00,2023-04-02,7,0.8968727415326908,-0.4422886902189963,92,0.9999999776442792,-0.0002114508000169,0.12,0.118,0.0955,0.0832,0.103,
2023-04-02 08:00:00,2023-04-02,8,0.8660254037844191,-0.500000000000034,92,0.9999999236976976,-0.0003906463862271,0.164,0.161,0.13,0.114,0.14,
2023-04-02 08:15:00,2023-04-02,8,0.8314696123025618,-0.5555702330195775,92,0.9999998376400572,-0.0005698419598932,0.177,0.174,0.144,0.128,0.154,
2023-04-02 08:30:00,2023-04-02,8,0.793353340291226,-0.6087614290087326,92,0.999999719471361,-0.0007490375152611,0.171,0.168,0.141,0.123,0.15,
2023-04-02 08:45:00,2023-04-02,8,0.7518398074790129,-0.6593458151000284,92,0.9999995691916128,-0.0009282330465765,0.215,0.212,0.172,0.15,0.185,
2023-04-02 09:00:00,2023-04-02,9,0.7071067811865539,-0.7071067811865411,92,0.9999993868008176,-0.0011074285480852,0.269,0.265,0.219,0.191,0.234,
2023-04-02 09:15:00,2023-04-02,9,0.659345815100042,-0.7518398074790009,92,0.9999991722989808,-0.0012866240140335,0.334,0.334,0.291,0.256,0.308,
2023-04-02 09:30:00,2023-04-02,9,0.608761429008747,-0.793353340291215,92,0.9999989256861096,-0.0014658194386667,0.371,0.386,0.371,0.331,0.384,
2023-04-02 09:45:00,2023-04-02,9,0.5555702330195926,-0.8314696123025517,92,0.999998646962212,-0.0016450148162311,0.386,0.394,0.371,0.332,0.385,
2023-04-02 10:00:00,2023-04-02,10,0.5000000000000496,-0.86602540378441,92,0.9999983361272966,-0.0018242101409723,0.379,0.382,0.363,0.327,0.376,
2023-04-02 10:15:00,2023-04-02,10,0.4422886902190125,-0.8968727415326827,92,0.9999979931813736,-0.002003405407136,0.364,0.371,0.357,0.323,0.37,
2023-04-02 10:30:00,2023-04-02,10,0.38268343236506,-0.9238795325112992,92,0.9999976181244542,-0.0021826006089684,0.368,0.368,0.343,0.306,0.356,
2023-04-02 10:45:00,2023-04-02,10,0.3214394653031963,-0.946930129495094,92,0.99999721095655,-0.002361795740715,0.433,0.454,0.432,0.386,0.448,
2023-04-02 11:00:00,2023-04-02,11,0.2588190451025129,-0.9659258262890704,92,0.9999967716776748,-0.002540990796622,0.339,0.345,0.343,0.312,0.352,
2023-04-02 11:15:00,2023-04-02,11,0.1950903220161879,-0.9807852804032186,92,0.999996300287842,-0.0027201857709349,0.31,0.309,0.277,0.248,0.29,
2023-04-02 11:30:00,2023-04-02,11,0.1305261922200675,-0.9914448613738084,92,0.9999957967870668,-0.0028993806579,0.098,0.0962,0.0800999999999999,0.0709,0.0841,
2023-04-02 11:45:00,2023-04-02,11,0.0654031292301143,-0.9978589232386054,92,0.9999952611753656,-0.0030785754517629,0.0362,0.0355,0.0266999999999999,0.0248,0.0271,
2023-04-02 12:00:00,2023-04-02,12,4.0174604818399075e-14,-1.0,92,0.9999946934527556,-0.0032577701467693,0.0317,0.0306999999999999,0.0273,0.0238999999999999,0.0266999999999999,
2023-04-02 12:15:00,2023-04-02,12,-0.0654031292301476,-0.9978589232386031,92,0.9999940936192552,-0.0034369647371654,0.032,0.0314,0.0295,0.0263,0.0286,
2023-04-02 12:30:00,2023-04-02,12,-0.1305261922199878,-0.9914448613738188,92,0.9999934616748832,-0.0036161592171967,0.0591,0.0578,0.0554,0.0498,0.0566,
2023-04-02 12:45:00,2023-04-02,12,-0.1950903220161091,-0.9807852804032342,92,0.99999279761966,-0.0037953535811093,0.0982,0.0962,0.0899,0.0795999999999999,0.0927,
2023-04-02 13:00:00,2023-04-02,13,-0.2588190451025451,-0.9659258262890618,92,0.9999921014536072,-0.0039745478231492,0.136,0.133,0.111,0.097,0.118,
2023-04-02 13:15:00,2023-04-02,13,-0.3214394653031202,-0.9469301294951196,92,0.999991373176747,-0.0041537419375623,0.186,0.182,0.14,0.12,0.151,
2023-04-02 13:30:00,2023-04-02,13,-0.3826834323650908,-0.9238795325112864,92,0.9999906127891028,-0.0043329359185943,0.309,0.307,0.258,0.226,0.275,
2023-04-02 13:45:00,2023-04-02,13,-0.4422886902189404,-0.8968727415327183,92,0.999989820290699,-0.0045121297604908,0.358,0.372,0.343,0.312,0.359,
2023-04-02 14:00:00,2023-04-02,14,-0.49999999999998,-0.8660254037844501,92,0.9999889956815612,-0.0046913234574984,0.325,0.324,0.286,0.258,0.301,
2023-04-02 14:15:00,2023-04-02,14,-0.5555702330196203,-0.8314696123025331,92,0.9999881389617156,-0.0048705170038623,0.281,0.284,0.248,0.223,0.26,
2023-04-02 14:30:00,2023-04-02,14,-0.6087614290086832,-0.7933533402912639,92,0.9999872501311896,-0.0050497103938288,0.25,0.246,0.22,0.198,0.23,
2023-04-02 14:45:00,2023-04-02,14,-0.6593458151000671,-0.7518398074789789,92,0.9999863291900124,-0.0052289036216439,0.235,0.232,0.206,0.185,0.216,
2023-04-02 15:00:00,2023-04-02,15,-0.7071067811864972,-0.707106781186598,92,0.9999853761382128,-0.0054080966815534,0.227,0.228,0.205,0.187,0.215,
2023-04-02 15:15:00,2023-04-02,15,-0.75183980747896,-0.6593458151000888,92,0.999984390975822,-0.0055872895678032,0.195,0.193,0.169,0.153,0.178,
2023-04-02 15:30:00,2023-04-02,15,-0.7933533402912463,-0.6087614290087061,92,0.9999833737028712,-0.0057664822746389,0.164,0.162,0.143,0.129,0.15,
2023-04-02 15:45:00,2023-04-02,15,-0.8314696123025171,-0.5555702330196444,92,0.9999823243193936,-0.0059456747963068,0.124,0.122,0.105,0.0935,0.11,
2023-04-02 16:00:00,2023-04-02,16,-0.8660254037844357,-0.5000000000000051,92,0.9999812428254222,-0.006124867127053,0.109,0.107,0.0881,0.0778,0.0933,
2023-04-02 16:15:00,2023-04-02,16,-0.8968727415326553,-0.4422886902190683,92,0.9999801292209922,-0.0063040592611229,0.113,0.111,0.0892999999999999,0.0793,0.0952,
2023-04-02 16:30:00,2023-04-02,16,-0.9238795325112752,-0.3826834323651175,92,0.9999789835061392,-0.0064832511927631,0.107,0.107,0.0896,0.0819,0.0950999999999999,
2023-04-02 16:45:00,2023-04-02,16,-0.9469301294951104,-0.3214394653031476,92,0.9999778056809,-0.0066624429162192,0.0996,0.0995,0.0841,0.079,0.0887,
2023-04-02 17:00:00,2023-04-02,17,-0.9659258262890544,-0.258819045102573,92,0.9999765957453128,-0.006841634425737,0.0975,0.127,0.102,0.11,0.113,
2023-04-02 17:15:00,2023-04-02,17,-0.9807852804032288,-0.1950903220161374,92,0.9999753536994158,-0.0070208257155628,0.0674,0.0871,0.0659,0.0736,0.0735,
2023-04-02 17:30:00,2023-04-02,17,-0.9914448613738002,-0.1305261922201292,92,0.9999740795432492,-0.0072000167799423,0.0382,0.0378999999999999,0.035,0.0341,0.0353,
2023-04-02 17:45:00,2023-04-02,17,-0.9978589232386014,-0.0654031292301765,92,0.999972773276854,-0.0073792076131218,0.0106,0.0106,0.0103,0.00984,0.0096999999999999,
2023-04-02 18:00:00,2023-04-02,18,-1.0,1.1278511184250828e-14,92,0.999971434900272,-0.0075583982093468,-0.000161,2.48e-05,0.000586,0.000512,-0.000296,
2023-04-02 18:15:00,2023-04-02,18,-0.9978589232386073,0.0654031292300855,92,0.9999700644135464,-0.0077375885628637,-0.0014199999999999,-0.00117,-0.000851,-0.000799,-0.0015,
2023-04-02 18:30:00,2023-04-02,18,-0.991444861373812,0.1305261922200388,92,0.9999686618167208,-0.0079167786679189,-0.00163,-0.00134,-0.000869,-0.000875,-0.00154,
2023-04-02 18:45:00,2023-04-02,18,-0.9807852804032464,0.195090322016048,92,0.9999672271098404,-0.0080959685187575,-0.00347,-0.00299,-0.0019299999999999,-0.00186,-0.00309,
2023-04-02 19:00:00,2023-04-02,19,-0.965925826289078,0.258819045102485,92,0.9999657602929516,-0.0082751581096261,-0.00282,-0.00221,-0.00133,-0.00125,-0.00227,
2023-04-02 19:15:00,2023-04-02,19,-0.9469301294951032,0.3214394653031689,92,0.9999642613661012,-0.0084543474347704,-0.0027,-0.00202,-0.0009,-0.00101,-0.00225,
2023-04-02 19:30:00,2023-04-02,19,-0.9238795325112666,0.3826834323651383,92,0.9999627303293372,-0.0086335364884369,-0.00374,-0.00329,-0.00206,-0.00207,-0.00392,
2023-04-02 19:45:00,2023-04-02,19,-0.8968727415326956,0.4422886902189866,92,0.9999611671827092,-0.0088127252648711,-0.00363,-0.00309,-0.0019,-0.0021,-0.00343,
2023-04-02 20:00:00,2023-04-02,20,-0.8660254037844812,0.4999999999999261,92,0.9999595719262668,-0.0089919137583194,-0.00314,-0.00248,-0.00145,-0.00154,-0.00248,
2023-04-02 20:15:00,2023-04-02,20,-0.8314696123025678,0.5555702330195685,92,0.9999579445600618,-0.0091711019630282,-0.00214,-0.00104,-0.000128,-0.000248,-0.000908,
2023-04-02 20:30:00,2023-04-02,20,-0.7933533402912325,0.6087614290087241,92,0.9999562850841462,-0.0093502898732428,-0.00224,-0.0015,-0.000634,-0.000753,-0.00171,
2023-04-02 20:45:00,2023-04-02,20,-0.7518398074789451,0.6593458151001058,92,0.9999545934985732,-0.0095294774832099,-0.00254,-0.00175,-0.000638,-0.000852,-0.00184,
2023-04-02 21:00:00,2023-04-02,21,-0.7071067811865616,0.7071067811865335,92,0.9999528698033974,-0.0097086647871751,-0.0025,-0.0019299999999999,-0.00123,-0.00121,-0.00234,
2023-04-02 21:15:00,2023-04-02,21,-0.6593458151001356,0.7518398074789189,92,0.999951113998674,-0.0098878517793847,-0.00234,-0.00185,-0.0011,-0.00109,-0.00198,
2023-04-02 21:30:00,2023-04-02,21,-0.6087614290087555,0.7933533402912084,92,0.9999493260844592,-0.0100670384540852,-0.00246,-0.00188,-0.000986,-0.00107,-0.0019199999999999,
2023-04-02 21:45:00,2023-04-02,21,-0.5555702330196015,0.8314696123025457,92,0.9999475060608104,-0.0102462248055222,-0.00239,-0.0016799999999999,-0.000583,-0.000795,-0.0017,
2023-04-02 22:00:00,2023-04-02,22,-0.4999999999999605,0.8660254037844615,92,0.9999456539277866,-0.0104254108279425,-0.00316,-0.00263,-0.00155,-0.0016699999999999,-0.00219,
2023-04-02 22:15:00,2023-04-02,22,-0.4422886902190222,0.8968727415326779,92,0.9999437696854466,-0.0106045965155913,-0.0031,-0.00272,-0.00181,-0.00187,-0.00306,
2023-04-02 22:30:00,2023-04-02,22,-0.382683432365175,0.9238795325112514,92,0.9999418533338512,-0.0107837818627153,-0.00293,-0.00271,-0.00158,-0.00176,-0.003,
2023-04-02 22:45:00,2023-04-02,22,-0.3214394653032065,0.9469301294950904,92,0.999939904873062,-0.0109629668635608,-0.00308,-0.00246,-0.00161,-0.00173,-0.00323,
2023-04-02 23:00:00,2023-04-02,23,-0.2588190451025233,0.9659258262890676,92,0.9999379243031415,-0.0111421515123736,-0.00278,-0.00234,-0.0014399999999999,-0.00152,-0.0030099999999999,
2023-04-02 23:15:00,2023-04-02,23,-0.1950903220160869,0.9807852804032386,92,0.9999359116241534,-0.0113213358034003,-0.00297,-0.0023599999999999,-0.0011,-0.00114,-0.0025499999999999,
2023-04-02 23:30:00,2023-04-02,23,-0.1305261922200782,0.9914448613738068,92,0.999933866836162,-0.0115005197308867,-0.00297,-0.00246,-0.00117,-0.00125,-0.0025499999999999,
2023-04-02 23:45:00,2023-04-02,23,-0.0654031292302386,0.9978589232385972,92,0.9999317899392334,-0.0116797032890795,-0.00289,-0.00226,-0.00092,-0.000898,-0.0020499999999999,
2023-04-03 00:00:00,2023-04-03,0,-5.09552105347153e-14,1.0,93,0.999929680933434,-0.0118588864722245,-0.00258,-0.0020499999999999,-0.000979,-0.00105,-0.00228,
2023-04-03 00:15:00,2023-04-03,0,0.0654031292301369,0.997858923238604,93,0.9999275398188314,-0.0120380692745679,-0.00237,-0.00171,-0.000593,-0.000615,-0.0016899999999999,
2023-04-03 00:30:00,2023-04-03,0,0.1305261922200898,0.9914448613738054,93,0.9999253665954948,-0.0122172516903564,-0.00244,-0.0019199999999999,-0.000917,-0.000959,-0.00213,
2023-04-03 00:45:00,2023-04-03,0,0.1950903220160985,0.9807852804032364,93,0.9999231612634936,-0.0123964337138357,-0.00228,-0.00173,-0.000614,-0.000696,-0.00195,
2023-04-03 01:00:00,2023-04-03,1,0.2588190451025347,0.9659258262890644,93,0.9999209238228988,-0.0125756153392526,-0.00237,-0.00184,-0.000731,-0.000768,-0.0020099999999999,
2023-04-03 01:15:00,2023-04-03,1,0.32143946530311,0.9469301294951232,93,0.999918654273782,-0.0127547965608531,-0.0027,-0.00214,-0.000862,-0.000894,-0.0023,
2023-04-03 01:30:00,2023-04-03,1,0.3826834323650808,0.9238795325112904,93,0.9999163526162164,-0.0129339773728834,-0.00257,-0.002,-0.000751,-0.000902,-0.00198,
2023-04-03 01:45:00,2023-04-03,1,0.4422886902190328,0.8968727415326728,93,0.999914018850276,-0.0131131577695902,-0.00262,-0.0021,-0.000889,-0.00103,-0.00231,
2023-04-03 02:00:00,2023-04-03,2,0.4999999999999707,0.8660254037844556,93,0.9999116529760352,-0.0132923377452193,-0.00257,-0.00199,-0.000879,-0.000872,-0.00208,
2023-04-03 02:15:00,2023-04-03,2,0.5555702330196114,0.8314696123025391,93,0.9999092549935704,-0.0134715172940176,-0.00258,-0.00197,-0.000862,-0.000937,-0.00212,
2023-04-03 02:30:00,2023-04-03,2,0.6087614290086747,0.7933533402912705,93,0.9999068249029583,-0.0136506964102309,-0.00241,-0.00174,-0.000638,-0.0007,-0.00184,
2023-04-03 02:45:00,2023-04-03,2,0.659345815100059,0.751839807478986,93,0.9999043627042776,-0.0138298750881059,-0.00258,-0.0020099999999999,-0.000889,-0.000875,-0.0020099999999999,
2023-04-03 03:00:00,2023-04-03,3,0.7071067811865699,0.7071067811865251,93,0.9999018683976064,-0.0140090533218894,-0.00233,-0.0016799999999999,-0.000641,-0.000627,-0.00162,
2023-04-03 03:15:00,2023-04-03,3,0.7518398074789528,0.6593458151000969,93,0.9998993419830255,-0.0141882311058269,-0.0023,-0.00166,-0.000603,-0.000505,-0.0016799999999999,
2023-04-03 03:30:00,2023-04-03,3,0.7933533402912397,0.6087614290087147,93,0.999896783460616,-0.0143674084341654,-0.0025299999999999,-0.00197,-0.00081,-0.00078,-0.002,
2023-04-03 03:45:00,2023-04-03,3,0.8314696123025112,0.5555702330196532,93,0.9998941928304595,-0.014546585301151,-0.0025099999999999,-0.0020499999999999,-0.000917,-0.000765,-0.00231,
2023-04-03 04:00:00,2023-04-03,4,0.8660254037844303,0.5000000000000144,93,0.9998915700926398,-0.0147257617010303,-0.00289,-0.00234,-0.00139,-0.00133,-0.0021,
2023-04-03 04:15:00,2023-04-03,4,0.8968727415327007,0.442288690218976,93,0.9998889152472408,-0.01490493762805,-0.00322,-0.00289,-0.00152,-0.0017,-0.00235,
2023-04-03 04:30:00,2023-04-03,4,0.9238795325112712,0.3826834323651275,93,0.9998862282943478,-0.0150841130764561,-0.00354,-0.0030099999999999,-0.00184,-0.0020299999999999,-0.00329,
2023-04-03 04:45:00,2023-04-03,4,0.9469301294951068,0.3214394653031578,93,0.9998835092340472,-0.0152632880404958,-0.00247,-0.00176,-0.000882,-0.00113,-0.00232,
2023-04-03 05:00:00,2023-04-03,5,0.9659258262890514,0.2588190451025834,93,0.999880758066426,-0.0154424625144147,0.000128,0.000599,0.0014399999999999,0.00127,0.0003,
2023-04-03 05:15:00,2023-04-03,5,0.9807852804032264,0.195090322016148,93,0.999877974791573,-0.0156216364924597,0.00658,0.0072699999999999,0.0070599999999999,0.00628,0.00591,
2023-04-03 05:30:00,2023-04-03,5,0.9914448613738136,0.1305261922200271,93,0.9998751594095772,-0.0158008099688776,0.0178,0.018,0.0165,0.0146,0.0157,
2023-04-03 05:45:00,2023-04-03,5,0.9978589232386006,0.0654031292301872,93,0.9998723119205292,-0.0159799829379145,0.0285,0.029,0.027,0.024,0.0268,
2023-04-03 06:00:00,2023-04-03,6,1.0,-4.979054679345899e-16,93,0.9998694323245204,-0.0161591553938174,0.0414,0.0599,0.0603999999999999,0.0451,0.0582,
2023-04-03 06:15:00,2023-04-03,6,0.997858923238608,-0.0654031292300748,93,0.999866520621643,-0.0163383273308324,0.0509,0.159,0.174,0.117,0.165,
2023-04-03 06:30:00,2023-04-03,6,0.9914448613738136,-0.1305261922200281,93,0.999863576811991,-0.0165174987432069,0.0547999999999999,0.231,0.261,0.187,0.25,
2023-04-03 06:45:00,2023-04-03,6,0.9807852804032264,-0.195090322016149,93,0.9998606008956584,-0.0166966696251866,0.0574,0.282,0.324,0.247,0.316,
2023-04-03 07:00:00,2023-04-03,7,0.9659258262890806,-0.2588190451024746,93,0.9998575928727412,-0.0168758399710184,0.0601,0.303,0.357,0.284,0.351,
2023-04-03 07:15:00,2023-04-03,7,0.9469301294951066,-0.3214394653031587,93,0.999854552743336,-0.0170550097749494,0.0575,0.385,0.462,0.379,0.454,
2023-04-03 07:30:00,2023-04-03,7,0.9238795325113144,-0.3826834323650233,93,0.99985148050754,-0.0172341790312257,0.0612,0.434,0.526,0.441,0.517,
2023-04-03 07:45:00,2023-04-03,7,0.8968727415327004,-0.4422886902189769,93,0.9998483761654522,-0.0174133477340944,0.0591,0.484,0.592,0.505,0.581,
2023-04-03 08:00:00,2023-04-03,8,0.8660254037844298,-0.5000000000000153,93,0.999845239717172,-0.0175925158778018,0.0605,0.53,0.656,0.567,0.644,
2023-04-03 08:15:00,2023-04-03,8,0.8314696123025738,-0.5555702330195597,93,0.9998420711628004,-0.0177716834565951,0.071,0.574,0.717,0.627,0.698,
2023-04-03 08:30:00,2023-04-03,8,0.7933533402912392,-0.6087614290087155,93,0.9998388705024392,-0.0179508504647208,0.0975,0.583,0.731,0.648,0.714,
2023-04-03 08:45:00,2023-04-03,8,0.7518398074790271,-0.6593458151000122,93,0.9998356377361908,-0.0181300168964254,0.12,0.417,0.525,0.473,0.513,
2023-04-03 09:00:00,2023-04-03,9,0.7071067811865692,-0.7071067811865259,93,0.9998323728641592,-0.0183091827459561,0.149,0.641,0.804,0.725,0.788,
2023-04-03 09:15:00,2023-04-03,9,0.6593458151000582,-0.7518398074789867,93,0.9998290758864494,-0.0184883480075594,0.214,0.649,0.804,0.727,0.79,
2023-04-03 09:30:00,2023-04-03,9,0.6087614290087641,-0.7933533402912019,93,0.999825746803167,-0.0186675126754822,0.271,0.269,0.288,0.265,0.291,
2023-04-03 09:45:00,2023-04-03,9,0.5555702330196105,-0.8314696123025397,93,0.9998223856144192,-0.0188466767439715,0.325,0.515,0.627,0.576,0.618,
2023-04-03 10:00:00,2023-04-03,10,0.5000000000000683,-0.8660254037843992,93,0.9998189923203136,-0.0190258402072741,0.319,0.534,0.648,0.595,0.642,
2023-04-03 10:15:00,2023-04-03,10,0.4422886902190319,-0.8968727415326733,93,0.9998155669209592,-0.0192050030596367,0.275,0.744,0.935,0.869,0.922,
2023-04-03 10:30:00,2023-04-03,10,0.3826834323650799,-0.9238795325112908,93,0.9998121094164664,-0.0193841652953061,0.328,0.763,0.938,0.868,0.931,
2023-04-03 10:45:00,2023-04-03,10,0.3214394653032167,-0.9469301294950868,93,0.999808619806946,-0.0195633269085294,0.241,0.267,0.331,0.311,0.323,
2023-04-03 11:00:00,2023-04-03,11,0.2588190451025338,-0.9659258262890648,93,0.9998050980925096,-0.0197424878935538,0.327,0.877,1.07,0.992,1.06,
2023-04-03 11:15:00,2023-04-03,11,0.195090322016209,-0.9807852804032144,93,0.999801544273271,-0.0199216482446256,0.218,0.219,0.231,0.214,0.231,
2023-04-03 11:30:00,2023-04-03,11,0.1305261922200888,-0.9914448613738056,93,0.9997979583493438,-0.0201008079559925,0.314,0.738,0.902,0.853,0.894,
2023-04-03 11:45:00,2023-04-03,11,0.0654031292301359,-0.997858923238604,93,0.9997943403208436,-0.020279967021901,0.347,0.803,0.96,0.906,0.959,
2023-04-03 12:00:00,2023-04-03,12,-5.1951021470584486e-14,-1.0,93,0.999790690187886,-0.0204591254365983,0.273,0.315,0.386,0.368,0.38,
2023-04-03 12:15:00,2023-04-03,12,-0.0654031292301261,-0.9978589232386046,93,0.9997870079505888,-0.0206382831943312,0.23,0.919,1.14,1.09,1.13,
2023-04-03 12:30:00,2023-04-03,12,-0.1305261922199664,-0.9914448613738216,93,0.9997832936090698,-0.0208174402893469,0.308,0.732,0.871,0.832,0.872,
2023-04-03 12:45:00,2023-04-03,12,-0.1950903220160879,-0.9807852804032384,93,0.9997795471634484,-0.0209965967158927,0.307,0.304,0.322,0.297,0.325,
2023-04-03 13:00:00,2023-04-03,13,-0.2588190451025243,-0.9659258262890672,93,0.9997757686138452,-0.0211757524682153,0.362,0.737,0.857,0.82,0.866,
2023-04-03 13:15:00,2023-04-03,13,-0.3214394653032075,-0.94693012949509,93,0.9997719579603812,-0.0213549075405622,0.395,0.676,0.768,0.735,0.773,
2023-04-03 13:30:00,2023-04-03,13,-0.3826834323650708,-0.9238795325112946,93,0.9997681152031788,-0.0215340619271804,0.273,0.331,0.395,0.381,0.393,
2023-04-03 13:45:00,2023-04-03,13,-0.4422886902189211,-0.8968727415327278,93,0.9997642403423612,-0.0217132156223168,0.328,0.573,0.681,0.662,0.683,
2023-04-03 14:00:00,2023-04-03,14,-0.4999999999999613,-0.8660254037844609,93,0.9997603333780534,-0.021892368620219,0.263,0.665,0.796,0.786,0.8,
2023-04-03 14:15:00,2023-04-03,14,-0.5555702330196024,-0.8314696123025451,93,0.9997563943103804,-0.0220715209151338,0.233,0.707,0.845,0.835,0.849,
2023-04-03 14:30:00,2023-04-03,14,-0.6087614290087563,-0.7933533402912077,93,0.9997524231394688,-0.0222506725013089,0.259,0.739,0.868,0.859,0.879,
2023-04-03 14:45:00,2023-04-03,14,-0.6593458151000509,-0.7518398074789931,93,0.9997484198654462,-0.0224298233729911,0.162,0.64,0.771,0.776,0.776,
2023-04-03 15:00:00,2023-04-03,15,-0.7071067811864818,-0.7071067811866132,93,0.9997443844884408,-0.0226089735244278,0.136,0.573,0.666,0.676,0.675,
2023-04-03 15:15:00,2023-04-03,15,-0.7518398074789457,-0.659345815100105,93,0.9997403170085828,-0.0227881229498669,0.192,0.433,0.479,0.482,0.489,
2023-04-03 15:30:00,2023-04-03,15,-0.7933533402912332,-0.6087614290087232,93,0.9997362174260024,-0.0229672716435547,0.142,0.497,0.542,0.558,0.558,
2023-04-03 15:45:00,2023-04-03,15,-0.8314696123025683,-0.5555702330195678,93,0.9997320857408312,-0.0231464195997392,0.22,0.53,0.522,0.53,0.549,
2023-04-03 16:00:00,2023-04-03,16,-0.8660254037844249,-0.5000000000000238,93,0.999727921953202,-0.0233255668126675,0.179,0.322,0.33,0.334,0.343,
2023-04-03 16:15:00,2023-04-03,16,-0.8968727415326457,-0.4422886902190877,93,0.9997237260632488,-0.023504713276587,0.12,0.335,0.351,0.374,0.37,
2023-04-03 16:30:00,2023-04-03,16,-0.923879532511267,-0.3826834323651374,93,0.9997194980711056,-0.0236838589857455,0.0642,0.23,0.227,0.252,0.244,
2023-04-03 16:45:00,2023-04-03,16,-0.9469301294951036,-0.321439465303168,93,0.9997152379769088,-0.0238630039343901,0.0509,0.173,0.156,0.18,0.171,
2023-04-03 17:00:00,2023-04-03,17,-0.965925826289078,-0.258819045102484,93,0.9997109457807948,-0.0240421481167684,0.0421,0.122,0.0974,0.12,0.112,
2023-04-03 17:15:00,2023-04-03,17,-0.9807852804032244,-0.1950903220161586,93,0.9997066214829018,-0.0242212915271275,0.0295,0.0746,0.049,0.0665,0.0597,
2023-04-03 17:30:00,2023-04-03,17,-0.9914448613738124,-0.1305261922200378,93,0.9997022650833683,-0.0244004341597156,0.0161,0.0163,0.0188,0.0188,0.0173,
2023-04-03 17:45:00,2023-04-03,17,-0.9978589232386,-0.065403129230198,93,0.9996978765823346,-0.0245795760087795,0.00574,0.0058899999999999,0.00743,0.00737,0.00646,
2023-04-03 18:00:00,2023-04-03,18,-1.0,-1.0282700248381648e-14,93,0.9996934559799412,-0.0247587170685672,-0.000546,-0.000106,0.000514,0.000661,-0.000236,
2023-04-03 18:15:00,2023-04-03,18,-0.9978589232386011,0.0654031292301774,93,0.9996890032763304,-0.0249378573333265,-0.00312,-0.00265,-0.00174,-0.00166,-0.00274,
2023-04-03 18:30:00,2023-04-03,18,-0.9914448613738148,0.1305261922200174,93,0.9996845184716447,-0.0251169967973046,-0.00277,-0.00213,-0.00109,-0.0012,-0.00183,
2023-04-03 18:45:00,2023-04-03,18,-0.9807852804032284,0.1950903220161384,93,0.9996800015660288,-0.0252961354547494,-0.00289,-0.00207,-0.000958,-0.0011899999999999,-0.00218,
2023-04-03 19:00:00,2023-04-03,19,-0.9659258262890834,0.2588190451024642,93,0.999675452559627,-0.0254752732999082,-0.00306,-0.00233,-0.00132,-0.00136,-0.00248,
2023-04-03 19:15:00,2023-04-03,19,-0.94693012949511,0.3214394653031485,93,0.9996708714525858,-0.0256544103270289,-0.00321,-0.00245,-0.00139,-0.00135,-0.00245,
2023-04-03 19:30:00,2023-04-03,19,-0.9238795325112747,0.3826834323651184,93,0.9996662582450524,-0.0258335465303596,-0.0035,-0.00307,-0.00195,-0.00186,-0.00315,
2023-04-03 19:45:00,2023-04-03,19,-0.896872741532705,0.4422886902189673,93,0.9996616129371748,-0.0260126819041474,-0.00345,-0.00312,-0.00188,-0.00185,-0.00331,
2023-04-03 20:00:00,2023-04-03,20,-0.8660254037844353,0.500000000000006,93,0.999656935529102,-0.0261918164426406,-0.0033599999999999,-0.0030499999999999,-0.00179,-0.00184,-0.00311,
2023-04-03 20:15:00,2023-04-03,20,-0.8314696123025797,0.5555702330195507,93,0.9996522260209842,-0.0263709501400868,-0.00295,-0.0025299999999999,-0.0014399999999999,-0.00147,-0.00273,
2023-04-03 20:30:00,2023-04-03,20,-0.7933533402912457,0.6087614290087069,93,0.999647484412973,-0.0265500829907336,-0.00267,-0.00209,-0.001,-0.000902,-0.0021,
2023-04-03 20:45:00,2023-04-03,20,-0.7518398074789593,0.6593458151000896,93,0.9996427107052204,-0.0267292149888293,-0.0025099999999999,-0.00188,-0.00115,-0.000845,-0.0019199999999999,
2023-04-03 21:00:00,2023-04-03,21,-0.7071067811865768,0.7071067811865183,93,0.9996379048978796,-0.0269083461286213,-0.0033,-0.00298,-0.00155,-0.00153,-0.0030499999999999,
2023-04-03 21:15:00,2023-04-03,21,-0.6593458151000663,0.7518398074789796,93,0.9996330669911052,-0.0270874764043579,-0.00262,-0.00212,-0.00115,-0.000837,-0.0022,
2023-04-03 21:30:00,2023-04-03,21,-0.6087614290087726,0.7933533402911953,93,0.9996281969850522,-0.0272666058102868,-0.0032,-0.00259,-0.00108,-0.00121,-0.00248,
2023-04-03 21:45:00,2023-04-03,21,-0.5555702330196195,0.8314696123025337,93,0.9996232948798772,-0.027445734340656,-0.0029,-0.00215,-0.000927,-0.000894,-0.00225,
2023-04-03 22:00:00,2023-04-03,22,-0.4999999999999792,0.8660254037844507,93,0.9996183606757376,-0.027624861989714,-0.0039,-0.0031,-0.00131,-0.00129,-0.00275,
2023-04-03 22:15:00,2023-04-03,22,-0.4422886902190415,0.8968727415326685,93,0.999613394372792,-0.0278039887517079,-0.00272,-0.00206,-0.00107,-0.00086,-0.00221,
2023-04-03 22:30:00,2023-04-03,22,-0.3826834323650899,0.9238795325112868,93,0.9996083959711994,-0.0279831146208865,-0.00178,-0.00122,-0.00092,-0.000745,-0.00123,
2023-04-03 22:45:00,2023-04-03,22,-0.3214394653032269,0.9469301294950836,93,0.9996033654711208,-0.0281622395914973,-0.00258,-0.00208,-0.00125,-0.0019,-0.000694,
2023-04-03 23:00:00,2023-04-03,23,-0.2588190451025441,0.965925826289062,93,0.9995983028727174,-0.028341363657789,-0.00213,-0.00182,-0.00135,-0.00152,-0.0019399999999999,
2023-04-03 23:15:00,2023-04-03,23,-0.1950903220161081,0.9807852804032344,93,0.999593208176152,-0.0285204868140092,-0.00272,-0.0024,-0.0014399999999999,-0.00173,-0.00187,
2023-04-03 23:30:00,2023-04-03,23,-0.1305261922200995,0.991444861373804,93,0.999588081381588,-0.0286996090544063,-0.00254,-0.00222,-0.0014199999999999,-0.0018,-0.00162,
2023-04-03 23:45:00,2023-04-03,23,-0.0654031292301466,0.9978589232386031,93,0.99958292248919,-0.028878730373229,-0.0025299999999999,-0.00224,-0.0014299999999999,-0.0019,-0.00161,
2023-04-04 00:00:00,2023-04-04,0,-7.251642196734779e-14,1.0,94,0.999577731499124,-0.0290578507647245,-0.00309,-0.00267,-0.00161,-0.00206,-0.0019,
2023-04-04 00:15:00,2023-04-04,0,0.0654031292301153,0.9978589232386054,94,0.9995725084115564,-0.0292369702231418,-0.00321,-0.0028599999999999,-0.00188,-0.00206,-0.00279,
2023-04-04 00:30:00,2023-04-04,0,0.1305261922200684,0.9914448613738082,94,0.9995672532266552,-0.0294160887427288,-0.00335,-0.00306,-0.00178,-0.00184,-0.00277,
2023-04-04 00:45:00,2023-04-04,0,0.1950903220160774,0.9807852804032404,94,0.9995619659445886,-0.029595206317734,-0.00249,-0.00215,-0.00131,-0.00123,-0.00222,
2023-04-04 01:00:00,2023-04-04,1,0.2588190451025139,0.96592582628907,94,0.9995566465655268,-0.0297743229424059,-0.00156,-0.00127,-0.000765,-0.000684,-0.00132,
2023-04-04 01:15:00,2023-04-04,1,0.3214394653030896,0.94693012949513,94,0.9995512950896404,-0.0299534386109924,-0.00296,-0.00265,-0.00125,-0.00121,-0.0025299999999999,
2023-04-04 01:30:00,2023-04-04,1,0.3826834323650609,0.9238795325112988,94,0.9995459115171016,-0.0301325533177428,-0.00321,-0.00292,-0.00132,-0.00138,-0.00262,
2023-04-04 01:45:00,2023-04-04,1,0.4422886902190134,0.8968727415326823,94,0.9995404958480828,-0.0303116670569044,-0.0035499999999999,-0.00304,-0.00152,-0.00154,-0.00308,
2023-04-04 02:00:00,2023-04-04,2,0.499999999999952,0.8660254037844664,94,0.9995350480827584,-0.0304907798227262,-0.00275,-0.00224,-0.00112,-0.00111,-0.00234,
2023-04-04 02:15:00,2023-04-04,2,0.5555702330195934,0.8314696123025511,94,0.9995295682213028,-0.030669891609457,-0.00294,-0.00248,-0.0011,-0.00131,-0.00273,
2023-04-04 02:30:00,2023-04-04,2,0.6087614290086576,0.7933533402912836,94,0.9995240562638924,-0.0308490024113448,-0.00153,-0.00112,-0.000424,-0.000554,-0.0014399999999999,
2023-04-04 02:45:00,2023-04-04,2,0.6593458151000428,0.7518398074790003,94,0.999518512210704,-0.0310281122226386,-0.00164,-0.0013,-0.000358,-0.000466,-0.00132,
2023-04-04 03:00:00,2023-04-04,3,0.7071067811865547,0.7071067811865405,94,0.9995129360619156,-0.0312072210375865,-0.00177,-0.00128,-0.00041,-0.00047,-0.00158,
2023-04-04 03:15:00,2023-04-04,3,0.7518398074789386,0.6593458151001131,94,0.9995073278177063,-0.0313863288504378,-0.00272,-0.00214,-0.00102,-0.00107,-0.00237,
2023-04-04 03:30:00,2023-04-04,3,0.7933533402912266,0.6087614290087318,94,0.9995016874782564,-0.0315654356554407,-0.00232,-0.00182,-0.000865,-0.00099,-0.00216,
2023-04-04 03:45:00,2023-04-04,3,0.8314696123024992,0.5555702330196712,94,0.9994960150437469,-0.0317445414468437,-0.00145,-0.001,-0.000259,-0.000371,-0.00124,
2023-04-04 04:00:00,2023-04-04,4,0.8660254037844195,0.5000000000000331,94,0.9994903105143595,-0.0319236462188961,-0.0016699999999999,-0.00127,-0.000441,-0.000501,-0.0014399999999999,
2023-04-04 04:15:00,2023-04-04,4,0.8968727415326913,0.4422886902189954,94,0.999484573890278,-0.0321027499658461,-0.00256,-0.00217,-0.00102,-0.00109,-0.00228,
2023-04-04 04:30:00,2023-04-04,4,0.9238795325113064,0.3826834323650423,94,0.9994788051716862,-0.0322818526819429,-0.000364,0.000152,0.000483,0.000378,-2.57e-05,
2023-04-04 04:45:00,2023-04-04,4,0.9469301294951,0.3214394653031782,94,0.9994730043587696,-0.032460954361435,-0.000443,4.26e-05,0.000414,0.000386,-0.000416,
2023-04-04 05:00:00,2023-04-04,5,0.965925826289046,0.2588190451026043,94,0.9994671714517142,-0.0326400549985716,0.00445,0.0047199999999999,0.00412,0.0034,0.0033599999999999,
2023-04-04 05:15:00,2023-04-04,5,0.9807852804032224,0.1950903220161691,94,0.9994613064507076,-0.0328191545876014,0.0431,0.0427,0.0372,0.0327,0.0387999999999999,
2023-04-04 05:30:00,2023-04-04,5,0.9914448613738108,0.1305261922200485,94,0.999455409355938,-0.0329982531227731,0.0373,0.0368999999999999,0.0409,0.0368999999999999,0.0405,
2023-04-04 05:45:00,2023-04-04,5,0.9978589232386066,0.0654031292300953,94,0.9994494801675946,-0.0331773505983362,0.0133,0.0139,0.016,0.0152,0.0153,
2023-04-04 06:00:00,2023-04-04,6,1.0,2.1063305964697886e-14,94,0.999443518885868,-0.033356447008539,0.0118,0.0121999999999999,0.0141,0.0135,0.0135,
2023-04-04 06:15:00,2023-04-04,6,0.9978589232386094,-0.0654031292300532,94,0.9994375255109496,-0.033535542347631,0.00352,0.00396,0.00607,0.00656,0.00396,
2023-04-04 06:30:00,2023-04-04,6,0.9914448613738164,-0.1305261922200067,94,0.999431500043032,-0.0337146366098613,0.00124,0.00159,0.00221,0.00211,0.00018,
2023-04-04 06:45:00,2023-04-04,6,0.9807852804032304,-0.1950903220161278,94,0.9994254424823084,-0.0338937297894789,0.00467,0.00467,0.00309,0.00293,0.00242,
2023-04-04 07:00:00,2023-04-04,7,0.9659258262890568,-0.2588190451025636,94,0.9994193528289732,-0.0340728218807329,0.0139,0.0136,0.0096999999999999,0.00861,0.0101,
2023-04-04 07:15:00,2023-04-04,7,0.9469301294951136,-0.3214394653031383,94,0.9994132310832224,-0.0342519128778722,0.0264,0.0259,0.0215,0.0186999999999999,0.0221,
2023-04-04 07:30:00,2023-04-04,7,0.9238795325113224,-0.3826834323650034,94,0.9994070772452524,-0.0344310027751462,0.0573,0.056,0.0437,0.038,0.0462,
2023-04-04 07:45:00,2023-04-04,7,0.8968727415327098,-0.4422886902189576,94,0.9994008913152608,-0.0346100915668044,0.0631,0.0619,0.0518,0.0466,0.0549,
2023-04-04 08:00:00,2023-04-04,8,0.8660254037844406,-0.4999999999999966,94,0.999394673293446,-0.0347891792470956,0.0754,0.0742,0.0573,0.0496,0.062,
2023-04-04 08:15:00,2023-04-04,8,0.8314696123025226,-0.5555702330196362,94,0.9993884231800078,-0.0349682658102696,0.0401,0.0395,0.0327,0.03,0.0344,
2023-04-04 08:30:00,2023-04-04,8,0.7933533402912523,-0.6087614290086983,94,0.999382140975147,-0.0351473512505754,0.0852,0.0837,0.0815,0.0752,0.0846,
2023-04-04 08:45:00,2023-04-04,8,0.7518398074790413,-0.659345815099996,94,0.9993758266790652,-0.0353264355622623,0.0839,0.0825999999999999,0.08,0.0742999999999999,0.0825,
2023-04-04 09:00:00,2023-04-04,9,0.7071067811865844,-0.7071067811865106,94,0.9993694802919656,-0.0355055187395801,0.0736,0.073,0.068,0.0642,0.0703,
2023-04-04 09:15:00,2023-04-04,9,0.6593458151000744,-0.7518398074789725,94,0.9993631018140514,-0.0356846007767778,0.0909,0.0899,0.0945999999999999,0.089,0.0967,
2023-04-04 09:30:00,2023-04-04,9,0.608761429008691,-0.7933533402912579,94,0.9993566912455276,-0.0358636816681054,0.058,0.0577,0.0704,0.0683,0.0695,
2023-04-04 09:45:00,2023-04-04,9,0.5555702330196285,-0.8314696123025277,94,0.9993502485866002,-0.0360427614078118,0.0283999999999999,0.0283999999999999,0.0358,0.0352,0.0344,
2023-04-04 10:00:00,2023-04-04,10,0.4999999999999885,-0.8660254037844453,94,0.999343773837476,-0.0362218399901471,0.0443,0.0432,0.0342,0.0306,0.036,
2023-04-04 10:15:00,2023-04-04,10,0.4422886902190512,-0.8968727415326637,94,0.9993372669983628,-0.0364009174093607,0.231,0.226,0.183,0.16,0.198,
2023-04-04 10:30:00,2023-04-04,10,0.3826834323650998,-0.9238795325112826,94,0.9993307280694697,-0.0365799936597021,0.277,0.277,0.272,0.246,0.283,
2023-04-04 10:45:00,2023-04-04,10,0.3214394653031295,-0.9469301294951166,94,0.9993241570510064,-0.0367590687354212,0.205,0.201,0.168,0.147,0.177,
2023-04-04 11:00:00,2023-04-04,11,0.2588190451025546,-0.9659258262890592,94,0.9993175539431844,-0.0369381426307674,0.237,0.232,0.169,0.143,0.185,
2023-04-04 11:15:00,2023-04-04,11,0.1950903220161187,-0.9807852804032324,94,0.9993109187462152,-0.0371172153399909,0.244,0.24,0.207,0.182,0.22,
2023-04-04 11:30:00,2023-04-04,11,0.1305261922201102,-0.9914448613738028,94,0.9993042514603122,-0.037296286857341,0.174,0.171,0.143,0.127,0.15,
2023-04-04 11:45:00,2023-04-04,11,0.0654031292301574,-0.9978589232386026,94,0.9992975520856894,-0.037475357177068,0.186,0.182,0.133,0.114,0.145,
2023-04-04 12:00:00,2023-04-04,12,-3.038981003795201e-14,-1.0,94,0.999290820622562,-0.0376544262934215,0.294,0.288,0.219,0.187,0.239,
2023-04-04 12:15:00,2023-04-04,12,-0.0654031292301046,-0.997858923238606,94,0.999284057071146,-0.0378334942006512,0.298,0.293,0.227,0.196,0.247,
2023-04-04 12:30:00,2023-04-04,12,-0.1305261922200578,-0.9914448613738096,94,0.9992772614316586,-0.0380125608930074,0.354,0.362,0.307,0.27,0.328,
2023-04-04 12:45:00,2023-04-04,12,-0.1950903220160668,-0.9807852804032426,94,0.999270433704318,-0.0381916263647398,0.336,0.331,0.282,0.249,0.299,
2023-04-04 13:00:00,2023-04-04,13,-0.2588190451025035,-0.9659258262890728,94,0.9992635738893438,-0.0383706906100986,0.406,0.452,0.444,0.409,0.461,
2023-04-04 13:15:00,2023-04-04,13,-0.321439465303187,-0.946930129495097,94,0.9992566819869558,-0.0385497536233339,0.453,0.592,0.665,0.635,0.676,
2023-04-04 13:30:00,2023-04-04,13,-0.382683432365051,-0.9238795325113028,94,0.9992497579973756,-0.0387288153986958,0.35,0.499,0.549,0.524,0.558,
2023-04-04 13:45:00,2023-04-04,13,-0.4422886902190037,-0.896872741532687,94,0.9992428019208254,-0.0389078759304344,0.273,0.642,0.756,0.739,0.761,
2023-04-04 14:00:00,2023-04-04,14,-0.4999999999999427,-0.8660254037844717,94,0.9992358137575286,-0.0390869352127995,0.237,0.62,0.726,0.715,0.733,
2023-04-04 14:15:00,2023-04-04,14,-0.5555702330195844,-0.8314696123025571,94,0.9992287935077095,-0.0392659932400417,0.241,0.278,0.285,0.272,0.291,
2023-04-04 14:30:00,2023-04-04,14,-0.6087614290087392,-0.793353340291221,94,0.999221741171594,-0.0394450500064113,0.279,0.333,0.327,0.31,0.338,
2023-04-04 14:45:00,2023-04-04,14,-0.6593458151000346,-0.7518398074790074,94,0.9992146567494078,-0.0396241055061584,0.275,0.301,0.287,0.269,0.298,
2023-04-04 15:00:00,2023-04-04,15,-0.707106781186547,-0.707106781186548,94,0.9992075402413788,-0.0398031597335336,0.245,0.295,0.298,0.287,0.306,
2023-04-04 15:15:00,2023-04-04,15,-0.7518398074789315,-0.6593458151001212,94,0.9992003916477356,-0.0399822126827871,0.213,0.291,0.296,0.291,0.307,
2023-04-04 15:30:00,2023-04-04,15,-0.7933533402912201,-0.6087614290087404,94,0.9991932109687076,-0.0401612643481694,0.214,0.285,0.283,0.277,0.295,
2023-04-04 15:45:00,2023-04-04,15,-0.8314696123025563,-0.5555702330195856,94,0.9991859982045256,-0.0403403147239306,0.187,0.231,0.229,0.223,0.239,
2023-04-04 16:00:00,2023-04-04,16,-0.8660254037844142,-0.5000000000000424,94,0.999178753355421,-0.0405193638043215,0.158,0.239,0.243,0.244,0.254,
2023-04-04 16:15:00,2023-04-04,16,-0.8968727415326865,-0.4422886902190051,94,0.9991714764216264,-0.0406984115835928,0.118,0.164,0.169,0.171,0.175,
2023-04-04 16:30:00,2023-04-04,16,-0.9238795325112588,-0.3826834323651573,94,0.9991641674033754,-0.0408774580559948,0.0945999999999999,0.209,0.197,0.213,0.212,
2023-04-04 16:45:00,2023-04-04,16,-0.9469301294950966,-0.3214394653031884,94,0.999156826300903,-0.0410565032157784,0.0802,0.0847,0.0779,0.0762999999999999,0.0803,
2023-04-04 17:00:00,2023-04-04,17,-0.9659258262890724,-0.2588190451025049,94,0.9991494531144448,-0.0412355470571942,0.0613999999999999,0.0658,0.0564,0.0557,0.0592,
2023-04-04 17:15:00,2023-04-04,17,-0.9807852804032202,-0.1950903220161797,94,0.9991420478442372,-0.0414145895744926,0.0437,0.0596,0.0428,0.0471,0.0485,
2023-04-04 17:30:00,2023-04-04,17,-0.9914448613738094,-0.1305261922200592,94,0.9991346104905188,-0.0415936307619247,0.0233999999999999,0.0238,0.0209,0.0203,0.021,
2023-04-04 17:45:00,2023-04-04,17,-0.9978589232385984,-0.0654031292302195,94,0.9991271410535276,-0.0417726706137411,0.00777,0.0080399999999999,0.00698,0.00662,0.0065,
2023-04-04 18:00:00,2023-04-04,18,-1.0,-3.1843911681014124e-14,94,0.999119639533504,-0.0419517091241928,-0.000443,-0.000209,-7.93e-05,0.000226,-0.00104,
2023-04-04 18:15:00,2023-04-04,18,-0.9978589232386028,0.0654031292301559,94,0.9991121059306888,-0.0421307462875305,-0.00234,-0.00227,-0.00128,-0.00121,-0.00196,
2023-04-04 18:30:00,2023-04-04,18,-0.9914448613738176,0.1305261922199961,94,0.9991045402453236,-0.0423097820980052,-0.000517,-0.000482,-0.000741,-0.000405,-0.00102,
2023-04-04 18:45:00,2023-04-04,18,-0.9807852804032328,0.1950903220161172,94,0.9990969424776516,-0.0424888165498684,-0.000318,-0.000621,-0.00122,-0.00126,-0.000874,
2023-04-04 19:00:00,2023-04-04,19,-0.9659258262890892,0.2588190451024433,94,0.9990893126279166,-0.0426678496373701,-0.000488,-0.000823,-0.00135,-0.00138,-0.0014,
2023-04-04 19:15:00,2023-04-04,19,-0.946930129495117,0.3214394653031281,94,0.9990816506963636,-0.0428468813547621,-0.00243,-0.00204,-0.00132,-0.0014,-0.00191,
2023-04-04 19:30:00,2023-04-04,19,-0.9238795325112832,0.3826834323650985,94,0.9990739566832392,-0.0430259116962951,-0.00124,-0.000947,-0.001,-0.00105,-0.0011899999999999,
2023-04-04 19:45:00,2023-04-04,19,-0.8968727415327146,0.4422886902189479,94,0.9990662305887896,-0.0432049406562204,-0.00222,-0.00171,-0.000941,-0.00114,-0.00132,
2023-04-04 20:00:00,2023-04-04,20,-0.866025403784446,0.4999999999999873,94,0.9990584724132634,-0.0433839682287894,-0.00117,-0.000957,-0.000631,-0.000753,-0.000968,
2023-04-04 20:15:00,2023-04-04,20,-0.8314696123025916,0.5555702330195327,94,0.9990506821569096,-0.043562994408253,-0.000715,-0.000504,-0.000558,-0.000428,-0.000925,
2023-04-04 20:30:00,2023-04-04,20,-0.7933533402912588,0.6087614290086898,94,0.9990428598199784,-0.043742019188863,-0.00239,-0.00227,-0.0011799999999999,-0.0014199999999999,-0.0018,
2023-04-04 20:45:00,2023-04-04,20,-0.7518398074789735,0.6593458151000734,94,0.999035005402721,-0.04392104256487,-0.00276,-0.00256,-0.00158,-0.00174,-0.00243,
2023-04-04 21:00:00,2023-04-04,21,-0.7071067811865116,0.7071067811865834,94,0.9990271189053896,-0.0441000645305259,-0.00356,-0.00306,-0.00165,-0.00195,-0.00243,
2023-04-04 21:15:00,2023-04-04,21,-0.6593458151000825,0.7518398074789654,94,0.9990192003282372,-0.0442790850800817,-0.00347,-0.00306,-0.00181,-0.00185,-0.0027,
2023-04-04 21:30:00,2023-04-04,21,-0.6087614290087897,0.7933533402911821,94,0.9990112496715188,-0.0444581042077891,-0.00248,-0.00217,-0.0014299999999999,-0.0014399999999999,-0.00197,
2023-04-04 21:45:00,2023-04-04,21,-0.5555702330196374,0.8314696123025217,94,0.9990032669354888,-0.0446371219078998,-0.00298,-0.00265,-0.0015,-0.00148,-0.00244,
2023-04-04 22:00:00,2023-04-04,22,-0.4999999999999979,0.8660254037844399,94,0.998995252120404,-0.044816138174665,-0.0025299999999999,-0.00221,-0.00115,-0.00108,-0.00185,
2023-04-04 22:15:00,2023-04-04,22,-0.4422886902189589,0.8968727415327092,94,0.9989872052265216,-0.0449951530023368,-0.00128,-0.0011,-0.000596,-0.000745,-0.00135,
2023-04-04 22:30:00,2023-04-04,22,-0.3826834323651098,0.9238795325112784,94,0.9989791262541,-0.0451741663851661,-0.000608,-0.000525,6.890000000000001e-05,-0.000157,-0.000677,
2023-04-04 22:45:00,2023-04-04,22,-0.3214394653032473,0.9469301294950766,94,0.998971015203399,-0.045353178317405,-0.00222,-0.00199,-0.00163,-0.00151,-0.0025499999999999,
2023-04-04 23:00:00,2023-04-04,23,-0.258819045102565,0.9659258262890564,94,0.9989628720746786,-0.0455321887933055,-0.0012,-0.00139,-0.000586,-0.000459,-0.00162,
2023-04-04 23:15:00,2023-04-04,23,-0.1950903220161292,0.9807852804032302,94,0.9989546968682006,-0.0457111978071188,-0.00156,-0.00151,-0.000851,-0.000826,-0.00139,
2023-04-04 23:30:00,2023-04-04,23,-0.1305261922200082,0.9914448613738162,94,0.9989464895842272,-0.0458902053530973,-0.00206,-0.00202,-0.0011,-0.00107,-0.00208,
2023-04-04 23:45:00,2023-04-04,23,-0.0654031292301681,0.9978589232386018,94,0.9989382502230222,-0.0460692114254924,-0.00218,-0.00198,-0.00102,-0.000959,-0.0016899999999999,
2023-04-05 00:00:00,2023-04-05,0,-9.407763339998026e-14,1.0,95,0.99892997878485,-0.0462482160185564,-0.0020299999999999,-0.00179,-0.00105,-0.000894,-0.00191,
2023-04-05 00:15:00,2023-04-05,0,0.0654031292300938,0.9978589232386068,95,0.9989216752699764,-0.0464272191265411,-0.00214,-0.00179,-0.001,-0.000906,-0.00179,
2023-04-05 00:30:00,2023-04-05,0,0.1305261922200471,0.991444861373811,95,0.9989133396786678,-0.0466062207436984,-0.00218,-0.00183,-0.00103,-0.000929,-0.0019199999999999,
2023-04-05 00:45:00,2023-04-05,0,0.1950903220161677,0.9807852804032224,95,0.998904972011192,-0.0467852208642807,-0.00211,-0.00181,-0.00116,-0.00105,-0.00176,
2023-04-05 01:00:00,2023-04-05,1,0.2588190451024931,0.9659258262890758,95,0.9988965722678178,-0.0469642194825397,-0.00206,-0.00189,-0.0011899999999999,-0.00111,-0.00189,
2023-04-05 01:15:00,2023-04-05,1,0.3214394653030692,0.946930129495137,95,0.9988881404488148,-0.0471432165927277,-0.0025,-0.00213,-0.00126,-0.00122,-0.00197,
2023-04-05 01:30:00,2023-04-05,1,0.382683432365041,0.923879532511307,95,0.9988796765544538,-0.0473222121890973,-0.00191,-0.0016899999999999,-0.00107,-0.00091,-0.00154,
2023-04-05 01:45:00,2023-04-05,1,0.4422886902189941,0.8968727415326918,95,0.9988711805850063,-0.0475012062659005,-0.00248,-0.00202,-0.00114,-0.000998,-0.00185,
2023-04-05 02:00:00,2023-04-05,2,0.5000000000000319,0.8660254037844203,95,0.9988626525407456,-0.0476801988173895,-0.00257,-0.00182,-0.00104,-0.000726,-0.00151,
2023-04-05 02:15:00,2023-04-05,2,0.5555702330195755,0.8314696123025631,95,0.9988540924219452,-0.0478591898378165,-0.00377,-0.00343,-0.00138,-0.00154,-0.00265,
2023-04-05 02:30:00,2023-04-05,2,0.6087614290087306,0.7933533402912275,95,0.99884550022888,-0.0480381793214343,-0.00381,-0.00339,-0.00147,-0.0016899999999999,-0.00273,
2023-04-05 02:45:00,2023-04-05,2,0.6593458151000265,0.7518398074790145,95,0.9988368759618262,-0.0482171672624951,-0.00297,-0.00218,-0.000548,-0.00101,-0.0022,
2023-04-05 03:00:00,2023-04-05,3,0.7071067811865394,0.7071067811865557,95,0.9988282196210604,-0.0483961536552514,-0.00383,-0.00241,-0.000421,-0.00099,-0.0019199999999999,
2023-04-05 03:15:00,2023-04-05,3,0.7518398074789994,0.6593458151000439,95,0.9988195312068608,-0.0485751384939561,-0.00254,-0.00123,-0.000334,-0.000535,-0.002,
2023-04-05 03:30:00,2023-04-05,3,0.7933533402912135,0.608761429008749,95,0.998810810719506,-0.0487541217728616,-0.00291,-0.00224,-0.00171,-0.00135,-0.00319,
2023-04-05 03:45:00,2023-04-05,3,0.8314696123025503,0.5555702330195946,95,0.9988020581592766,-0.0489331034862205,-0.00318,-0.00292,-0.00163,-0.00174,-0.00311,
2023-04-05 04:00:00,2023-04-05,4,0.8660254037844087,0.5000000000000517,95,0.9987932735264532,-0.0491120836282853,-0.0033,-0.00278,-0.0014199999999999,-0.00146,-0.00285,
2023-04-05 04:15:00,2023-04-05,4,0.8968727415326817,0.4422886902190147,95,0.998784456821318,-0.049291062193309,-0.00321,-0.00259,-0.00121,-0.00134,-0.00268,
2023-04-05 04:30:00,2023-04-05,4,0.9238795325112982,0.3826834323650622,95,0.9987756080441542,-0.0494700391755446,-0.00316,-0.00265,-0.00131,-0.00154,-0.0028399999999999,
2023-04-05 04:45:00,2023-04-05,4,0.946930129495093,0.3214394653031986,95,0.998766727195246,-0.0496490145692445,-0.00232,-0.00174,-0.000452,-0.000688,-0.00188,
2023-04-05 05:00:00,2023-04-05,5,0.9659258262890698,0.2588190451025153,95,0.9987578142748784,-0.0498279883686621,0.00196,0.0023599999999999,0.00376,0.00325,0.00237,
2023-04-05 05:15:00,2023-04-05,5,0.980785280403218,0.1950903220161903,95,0.9987488692833376,-0.0500069605680502,0.0114,0.0116,0.0130999999999999,0.0121,0.0119,
2023-04-05 05:30:00,2023-04-05,5,0.991444861373808,0.1305261922200699,95,0.998739892220911,-0.0501859311616614,0.0212,0.0214,0.024,0.0226,0.0228,
2023-04-05 05:45:00,2023-04-05,5,0.9978589232386053,0.0654031292301168,95,0.9987308830878868,-0.0503649001437494,0.0301,0.0326,0.0339,0.0321,0.0351,
2023-04-05 06:00:00,2023-04-05,6,1.0,4.262451739733036e-14,95,0.9987218418845542,-0.0505438675085668,0.0368999999999999,0.149,0.148,0.0827,0.14,
2023-04-05 06:15:00,2023-04-05,6,0.9978589232386034,-0.0654031292301452,95,0.9987127686112036,-0.0507228332503672,0.0441,0.201,0.213,0.136,0.203,
2023-04-05 06:30:00,2023-04-05,6,0.9914448613738192,-0.1305261922199854,95,0.9987036632681264,-0.0509017973634034,0.0496,0.254,0.277,0.196,0.269,
2023-04-05 06:45:00,2023-04-05,6,0.9807852804032348,-0.1950903220161067,95,0.9986945258556148,-0.051080759841929,0.0542999999999999,0.307,0.342,0.257,0.335,
2023-04-05 07:00:00,2023-04-05,7,0.9659258262890624,-0.2588190451025428,95,0.9986853563739624,-0.0512597206801973,0.0573,0.357,0.404,0.318,0.4,
2023-04-05 07:15:00,2023-04-05,7,0.9469301294951205,-0.3214394653031179,95,0.9986761548234636,-0.0514386798724613,0.0613999999999999,0.405,0.469,0.381,0.463,
2023-04-05 07:30:00,2023-04-05,7,0.9238795325112872,-0.3826834323650885,95,0.9986669212044136,-0.051617637412975,0.0640999999999999,0.452,0.532,0.442,0.525,
2023-04-05 07:45:00,2023-04-05,7,0.8968727415327193,-0.4422886902189383,95,0.9986576555171096,-0.0517965932959913,0.0652,0.498,0.592,0.5,0.585,
2023-04-05 08:00:00,2023-04-05,8,0.8660254037844514,-0.4999999999999779,95,0.9986483577618482,-0.0519755475157643,0.068,0.549,0.659,0.565,0.649,
2023-04-05 08:15:00,2023-04-05,8,0.8314696123025345,-0.5555702330196183,95,0.9986390279389288,-0.0521545000665471,0.0704,0.597,0.722,0.627,0.71,
2023-04-05 08:30:00,2023-04-05,8,0.7933533402912654,-0.6087614290086812,95,0.9986296660486504,-0.0523334509425938,0.0765,0.638,0.78,0.685,0.763,
2023-04-05 08:45:00,2023-04-05,8,0.7518398074789806,-0.6593458151000653,95,0.998620272091314,-0.0525124001381579,0.0800999999999999,0.672,0.826,0.732,0.808,
2023-04-05 09:00:00,2023-04-05,9,0.7071067811865996,-0.7071067811864954,95,0.9986108460672212,-0.0526913476474928,0.0795,0.712,0.876,0.784,0.86,
2023-04-05 09:15:00,2023-04-05,9,0.6593458151000906,-0.7518398074789583,95,0.9986013879766744,-0.0528702934648529,0.0805999999999999,0.743,0.919,0.829,0.903,
2023-04-05 09:30:00,2023-04-05,9,0.6087614290087081,-0.7933533402912448,95,0.9985918978199774,-0.0530492375844915,0.0789,0.772,0.96,0.872,0.945,
2023-04-05 09:45:00,2023-04-05,9,0.5555702330196464,-0.8314696123025157,95,0.9985823755974352,-0.0532281800006628,0.0833,0.801,0.998,0.912,0.983,
2023-04-05 10:00:00,2023-04-05,10,0.5000000000000072,-0.8660254037844345,95,0.9985728213093532,-0.0534071207076211,0.0865,0.822,1.02,0.941,1.01,
2023-04-05 10:15:00,2023-04-05,10,0.4422886902190705,-0.8968727415326542,95,0.9985632349560386,-0.05358605969962,0.0864,0.842,1.05,0.97,1.04,
2023-04-05 10:30:00,2023-04-05,10,0.3826834323651197,-0.9238795325112744,95,0.998553616537799,-0.0537649969709136,0.0886,0.859,1.07,0.995,1.06,
2023-04-05 10:45:00,2023-04-05,10,0.3214394653031499,-0.9469301294951096,95,0.9985439660549432,-0.053943932515756,0.0919,0.87,1.09,1.01,1.08,
2023-04-05 11:00:00,2023-04-05,11,0.2588190451025754,-0.9659258262890535,95,0.9985342835077812,-0.0541228663284014,0.0948,0.879,1.1,1.03,1.09,
2023-04-05 11:15:00,2023-04-05,11,0.1950903220161398,-0.980785280403228,95,0.998524568896624,-0.0543017984031044,0.103,0.876,1.09,1.03,1.09,
2023-04-05 11:30:00,2023-04-05,11,0.1305261922201316,-0.9914448613737998,95,0.9985148222217832,-0.0544807287341189,0.111,0.885,1.1,1.04,1.09,
2023-04-05 11:45:00,2023-04-05,11,0.0654031292301789,-0.9978589232386011,95,0.9985050434835722,-0.0546596573156995,0.11,0.881,1.1,1.04,1.09,
2023-04-05 12:00:00,2023-04-05,12,-8.828598605319534e-15,-1.0,95,0.9984952326823048,-0.0548385841421005,0.11,0.877,1.09,1.04,1.08,
2023-04-05 12:15:00,2023-04-05,12,-0.0654031292300831,-0.9978589232386076,95,0.9984853898182958,-0.0550175092075762,0.107,0.87,1.08,1.03,1.08,
2023-04-05 12:30:00,2023-04-05,12,-0.1305261922200364,-0.9914448613738124,95,0.9984755148918618,-0.0551964325063815,0.106,0.855,1.06,1.02,1.06,
2023-04-05 12:45:00,2023-04-05,12,-0.1950903220160456,-0.9807852804032468,95,0.9984656079033196,-0.0553753540327706,0.102,0.837,1.04,1.0,1.03,
2023-04-05 13:00:00,2023-04-05,13,-0.2588190451024826,-0.9659258262890784,95,0.9984556688529872,-0.0555542737809986,0.0991,0.815,1.01,0.977,1.0,
2023-04-05 13:15:00,2023-04-05,13,-0.3214394653031666,-0.946930129495104,95,0.998445697741184,-0.0557331917453196,0.0942,0.794,0.973,0.951,0.973,
2023-04-05 13:30:00,2023-04-05,13,-0.3826834323651361,-0.9238795325112676,95,0.9984356945682298,-0.0559121079199889,0.0917999999999999,0.765,0.934,0.917,0.936,
2023-04-05 13:45:00,2023-04-05,13,-0.4422886902189844,-0.8968727415326966,95,0.9984256593344464,-0.0560910222992612,0.0867,0.736,0.894,0.882,0.898,
2023-04-05 14:00:00,2023-04-05,14,-0.499999999999924,-0.8660254037844825,95,0.9984155920401556,-0.0562699348773909,0.0834,0.703,0.846,0.84,0.852,
2023-04-05 14:15:00,2023-04-05,14,-0.5555702330195665,-0.8314696123025691,95,0.9984054926856808,-0.0564488456486336,0.081,0.665,0.794,0.793,0.802,
2023-04-05 14:30:00,2023-04-05,14,-0.6087614290087221,-0.793353340291234,95,0.998395361271346,-0.0566277546072437,0.0790999999999999,0.621,0.734,0.738,0.745,
2023-04-05 14:45:00,2023-04-05,14,-0.6593458151001039,-0.7518398074789466,95,0.9983851977974773,-0.0568066617474768,0.0774,0.576,0.672,0.681,0.685,
2023-04-05 15:00:00,2023-04-05,15,-0.7071067811865318,-0.7071067811865633,95,0.9983750022644003,-0.0569855670635875,0.0742999999999999,0.532,0.611,0.624,0.626,
2023-04-05 15:15:00,2023-04-05,15,-0.7518398074789172,-0.6593458151001375,95,0.9983647746724428,-0.0571644705498311,0.0723,0.481,0.543,0.559,0.559,
2023-04-05 15:30:00,2023-04-05,15,-0.7933533402912069,-0.6087614290087575,95,0.9983545150219332,-0.0573433722004634,0.0686,0.431,0.476,0.496,0.494,
2023-04-05 15:45:00,2023-04-05,15,-0.8314696123025443,-0.5555702330196036,95,0.9983442233132004,-0.0575222720097387,0.0644,0.381,0.41,0.433,0.429,
2023-04-05 16:00:00,2023-04-05,16,-0.8660254037844602,-0.4999999999999626,95,0.9983338995465756,-0.0577011699719131,0.0594,0.329,0.342,0.366,0.362,
2023-04-05 16:15:00,2023-04-05,16,-0.8968727415326769,-0.4422886902190244,95,0.9983235437223902,-0.0578800660812414,0.0549,0.277,0.275,0.3,0.296,
2023-04-05 16:30:00,2023-04-05,16,-0.9238795325112504,-0.3826834323651772,95,0.9983131558409764,-0.0580589603319794,0.0505,0.225,0.21,0.236,0.23,
2023-04-05 16:45:00,2023-04-05,16,-0.9469301294950896,-0.3214394653032088,95,0.998302735902668,-0.0582378527183828,0.0436,0.171,0.147,0.172,0.166,
2023-04-05 17:00:00,2023-04-05,17,-0.965925826289067,-0.2588190451025257,95,0.9982922839077992,-0.0584167432347067,0.036,0.123,0.0915,0.115,0.109,
2023-04-05 17:15:00,2023-04-05,17,-0.9807852804032382,-0.1950903220160894,95,0.9982817998567064,-0.0585956318752075,0.0278999999999999,0.0761,0.0448999999999999,0.0619,0.0566,
2023-04-05 17:30:00,2023-04-05,17,-0.9914448613738066,-0.1305261922200806,95,0.9982712837497256,-0.0587745186341399,0.017,0.0228,0.02,0.0202,0.019,
2023-04-05 17:45:00,2023-04-05,17,-0.997858923238597,-0.065403129230241,95,0.9982607355871946,-0.0589534035057602,0.00613,0.0063,0.00716,0.00716,0.00637,
2023-04-05 18:00:00,2023-04-05,18,-1.0,-5.34051231136466e-14,95,0.9982501553694524,-0.0591322864843244,-0.00174,-0.00125,-1.38e-05,-0.000107,-0.00048,
2023-04-05 18:15:00,2023-04-05,18,-0.997858923238604,0.0654031292301344,95,0.9982395430968384,-0.0593111675640878,-0.0040199999999999,-0.00337,-0.00172,-0.0019,-0.00229,
2023-04-05 18:30:00,2023-04-05,18,-0.9914448613738056,0.1305261922200874,95,0.9982288987696936,-0.059490046739307,-0.00271,-0.00219,-0.00179,-0.0014299999999999,-0.00229,
2023-04-05 18:45:00,2023-04-05,18,-0.9807852804032368,0.1950903220160961,95,0.9982182223883596,-0.0596689240042374,-0.0029,-0.00233,-0.00186,-0.00152,-0.00246,
2023-04-05 19:00:00,2023-04-05,19,-0.9659258262890652,0.2588190451025323,95,0.9982075139531794,-0.0598477993531358,-0.00248,-0.0019,-0.00154,-0.00123,-0.00176,
2023-04-05 19:15:00,2023-04-05,19,-0.946930129495124,0.3214394653031077,95,0.9981967734644968,-0.0600266727802575,-0.00324,-0.00269,-0.00166,-0.00164,-0.00232,
2023-04-05 19:30:00,2023-04-05,19,-0.9238795325112914,0.3826834323650785,95,0.9981860009226566,-0.060205544279859,-0.00242,-0.00191,-0.00155,-0.00122,-0.00191,
2023-04-05 19:45:00,2023-04-05,19,-0.8968727415326738,0.4422886902190305,95,0.998175196328005,-0.0603844138461967,-0.00321,-0.00259,-0.00158,-0.00153,-0.00198,
2023-04-05 20:00:00,2023-04-05,20,-0.8660254037844568,0.4999999999999686,95,0.9981643596808886,-0.0605632814735267,-0.00202,-0.00145,-0.00198,-0.00126,-0.00259,
2023-04-05 20:15:00,2023-04-05,20,-0.8314696123025405,0.5555702330196093,95,0.9981534909816556,-0.0607421471561057,-0.00344,-0.0028399999999999,-0.00214,-0.00177,-0.00257,
2023-04-05 20:30:00,2023-04-05,20,-0.7933533402912719,0.6087614290086727,95,0.9981425902306548,-0.0609210108881896,-0.00443,-0.00377,-0.00237,-0.00232,-0.00308,
2023-04-05 20:45:00,2023-04-05,20,-0.7518398074789877,0.6593458151000571,95,0.9981316574282366,-0.0610998726640355,-0.0036,-0.00299,-0.00211,-0.00209,-0.00283,
2023-04-05 21:00:00,2023-04-05,21,-0.7071067811865269,0.7071067811865681,95,0.9981206925747516,-0.0612787324778996,-0.00547,-0.005,-0.00188,-0.00297,-0.00278,
2023-04-05 21:15:00,2023-04-05,21,-0.6593458151000987,0.7518398074789512,95,0.9981096956705524,-0.0614575903240384,-0.00307,-0.00263,-0.0016899999999999,-0.00198,-0.00237,
2023-04-05 21:30:00,2023-04-05,21,-0.6087614290087167,0.7933533402912383,95,0.9980986667159916,-0.061636446196709,-0.00424,-0.0038599999999999,-0.00158,-0.00229,-0.00234,
2023-04-05 21:45:00,2023-04-05,21,-0.5555702330196554,0.8314696123025097,95,0.9980876057114236,-0.0618153000901677,-0.000997,-0.00083,-0.0014299999999999,-0.001,-0.00239,
2023-04-05 22:00:00,2023-04-05,22,-0.5000000000000165,0.866025403784429,95,0.998076512657204,-0.0619941519986715,-0.00407,-0.0035099999999999,-0.00196,-0.0022,-0.00331,
2023-04-05 22:15:00,2023-04-05,22,-0.4422886902189782,0.8968727415326997,95,0.998065387553688,-0.0621730019164775,-0.00643,-0.0056,-0.00237,-0.00324,-0.00339,
2023-04-05 22:30:00,2023-04-05,22,-0.3826834323651297,0.9238795325112702,95,0.998054230401234,-0.0623518498378425,-0.00396,-0.00341,-0.00207,-0.00216,-0.00293,
2023-04-05 22:45:00,2023-04-05,22,-0.3214394653031601,0.946930129495106,95,0.9980430412001992,-0.0625306957570234,-0.00265,-0.00209,-0.00126,-0.00133,-0.0014,
2023-04-05 23:00:00,2023-04-05,23,-0.2588190451025858,0.9659258262890508,95,0.9980318199509436,-0.0627095396682771,-0.00417,-0.00352,-0.00175,-0.00214,-0.00314,
2023-04-05 23:15:00,2023-04-05,23,-0.1950903220161504,0.980785280403226,95,0.9980205666538272,-0.0628883815658609,-0.00326,-0.00276,-0.0014199999999999,-0.00149,-0.0027,
2023-04-05 23:30:00,2023-04-05,23,-0.1305261922200296,0.9914448613738132,95,0.9980092813092116,-0.0630672214440324,-0.0030299999999999,-0.00267,-0.00129,-0.00163,-0.0025,
2023-04-05 23:45:00,2023-04-05,23,-0.0654031292301896,0.9978589232386004,95,0.9979979639174592,-0.0632460592970482,-0.00204,-0.0016,-0.000586,-0.000722,-0.00139,
2023-04-06 00:00:00,2023-04-06,0,-1.952007110996705e-15,1.0,96,0.9979866144789332,-0.0634248951191661,-0.00209,-0.00155,-0.000862,-0.000589,-0.00178,
2023-04-06 00:15:00,2023-04-06,0,0.0654031292300723,0.997858923238608,96,0.997975232993998,-0.0636037289046434,-0.00291,-0.00244,-0.00125,-0.00128,-0.00268,
2023-04-06 00:30:00,2023-04-06,0,0.1305261922200257,0.9914448613738138,96,0.9979638194630192,-0.0637825606477374,-0.00304,-0.00249,-0.00126,-0.00132,-0.00275,
2023-04-06 00:45:00,2023-04-06,0,0.1950903220161466,0.9807852804032268,96,0.9979523738863634,-0.0639613903427055,-0.0031,-0.00258,-0.0013,-0.0014,-0.00264,
2023-04-06 01:00:00,2023-04-06,1,0.2588190451024723,0.9659258262890812,96,0.997940896264398,-0.0641402179838055,-0.0031,-0.00242,-0.00109,-0.00122,-0.00229,
2023-04-06 01:15:00,2023-04-06,1,0.3214394653031564,0.9469301294951076,96,0.9979293865974916,-0.0643190435652953,-0.0030299999999999,-0.00247,-0.00113,-0.00115,-0.00246,
2023-04-06 01:30:00,2023-04-06,1,0.382683432365021,0.9238795325113152,96,0.9979178448860136,-0.0644978670814322,-0.00274,-0.00199,-0.000872,-0.00068,-0.002,
2023-04-06 01:45:00,2023-04-06,1,0.4422886902189747,0.8968727415327014,96,0.9979062711303348,-0.0646766885264743,-0.00326,-0.00239,-0.001,-0.00113,-0.00235,
2023-04-06 02:00:00,2023-04-06,2,0.5000000000000132,0.866025403784431,96,0.9978946653308268,-0.0648555078946793,-0.0028799999999999,-0.00229,-0.00109,-0.00121,-0.00254,
2023-04-06 02:15:00,2023-04-06,2,0.5555702330195575,0.8314696123025751,96,0.9978830274878626,-0.0650343251803049,-0.0028799999999999,-0.00228,-0.000913,-0.000998,-0.00217,
2023-04-06 02:30:00,2023-04-06,2,0.6087614290087136,0.7933533402912406,96,0.9978713576018154,-0.0652131403776096,-0.00292,-0.00232,-0.00092,-0.000975,-0.00228,
2023-04-06 02:45:00,2023-04-06,2,0.6593458151000103,0.7518398074790287,96,0.9978596556730602,-0.0653919534808509,-0.00283,-0.00221,-0.0008,-0.000868,-0.00213,
2023-04-06 03:00:00,2023-04-06,3,0.7071067811865241,0.7071067811865709,96,0.9978479217019728,-0.0655707644842874,-0.00295,-0.0024,-0.00104,-0.00113,-0.0023,
2023-04-06 03:15:00,2023-04-06,3,0.7518398074789852,0.6593458151000601,96,0.9978361556889296,-0.0657495733821769,-0.00296,-0.00232,-0.000924,-0.00109,-0.00212,
2023-04-06 03:30:00,2023-04-06,3,0.7933533402912003,0.6087614290087661,96,0.9978243576343088,-0.065928380168778,-0.00265,-0.00209,-0.000965,-0.000967,-0.00222,
2023-04-06 03:45:00,2023-04-06,3,0.8314696123025384,0.5555702330196125,96,0.9978125275384891,-0.0661071848383489,-0.00266,-0.0019,-0.000665,-0.000722,-0.0018,
2023-04-06 04:00:00,2023-04-06,4,0.866025403784398,0.5000000000000704,96,0.9978006654018508,-0.0662859873851477,-0.0028799999999999,-0.00225,-0.000976,-0.000833,-0.00218,
2023-04-06 04:15:00,2023-04-06,4,0.8968727415326722,0.442288690219034,96,0.997788771224774,-0.0664647878034334,-0.00306,-0.0024,-0.000827,-0.000791,-0.00221,
2023-04-06 04:30:00,2023-04-06,4,0.9238795325112898,0.3826834323650822,96,0.9977768450076414,-0.066643586087464,-0.0028599999999999,-0.00212,-0.000903,-0.000887,-0.00226,
2023-04-06 04:45:00,2023-04-06,4,0.946930129495086,0.321439465303219,96,0.9977648867508356,-0.0668223822314983,-0.0016,-0.00102,0.000121,-0.000103,-0.00131,
2023-04-06 05:00:00,2023-04-06,5,0.9659258262890642,0.2588190451025361,96,0.9977528964547404,-0.0670011762297952,0.00517,0.00553,0.00604,0.00537,0.00465,
2023-04-06 05:15:00,2023-04-06,5,0.980785280403214,0.1950903220162114,96,0.9977408741197412,-0.0671799680766133,0.0158,0.0162,0.0173,0.0154,0.0161,
2023-04-06 05:30:00,2023-04-06,5,0.9914448613738052,0.1305261922200913,96,0.9977288197462238,-0.0673587577662114,0.0283999999999999,0.0286,0.0304,0.0272,0.0292,
2023-04-06 05:45:00,2023-04-06,5,0.9978589232386038,0.0654031292301383,96,0.9977167333345756,-0.067537545292848,0.041,0.0547999999999999,0.0444,0.0407999999999999,0.0538999999999999,
2023-04-06 06:00:00,2023-04-06,6,1.0,-4.950110889165319e-14,96,0.9977046148851842,-0.0677163306507826,0.0503,0.143,0.142,0.0849,0.136,
2023-04-06 06:15:00,2023-04-06,6,0.9978589232386048,-0.0654031292301237,96,0.9976924643984392,-0.0678951138342738,0.0608,0.195,0.204,0.135,0.195,
2023-04-06 06:30:00,2023-04-06,6,0.991444861373822,-0.130526192219964,96,0.9976802818747308,-0.0680738948375808,0.0652,0.246,0.265,0.19,0.258,
2023-04-06 06:45:00,2023-04-06,6,0.980785280403239,-0.1950903220160855,96,0.9976680673144496,-0.0682526736549631,0.0683,0.298,0.331,0.25,0.325,
2023-04-06 07:00:00,2023-04-06,7,0.965925826289068,-0.2588190451025219,96,0.9976558207179884,-0.0684314502806796,0.0707,0.35,0.397,0.312,0.393,
2023-04-06 07:15:00,2023-04-06,7,0.9469301294950908,-0.3214394653032051,96,0.99764354208574,-0.0686102247089896,0.0757,0.404,0.465,0.377,0.461,
2023-04-06 07:30:00,2023-04-06,7,0.9238795325112956,-0.3826834323650686,96,0.9976312314180992,-0.0687889969341523,0.081,0.452,0.529,0.439,0.523,
2023-04-06 07:45:00,2023-04-06,7,0.8968727415327289,-0.4422886902189189,96,0.9976188887154612,-0.0689677669504272,0.0854,0.503,0.595,0.503,0.587,
2023-04-06 08:00:00,2023-04-06,8,0.8660254037844621,-0.4999999999999592,96,0.997606513978222,-0.0691465347520743,0.0863,0.547,0.654,0.562,0.646,
2023-04-06 08:15:00,2023-04-06,8,0.8314696123025465,-0.5555702330196004,96,0.997594107206779,-0.0693253003333525,0.0909,0.591,0.713,0.62,0.701,
2023-04-06 08:30:00,2023-04-06,8,0.7933533402912093,-0.6087614290087544,96,0.9975816684015308,-0.069504063688522,0.0917,0.633,0.77,0.676,0.756,
2023-04-06 08:45:00,2023-04-06,8,0.7518398074789948,-0.659345815100049,96,0.9975691975628768,-0.0696828248118423,0.0924,0.672,0.822,0.729,0.807,
2023-04-06 09:00:00,2023-04-06,9,0.707106781186615,-0.7071067811864802,96,0.9975566946912175,-0.0698615836975729,0.0942,0.708,0.87,0.778,0.855,
2023-04-06 09:15:00,2023-04-06,9,0.6593458151001068,-0.7518398074789441,96,0.9975441597869544,-0.0700403403399742,0.0945999999999999,0.741,0.914,0.824,0.899,
2023-04-06 09:30:00,2023-04-06,9,0.6087614290087252,-0.7933533402912316,96,0.9975315928504896,-0.0702190947333055,0.0975,0.771,0.953,0.864,0.939,
2023-04-06 09:45:00,2023-04-06,9,0.5555702330195698,-0.8314696123025669,96,0.9975189938822272,-0.0703978468718275,0.0996,0.796,0.986,0.9,0.973,
2023-04-06 10:00:00,2023-04-06,10,0.5000000000000259,-0.8660254037844237,96,0.9975063628825712,-0.0705765967497997,0.103,0.821,1.02,0.935,1.01,
2023-04-06 10:15:00,2023-04-06,10,0.4422886902190899,-0.8968727415326446,96,0.997493699851928,-0.0707553443614825,0.108,0.842,1.05,0.965,1.03,
2023-04-06 10:30:00,2023-04-06,10,0.3826834323651397,-0.923879532511266,96,0.9974810047907032,-0.0709340897011365,0.109,0.858,1.07,0.988,1.06,
2023-04-06 10:45:00,2023-04-06,10,0.3214394653031703,-0.9469301294951028,96,0.9974682776993054,-0.0711128327630213,0.108,0.872,1.08,1.01,1.07,
2023-04-06 11:00:00,2023-04-06,11,0.2588190451024864,-0.9659258262890776,96,0.9974555185781426,-0.0712915735413977,0.108,0.88,1.09,1.02,1.09,
2023-04-06 11:15:00,2023-04-06,11,0.195090322016161,-0.980785280403224,96,0.997442727427625,-0.0714703120305258,0.108,0.882,1.1,1.03,1.09,
2023-04-06 11:30:00,2023-04-06,11,0.1305261922200402,-0.991444861373812,96,0.9974299042481628,-0.0716490482246667,0.104,0.884,1.1,1.04,1.09,
2023-04-06 11:45:00,2023-04-06,11,0.0654031292302004,-0.9978589232385996,96,0.9974170490401684,-0.0718277821180803,0.108,0.882,1.09,1.03,1.09,
2023-04-06 12:00:00,2023-04-06,12,1.2732612827312944e-14,-1.0,96,0.997404161804054,-0.0720065137050276,0.0992,0.879,1.08,1.03,1.08,
2023-04-06 12:15:00,2023-04-06,12,-0.065403129230175,-0.9978589232386014,96,0.9973912425402338,-0.0721852429797698,0.0954,0.868,1.07,1.02,1.07,
2023-04-06 12:30:00,2023-04-06,12,-0.130526192220015,-0.9914448613738152,96,0.9973782912491226,-0.0723639699365669,0.0902,0.854,1.05,1.01,1.05,
2023-04-06 12:45:00,2023-04-06,12,-0.195090322016136,-0.9807852804032288,96,0.9973653079311362,-0.0725426945696803,0.0869,0.833,1.02,0.983,1.02,
2023-04-06 13:00:00,2023-04-06,13,-0.2588190451024618,-0.965925826289084,96,0.9973522925866914,-0.0727214168733706,0.0847,0.81,0.988,0.957,0.989,
2023-04-06 13:15:00,2023-04-06,13,-0.3214394653031462,-0.9469301294951108,96,0.9973392452162064,-0.072900136841899,0.0875,0.788,0.952,0.927,0.955,
2023-04-06 13:30:00,2023-04-06,13,-0.3826834323651161,-0.923879532511276,96,0.9973261658201,-0.0730788544695269,0.0807,0.758,0.915,0.896,0.919,
2023-04-06 13:45:00,2023-04-06,13,-0.4422886902189651,-0.8968727415327061,96,0.9973130543987924,-0.0732575697505151,0.0795,0.726,0.87,0.856,0.876,
2023-04-06 14:00:00,2023-04-06,14,-0.5000000000000038,-0.8660254037844365,96,0.997299910952704,-0.0734362826791253,0.0778,0.689,0.82,0.811,0.827,
2023-04-06 14:15:00,2023-04-06,14,-0.5555702330195486,-0.8314696123025811,96,0.9972867354822575,-0.0736149932496182,0.0752,0.65,0.768,0.764,0.777,
2023-04-06 14:30:00,2023-04-06,14,-0.608761429008705,-0.7933533402912472,96,0.997273527987876,-0.0737937014562556,0.0744,0.61,0.712,0.713,0.724,
2023-04-06 14:45:00,2023-04-06,14,-0.6593458151000877,-0.7518398074789608,96,0.9972602884699832,-0.0739724072932991,0.0747999999999999,0.569,0.654,0.66,0.67,
2023-04-06 15:00:00,2023-04-06,15,-0.7071067811865165,-0.7071067811865785,96,0.9972470169290044,-0.0741511107550099,0.0752999999999999,0.519,0.589,0.599,0.605,
2023-04-06 15:15:00,2023-04-06,15,-0.751839807478978,-0.6593458151000682,96,0.997233713365366,-0.0743298118356501,0.071,0.475,0.527,0.542,0.544,
2023-04-06 15:30:00,2023-04-06,15,-0.7933533402911938,-0.6087614290087746,96,0.9972203777794948,-0.0745085105294809,0.0673,0.426,0.464,0.482,0.483,
2023-04-06 15:45:00,2023-04-06,15,-0.8314696123025324,-0.5555702330196215,96,0.9972070101718192,-0.0746872068307647,0.0622,0.373,0.397,0.418,0.416,
2023-04-06 16:00:00,2023-04-06,16,-0.8660254037844495,-0.4999999999999813,96,0.9971936105427684,-0.074865900733763,0.0579,0.322,0.332,0.354,0.352,
2023-04-06 16:15:00,2023-04-06,16,-0.8968727415326674,-0.4422886902190437,96,0.9971801788927728,-0.0750445922327375,0.0535,0.27,0.266,0.29,0.287,
2023-04-06 16:30:00,2023-04-06,16,-0.9238795325112856,-0.3826834323650921,96,0.9971667152222634,-0.0752232813219508,0.0482999999999999,0.187,0.176,0.196,0.192,
2023-04-06 16:45:00,2023-04-06,16,-0.9469301294950828,-0.3214394653032292,96,0.997153219531673,-0.0754019679956645,0.0425,0.165,0.143,0.166,0.16,
2023-04-06 17:00:00,2023-04-06,17,-0.9659258262890614,-0.2588190451025465,96,0.9971396918214346,-0.0755806522481412,0.0337,0.116,0.0884,0.109,0.103,
2023-04-06 17:15:00,2023-04-06,17,-0.980785280403234,-0.1950903220161105,96,0.9971261320919828,-0.0757593340736428,0.025,0.0719,0.044,0.0598,0.0537,
2023-04-06 17:30:00,2023-04-06,17,-0.9914448613738036,-0.1305261922201019,96,0.9971125403437529,-0.075938013466432,0.0141,0.0198,0.0186999999999999,0.0193,0.0161,
2023-04-06 17:45:00,2023-04-06,17,-0.9978589232386031,-0.0654031292301491,96,0.9970989165771812,-0.076116690420771,0.00419,0.00413,0.00637,0.0065899999999999,0.00378,
2023-04-06 18:00:00,2023-04-06,18,-1.0,-7.496633454627908e-14,96,0.9970852607927054,-0.0762953649309221,-0.00175,-0.00182,-0.000245,-0.00021,-0.00211,
2023-04-06 18:15:00,2023-04-06,18,-0.9978589232386056,0.0654031292301129,96,0.997071572990764,-0.0764740369911482,-0.00328,-0.00297,-0.00164,-0.00156,-0.00289,
2023-04-06 18:30:00,2023-04-06,18,-0.9914448613738084,0.130526192220066,96,0.9970578531717964,-0.0766527065957117,-0.00337,-0.0030299999999999,-0.00149,-0.00155,-0.00282,
2023-04-06 18:45:00,2023-04-06,18,-0.9807852804032412,0.1950903220160749,96,0.9970441013362434,-0.0768313737388755,-0.0031,-0.00272,-0.00127,-0.00133,-0.0025499999999999,
2023-04-06 19:00:00,2023-04-06,19,-0.9659258262890708,0.2588190451025115,96,0.9970303174845464,-0.0770100384149025,-0.0028399999999999,-0.00237,-0.00113,-0.00117,-0.00231,
2023-04-06 19:15:00,2023-04-06,19,-0.9469301294951308,0.3214394653030873,96,0.9970165016171478,-0.0771887006180555,-0.00297,-0.0023799999999999,-0.00105,-0.000994,-0.00214,
2023-04-06 19:30:00,2023-04-06,19,-0.9238795325112996,0.3826834323650586,96,0.9970026537344916,-0.0773673603425975,-0.00283,-0.00231,-0.00101,-0.00104,-0.00231,
2023-04-06 19:45:00,2023-04-06,19,-0.8968727415326834,0.4422886902190112,96,0.9969887738370224,-0.0775460175827912,-0.00261,-0.00197,-0.000724,-0.0007,-0.00177,
2023-04-06 20:00:00,2023-04-06,20,-0.8660254037844676,0.4999999999999499,96,0.9969748619251858,-0.0777246723328999,-0.00269,-0.00222,-0.00108,-0.000963,-0.00229,
2023-04-06 20:15:00,2023-04-06,20,-0.8314696123025525,0.5555702330195914,96,0.9969609179994284,-0.0779033245871872,-0.00237,-0.00178,-0.000855,-0.000554,-0.00158,
2023-04-06 20:30:00,2023-04-06,20,-0.793353340291285,0.6087614290086556,96,0.9969469420601984,-0.0780819743399159,-0.0028399999999999,-0.0023,-0.00107,-0.000887,-0.00211,
2023-04-06 20:45:00,2023-04-06,20,-0.7518398074790019,0.6593458151000409,96,0.9969329341079444,-0.0782606215853497,-0.00259,-0.00211,-0.00114,-0.000849,-0.00195,
2023-04-06 21:00:00,2023-04-06,21,-0.7071067811865421,0.7071067811865529,96,0.9969188941431156,-0.078439266317752,-0.00283,-0.0024,-0.00131,-0.00106,-0.00212,
2023-04-06 21:15:00,2023-04-06,21,-0.6593458151001149,0.751839807478937,96,0.9969048221661638,-0.078617908531386,-0.00275,-0.0023,-0.00137,-0.00113,-0.00227,
2023-04-06 21:30:00,2023-04-06,21,-0.6087614290087338,0.7933533402912251,96,0.9968907181775404,-0.0787965482205157,-0.00274,-0.00228,-0.00136,-0.0011,-0.0021,
2023-04-06 21:45:00,2023-04-06,21,-0.5555702330196732,0.8314696123024977,96,0.996876582177698,-0.0789751853794044,-0.00263,-0.00221,-0.00133,-0.00111,-0.00224,
2023-04-06 22:00:00,2023-04-06,22,-0.5000000000000352,0.8660254037844183,96,0.996862414167091,-0.0791538200023164,-0.00265,-0.0022299999999999,-0.00131,-0.00105,-0.00214,
2023-04-06 22:15:00,2023-04-06,22,-0.4422886902189976,0.8968727415326901,96,0.9968482141461742,-0.079332452083515,-0.00268,-0.0022,-0.00122,-0.000975,-0.00202,
2023-04-06 22:30:00,2023-04-06,22,-0.3826834323650446,0.9238795325113056,96,0.9968339821154036,-0.0795110816172646,-0.00282,-0.00235,-0.00124,-0.00108,-0.00202,
2023-04-06 22:45:00,2023-04-06,22,-0.3214394653031805,0.9469301294950992,96,0.996819718075236,-0.079689708597829,-0.0027,-0.00225,-0.00123,-0.00108,-0.0019399999999999,
2023-04-06 23:00:00,2023-04-06,23,-0.2588190451026066,0.9659258262890452,96,0.9968054220261298,-0.0798683330194721,-0.00254,-0.00208,-0.00136,-0.00102,-0.0021,
2023-04-06 23:15:00,2023-04-06,23,-0.1950903220161715,0.980785280403222,96,0.9967910939685436,-0.0800469548764585,-0.00285,-0.00239,-0.00131,-0.00111,-0.00213,
2023-04-06 23:30:00,2023-04-06,23,-0.1305261922200509,0.9914448613738104,96,0.996776733902938,-0.080225574163052,-0.0028599999999999,-0.00243,-0.00121,-0.00114,-0.00231,
2023-04-06 23:45:00,2023-04-06,23,-0.0654031292300977,0.9978589232386064,96,0.996762341829774,-0.0804041908735174,-0.00302,-0.0025499999999999,-0.0015,-0.00131,-0.00263,
2023-04-07 00:00:00,2023-04-07,0,-2.3513218543629183e-14,1.0,97,0.9967479177495132,-0.0805828050021188,-0.00276,-0.00227,-0.0012,-0.00104,-0.0022,
2023-04-07 00:15:00,2023-04-07,0,0.0654031292300508,0.9978589232386096,97,0.9967334616626194,-0.080761416543121,-0.00302,-0.0025099999999999,-0.00125,-0.00111,-0.00229,
2023-04-07 00:30:00,2023-04-07,0,0.1305261922200043,0.9914448613738166,97,0.9967189735695566,-0.0809400254907884,-0.00218,-0.0016799999999999,-0.00111,-0.00065,-0.00181,
2023-04-07 00:45:00,2023-04-07,0,0.1950903220161254,0.980785280403231,97,0.99670445347079,-0.0811186318393855,-0.00145,-0.001,-0.00115,-0.00047,-0.00217,
2023-04-07 01:00:00,2023-04-07,1,0.2588190451025612,0.9659258262890574,97,0.9966899013667858,-0.0812972355831774,-0.0038599999999999,-0.00337,-0.00111,-0.00136,-0.00185,
2023-04-07 01:15:00,2023-04-07,1,0.321439465303136,0.9469301294951143,97,0.9966753172580116,-0.0814758367164287,-0.00146,-0.00101,-0.00115,-0.000485,-0.0014399999999999,
2023-04-07 01:30:00,2023-04-07,1,0.3826834323650011,0.9238795325113236,97,0.9966607011449352,-0.0816544352334044,-0.00352,-0.00314,-0.00136,-0.0014199999999999,-0.0024,
2023-04-07 01:45:00,2023-04-07,1,0.4422886902189554,0.8968727415327109,97,0.9966460530280262,-0.0818330311283698,-0.00212,-0.00174,-0.00126,-0.000917,-0.00172,
2023-04-07 02:00:00,2023-04-07,2,0.4999999999999945,0.8660254037844418,97,0.996631372907755,-0.0820116243955897,-0.00243,-0.00206,-0.0012,-0.000937,-0.00186,
2023-04-07 02:15:00,2023-04-07,2,0.5555702330196342,0.8314696123025239,97,0.9966166607845932,-0.0821902150293293,-0.00213,-0.00176,-0.00127,-0.000906,-0.002,
2023-04-07 02:30:00,2023-04-07,2,0.6087614290086965,0.7933533402912537,97,0.9966019166590128,-0.0823688030238537,-0.00248,-0.00207,-0.00123,-0.00101,-0.00171,
2023-04-07 02:45:00,2023-04-07,2,0.6593458151000796,0.751839807478968,97,0.9965871405314872,-0.0825473883734287,-0.00239,-0.002,-0.00116,-0.001,-0.0018,
2023-04-07 03:00:00,2023-04-07,3,0.7071067811865089,0.7071067811865862,97,0.9965723324024914,-0.0827259710723192,-0.00262,-0.00222,-0.00141,-0.00111,-0.00218,
2023-04-07 03:15:00,2023-04-07,3,0.751839807478971,0.6593458151000763,97,0.9965574922725006,-0.082904551114791,-0.00397,-0.0037,-0.00165,-0.00184,-0.00262,
2023-04-07 03:30:00,2023-04-07,3,0.7933533402912564,0.6087614290086929,97,0.9965426201419912,-0.0830831284951099,-0.00315,-0.00272,-0.00153,-0.00148,-0.00228,
2023-04-07 03:45:00,2023-04-07,3,0.8314696123025264,0.5555702330196305,97,0.9965277160114412,-0.0832617032075414,-0.00327,-0.00278,-0.00152,-0.00129,-0.0023,
2023-04-07 04:00:00,2023-04-07,4,0.866025403784444,0.4999999999999907,97,0.9965127798813286,-0.0834402752463513,-0.00248,-0.00215,-0.0012,-0.000998,-0.00163,
2023-04-07 04:15:00,2023-04-07,4,0.8968727415326626,0.4422886902190534,97,0.9964978117521334,-0.0836188446058052,-0.00267,-0.00237,-0.0014,-0.0013,-0.00188,
2023-04-07 04:30:00,2023-04-07,4,0.9238795325112816,0.3826834323651021,97,0.9964828116243362,-0.0837974112801693,-0.0025299999999999,-0.00221,-0.0012,-0.00115,-0.0016699999999999,
2023-04-07 04:45:00,2023-04-07,4,0.9469301294951158,0.3214394653031318,97,0.9964677794984184,-0.0839759752637098,-0.00171,-0.00139,-0.000386,-0.00031,-0.0012,
2023-04-07 05:00:00,2023-04-07,5,0.9659258262890584,0.258819045102557,97,0.9964527153748632,-0.0841545365506924,0.0033,0.00357,0.00453,0.00417,0.00367,
2023-04-07 05:15:00,2023-04-07,5,0.980785280403232,0.1950903220161211,97,0.996437619254154,-0.0843330951353838,0.0130999999999999,0.0132,0.0146,0.0138,0.014,
2023-04-07 05:30:00,2023-04-07,5,0.9914448613738024,0.1305261922201127,97,0.9964224911367756,-0.08451165101205,0.0258,0.0258,0.0275,0.0255,0.0269,
2023-04-07 05:45:00,2023-04-07,5,0.9978589232386024,0.0654031292301598,97,0.9964073310232135,-0.0846902041749572,0.0357,0.0695,0.0394,0.0385,0.063,
2023-04-07 06:00:00,2023-04-07,6,1.0,-2.793989745902072e-14,97,0.9963921389139552,-0.0848687546183723,0.0424,0.146,0.142,0.0815999999999999,0.137,
2023-04-07 06:15:00,2023-04-07,6,0.997858923238606,-0.0654031292301021,97,0.996376914809488,-0.0850473023365615,0.0487999999999999,0.198,0.204,0.131,0.197,
2023-04-07 06:30:00,2023-04-07,6,0.99144486137381,-0.1305261922200553,97,0.9963616587103008,-0.0852258473237917,0.0538,0.248,0.265,0.187,0.258,
2023-04-07 06:45:00,2023-04-07,6,0.9807852804032432,-0.1950903220160644,97,0.9963463706168836,-0.0854043895743294,0.057,0.3,0.328,0.247,0.323,
2023-04-07 07:00:00,2023-04-07,7,0.9659258262890736,-0.2588190451025011,97,0.9963310505297271,-0.0855829290824414,0.0599,0.353,0.395,0.311,0.389,
2023-04-07 07:15:00,2023-04-07,7,0.9469301294950978,-0.3214394653031847,97,0.9963156984493236,-0.0857614658423953,0.0629,0.404,0.46,0.373,0.455,
2023-04-07 07:30:00,2023-04-07,7,0.9238795325113036,-0.3826834323650487,97,0.996300314376166,-0.0859399998484571,0.0665999999999999,0.453,0.524,0.434,0.518,
2023-04-07 07:45:00,2023-04-07,7,0.8968727415326881,-0.4422886902190016,97,0.996284898310748,-0.0861185310948945,0.0678,0.501,0.587,0.495,0.58,
2023-04-07 08:00:00,2023-04-07,8,0.8660254037844729,-0.4999999999999406,97,0.9962694502535652,-0.0862970595759742,0.0681,0.548,0.648,0.555,0.64,
2023-04-07 08:15:00,2023-04-07,8,0.8314696123025584,-0.5555702330195824,97,0.9962539702051127,-0.0864755852859641,0.0695,0.592,0.708,0.613,0.697,
2023-04-07 08:30:00,2023-04-07,8,0.7933533402912224,-0.6087614290087373,97,0.9962384581658889,-0.0866541082191309,0.072,0.635,0.763,0.668,0.75,
2023-04-07 08:45:00,2023-04-07,8,0.751839807479009,-0.6593458151000328,97,0.9962229141363904,-0.0868326283697423,0.0715,0.673,0.815,0.72,0.801,
2023-04-07 09:00:00,2023-04-07,9,0.7071067811865498,-0.7071067811865452,97,0.9962073381171176,-0.0870111457320664,0.0747,0.706,0.86,0.767,0.846,
2023-04-07 09:15:00,2023-04-07,9,0.659345815100123,-0.7518398074789299,97,0.99619173010857,-0.0871896603003698,0.0785999999999999,0.741,0.903,0.811,0.89,
2023-04-07 09:30:00,2023-04-07,9,0.6087614290087423,-0.7933533402912185,97,0.9961760901112492,-0.087368172068921,0.0775,0.773,0.945,0.855,0.934,
2023-04-07 09:45:00,2023-04-07,9,0.5555702330195877,-0.8314696123025549,97,0.9961604181256568,-0.0875466810319872,0.0785999999999999,0.801,0.982,0.894,0.972,
2023-04-07 10:00:00,2023-04-07,10,0.5000000000000445,-0.866025403784413,97,0.9961447141522968,-0.0877251871838366,0.081,0.826,1.01,0.927,1.0,
2023-04-07 10:15:00,2023-04-07,10,0.4422886902190072,-0.8968727415326854,97,0.9961289781916728,-0.0879036905187374,0.083,0.849,1.04,0.957,1.03,
2023-04-07 10:30:00,2023-04-07,10,0.3826834323651596,-0.923879532511258,97,0.9961132102442904,-0.0880821910309572,0.0917,0.868,1.06,0.98,1.05,
2023-04-07 10:45:00,2023-04-07,10,0.3214394653031907,-0.9469301294950958,97,0.996097410310656,-0.0882606887147648,0.089,0.881,1.08,1.0,1.07,
2023-04-07 11:00:00,2023-04-07,11,0.2588190451025072,-0.965925826289072,97,0.9960815783912768,-0.0884391835644276,0.123,0.915,1.12,1.04,1.11,
2023-04-07 11:15:00,2023-04-07,11,0.1950903220161821,-0.9807852804032198,97,0.9960657144866614,-0.0886176755742144,0.164,0.843,1.01,0.947,1.01,
2023-04-07 11:30:00,2023-04-07,11,0.1305261922200616,-0.991444861373809,97,0.996049818597319,-0.0887961647383938,0.191,0.926,1.1,1.03,1.1,
2023-04-07 11:45:00,2023-04-07,11,0.0654031292302219,-0.9978589232385984,97,0.99603389072376,-0.088974651051234,0.222,0.832,1.04,0.99,1.03,
2023-04-07 12:00:00,2023-04-07,12,3.4293824259945424e-14,-1.0,97,0.996017930866496,-0.0891531345070039,0.395,0.744,0.869,0.819,0.873,
2023-04-07 12:15:00,2023-04-07,12,-0.0654031292301535,-0.9978589232386028,97,0.9960019390260396,-0.0893316150999718,0.36,0.728,0.85,0.803,0.856,
2023-04-07 12:30:00,2023-04-07,12,-0.1305261922199936,-0.991444861373818,97,0.995985915202904,-0.0895100928244071,0.332,0.642,0.712,0.671,0.729,
2023-04-07 12:45:00,2023-04-07,12,-0.1950903220161148,-0.9807852804032332,97,0.9959698593976036,-0.0896885676745782,0.203,0.934,1.08,1.03,1.09,
2023-04-07 13:00:00,2023-04-07,13,-0.258819045102441,-0.9659258262890896,97,0.9959537716106548,-0.0898670396447541,0.133,0.852,1.01,0.975,1.01,
2023-04-07 13:15:00,2023-04-07,13,-0.3214394653031258,-0.9469301294951178,97,0.9959376518425732,-0.0900455087292042,0.388,0.467,0.492,0.462,0.496,
2023-04-07 13:30:00,2023-04-07,13,-0.3826834323650962,-0.923879532511284,97,0.9959215000938773,-0.0902239749221973,0.334,0.331,0.31,0.283,0.32,
2023-04-07 13:45:00,2023-04-07,13,-0.4422886902190477,-0.8968727415326654,97,0.9959053163650852,-0.090402438218003,0.269,0.265,0.279,0.264,0.281,
2023-04-07 14:00:00,2023-04-07,14,-0.4999999999999852,-0.8660254037844473,97,0.9958891006567164,-0.0905808986108903,0.267,0.263,0.253,0.237,0.262,
2023-04-07 14:15:00,2023-04-07,14,-0.5555702330195307,-0.8314696123025931,97,0.9958728529692924,-0.090759356095129,0.353,0.385,0.388,0.366,0.398,
2023-04-07 14:30:00,2023-04-07,14,-0.6087614290086879,-0.7933533402912603,97,0.995856573303334,-0.0909378106649885,0.242,0.255,0.256,0.245,0.263,
2023-04-07 14:45:00,2023-04-07,14,-0.6593458151000715,-0.751839807478975,97,0.9958402616593648,-0.0911162623147383,0.177,0.175,0.196,0.192,0.196,
2023-04-07 15:00:00,2023-04-07,15,-0.7071067811865817,-0.7071067811865134,97,0.9958239180379078,-0.0912947110386483,0.341,0.482,0.474,0.46,0.493,
2023-04-07 15:15:00,2023-04-07,15,-0.7518398074789638,-0.6593458151000844,97,0.9958075424394884,-0.0914731568309881,0.188,0.185,0.177,0.171,0.18,
2023-04-07 15:30:00,2023-04-07,15,-0.7933533402911807,-0.6087614290087917,97,0.9957911348646322,-0.0916515996860278,0.2,0.196,0.18,0.169,0.186,
2023-04-07 15:45:00,2023-04-07,15,-0.8314696123025204,-0.5555702330196395,97,0.995774695313866,-0.0918300395980376,0.239,0.281,0.281,0.277,0.29,
2023-04-07 16:00:00,2023-04-07,16,-0.8660254037844386,-0.5,97,0.995758223787718,-0.0920084765612874,0.214,0.212,0.176,0.164,0.187,
2023-04-07 16:15:00,2023-04-07,16,-0.8968727415327081,-0.4422886902189611,97,0.9957417202867168,-0.0921869105700474,0.176,0.217,0.201,0.198,0.212,
2023-04-07 16:30:00,2023-04-07,16,-0.9238795325112776,-0.382683432365112,97,0.9957251848113924,-0.0923653416185877,0.123,0.12,0.113,0.11,0.115,
2023-04-07 16:45:00,2023-04-07,16,-0.9469301294950756,-0.3214394653032497,97,0.995708617362276,-0.0925437697011788,0.135,0.147,0.127,0.123,0.135,
2023-04-07 17:00:00,2023-04-07,17,-0.9659258262890558,-0.2588190451025673,97,0.9956920179398993,-0.0927221948120915,0.0785999999999999,0.0774,0.0724,0.0704,0.0737,
2023-04-07 17:15:00,2023-04-07,17,-0.9807852804032298,-0.1950903220161317,97,0.9956753865447954,-0.092900616945596,0.041,0.0422,0.0382,0.0372,0.039,
2023-04-07 17:30:00,2023-04-07,17,-0.9914448613738158,-0.1305261922200106,97,0.9956587231774984,-0.0930790360959633,0.0192,0.0188,0.0184,0.0173,0.0182,
2023-04-07 17:45:00,2023-04-07,17,-0.9978589232386016,-0.0654031292301706,97,0.9956420278385434,-0.0932574522574639,0.0068899999999999,0.00691,0.00848,0.00826,0.00753,
2023-04-07 18:00:00,2023-04-07,18,-1.0,-9.652754597891157e-14,97,0.9956253005284664,-0.0934358654243687,-9.51e-05,0.000145,0.00107,0.00094,0.000236,
2023-04-07 18:15:00,2023-04-07,18,-0.9978589232386068,0.0654031292300914,97,0.9956085412478048,-0.0936142755909488,-0.00442,-0.00404,-0.00185,-0.00206,-0.00306,
2023-04-07 18:30:00,2023-04-07,18,-0.9914448613738112,0.1305261922200447,97,0.9955917499970964,-0.093792682751475,-0.0021,-0.00182,-0.00163,-0.00145,-0.00281,
2023-04-07 18:45:00,2023-04-07,18,-0.9807852804032232,0.1950903220161653,97,0.9955749267768808,-0.0939710869002189,-0.0027,-0.00224,-0.00151,-0.00134,-0.00285,
2023-04-07 19:00:00,2023-04-07,19,-0.9659258262890764,0.2588190451024907,97,0.9955580715876978,-0.0941494880314513,-0.0022,-0.00198,-0.00134,-0.00125,-0.00243,
2023-04-07 19:15:00,2023-04-07,19,-0.9469301294951012,0.3214394653031745,97,0.9955411844300888,-0.0943278861394439,-0.0025099999999999,-0.00183,-0.000717,-0.000562,-0.0019399999999999,
2023-04-07 19:30:00,2023-04-07,19,-0.923879532511308,0.3826834323650387,97,0.995524265304596,-0.094506281218468,-0.00361,-0.00308,-0.000648,-0.00111,-0.00182,
2023-04-07 19:45:00,2023-04-07,19,-0.8968727415326929,0.4422886902189919,97,0.995507314211763,-0.0946846732627949,-0.00154,-0.000975,-0.000562,-0.000279,-0.00122,
2023-04-07 20:00:00,2023-04-07,20,-0.8660254037844215,0.5000000000000298,97,0.9954903311521336,-0.0948630622666968,-0.00176,-0.00137,-0.000683,-0.000451,-0.00159,
2023-04-07 20:15:00,2023-04-07,20,-0.8314696123025644,0.5555702330195734,97,0.9954733161262536,-0.0950414482244448,-0.00244,-0.00198,-0.000896,-0.000589,-0.0014399999999999,
2023-04-07 20:30:00,2023-04-07,20,-0.793353340291229,0.6087614290087288,97,0.9954562691346692,-0.0952198311303113,-0.00211,-0.00174,-0.000979,-0.000638,-0.00177,
2023-04-07 20:45:00,2023-04-07,20,-0.7518398074790161,0.6593458151000247,97,0.9954391901779278,-0.0953982109785678,-0.00328,-0.00257,-0.00103,-0.000765,-0.00187,
2023-04-07 21:00:00,2023-04-07,21,-0.7071067811865573,0.7071067811865377,97,0.9954220792565778,-0.0955765877634867,-0.00268,-0.00235,-0.00125,-0.00114,-0.0024,
2023-04-07 21:15:00,2023-04-07,21,-0.6593458151000458,0.7518398074789977,97,0.9954049363711686,-0.09575496147934,-0.00263,-0.00221,-0.00101,-0.000883,-0.00198,
2023-04-07 21:30:00,2023-04-07,21,-0.6087614290087509,0.793353340291212,97,0.9953877615222508,-0.0959333321203996,-0.00249,-0.0021,-0.001,-0.00101,-0.00211,
2023-04-07 21:45:00,2023-04-07,21,-0.5555702330195966,0.8314696123025489,97,0.9953705547103756,-0.0961116996809384,-0.0016,-0.00128,-0.000958,-0.000791,-0.00185,
2023-04-07 22:00:00,2023-04-07,22,-0.5000000000000538,0.8660254037844075,97,0.995353315936096,-0.0962900641552283,-0.00258,-0.00209,-0.000889,-0.000837,-0.00175,
2023-04-07 22:15:00,2023-04-07,22,-0.4422886902190169,0.8968727415326806,97,0.9953360451999654,-0.0964684255375421,-0.00261,-0.00209,-0.000982,-0.000929,-0.00199,
2023-04-07 22:30:00,2023-04-07,22,-0.3826834323650645,0.9238795325112972,97,0.9953187425025384,-0.0966467838221526,-0.00241,-0.00182,-0.000786,-0.000608,-0.00153,
2023-04-07 22:45:00,2023-04-07,22,-0.3214394653032009,0.9469301294950924,97,0.9953014078443702,-0.0968251390033323,-0.00242,-0.0019299999999999,-0.000924,-0.000562,-0.00161,
2023-04-07 23:00:00,2023-04-07,23,-0.2588190451025177,0.9659258262890692,97,0.995284041226018,-0.0970034910753541,-0.0023,-0.00182,-0.000989,-0.000661,-0.00173,
2023-04-07 23:15:00,2023-04-07,23,-0.1950903220161927,0.9807852804032176,97,0.995266642648039,-0.0971818400324906,-0.00287,-0.00233,-0.00102,-0.00109,-0.0023599999999999,
2023-04-07 23:30:00,2023-04-07,23,-0.1305261922200723,0.9914448613738076,97,0.9952492121109924,-0.0973601858690152,-0.00267,-0.0021,-0.00105,-0.00111,-0.002,
2023-04-07 23:45:00,2023-04-07,23,-0.0654031292301192,0.997858923238605,97,0.9952317496154371,-0.0975385285792011,-0.00225,-0.00184,-0.000855,-0.000638,-0.00135,
2023-07-01 00:00:00,2023-07-01,0,-3.722678677153319e-14,1.0,182,0.0278863867627654,-0.9996110990947016,-0.0016699999999999,-0.00129,-0.00106,-0.000738,-0.00126,
2023-07-01 00:15:00,2023-07-01,0,0.0654031292301506,0.997858923238603,182,0.0277072604107522,-0.9996160801630448,-0.00221,-0.00189,-0.00112,-0.000979,-0.00137,
2023-07-01 00:30:00,2023-07-01,0,0.130526192219878,0.9914448613738333,182,0.0275281331690295,-0.9996210291326548,-0.00173,-0.00137,-0.00116,-0.00081,-0.0013,
2023-07-01 00:45:00,2023-07-01,0,0.1950903220160005,0.980785280403256,182,0.0273490050433488,-0.9996259460033732,-0.00215,-0.00178,-0.00122,-0.000952,-0.00133,
2023-07-01 01:00:00,2023-07-01,1,0.2588190451024382,0.9659258262890904,182,0.027169876039463,-0.9996308307750418,-0.00208,-0.00171,-0.00127,-0.000963,-0.00159,
2023-07-01 01:15:00,2023-07-01,1,0.321439465303123,0.9469301294951188,182,0.0269907461631237,-0.9996356834475038,-0.0017,-0.00125,-0.0011799999999999,-0.000761,-0.00129,
2023-07-01 01:30:00,2023-07-01,1,0.3826834323650935,0.9238795325112852,182,0.0268116154200828,-0.9996405040206032,-0.00187,-0.0015,-0.00127,-0.000975,-0.00152,
2023-07-01 01:45:00,2023-07-01,1,0.4422886902190451,0.8968727415326667,182,0.0266324838160921,-0.9996452924941854,-0.00215,-0.00173,-0.00122,-0.00094,-0.00153,
2023-07-01 02:00:00,2023-07-01,2,0.500000000000081,0.8660254037843919,182,0.0264533513569045,-0.9996500488680968,-0.0027,-0.00219,-0.00138,-0.00117,-0.00158,
2023-07-01 02:15:00,2023-07-01,2,0.5555702330195282,0.8314696123025946,182,0.0262742180482717,-0.9996547731421842,-0.00235,-0.0019199999999999,-0.00147,-0.00111,-0.00179,
2023-07-01 02:30:00,2023-07-01,2,0.6087614290086856,0.793353340291262,182,0.0260950838959455,-0.9996594653162963,-0.00277,-0.00229,-0.00152,-0.00122,-0.00186,
2023-07-01 02:45:00,2023-07-01,2,0.6593458151000693,0.751839807478977,182,0.0259159489056789,-0.9996641253902824,-0.00237,-0.00189,-0.00137,-0.00101,-0.0016899999999999,
2023-07-01 03:00:00,2023-07-01,3,0.7071067811864188,0.7071067811866762,182,0.0257368130832236,-0.9996687533639926,-0.00215,-0.0016799999999999,-0.00155,-0.00101,-0.0017,
2023-07-01 03:15:00,2023-07-01,3,0.7518398074788869,0.6593458151001721,182,0.025557676434332,-0.9996733492372786,-0.00274,-0.00233,-0.00159,-0.00139,-0.00197,
2023-07-01 03:30:00,2023-07-01,3,0.7933533402911789,0.608761429008794,182,0.0253785389647558,-0.9996779130099926,-0.00237,-0.0019199999999999,-0.0015,-0.00115,-0.0016899999999999,
2023-07-01 03:45:00,2023-07-01,3,0.8314696123025187,0.5555702330196419,182,0.0251994006802483,-0.9996824446819882,-0.0014,-0.000926,-0.000165,-0.00031,-0.000647,
2023-07-01 04:00:00,2023-07-01,4,0.8660254037844372,0.5000000000000026,182,0.0250202615865613,-0.9996869442531195,0.00283,0.00332,0.0032,0.00297,0.00296,
2023-07-01 04:15:00,2023-07-01,4,0.8968727415327068,0.4422886902189637,182,0.0248411216894466,-0.9996914117232428,0.0107,0.011,0.0105,0.00991,0.0106,
2023-07-01 04:30:00,2023-07-01,4,0.92387953251132,0.3826834323650097,182,0.0246619809946577,-0.999695847092214,0.0376,0.0375,0.0316,0.0293,0.0322999999999999,
2023-07-01 04:45:00,2023-07-01,4,0.9469301294950748,0.3214394653032524,182,0.0244828395079464,-0.9997002503598909,0.0472999999999999,0.0469,0.0411,0.0377,0.042,
2023-07-01 05:00:00,2023-07-01,5,0.965925826289055,0.2588190451025702,182,0.0243036972350651,-0.9997046215261316,0.0679,0.102,0.0555,0.0507,0.0581,
2023-07-01 05:15:00,2023-07-01,5,0.9807852804032292,0.1950903220161345,182,0.0241245541817659,-0.9997089605907966,0.0479,0.107,0.0509,0.0477,0.0472,
2023-07-01 05:30:00,2023-07-01,5,0.9914448613737856,0.1305261922202389,182,0.023945410353802,-0.999713267553746,0.123,0.16,0.105,0.0892999999999999,0.106,
2023-07-01 05:45:00,2023-07-01,5,0.997858923238594,0.0654031292302869,182,0.0237662657569257,-0.999717542414842,0.0924,0.0914,0.0828,0.0762,0.0843,
2023-07-01 06:00:00,2023-07-01,6,1.0,9.946050849049933e-14,182,0.0235871203968889,-0.9997217851739466,0.17,0.339,0.204,0.124,0.232,
2023-07-01 06:15:00,2023-07-01,6,0.997858923238607,-0.0654031292300885,182,0.0234079742794451,-0.999725995830924,0.0835,0.0825,0.0940999999999999,0.0895,0.0924,
2023-07-01 06:30:00,2023-07-01,6,0.9914448613738116,-0.1305261922200417,182,0.0232288274103463,-0.999730174385639,0.106,0.105,0.116,0.108,0.116,
2023-07-01 06:45:00,2023-07-01,6,0.9807852804032235,-0.1950903220161624,182,0.0230496797953453,-0.9997343208379574,0.24,0.389,0.288,0.207,0.316,
2023-07-01 07:00:00,2023-07-01,7,0.9659258262890476,-0.2588190451025977,182,0.0228705314401942,-0.999738435187746,0.151,0.149,0.123,0.108,0.128,
2023-07-01 07:15:00,2023-07-01,7,0.9469301294951388,-0.3214394653030641,182,0.0226913823506465,-0.9997425174348727,0.151,0.55,0.426,0.298,0.462,
2023-07-01 07:30:00,2023-07-01,7,0.923879532511309,-0.382683432365036,182,0.0225122325324544,-0.9997465675792064,0.225,0.664,0.523,0.378,0.568,
2023-07-01 07:45:00,2023-07-01,7,0.8968727415326943,-0.4422886902189892,182,0.0223330819913702,-0.999750585620617,0.18,0.662,0.536,0.397,0.578,
2023-07-01 08:00:00,2023-07-01,8,0.8660254037844229,-0.5000000000000272,182,0.0221539307331475,-0.9997545715589756,0.16,0.682,0.576,0.438,0.613,
2023-07-01 08:15:00,2023-07-01,8,0.8314696123026293,-0.5555702330194765,182,0.0219747787635386,-0.999758525394154,0.153,0.72,0.627,0.488,0.663,
2023-07-01 08:30:00,2023-07-01,8,0.7933533402913,-0.6087614290086362,182,0.0217956260882962,-0.9997624471260256,0.166,0.766,0.675,0.534,0.71,
2023-07-01 08:45:00,2023-07-01,8,0.751839807479018,-0.6593458151000225,182,0.0216164727131727,-0.999766336754464,0.172,0.805,0.721,0.577,0.757,
2023-07-01 09:00:00,2023-07-01,9,0.7071067811865595,-0.7071067811865356,182,0.0214373186439217,-0.9997701942793448,0.155,0.831,0.764,0.619,0.798,
2023-07-01 09:15:00,2023-07-01,9,0.6593458151000479,-0.7518398074789958,182,0.0212581638862957,-0.9997740197005438,0.155,0.863,0.801,0.654,0.836,
2023-07-01 09:30:00,2023-07-01,9,0.608761429008663,-0.7933533402912794,182,0.0210790084460471,-0.9997778130179382,0.175,0.91,0.848,0.699,0.885,
2023-07-01 09:45:00,2023-07-01,9,0.5555702330196937,-0.8314696123024842,182,0.02089985232893,-0.9997815742314062,0.223,0.968,0.882,0.733,0.932,
2023-07-01 10:00:00,2023-07-01,10,0.5000000000000564,-0.8660254037844061,182,0.0207206955406956,-0.9997853033408272,0.276,1.01,0.903,0.772,0.975,
2023-07-01 10:15:00,2023-07-01,10,0.4422886902190195,-0.8968727415326793,182,0.0205415380870982,-0.9997890003460812,0.363,0.9,0.808,0.713,0.89,
2023-07-01 10:30:00,2023-07-01,10,0.3826834323650672,-0.923879532511296,182,0.0203623799738897,-0.9997926652470496,0.263,0.262,0.239,0.211,0.251,
2023-07-01 10:45:00,2023-07-01,10,0.3214394653033114,-0.9469301294950548,182,0.020183221206824,-0.9997962980436148,0.188,0.187,0.185,0.167,0.19,
2023-07-01 11:00:00,2023-07-01,11,0.2588190451026303,-0.9659258262890388,182,0.0200040617916536,-0.99979989873566,0.279,0.421,0.394,0.361,0.429,
2023-07-01 11:15:00,2023-07-01,11,0.1950903220161956,-0.9807852804032172,182,0.0198249017341312,-0.9998034673230696,0.333,1.07,0.955,0.871,1.07,
2023-07-01 11:30:00,2023-07-01,11,0.1305261922200752,-0.9914448613738072,182,0.0196457410400111,-0.999807003805729,0.356,0.663,0.591,0.524,0.636,
2023-07-01 11:45:00,2023-07-01,11,0.0654031292301222,-0.9978589232386048,182,0.0194665797150444,-0.9998105081835248,0.337,0.716,0.676,0.597,0.708,
2023-07-01 12:00:00,2023-07-01,12,-6.567944523376662e-14,-1.0,182,0.0192874177649857,-0.9998139804563442,0.332,0.993,0.935,0.819,0.987,
2023-07-01 12:15:00,2023-07-01,12,-0.0654031292300264,-0.9978589232386113,182,0.0191082551955875,-0.999817420624076,0.327,0.323,0.314,0.284,0.325,
2023-07-01 12:30:00,2023-07-01,12,-0.13052619221998,-0.9914448613738198,182,0.0189290920126026,-0.9998208286866096,0.41,0.892,0.833,0.732,0.885,
2023-07-01 12:45:00,2023-07-01,12,-0.1950903220161014,-0.9807852804032358,182,0.0187499282217848,-0.9998242046438354,0.37,0.565,0.517,0.453,0.547,
2023-07-01 13:00:00,2023-07-01,13,-0.2588190451025375,-0.9659258262890638,182,0.0185707638288865,-0.9998275484956451,0.194,0.959,0.901,0.799,0.953,
2023-07-01 13:15:00,2023-07-01,13,-0.3214394653030051,-0.9469301294951588,182,0.0183915988396622,-0.9998308602419316,0.184,0.922,0.857,0.762,0.909,
2023-07-01 13:30:00,2023-07-01,13,-0.3826834323649785,-0.9238795325113328,182,0.0182124332598632,-0.9998341398825884,0.189,0.906,0.831,0.743,0.884,
2023-07-01 13:45:00,2023-07-01,13,-0.4422886902189334,-0.8968727415327218,182,0.0180332670952441,-0.9998373874175098,0.202,0.879,0.801,0.72,0.854,
2023-07-01 14:00:00,2023-07-01,14,-0.4999999999999733,-0.866025403784454,182,0.0178541003515577,-0.999840602846592,0.189,0.835,0.745,0.673,0.798,
2023-07-01 14:15:00,2023-07-01,14,-0.5555702330196138,-0.8314696123025375,182,0.0176749330345568,-0.9998437861697316,0.185,0.779,0.701,0.637,0.752,
2023-07-01 14:30:00,2023-07-01,14,-0.6087614290087672,-0.7933533402911994,182,0.0174957651499954,-0.9998469373868264,0.212,0.794,0.672,0.607,0.731,
2023-07-01 14:45:00,2023-07-01,14,-0.6593458151001467,-0.7518398074789092,182,0.017316596703626,-0.999850056497775,0.156,0.709,0.597,0.543,0.652,
2023-07-01 15:00:00,2023-07-01,15,-0.7071067811864916,-0.7071067811866035,182,0.0171374277012032,-0.9998531435024776,0.156,0.658,0.544,0.496,0.598,
2023-07-01 15:15:00,2023-07-01,15,-0.7518398074789547,-0.6593458151000947,182,0.0169582581484785,-0.9998561984008348,0.157,0.604,0.485,0.442,0.539,
2023-07-01 15:30:00,2023-07-01,15,-0.7933533402912415,-0.6087614290087123,182,0.0167790880512066,-0.9998592211927486,0.145,0.501,0.389,0.354,0.438,
2023-07-01 15:45:00,2023-07-01,15,-0.8314696123024495,-0.5555702330197454,182,0.0165999174151403,-0.999862211878122,0.133,0.474,0.343,0.314,0.394,
2023-07-01 16:00:00,2023-07-01,16,-0.866025403784375,-0.5000000000001104,182,0.0164207462460327,-0.9998651704568589,0.127,0.472,0.317,0.288,0.374,
2023-07-01 16:15:00,2023-07-01,16,-0.8968727415326517,-0.4422886902190753,182,0.0162415745496379,-0.999868096928864,0.126,0.402,0.253,0.228,0.305,
2023-07-01 16:30:00,2023-07-01,16,-0.9238795325112724,-0.3826834323651247,182,0.016062402331709,-0.999870991294044,0.122,0.366,0.212,0.189,0.261,
2023-07-01 16:45:00,2023-07-01,16,-0.946930129495108,-0.321439465303155,182,0.0158832295979992,-0.9998738535523056,0.112,0.315,0.168,0.148,0.208,
2023-07-01 17:00:00,2023-07-01,17,-0.9659258262890816,-0.2588190451024708,182,0.0157040563542617,-0.9998766837035566,0.0974,0.265,0.124,0.107,0.159,
2023-07-01 17:15:00,2023-07-01,17,-0.9807852804032492,-0.1950903220160336,182,0.0155248826062507,-0.9998794817477064,0.0862,0.236,0.0892,0.0782,0.126,
2023-07-01 17:30:00,2023-07-01,17,-0.9914448613737992,-0.1305261922201369,182,0.0153457083597192,-0.9998822476846654,0.0739,0.169,0.0684,0.0617999999999999,0.0794,
2023-07-01 17:45:00,2023-07-01,17,-0.9978589232386008,-0.0654031292301843,182,0.0151665336204203,-0.9998849815143444,0.045,0.0443,0.0406,0.0384,0.0396,
2023-07-01 18:00:00,2023-07-01,18,-1.0,3.445723514800475e-15,182,0.0149873583941084,-0.9998876832366556,0.0458999999999999,0.0768,0.0442,0.0424,0.045,
2023-07-01 18:15:00,2023-07-01,18,-0.9978589232386152,0.0654031292299643,182,0.0148081826865365,-0.9998903528515124,0.0501,0.0499,0.0389,0.0368,0.0407,
2023-07-01 18:30:00,2023-07-01,18,-0.991444861373828,0.1305261922199183,182,0.0146290065034581,-0.9998929903588292,0.0339,0.0337,0.0255,0.0231,0.0263,
2023-07-01 18:45:00,2023-07-01,18,-0.980785280403248,0.1950903220160404,182,0.0144498298506264,-0.9998955957585212,0.0123,0.0124,0.0105,0.00958,0.0097899999999999,
2023-07-01 19:00:00,2023-07-01,19,-0.96592582628908,0.2588190451024774,182,0.0142706527337957,-0.9998981690505044,0.0020299999999999,0.00228,0.00263,0.00224,0.0017,
2023-07-01 19:15:00,2023-07-01,19,-0.9469301294951056,0.3214394653031615,182,0.0140914751587193,-0.9999007102346968,-0.0021,-0.0016,-0.0008,-0.000837,-0.0019,
2023-07-01 19:30:00,2023-07-01,19,-0.9238795325112696,0.3826834323651311,182,0.0139122971311502,-0.9999032193110164,-0.00359,-0.0031,-0.0014199999999999,-0.00135,-0.00269,
2023-07-01 19:45:00,2023-07-01,19,-0.8968727415326487,0.4422886902190815,182,0.0137331186568429,-0.9999056962793826,-0.0028599999999999,-0.00249,-0.00122,-0.0011899999999999,-0.00227,
2023-07-01 20:00:00,2023-07-01,20,-0.8660254037844852,0.4999999999999194,182,0.0135539397415506,-0.9999081411397162,-0.00272,-0.00232,-0.000924,-0.000845,-0.00189,
2023-07-01 20:15:00,2023-07-01,20,-0.8314696123025721,0.5555702330195621,182,0.0133747603910269,-0.9999105538919382,-0.00237,-0.00198,-0.000827,-0.000696,-0.00172,
2023-07-01 20:30:00,2023-07-01,20,-0.7933533402912373,0.6087614290087179,182,0.013195580611025,-0.9999129345359714,-0.00187,-0.00151,-0.000624,-0.000336,-0.00129,
2023-07-01 20:45:00,2023-07-01,20,-0.7518398074791002,0.659345815099929,182,0.0130164004072999,-0.9999152830717396,-0.00183,-0.00151,-0.000489,-0.000164,-0.0011,
2023-07-01 21:00:00,2023-07-01,21,-0.7071067811866475,0.7071067811864475,182,0.0128372197856035,-0.9999175994991668,-0.00182,-0.00141,-0.000731,-0.00026,-0.0013,
2023-07-01 21:15:00,2023-07-01,21,-0.6593458151001415,0.7518398074789138,182,0.0126580387516903,-0.9999198838181792,-0.000653,-0.00027,-0.000576,1.15e-05,-0.00104,
2023-07-01 21:30:00,2023-07-01,21,-0.6087614290087617,0.7933533402912036,182,0.0124788573113145,-0.999922136028703,-0.00346,-0.0031,-0.000538,-0.00042,-0.00125,
2023-07-01 21:45:00,2023-07-01,21,-0.5555702330196081,0.8314696123025413,182,0.0122996754702294,-0.999924356130666,-0.000232,-3.55e-06,-0.000414,-3.44e-05,-0.000677,
2023-07-01 22:00:00,2023-07-01,22,-0.4999999999999673,0.8660254037844575,182,0.0121204932341887,-0.9999265441239972,-0.00115,-0.00103,-0.000338,-0.000279,-0.000488,
2023-07-01 22:15:00,2023-07-01,22,-0.4422886902189272,0.8968727415327248,182,0.0119413106089456,-0.999928700008626,-0.0033599999999999,-0.00325,-0.000772,-0.00129,-0.000814,
2023-07-01 22:30:00,2023-07-01,22,-0.3826834323651822,0.9238795325112484,182,0.0117621276002552,-0.9999308237844832,-0.00373,-0.00361,-0.000934,-0.00148,-0.00109,
2023-07-01 22:45:00,2023-07-01,22,-0.3214394653032139,0.946930129495088,182,0.0115829442138696,-0.9999329154515008,-0.00361,-0.00318,-0.000751,-0.00113,-0.00107,
2023-07-01 23:00:00,2023-07-01,23,-0.2588190451025309,0.9659258262890656,182,0.0114037604555433,-0.9999349750096116,-0.000608,-0.000241,-0.000965,-0.00078,-0.00129,
2023-07-01 23:15:00,2023-07-01,23,-0.1950903220163176,0.9807852804031928,182,0.0112245763310311,-0.9999370024587492,-0.0022,-0.0019,-0.000955,-0.0011,-0.00129,
2023-07-01 23:30:00,2023-07-01,23,-0.1305261922201986,0.9914448613737912,182,0.0110453918460849,-0.999938997798849,-0.00211,-0.0019,-0.00102,-0.00126,-0.00122,
2023-07-01 23:45:00,2023-07-01,23,-0.0654031292302464,0.9978589232385968,182,0.01086620700646,-0.9999409610298464,-0.00189,-0.00164,-0.000913,-0.000975,-0.000968,
2023-07-02 00:00:00,2023-07-02,0,-5.878799820416566e-14,1.0,183,0.0106870218179091,-0.9999428921516786,-0.00316,-0.00291,-0.000865,-0.00101,-0.00129,
2023-07-02 00:15:00,2023-07-02,0,0.065403129230129,0.9978589232386044,183,0.0105078362861875,-0.9999447911642836,-0.00249,-0.00234,-0.000917,-0.00106,-0.0013,
2023-07-02 00:30:00,2023-07-02,0,0.1305261922200821,0.9914448613738064,183,0.0103286504170473,-0.9999466580676004,-0.00228,-0.00198,-0.000893,-0.000807,-0.00129,
2023-07-02 00:45:00,2023-07-02,0,0.1950903220162023,0.9807852804032156,183,0.0101494642162431,-0.999948492861569,-0.00185,-0.00172,-0.0009,-0.000761,-0.00129,
2023-07-02 01:00:00,2023-07-02,1,0.2588190451024174,0.965925826289096,183,0.0099702776895298,-0.9999502955461304,-0.00178,-0.00154,-0.00082,-0.000512,-0.00123,
2023-07-02 01:15:00,2023-07-02,1,0.3214394653031026,0.9469301294951256,183,0.0097910908426594,-0.999952066121227,-0.00166,-0.0014399999999999,-0.0007,-0.00042,-0.00111,
2023-07-02 01:30:00,2023-07-02,1,0.3826834323650736,0.9238795325112934,183,0.0096119036813871,-0.9999538045868016,-0.0019399999999999,-0.00172,-0.000834,-0.000577,-0.0014199999999999,
2023-07-02 01:45:00,2023-07-02,1,0.4422886902190257,0.8968727415326763,183,0.0094327162114659,-0.9999555109427988,-0.00185,-0.00153,-0.000762,-0.000443,-0.00122,
2023-07-02 02:00:00,2023-07-02,2,0.4999999999998655,0.8660254037845163,183,0.0092535284386511,-0.9999571851891637,-0.00158,-0.0013,-0.000634,-0.000329,-0.000865,
2023-07-02 02:15:00,2023-07-02,2,0.5555702330195104,0.8314696123026066,183,0.0090743403686948,-0.999958827325842,-0.00214,-0.00183,-0.000779,-0.000539,-0.0013,
2023-07-02 02:30:00,2023-07-02,2,0.6087614290086685,0.7933533402912752,183,0.0088951520073518,-0.9999604373527816,-0.0020299999999999,-0.00174,-0.000782,-0.000512,-0.00136,
2023-07-02 02:45:00,2023-07-02,2,0.6593458151000531,0.7518398074789913,183,0.0087159633603769,-0.9999620152699304,-0.00184,-0.00163,-0.000834,-0.000623,-0.00133,
2023-07-02 03:00:00,2023-07-02,3,0.7071067811865643,0.7071067811865307,183,0.0085367744335223,-0.999963561077238,-0.00187,-0.00157,-0.000679,-0.000321,-0.00109,
2023-07-02 03:15:00,2023-07-02,3,0.7518398074790226,0.6593458151000173,183,0.0083575852325433,-0.9999650747746548,-0.0019,-0.00165,-0.000779,-0.000589,-0.00129,
2023-07-02 03:30:00,2023-07-02,3,0.7933533402911658,0.6087614290088111,183,0.0081783957631933,-0.9999665563621318,-0.00163,-0.00136,-0.000538,-0.00034,-0.00101,
2023-07-02 03:45:00,2023-07-02,3,0.8314696123025067,0.5555702330196598,183,0.0079992060312263,-0.999968005839622,-0.000223,3.9e-05,0.000824,0.000818,0.000463,
2023-07-02 04:00:00,2023-07-02,4,0.8660254037844264,0.5000000000000212,183,0.007820016042396,-0.9999694232070782,0.00474,0.00484,0.00533,0.0050599999999999,0.0048499999999999,
2023-07-02 04:15:00,2023-07-02,4,0.8968727415326972,0.4422886902189831,183,0.0076408258024566,-0.9999708084644554,0.0119,0.0119,0.0114,0.0105,0.0111,
2023-07-02 04:30:00,2023-07-02,4,0.9238795325112248,0.3826834323652397,183,0.007461635317163,-0.9999721616117088,0.0184,0.0182,0.018,0.0169,0.018,
2023-07-02 04:45:00,2023-07-02,4,0.946930129495068,0.3214394653032729,183,0.0072824445922676,-0.9999734826487952,0.0245,0.0241,0.024,0.0231,0.0252,
2023-07-02 05:00:00,2023-07-02,5,0.9659258262890494,0.258819045102591,183,0.0071032536335256,-0.9999747715756722,0.0418,0.0414,0.0361,0.0329,0.0378999999999999,
2023-07-02 05:15:00,2023-07-02,5,0.980785280403225,0.1950903220161557,183,0.0069240624466906,-0.9999760283922982,0.0615,0.0616,0.0491,0.0436,0.0508,
2023-07-02 05:30:00,2023-07-02,5,0.9914448613738126,0.1305261922200349,183,0.0067448710375165,-0.9999772530986328,0.129,0.127,0.0975999999999999,0.0837,0.106,
2023-07-02 05:45:00,2023-07-02,5,0.9978589232386076,0.0654031292300816,183,0.0065656794117571,-0.999978445694637,0.0767,0.0752999999999999,0.0655,0.06,0.069,
2023-07-02 06:00:00,2023-07-02,6,1.0,-1.0635195552010026e-13,183,0.0063864875751667,-0.9999796061802722,0.0633,0.0627,0.0585,0.0541,0.0597,
2023-07-02 06:15:00,2023-07-02,6,0.9978589232386084,-0.0654031292300669,183,0.0062072955335004,-0.9999807345555012,0.0952,0.142,0.108,0.0784,0.116,
2023-07-02 06:30:00,2023-07-02,6,0.9914448613738144,-0.1305261922200204,183,0.0060281032925103,-0.999981830820288,0.119,0.408,0.266,0.15,0.3,
2023-07-02 06:45:00,2023-07-02,6,0.980785280403228,-0.1950903220161413,183,0.0058489108579518,-0.9999828949745968,0.183,0.366,0.273,0.179,0.297,
2023-07-02 07:00:00,2023-07-02,7,0.965925826289112,-0.2588190451023572,183,0.0056697182355786,-0.9999839270183942,0.259,0.3,0.246,0.19,0.263,
2023-07-02 07:15:00,2023-07-02,7,0.9469301294951455,-0.3214394653030437,183,0.0054905254311448,-0.9999849269516464,0.266,0.264,0.23,0.197,0.243,
2023-07-02 07:30:00,2023-07-02,7,0.9238795325113172,-0.3826834323650161,183,0.0053113324504039,-0.999985894774322,0.274,0.273,0.248,0.215,0.26,
2023-07-02 07:45:00,2023-07-02,7,0.8968727415327038,-0.4422886902189699,183,0.0051321392991109,-0.9999868304863893,0.319,0.534,0.434,0.329,0.466,
2023-07-02 08:00:00,2023-07-02,8,0.8660254037844337,-0.5000000000000085,183,0.0049529459830195,-0.9999877340878184,0.264,0.554,0.471,0.366,0.5,
2023-07-02 08:15:00,2023-07-02,8,0.8314696123025149,-0.5555702330196476,183,0.0047737525078833,-0.9999886055785804,0.187,0.737,0.638,0.494,0.677,
2023-07-02 08:30:00,2023-07-02,8,0.7933533402911747,-0.6087614290087995,183,0.0045945588794573,-0.9999894449586472,0.141,0.756,0.673,0.529,0.711,
2023-07-02 08:45:00,2023-07-02,8,0.7518398074790322,-0.6593458151000063,183,0.0044153651034951,-0.999990252227992,0.121,0.782,0.713,0.569,0.75,
2023-07-02 09:00:00,2023-07-02,9,0.7071067811865747,-0.7071067811865204,183,0.0042361711857509,-0.9999910273865886,0.11,0.811,0.754,0.61,0.79,
2023-07-02 09:15:00,2023-07-02,9,0.6593458151000641,-0.7518398074789816,183,0.0040569771319782,-0.9999917704344125,0.109,0.839,0.792,0.647,0.827,
2023-07-02 09:30:00,2023-07-02,9,0.6087614290088604,-0.7933533402911278,183,0.0038777829479322,-0.9999924813714396,0.0962,0.868,0.829,0.684,0.865,
2023-07-02 09:45:00,2023-07-02,9,0.5555702330197115,-0.8314696123024722,183,0.0036985886393665,-0.999993160197647,0.0942,0.891,0.854,0.716,0.896,
2023-07-02 10:00:00,2023-07-02,10,0.500000000000075,-0.8660254037843953,183,0.0035193942120347,-0.999993806913013,0.0932,0.911,0.86,0.745,0.924,
2023-07-02 10:15:00,2023-07-02,10,0.4422886902190389,-0.8968727415326697,183,0.0033401996716923,-0.9999944215175168,0.0987,0.93,0.855,0.772,0.948,
2023-07-02 10:30:00,2023-07-02,10,0.3826834323650872,-0.9238795325112878,183,0.0031610050240916,-0.9999950040111388,0.102,0.946,0.853,0.794,0.967,
2023-07-02 10:45:00,2023-07-02,10,0.3214394653031165,-0.946930129495121,183,0.0029818102749882,-0.9999955543938602,0.121,0.964,0.86,0.811,0.982,
2023-07-02 11:00:00,2023-07-02,11,0.2588190451024315,-0.9659258262890922,183,0.0028026154301352,-0.9999960726656634,0.128,0.978,0.875,0.824,0.994,
2023-07-02 11:15:00,2023-07-02,11,0.1950903220162167,-0.9807852804032128,183,0.0026234204952878,-0.9999965588265316,0.11,0.968,0.892,0.829,0.995,
2023-07-02 11:30:00,2023-07-02,11,0.1305261922200966,-0.9914448613738044,183,0.0024442254761995,-0.9999970128764492,0.104,0.972,0.919,0.836,0.999,
2023-07-02 11:45:00,2023-07-02,11,0.0654031292301437,-0.9978589232386036,183,0.0022650303786241,-0.9999974348154018,0.098,0.969,0.94,0.839,0.997,
2023-07-02 12:00:00,2023-07-02,12,1.8325544164209794e-13,-1.0,183,0.002085835208317,-0.9999978246433758,0.0894,0.966,0.946,0.837,0.993,
2023-07-02 12:15:00,2023-07-02,12,-0.0654031292300048,-0.9978589232386126,183,0.0019066399710307,-0.9999981823603584,0.0955999999999999,0.956,0.934,0.826,0.98,
2023-07-02 12:30:00,2023-07-02,12,-0.1305261922199587,-0.9914448613738226,183,0.0017274446725206,-0.9999985079663386,0.0945,0.945,0.917,0.813,0.965,
2023-07-02 12:45:00,2023-07-02,12,-0.1950903220160803,-0.98078528040324,183,0.00154824931854,-0.9999988014613056,0.0851,0.935,0.903,0.804,0.953,
2023-07-02 13:00:00,2023-07-02,13,-0.2588190451025167,-0.9659258262890692,183,0.0013690539148439,-0.99999906284525,0.0917,0.912,0.874,0.777,0.921,
2023-07-02 13:15:00,2023-07-02,13,-0.3214394653032,-0.9469301294950926,183,0.001189858467186,-0.9999992921181636,0.093,0.891,0.846,0.754,0.893,
2023-07-02 13:30:00,2023-07-02,13,-0.3826834323651686,-0.923879532511254,183,0.0010106629813201,-0.9999994892800388,0.0973,0.867,0.813,0.727,0.86,
2023-07-02 13:45:00,2023-07-02,13,-0.4422886902189141,-0.8968727415327313,183,0.0008314674630015,-0.9999996543308692,0.1,0.837,0.772,0.693,0.821,
2023-07-02 14:00:00,2023-07-02,14,-0.4999999999999546,-0.8660254037844649,183,0.0006522719179828,-0.99999978727065,0.104,0.807,0.731,0.659,0.781,
2023-07-02 14:15:00,2023-07-02,14,-0.5555702330195958,-0.8314696123025495,183,0.0004730763520194,-0.9999998880993765,0.109,0.772,0.686,0.622,0.737,
2023-07-02 14:30:00,2023-07-02,14,-0.6087614290085697,-0.793353340291351,183,0.000293880770865,-0.9999999568170452,0.107,0.734,0.636,0.578,0.69,
2023-07-02 14:45:00,2023-07-02,14,-0.6593458150999595,-0.7518398074790733,183,0.0001146851802734,-0.9999999934236546,0.106,0.694,0.586,0.533,0.641,
2023-07-02 15:00:00,2023-07-02,15,-0.7071067811864763,-0.7071067811866187,183,-6.451041400044884e-05,-0.9999999979192032,0.103,0.654,0.535,0.486,0.593,
2023-07-02 15:15:00,2023-07-02,15,-0.7518398074789405,-0.6593458151001109,183,-0.0002437060062032,-0.9999999703036908,0.104,0.616,0.484,0.44,0.543,
2023-07-02 15:30:00,2023-07-02,15,-0.7933533402912284,-0.6087614290087294,183,-0.0004229015905795,-0.9999999105771183,0.104,0.577,0.431,0.391,0.492,
2023-07-02 15:45:00,2023-07-02,15,-0.8314696123025639,-0.5555702330195742,183,-0.0006020971613768,-0.9999998187394876,0.0983,0.537,0.38,0.344,0.44,
2023-07-02 16:00:00,2023-07-02,16,-0.8660254037844779,-0.4999999999999321,183,-0.0007812927128398,-0.999999694790802,0.0975999999999999,0.486,0.323,0.291,0.383,
2023-07-02 16:15:00,2023-07-02,16,-0.8968727415326422,-0.4422886902190947,183,-0.0009604882392146,-0.9999995387310648,0.0947,0.436,0.265,0.236,0.324,
2023-07-02 16:30:00,2023-07-02,16,-0.923879532511264,-0.3826834323651446,183,-0.0011396837347475,-0.9999993505602814,0.0978,0.39,0.213,0.188,0.27,
2023-07-02 16:45:00,2023-07-02,16,-0.9469301294951008,-0.3214394653031754,183,-0.0013188791936835,-0.999999130278458,0.0932,0.339,0.165,0.145,0.214,
2023-07-02 17:00:00,2023-07-02,17,-0.965925826289076,-0.2588190451024916,183,-0.0014980746102694,-0.9999988778856016,0.108,0.195,0.1,0.0895,0.122,
2023-07-02 17:15:00,2023-07-02,17,-0.9807852804032008,-0.1950903220162778,183,-0.0016772699787496,-0.99999859338172,0.082,0.101,0.0634,0.0594,0.0697,
2023-07-02 17:30:00,2023-07-02,17,-0.9914448613737964,-0.1305261922201583,183,-0.0018564652933718,-0.9999982767668224,0.0820999999999999,0.203,0.0727,0.0645,0.0884,
2023-07-02 17:45:00,2023-07-02,17,-0.9978589232385994,-0.0654031292302058,183,-0.0020356605483805,-0.9999979280409194,0.0552,0.144,0.0523999999999999,0.0482,0.0555,
2023-07-02 18:00:00,2023-07-02,18,-1.0,-1.8115487917832003e-14,183,-0.0022148557380219,-0.9999975472040218,0.0434,0.103,0.04,0.0386,0.0419,
2023-07-02 18:15:00,2023-07-02,18,-0.9978589232386018,0.0654031292301696,183,-0.0023940508565424,-0.999997134256142,0.0317,0.0316,0.0283,0.0273999999999999,0.0273999999999999,
2023-07-02 18:30:00,2023-07-02,18,-0.9914448613738012,0.1305261922201224,183,-0.002573245898187,-0.999996689197293,0.0225,0.0225,0.0197,0.0186999999999999,0.0189,
2023-07-02 18:45:00,2023-07-02,18,-0.980785280403252,0.1950903220160192,183,-0.0027524408572019,-0.9999962120274896,0.0113,0.0114,0.0109,0.0104,0.0101999999999999,
2023-07-02 19:00:00,2023-07-02,19,-0.9659258262890856,0.2588190451024566,183,-0.002931635727833,-0.9999957027467464,0.00242,0.00264,0.0033599999999999,0.00318,0.00266,
2023-07-02 19:15:00,2023-07-02,19,-0.9469301294951126,0.3214394653031411,183,-0.0031108305043267,-0.9999951613550804,-0.00179,-0.00134,-0.000579,-0.000474,-0.00141,
2023-07-02 19:30:00,2023-07-02,19,-0.923879532511278,0.3826834323651111,183,-0.0032900251809278,-0.9999945878525088,-0.0029,-0.0025099999999999,-0.00145,-0.00111,-0.00221,
2023-07-02 19:45:00,2023-07-02,19,-0.8968727415327589,0.4422886902188583,183,-0.0034692197518827,-0.99999398223905,-0.00271,-0.00224,-0.00125,-0.00104,-0.00231,
2023-07-02 20:00:00,2023-07-02,20,-0.866025403784496,0.4999999999999007,183,-0.0036484142114377,-0.9999933445147232,-0.00256,-0.00212,-0.000886,-0.000711,-0.00183,
2023-07-02 20:15:00,2023-07-02,20,-0.8314696123025841,0.5555702330195441,183,-0.0038276085538379,-0.9999926746795492,-0.00231,-0.00186,-0.000724,-0.00055,-0.00165,
2023-07-02 20:30:00,2023-07-02,20,-0.7933533402912505,0.6087614290087007,183,-0.0040068027733294,-0.9999919727335492,-0.00151,-0.000897,-0.000614,-0.000306,-0.00166,
2023-07-02 20:45:00,2023-07-02,20,-0.7518398074789644,0.6593458151000836,183,-0.0041859968641583,-0.9999912386767462,-0.00349,-0.00296,-0.000614,-0.000356,-0.00175,
2023-07-02 21:00:00,2023-07-02,21,-0.7071067811865019,0.7071067811865931,183,-0.0043651908205708,-0.9999904725091636,-0.0020299999999999,-0.00155,-0.000686,-0.000371,-0.00158,
2023-07-02 21:15:00,2023-07-02,21,-0.6593458151001577,0.7518398074788994,183,-0.004544384636812,-0.9999896742308256,-0.00199,-0.00157,-0.000707,-0.000275,-0.00134,
2023-07-02 21:30:00,2023-07-02,21,-0.6087614290087788,0.7933533402911905,183,-0.0047235783071282,-0.9999888438417582,-0.00211,-0.00176,-0.000731,-0.000317,-0.00125,
2023-07-02 21:45:00,2023-07-02,21,-0.555570233019626,0.8314696123025294,183,-0.0049027718257657,-0.9999879813419882,-0.00196,-0.00163,-0.000913,-0.000478,-0.00148,
2023-07-02 22:00:00,2023-07-02,22,-0.4999999999999859,0.8660254037844467,183,-0.0050819651869695,-0.999987086731543,-0.00139,-0.00114,-0.000958,-0.000516,-0.00133,
2023-07-02 22:15:00,2023-07-02,22,-0.4422886902191505,0.8968727415326146,183,-0.005261158384986,-0.9999861600104514,-0.00227,-0.00198,-0.000786,-0.000719,-0.00109,
2023-07-02 22:30:00,2023-07-02,22,-0.3826834323652021,0.9238795325112402,183,-0.0054403514140612,-0.9999852011787432,-0.0020499999999999,-0.0018,-0.000779,-0.000894,-0.000788,
2023-07-02 22:45:00,2023-07-02,22,-0.3214394653032343,0.9469301294950808,183,-0.0056195442684414,-0.9999842102364492,-0.0023799999999999,-0.00212,-0.00102,-0.00121,-0.00128,
2023-07-02 23:00:00,2023-07-02,23,-0.2588190451025517,0.96592582628906,183,-0.0057987369423715,-0.9999831871836012,-0.00216,-0.00191,-0.00102,-0.0011799999999999,-0.00117,
2023-07-02 23:15:00,2023-07-02,23,-0.1950903220161158,0.9807852804032328,183,-0.0059779294300981,-0.999982132020232,-0.00219,-0.00196,-0.001,-0.00121,-0.00123,
2023-07-02 23:30:00,2023-07-02,23,-0.1305261922199946,0.991444861373818,183,-0.0061571217258675,-0.9999810447463756,-0.0020499999999999,-0.00183,-0.00101,-0.00115,-0.00124,
2023-07-02 23:45:00,2023-07-02,23,-0.065403129230041,0.99785892323861,183,-0.0063363138239247,-0.9999799253620668,-0.00198,-0.0017,-0.000989,-0.0011899999999999,-0.00104,
2023-07-03 00:00:00,2023-07-03,0,-8.034920963679815e-14,1.0,184,-0.0065155057185162,-0.9999787738673416,-0.0019399999999999,-0.0016899999999999,-0.000986,-0.0011,-0.00116,
2023-07-03 00:15:00,2023-07-03,0,0.0654031292301075,0.9978589232386058,184,-0.0066946974038878,-0.999977590262237,-0.00185,-0.00163,-0.000969,-0.00117,-0.00103,
2023-07-03 00:30:00,2023-07-03,0,0.1305261922200607,0.9914448613738092,184,-0.0068738888742861,-0.999976374546791,-0.00195,-0.00172,-0.00102,-0.00115,-0.00123,
2023-07-03 00:45:00,2023-07-03,0,0.1950903220159582,0.9807852804032644,184,-0.007053080123956,-0.9999751267210424,-0.00151,-0.0014,-0.00112,-0.0013,-0.00135,
2023-07-03 01:00:00,2023-07-03,1,0.2588190451023965,0.9659258262891016,184,-0.0072322711471441,-0.9999738467850318,-0.00256,-0.0023,-0.00107,-0.00135,-0.00124,
2023-07-03 01:15:00,2023-07-03,1,0.3214394653030822,0.9469301294951328,184,-0.0074114619380967,-0.9999725347387998,-0.00121,-0.00102,-0.000751,-0.000891,-0.000788,
2023-07-03 01:30:00,2023-07-03,1,0.3826834323650537,0.9238795325113016,184,-0.0075906524910585,-0.9999711905823888,-0.00173,-0.00155,-0.001,-0.00121,-0.00105,
2023-07-03 01:45:00,2023-07-03,1,0.4422886902190064,0.8968727415326858,184,-0.0077698428002773,-0.9999698143158418,-0.00214,-0.00184,-0.000762,-0.000891,-0.000746,
2023-07-03 02:00:00,2023-07-03,2,0.5000000000000437,0.8660254037844134,184,-0.0079490328599978,-0.999968405939203,-0.000575,-0.000436,-0.000951,-0.000856,-0.0011899999999999,
2023-07-03 02:15:00,2023-07-03,2,0.5555702330196814,0.8314696123024923,184,-0.0081282226644668,-0.9999669654525176,-0.000422,-0.000284,-0.000948,-0.000925,-0.000904,
2023-07-03 02:30:00,2023-07-03,2,0.6087614290086514,0.7933533402912883,184,-0.0083074122079296,-0.9999654928558322,-0.0016899999999999,-0.00141,-0.000648,-0.000749,-0.000574,
2023-07-03 02:45:00,2023-07-03,2,0.6593458151000369,0.7518398074790055,184,-0.0084866014846325,-0.9999639881491938,-0.000926,-0.000762,-0.00029,-0.000317,-0.000244,
2023-07-03 03:00:00,2023-07-03,3,0.7071067811865491,0.7071067811865459,184,-0.008665790488822,-0.9999624513326508,-9.1e-05,-0.000177,-0.000714,-0.000761,-0.000771,
2023-07-03 03:15:00,2023-07-03,3,0.7518398074788585,0.6593458151002045,184,-0.008844979214743,-0.9999608824062524,-0.00242,-0.00216,-0.000455,-0.000631,-0.000493,
2023-07-03 03:30:00,2023-07-03,3,0.7933533402911526,0.6087614290088282,184,-0.0090241676566432,-0.999959281370049,-0.00139,-0.00132,0.000155,-0.000222,0.000317,
2023-07-03 03:45:00,2023-07-03,3,0.8314696123024948,0.5555702330196778,184,-0.0092033558087673,-0.9999576482240922,0.000943,0.00109,0.000903,0.000615,0.000698,
2023-07-03 04:00:00,2023-07-03,4,0.8660254037844156,0.5000000000000399,184,-0.0093825436653624,-0.9999559829684342,0.00649,0.00667,0.00556,0.00479,0.00582,
2023-07-03 04:15:00,2023-07-03,4,0.8968727415326877,0.4422886902190024,184,-0.0095617312206735,-0.9999542856031288,0.0172,0.0171,0.015,0.0135,0.0154,
2023-07-03 04:30:00,2023-07-03,4,0.9238795325113034,0.3826834323650496,184,-0.0097409184689474,-0.9999525561282302,0.0319,0.0317,0.0266,0.0237,0.0273,
2023-07-03 04:45:00,2023-07-03,4,0.946930129495134,0.321439465303078,184,-0.0099201054044304,-0.999950794543794,0.0507,0.0502,0.0422,0.0373,0.0438,
2023-07-03 05:00:00,2023-07-03,5,0.965925826289044,0.2588190451026119,184,-0.0100992920213675,-0.9999490008498768,0.0795999999999999,0.0788,0.0612,0.0533,0.0645,
2023-07-03 05:15:00,2023-07-03,5,0.9807852804032208,0.1950903220161768,184,-0.0102784783140065,-0.9999471750465364,0.13,0.164,0.0988,0.0829,0.101,
2023-07-03 05:30:00,2023-07-03,5,0.9914448613738098,0.1305261922200563,184,-0.0104576642765922,-0.9999453171338312,0.128,0.127,0.0970999999999999,0.0832,0.103,
2023-07-03 05:45:00,2023-07-03,5,0.9978589232385912,0.06540312923033,184,-0.0106368499033712,-0.9999434271118208,0.101,0.143,0.0916,0.074,0.0993,
2023-07-03 06:00:00,2023-07-03,6,1.0,1.425829313557643e-13,184,-0.01081603518859,-0.999941504980566,0.131,0.134,0.111,0.0940999999999999,0.116,
2023-07-03 06:15:00,2023-07-03,6,0.99785892323861,-0.0654031292300454,184,-0.0109952201264941,-0.9999395507401284,0.116,0.118,0.0987,0.0842,0.103,
2023-07-03 06:30:00,2023-07-03,6,0.9914448613738174,-0.130526192219999,184,-0.0111744047113305,-0.999937564390571,0.16,0.163,0.137,0.112,0.143,
2023-07-03 06:45:00,2023-07-03,6,0.980785280403232,-0.1950903220161201,184,-0.0113535889373439,-0.9999355459319574,0.17,0.423,0.294,0.184,0.323,
2023-07-03 07:00:00,2023-07-03,7,0.9659258262890588,-0.258819045102556,184,-0.0115327727987825,-0.9999334953643524,0.189,0.314,0.249,0.178,0.265,
2023-07-03 07:15:00,2023-07-03,7,0.9469301294950796,-0.3214394653032386,184,-0.0117119562898911,-0.9999314126878222,0.266,0.526,0.419,0.306,0.452,
2023-07-03 07:30:00,2023-07-03,7,0.9238795325113256,-0.3826834323649962,184,-0.0118911394049163,-0.9999292979024332,0.309,0.524,0.437,0.337,0.467,
2023-07-03 07:45:00,2023-07-03,7,0.8968727415327133,-0.4422886902189505,184,-0.0120703221381048,-0.9999271510082534,0.207,0.206,0.188,0.162,0.195,
2023-07-03 08:00:00,2023-07-03,8,0.8660254037844445,-0.4999999999999898,184,-0.0122495044837021,-0.999924972005352,0.183,0.741,0.665,0.52,0.701,
2023-07-03 08:15:00,2023-07-03,8,0.8314696123026533,-0.5555702330194406,184,-0.0124286864359547,-0.9999227608937986,0.142,0.736,0.659,0.516,0.697,
2023-07-03 08:30:00,2023-07-03,8,0.7933533402913262,-0.608761429008602,184,-0.0126078679891091,-0.9999205176736644,0.112,0.757,0.686,0.541,0.723,
2023-07-03 08:45:00,2023-07-03,8,0.7518398074790464,-0.6593458150999901,184,-0.0127870491374119,-0.9999182423450216,0.113,0.789,0.724,0.578,0.761,
2023-07-03 09:00:00,2023-07-03,9,0.70710678118659,-0.707106781186505,184,-0.0129662298751085,-0.9999159349079432,0.111,0.821,0.767,0.62,0.803,
2023-07-03 09:15:00,2023-07-03,9,0.6593458151000803,-0.7518398074789674,184,-0.0131454101964457,-0.9999135953625028,0.11,0.849,0.805,0.659,0.841,
2023-07-03 09:30:00,2023-07-03,9,0.6087614290086972,-0.7933533402912532,184,-0.0133245900956703,-0.9999112237087764,0.11,0.877,0.841,0.696,0.878,
2023-07-03 09:45:00,2023-07-03,9,0.5555702330195404,-0.8314696123025865,184,-0.0135037695670278,-0.9999088199468392,0.105,0.902,0.869,0.73,0.911,
2023-07-03 10:00:00,2023-07-03,10,0.5000000000000938,-0.8660254037843845,184,-0.0136829486047648,-0.9999063840767692,0.109,0.922,0.874,0.758,0.936,
2023-07-03 10:15:00,2023-07-03,10,0.4422886902190582,-0.8968727415326602,184,-0.0138621272031279,-0.9999039160986442,0.105,0.941,0.867,0.783,0.961,
2023-07-03 10:30:00,2023-07-03,10,0.3826834323651071,-0.9238795325112796,184,-0.0140413053563638,-0.9999014160125432,0.105,0.957,0.867,0.807,0.982,
2023-07-03 10:45:00,2023-07-03,10,0.3214394653031369,-0.946930129495114,184,-0.014220483058718,-0.9998988838185472,0.111,0.968,0.873,0.823,0.996,
2023-07-03 11:00:00,2023-07-03,11,0.2588190451026719,-0.9659258262890278,184,-0.0143996603044375,-0.9998963195167372,0.124,0.973,0.888,0.836,1.0,
2023-07-03 11:15:00,2023-07-03,11,0.1950903220162378,-0.9807852804032088,184,-0.014578837087769,-0.9998937231071952,0.123,0.978,0.908,0.846,1.01,
2023-07-03 11:30:00,2023-07-03,11,0.130526192220118,-0.9914448613738016,184,-0.0147580134029581,-0.9998910945900048,0.111,0.989,0.941,0.858,1.02,
2023-07-03 11:45:00,2023-07-03,11,0.0654031292301652,-0.997858923238602,184,-0.0149371892442518,-0.9998884339652506,0.104,0.983,0.953,0.852,1.01,
2023-07-03 12:00:00,2023-07-03,12,-2.2557022368501652e-14,-1.0,184,-0.0151163646058965,-0.999885741233018,0.106,0.975,0.952,0.843,1.0,
2023-07-03 12:15:00,2023-07-03,12,-0.0654031292302102,-0.9978589232385991,184,-0.0152955394821391,-0.999883016393393,0.112,0.965,0.936,0.829,0.984,
2023-07-03 12:30:00,2023-07-03,12,-0.1305261922199373,-0.9914448613738256,184,-0.0154747138672248,-0.9998802594464636,0.0979,0.952,0.921,0.818,0.969,
2023-07-03 12:45:00,2023-07-03,12,-0.1950903220160591,-0.9807852804032442,184,-0.0156538877554019,-0.9998774703923182,0.0945999999999999,0.943,0.907,0.808,0.957,
2023-07-03 13:00:00,2023-07-03,13,-0.2588190451024959,-0.965925826289075,184,-0.0158330611409161,-0.9998746492310464,0.101,0.918,0.877,0.783,0.928,
2023-07-03 13:15:00,2023-07-03,13,-0.3214394653031796,-0.9469301294950996,184,-0.0160122340180135,-0.9998717959627386,0.104,0.896,0.849,0.759,0.899,
2023-07-03 13:30:00,2023-07-03,13,-0.3826834323649387,-0.9238795325113494,184,-0.016191406380941,-0.9998689105874866,0.107,0.871,0.814,0.732,0.866,
2023-07-03 13:45:00,2023-07-03,13,-0.4422886902188948,-0.8968727415327409,184,-0.0163705782239453,-0.9998659931053828,0.106,0.842,0.777,0.7,0.828,
2023-07-03 14:00:00,2023-07-03,14,-0.4999999999999359,-0.8660254037844757,184,-0.0165497495412734,-0.9998630435165212,0.1,0.813,0.736,0.663,0.788,
2023-07-03 14:15:00,2023-07-03,14,-0.555570233019578,-0.8314696123025614,184,-0.0167289203271706,-0.9998600618209966,0.104,0.779,0.693,0.625,0.745,
2023-07-03 14:30:00,2023-07-03,14,-0.608761429008733,-0.7933533402912257,184,-0.0169080905758853,-0.9998570480189044,0.104,0.743,0.645,0.583,0.698,
2023-07-03 14:45:00,2023-07-03,14,-0.6593458151001143,-0.7518398074789376,184,-0.0170872602816632,-0.9998540021103416,0.108,0.707,0.596,0.538,0.652,
2023-07-03 15:00:00,2023-07-03,15,-0.7071067811866218,-0.7071067811864732,184,-0.0172664294387507,-0.9998509240954055,0.0979,0.66,0.54,0.488,0.597,
2023-07-03 15:15:00,2023-07-03,15,-0.7518398074789263,-0.6593458151001271,184,-0.0174455980413948,-0.999847813974196,0.0960999999999999,0.619,0.488,0.442,0.546,
2023-07-03 15:30:00,2023-07-03,15,-0.7933533402912153,-0.6087614290087465,184,-0.0176247660838422,-0.9998446717468118,0.108,0.528,0.397,0.36,0.45,
2023-07-03 15:45:00,2023-07-03,15,-0.8314696123025519,-0.5555702330195922,184,-0.0178039335603402,-0.9998414974133544,0.0979,0.536,0.381,0.344,0.44,
2023-07-03 16:00:00,2023-07-03,16,-0.8660254037843534,-0.5000000000001477,184,-0.017983100465134,-0.9998382909739258,0.138,0.437,0.302,0.272,0.352,
2023-07-03 16:15:00,2023-07-03,16,-0.8968727415326327,-0.442288690219114,184,-0.0181622667924723,-0.9998350524286288,0.106,0.425,0.268,0.24,0.324,
2023-07-03 16:30:00,2023-07-03,16,-0.9238795325112558,-0.3826834323651645,184,-0.018341432536601,-0.9998317817775676,0.115,0.394,0.221,0.197,0.278,
2023-07-03 16:45:00,2023-07-03,16,-0.946930129495094,-0.3214394653031958,184,-0.0185205976917659,-0.9998284790208468,0.1,0.352,0.177,0.158,0.229,
2023-07-03 17:00:00,2023-07-03,17,-0.9659258262890704,-0.2588190451025124,184,-0.0186997622522156,-0.9998251441585728,0.1,0.267,0.125,0.109,0.162,
2023-07-03 17:15:00,2023-07-03,17,-0.9807852804032408,-0.1950903220160759,184,-0.0188789262121957,-0.9998217771908524,0.0999,0.191,0.0853,0.076,0.111,
2023-07-03 17:30:00,2023-07-03,17,-0.9914448613738231,-0.1305261922199543,184,-0.0190580895659539,-0.999818378117794,0.104,0.206,0.0871,0.0788,0.102,
2023-07-03 17:45:00,2023-07-03,17,-0.997858923238598,-0.0654031292302273,184,-0.0192372523077357,-0.9998149469395068,0.0902,0.121,0.0645,0.0584,0.0692,
2023-07-03 18:00:00,2023-07-03,18,-1.0,-3.9676699350464485e-14,184,-0.0194164144317898,-0.9998114836561004,0.0549,0.0879,0.0458,0.0439,0.0467999999999999,
2023-07-03 18:15:00,2023-07-03,18,-0.9978589232386031,0.0654031292301481,184,-0.0195955759323623,-0.9998079882676868,0.0332,0.0334,0.0292,0.0282,0.0283,
2023-07-03 18:30:00,2023-07-03,18,-0.9914448613738336,0.1305261922198756,184,-0.0197747368036991,-0.9998044607743778,0.0163999999999999,0.0163999999999999,0.0148,0.0136999999999999,0.0141999999999999,
2023-07-03 18:45:00,2023-07-03,18,-0.9807852804032564,0.1950903220159981,184,-0.0199538970400491,-0.9998009011762868,0.00533,0.00554,0.0056799999999999,0.00526,0.00509,
2023-07-03 19:00:00,2023-07-03,19,-0.9659258262890912,0.2588190451024358,184,-0.0201330566356578,-0.999797309473528,0.000823,0.00109,0.00141,0.0014199999999999,0.000848,
2023-07-03 19:15:00,2023-07-03,19,-0.9469301294951196,0.3214394653031207,184,-0.0203122155847727,-0.9997936856662168,-0.00184,-0.00133,-0.00108,-0.000883,-0.00188,
2023-07-03 19:30:00,2023-07-03,19,-0.9238795325112862,0.3826834323650913,184,-0.0204913738816407,-0.9997900297544694,-0.00327,-0.00264,-0.00137,-0.00121,-0.00237,
2023-07-03 19:45:00,2023-07-03,19,-0.8968727415326678,0.4422886902190429,184,-0.0206705315205095,-0.9997863417384034,-0.00302,-0.00221,-0.000862,-0.000772,-0.00195,
2023-07-03 20:00:00,2023-07-03,20,-0.8660254037843931,0.5000000000000789,184,-0.0208496884956256,-0.9997826216181372,-0.00126,-0.000475,-0.00114,-0.00081,-0.0022,
2023-07-03 20:15:00,2023-07-03,20,-0.8314696123025961,0.5555702330195262,184,-0.0210288448012352,-0.9997788693937902,-0.00414,-0.00394,-0.000786,-0.000654,-0.00165,
2023-07-03 20:30:00,2023-07-03,20,-0.7933533402912636,0.6087614290086836,184,-0.0212080004315871,-0.999775085065483,-0.00231,-0.00184,-0.000916,-0.000637,-0.00191,
2023-07-03 20:45:00,2023-07-03,20,-0.7518398074789786,0.6593458151000674,184,-0.0213871553809272,-0.999771268633337,-0.00263,-0.00219,-0.000962,-0.00091,-0.00217,
2023-07-03 21:00:00,2023-07-03,21,-0.707106781186678,0.7071067811864171,184,-0.021566309643503,-0.9997674200974748,-0.0025099999999999,-0.00204,-0.000903,-0.000803,-0.00191,
2023-07-03 21:15:00,2023-07-03,21,-0.6593458151001739,0.7518398074788852,184,-0.0217454632135618,-0.99976353945802,-0.00225,-0.00174,-0.000669,-0.000275,-0.00129,
2023-07-03 21:30:00,2023-07-03,21,-0.6087614290087959,0.7933533402911773,184,-0.0219246160853511,-0.9997596267150968,-0.00211,-0.0016699999999999,-0.000958,-0.000596,-0.00164,
2023-07-03 21:45:00,2023-07-03,21,-0.5555702330196439,0.8314696123025174,184,-0.0221037682531177,-0.9997556818688316,-0.00208,-0.00162,-0.00105,-0.000715,-0.00141,
2023-07-03 22:00:00,2023-07-03,22,-0.5000000000000047,0.8660254037844359,184,-0.022282919711108,-0.9997517049193506,-0.00161,-0.00122,-0.000786,-0.000937,-0.0003,
2023-07-03 22:15:00,2023-07-03,22,-0.4422886902189659,0.8968727415327057,184,-0.022462070453571,-0.9997476958667816,-0.00115,-0.000599,-0.00138,-0.00146,-0.00154,
2023-07-03 22:30:00,2023-07-03,22,-0.382683432365012,0.9238795325113188,184,-0.0226412204747526,-0.9997436547112531,-0.00348,-0.00324,-0.00112,-0.00115,-0.0016699999999999,
2023-07-03 22:45:00,2023-07-03,22,-0.3214394653032548,0.946930129495074,184,-0.0228203697689006,-0.9997395814528954,-0.00267,-0.00231,-0.000931,-0.000975,-0.00128,
2023-07-03 23:00:00,2023-07-03,23,-0.2588190451025726,0.9659258262890544,184,-0.0229995183302623,-0.999735476091839,-0.00344,-0.0031,-0.00147,-0.00133,-0.00235,
2023-07-03 23:15:00,2023-07-03,23,-0.1950903220161369,0.9807852804032288,184,-0.0231786661530856,-0.9997313386282156,-0.00299,-0.0025099999999999,-0.00125,-0.00131,-0.00225,
2023-07-03 23:30:00,2023-07-03,23,-0.1305261922202414,0.9914448613737854,184,-0.0233578132316168,-0.999727169062158,-0.0033,-0.00285,-0.00127,-0.0011,-0.00229,
2023-07-03 23:45:00,2023-07-03,23,-0.0654031292302894,0.997858923238594,184,-0.0235369595601038,-0.9997229673938006,-0.0024,-0.00199,-0.000893,-0.000635,-0.00154,
2023-07-04 00:00:00,2023-07-04,0,-1.0191042106943061e-13,1.0,185,-0.0237161051327946,-0.9997187336232778,-0.0023799999999999,-0.00209,-0.000655,-0.000333,-0.00131,
2023-07-04 00:15:00,2023-07-04,0,0.065403129230086,0.9978589232386073,185,-0.0238952499439356,-0.9997144677507256,-0.0021,-0.00172,-0.000724,-0.00034,-0.00128,
2023-07-04 00:30:00,2023-07-04,0,0.1305261922200393,0.991444861373812,185,-0.0240743939877748,-0.9997101697762814,-0.000306,-0.000202,8.96e-05,0.000382,-8.570000000000001e-06,
2023-07-04 00:45:00,2023-07-04,0,0.19509032201616,0.980785280403224,185,-0.0242535372585596,-0.9997058397000828,-0.000736,-0.000667,4.83e-05,0.000206,-0.00033,
2023-07-04 01:00:00,2023-07-04,1,0.2588190451025953,0.9659258262890484,185,-0.0244326797505381,-0.999701477522269,-0.000629,-0.000543,-0.000131,0.000122,-0.000441,
2023-07-04 01:15:00,2023-07-04,1,0.3214394653030618,0.9469301294951395,185,-0.0246118214579569,-0.99969708324298,-0.000947,-0.000688,-0.000221,-4.59e-05,-0.000771,
2023-07-04 01:30:00,2023-07-04,1,0.3826834323650337,0.92387953251131,185,-0.0247909623750639,-0.999692656862357,-0.00125,-0.000926,-9.65e-05,9.94e-05,-0.000677,
2023-07-04 01:45:00,2023-07-04,1,0.4422886902189871,0.8968727415326954,185,-0.0249701024961073,-0.999688198380542,-0.00129,-0.000975,-5.52e-05,0.00013,-0.000634,
2023-07-04 02:00:00,2023-07-04,2,0.5000000000000251,0.8660254037844242,185,-0.0251492418153338,-0.9996837077976783,-0.00249,-0.00189,-0.00101,-0.000799,-0.0019399999999999,
2023-07-04 02:15:00,2023-07-04,2,0.5555702330194745,0.8314696123026306,185,-0.0253283803269914,-0.99967918511391,-0.00239,-0.00198,-0.000893,-0.000688,-0.00174,
2023-07-04 02:30:00,2023-07-04,2,0.6087614290086343,0.7933533402913014,185,-0.0255075180253283,-0.9996746303293824,-0.00215,-0.00177,-0.000814,-0.000474,-0.0014399999999999,
2023-07-04 02:45:00,2023-07-04,2,0.6593458151000207,0.7518398074790197,185,-0.0256866549045913,-0.9996700434442418,-0.00232,-0.00204,-0.00107,-0.000765,-0.00178,
2023-07-04 03:00:00,2023-07-04,3,0.7071067811865338,0.7071067811865612,185,-0.0258657909590286,-0.9996654244586356,-0.00266,-0.00226,-0.00101,-0.000929,-0.00208,
2023-07-04 03:15:00,2023-07-04,3,0.7518398074789941,0.6593458151000497,185,-0.0260449261828878,-0.9996607733727116,-0.00232,-0.0019299999999999,-0.000958,-0.000768,-0.0019,
2023-07-04 03:30:00,2023-07-04,3,0.7933533402912779,0.6087614290086649,185,-0.0262240605704173,-0.9996560901866196,-0.0022,-0.00172,-0.000631,-0.000218,-0.00131,
2023-07-04 03:45:00,2023-07-04,3,0.8314696123024828,0.5555702330196957,185,-0.0264031941158635,-0.99965137490051,8.27e-05,0.000387,0.000855,0.00123,0.000501,
2023-07-04 04:00:00,2023-07-04,4,0.8660254037844048,0.5000000000000585,185,-0.026582326813476,-0.999646627514534,0.00545,0.0057,0.0056,0.00554,0.0053,
2023-07-04 04:15:00,2023-07-04,4,0.8968727415326782,0.4422886902190218,185,-0.0267614586575018,-0.999641848028844,0.0138,0.0138,0.0130999999999999,0.0125,0.0128,
2023-07-04 04:30:00,2023-07-04,4,0.9238795325112952,0.3826834323650695,185,-0.0269405896421883,-0.999637036443594,0.0247,0.0246,0.0226,0.0214,0.0226999999999999,
2023-07-04 04:45:00,2023-07-04,4,0.946930129495054,0.3214394653033137,185,-0.0271197197617839,-0.999632192758938,0.0342,0.034,0.0308,0.0286,0.0312,
2023-07-04 05:00:00,2023-07-04,5,0.9659258262890384,0.2588190451026327,185,-0.0272988490105365,-0.9996273169750314,0.0458999999999999,0.0751,0.04,0.0381,0.042,
2023-07-04 05:15:00,2023-07-04,5,0.9807852804032166,0.195090322016198,185,-0.0274779773826946,-0.9996224090920312,0.0498,0.156,0.0547999999999999,0.0494,0.0485,
2023-07-04 05:30:00,2023-07-04,5,0.9914448613738068,0.1305261922200777,185,-0.0276571048725047,-0.9996174691100947,0.0562999999999999,0.204,0.0708,0.0569,0.0554,
2023-07-04 05:45:00,2023-07-04,5,0.9978589232386048,0.0654031292301246,185,-0.0278362314742168,-0.9996124970293808,0.0654,0.258,0.111,0.0632,0.134,
2023-07-04 06:00:00,2023-07-04,6,1.0,-6.322953265483531e-14,185,-0.0280153571820779,-0.9996074928500488,0.0705,0.307,0.154,0.0686,0.182,
2023-07-04 06:15:00,2023-07-04,6,0.9978589232386114,-0.0654031292300239,185,-0.0281944819903353,-0.99960245657226,0.0728,0.356,0.203,0.091,0.237,
2023-07-04 06:30:00,2023-07-04,6,0.9914448613738202,-0.1305261922199776,185,-0.0283736058932389,-0.9995973881961752,0.0767,0.402,0.258,0.14,0.292,
2023-07-04 06:45:00,2023-07-04,6,0.9807852804032364,-0.195090322016099,185,-0.0285527288850354,-0.999592287721958,0.0810999999999999,0.448,0.31,0.184,0.344,
2023-07-04 07:00:00,2023-07-04,7,0.9659258262890644,-0.2588190451025352,185,-0.0287318509599739,-0.9995871551497716,0.0825,0.498,0.367,0.234,0.402,
2023-07-04 07:15:00,2023-07-04,7,0.9469301294951596,-0.3214394653030028,185,-0.0289109721123014,-0.9995819904797814,0.0807,0.543,0.421,0.286,0.457,
2023-07-04 07:30:00,2023-07-04,7,0.9238795325113338,-0.3826834323649762,185,-0.0290900923362677,-0.9995767937121528,0.0790999999999999,0.588,0.475,0.337,0.512,
2023-07-04 07:45:00,2023-07-04,7,0.8968727415327229,-0.4422886902189312,185,-0.0292692116261203,-0.9995715648470526,0.0789,0.634,0.53,0.389,0.567,
2023-07-04 08:00:00,2023-07-04,8,0.8660254037844552,-0.4999999999999711,185,-0.0294483299761066,-0.999566303884649,0.083,0.674,0.582,0.44,0.619,
2023-07-04 08:15:00,2023-07-04,8,0.8314696123025389,-0.5555702330196117,185,-0.0296274473804766,-0.9995610108251108,0.0858,0.709,0.63,0.487,0.665,
2023-07-04 08:30:00,2023-07-04,8,0.793353340291201,-0.6087614290087653,185,-0.0298065638334775,-0.999555685668608,0.0881,0.748,0.678,0.534,0.715,
2023-07-04 08:45:00,2023-07-04,8,0.7518398074789108,-0.6593458151001448,185,-0.0299856793293584,-0.9995503284153114,0.0957,0.782,0.721,0.576,0.757,
2023-07-04 09:00:00,2023-07-04,9,0.7071067811866052,-0.7071067811864898,185,-0.0301647938623664,-0.9995449390653932,0.0997,0.814,0.759,0.615,0.795,
2023-07-04 09:15:00,2023-07-04,9,0.6593458151000965,-0.7518398074789532,185,-0.0303439074267517,-0.9995395176190268,0.0949,0.848,0.803,0.657,0.838,
2023-07-04 09:30:00,2023-07-04,9,0.6087614290087143,-0.79335334029124,185,-0.030523020016762,-0.9995340640763856,0.0904,0.877,0.84,0.694,0.876,
2023-07-04 09:45:00,2023-07-04,9,0.5555702330197474,-0.8314696123024482,185,-0.0307021316266449,-0.9995285784376452,0.0925999999999999,0.9,0.866,0.727,0.906,
2023-07-04 10:00:00,2023-07-04,10,0.5000000000001125,-0.8660254037843738,185,-0.0308812422506506,-0.9995230607029818,0.0895,0.924,0.874,0.758,0.938,
2023-07-04 10:15:00,2023-07-04,10,0.4422886902190776,-0.8968727415326507,185,-0.0310603518830265,-0.9995175108725722,0.096,0.959,0.876,0.791,0.971,
2023-07-04 10:30:00,2023-07-04,10,0.382683432365127,-0.9238795325112712,185,-0.0312394605180214,-0.9995119289465948,0.13,1.0,0.897,0.835,1.02,
2023-07-04 10:45:00,2023-07-04,10,0.3214394653031573,-0.9469301294951072,185,-0.0314185681498842,-0.999506314925229,0.217,0.485,0.463,0.431,0.51,
2023-07-04 11:00:00,2023-07-04,11,0.2588190451024731,-0.9659258262890812,185,-0.0315976747728638,-0.9995006688086548,0.232,0.548,0.524,0.488,0.573,
2023-07-04 11:15:00,2023-07-04,11,0.195090322016036,-0.9807852804032487,185,-0.0317767803812086,-0.9994949905970536,0.164,1.06,0.971,0.9,1.08,
2023-07-04 11:30:00,2023-07-04,11,0.1305261922201394,-0.9914448613737988,185,-0.0319558849691663,-0.999489280290608,0.176,1.04,0.972,0.883,1.06,
2023-07-04 11:45:00,2023-07-04,11,0.0654031292301867,-0.9978589232386006,185,-0.0321349885309876,-0.9994835378895008,0.223,0.771,0.718,0.636,0.764,
2023-07-04 12:00:00,2023-07-04,12,-9.9581093586918e-16,-1.0,185,-0.0323140910609198,-0.9994777633939168,0.281,0.73,0.666,0.582,0.706,
2023-07-04 12:15:00,2023-07-04,12,-0.0654031292299618,-0.9978589232386154,185,-0.0324931925532123,-0.9994719568040416,0.175,1.03,0.99,0.872,1.04,
2023-07-04 12:30:00,2023-07-04,12,-0.1305261922199159,-0.9914448613738284,185,-0.0326722930021139,-0.9994661181200613,0.118,0.976,0.95,0.844,0.998,
2023-07-04 12:45:00,2023-07-04,12,-0.195090322016038,-0.9807852804032484,185,-0.032851392401874,-0.9994602473421632,0.184,0.669,0.641,0.569,0.675,
2023-07-04 13:00:00,2023-07-04,13,-0.2588190451024751,-0.9659258262890804,185,-0.033030490746741,-0.9994543444705364,0.121,0.957,0.917,0.817,0.969,
2023-07-04 13:15:00,2023-07-04,13,-0.3214394653031592,-0.9469301294951064,185,-0.0332095880309629,-0.99944840950537,0.0831,0.902,0.857,0.765,0.907,
2023-07-04 13:30:00,2023-07-04,13,-0.3826834323651288,-0.9238795325112704,185,-0.0333886842487907,-0.9994424424468548,0.0784,0.878,0.823,0.737,0.874,
2023-07-04 13:45:00,2023-07-04,13,-0.4422886902190793,-0.8968727415326498,185,-0.033567779394472,-0.9994364432951822,0.0778,0.846,0.782,0.704,0.832,
2023-07-04 14:00:00,2023-07-04,14,-0.4999999999999172,-0.8660254037844864,185,-0.0337468734622562,-0.9994304120505452,0.0828,0.818,0.741,0.668,0.792,
2023-07-04 14:15:00,2023-07-04,14,-0.55557023301956,-0.8314696123025734,185,-0.0339259664463925,-0.9994243487131372,0.0682,0.785,0.699,0.631,0.752,
2023-07-04 14:30:00,2023-07-04,14,-0.6087614290087159,-0.7933533402912388,185,-0.0341050583411305,-0.9994182532831528,0.0662,0.746,0.65,0.588,0.705,
2023-07-04 14:45:00,2023-07-04,14,-0.6593458150999271,-0.7518398074791017,185,-0.0342841491407185,-0.999412125760788,0.0652,0.709,0.601,0.543,0.658,
2023-07-04 15:00:00,2023-07-04,15,-0.7071067811864459,-0.7071067811866492,185,-0.034463238839406,-0.9994059661462392,0.0642,0.669,0.55,0.496,0.607,
2023-07-04 15:15:00,2023-07-04,15,-0.7518398074789121,-0.6593458151001433,185,-0.0346423274314428,-0.9993997744397048,0.0619,0.629,0.497,0.447,0.555,
2023-07-04 15:30:00,2023-07-04,15,-0.7933533402912022,-0.6087614290087637,185,-0.0348214149110773,-0.999393550641383,0.0616,0.585,0.44,0.396,0.501,
2023-07-04 15:45:00,2023-07-04,15,-0.83146961230254,-0.5555702330196101,185,-0.0350005012725592,-0.999387294751474,0.0592,0.542,0.384,0.344,0.445,
2023-07-04 16:00:00,2023-07-04,16,-0.8660254037844562,-0.4999999999999694,185,-0.0351795865101378,-0.9993810067701786,0.0587,0.494,0.327,0.291,0.389,
2023-07-04 16:15:00,2023-07-04,16,-0.8968727415327237,-0.4422886902189294,185,-0.0353586706180631,-0.9993746866976988,0.0567999999999999,0.449,0.27,0.238,0.334,
2023-07-04 16:30:00,2023-07-04,16,-0.9238795325112475,-0.3826834323651845,185,-0.0355377535905835,-0.9993683345342372,0.0562999999999999,0.4,0.213,0.186,0.274,
2023-07-04 16:45:00,2023-07-04,16,-0.9469301294950871,-0.3214394653032162,185,-0.0357168354219489,-0.999361950279998,0.0537,0.346,0.159,0.138,0.214,
2023-07-04 17:00:00,2023-07-04,17,-0.965925826289065,-0.2588190451025333,185,-0.0358959161064093,-0.9993555339351864,0.051,0.294,0.112,0.0932,0.16,
2023-07-04 17:15:00,2023-07-04,17,-0.9807852804031923,-0.19509032201632,185,-0.0360749956382128,-0.9993490855000084,0.0484,0.245,0.0699,0.0573,0.12,
2023-07-04 17:30:00,2023-07-04,17,-0.9914448613737908,-0.1305261922202011,185,-0.0362540740116108,-0.9993426049746706,0.044,0.196,0.059,0.0518,0.0737999999999999,
2023-07-04 17:45:00,2023-07-04,17,-0.9978589232385966,-0.0654031292302488,185,-0.0364331512208516,-0.9993360923593816,0.0373999999999999,0.15,0.0472,0.0439,0.0489,
2023-07-04 18:00:00,2023-07-04,18,-1.0,-6.123791078309695e-14,185,-0.0366122272601857,-0.9993295476543504,0.0322999999999999,0.11,0.037,0.0365,0.0385,
2023-07-04 18:15:00,2023-07-04,18,-0.9978589232386046,0.0654031292301266,185,-0.0367913021238619,-0.999322970859787,0.0247,0.0233999999999999,0.0241,0.0247,0.0233,
2023-07-04 18:30:00,2023-07-04,18,-0.9914448613738068,0.1305261922200796,185,-0.0369703758061304,-0.9993163619759028,0.0155,0.0149,0.0163,0.0162,0.0148,
2023-07-04 18:45:00,2023-07-04,18,-0.9807852804032162,0.1950903220161999,185,-0.0371494483012413,-0.9993097210029098,0.00695,0.00687,0.00841,0.00825,0.00701,
2023-07-04 19:00:00,2023-07-04,19,-0.9659258262890966,0.258819045102415,185,-0.0373285196034431,-0.9993030479410214,0.0019199999999999,0.00189,0.0022299999999999,0.00233,0.000904,
2023-07-04 19:15:00,2023-07-04,19,-0.9469301294951264,0.3214394653031003,185,-0.0375075897069874,-0.999296342790452,-0.00244,-0.0022,-0.000738,-0.000841,-0.0020499999999999,
2023-07-04 19:30:00,2023-07-04,19,-0.9238795325112944,0.3826834323650713,185,-0.0376866586061228,-0.9992896055514164,-0.00309,-0.00274,-0.00122,-0.00132,-0.0025,
2023-07-04 19:45:00,2023-07-04,19,-0.8968727415326774,0.4422886902190235,185,-0.0378657262951001,-0.9992828362241316,-0.00298,-0.00245,-0.00101,-0.000967,-0.00208,
2023-07-04 20:00:00,2023-07-04,20,-0.8660254037845175,0.4999999999998634,185,-0.0380447927681682,-0.9992760348088146,-0.00291,-0.00235,-0.000831,-0.000879,-0.0021,
2023-07-04 20:15:00,2023-07-04,20,-0.831469612302608,0.5555702330195083,185,-0.0382238580195777,-0.9992692013056838,-0.0025099999999999,-0.00189,-0.000741,-0.000726,-0.00207,
2023-07-04 20:30:00,2023-07-04,20,-0.7933533402912767,0.6087614290086665,185,-0.038402922043579,-0.9992623357149588,-0.00257,-0.002,-0.000696,-0.000593,-0.00183,
2023-07-04 20:45:00,2023-07-04,20,-0.7518398074789928,0.6593458151000512,185,-0.0385819848344208,-0.9992554380368598,-0.00239,-0.00177,-0.000648,-0.000474,-0.00157,
2023-07-04 21:00:00,2023-07-04,21,-0.7071067811865325,0.7071067811865626,185,-0.038761046386355,-0.9992485082716084,-0.00263,-0.00199,-0.000707,-0.000535,-0.0016799999999999,
2023-07-04 21:15:00,2023-07-04,21,-0.6593458151000192,0.751839807479021,185,-0.0389401066936305,-0.9992415464194274,-0.00283,-0.00218,-0.000631,-0.000528,-0.0018,
2023-07-04 21:30:00,2023-07-04,21,-0.608761429008813,0.7933533402911642,185,-0.0391191657504978,-0.99923455248054,-0.00271,-0.00206,-0.000576,-0.000459,-0.00179,
2023-07-04 21:45:00,2023-07-04,21,-0.5555702330196618,0.8314696123025054,185,-0.0392982235512077,-0.9992275264551708,-0.00241,-0.00182,-0.000651,-0.000493,-0.0018,
2023-07-04 22:00:00,2023-07-04,22,-0.5000000000000233,0.8660254037844252,185,-0.0394772800900094,-0.9992204683435456,-0.00233,-0.0017,-0.000724,-0.000535,-0.0018,
2023-07-04 22:15:00,2023-07-04,22,-0.4422886902189852,0.8968727415326962,185,-0.0396563353611543,-0.9992133781458912,-0.00265,-0.0020499999999999,-0.000765,-0.000436,-0.00166,
2023-07-04 22:30:00,2023-07-04,22,-0.382683432365242,0.9238795325112236,185,-0.0398353893588913,-0.9992062558624348,-0.00258,-0.00206,-0.00072,-0.000516,-0.00179,
2023-07-04 22:45:00,2023-07-04,22,-0.3214394653032752,0.946930129495067,185,-0.0400144420774725,-0.9991991014934054,-0.00254,-0.002,-0.000683,-0.000436,-0.0016899999999999,
2023-07-04 23:00:00,2023-07-04,23,-0.2588190451025934,0.9659258262890488,185,-0.0401934935111471,-0.9991919150390326,-0.00218,-0.0016699999999999,-0.000769,-0.000528,-0.00177,
2023-07-04 23:15:00,2023-07-04,23,-0.1950903220161581,0.9807852804032244,185,-0.0403725436541659,-0.9991846964995472,-0.00249,-0.00189,-0.000814,-0.000344,-0.0014399999999999,
2023-07-04 23:30:00,2023-07-04,23,-0.1305261922200373,0.9914448613738124,185,-0.04055159250078,-0.9991774458751812,-0.00309,-0.0025099999999999,-0.000965,-0.000474,-0.00198,
2023-07-04 23:45:00,2023-07-04,23,-0.065403129230084,0.9978589232386074,185,-0.040730640045239,-0.9991701631661672,-0.0025499999999999,-0.0022299999999999,-0.00108,-0.000979,-0.00216,
2023-07-05 00:00:00,2023-07-05,0,1.0390204294116897e-13,1.0,186,-0.0409096862817944,-0.999162848372739,-0.00354,-0.00295,-0.000927,-0.000856,-0.0019399999999999,
2023-07-05 00:15:00,2023-07-05,0,0.0654031292300645,0.9978589232386088,186,-0.0410887312046955,-0.9991555014951318,-0.00202,-0.00135,-0.000893,-0.000784,-0.00215,
2023-07-05 00:30:00,2023-07-05,0,0.1305261922200179,0.9914448613738148,186,-0.0412677748081946,-0.9991481225335812,-0.00206,-0.00126,-0.000607,-0.0006,-0.0020099999999999,
2023-07-05 00:45:00,2023-07-05,0,0.1950903220161389,0.9807852804032284,186,-0.0414468170865413,-0.9991407114883244,-0.00213,-0.00129,-0.000248,-0.000164,-0.0014299999999999,
2023-07-05 01:00:00,2023-07-05,1,0.2588190451023548,0.9659258262891128,186,-0.0416258580339868,-0.9991332683595988,-0.00172,-0.000901,-0.000417,-8.790000000000001e-05,-0.0016799999999999,
2023-07-05 01:15:00,2023-07-05,1,0.3214394653030413,0.9469301294951464,186,-0.0418048976447822,-0.9991257931476444,-0.000624,0.000106,-0.000479,-0.000164,-0.00158,
2023-07-05 01:30:00,2023-07-05,1,0.3826834323650138,0.9238795325113182,186,-0.0419839359131775,-0.9991182858527003,-0.000624,0.000284,-0.000152,0.000237,-0.00111,
2023-07-05 01:45:00,2023-07-05,1,0.4422886902189677,0.8968727415327048,186,-0.0421629728334241,-0.999110746475008,-0.0016899999999999,-0.000716,-8.620000000000001e-05,0.000187,-0.00126,
2023-07-05 02:00:00,2023-07-05,2,0.5000000000000063,0.8660254037844349,186,-0.0423420083997729,-0.9991031750148096,-0.0025099999999999,-0.0013,0.000107,0.000187,-0.00138,
2023-07-05 02:15:00,2023-07-05,2,0.5555702330196456,0.8314696123025163,186,-0.0425210426064754,-0.9990955714723484,-0.00276,-0.00215,-0.00116,-0.000998,-0.00278,
2023-07-05 02:30:00,2023-07-05,2,0.6087614290087975,0.7933533402911762,186,-0.0427000754477816,-0.999087935847868,-0.00285,-0.0024,-0.000882,-0.000914,-0.00218,
2023-07-05 02:45:00,2023-07-05,2,0.6593458151000045,0.7518398074790339,186,-0.0428791069179431,-0.999080268141614,-0.00256,-0.00213,-0.000772,-0.00083,-0.0018,
2023-07-05 03:00:00,2023-07-05,3,0.7071067811865186,0.7071067811865764,186,-0.0430581370112114,-0.9990725683538328,-0.00211,-0.00161,-0.000634,-0.000566,-0.00158,
2023-07-05 03:15:00,2023-07-05,3,0.7518398074789799,0.659345815100066,186,-0.0432371657218368,-0.9990648364847712,-0.00234,-0.00181,-0.00051,-0.000432,-0.00145,
2023-07-05 03:30:00,2023-07-05,3,0.7933533402911264,0.6087614290088624,186,-0.0434161930440709,-0.9990570725346776,-0.0018,-0.00134,-0.000531,-0.000489,-0.0014199999999999,
2023-07-05 03:45:00,2023-07-05,3,0.8314696123024709,0.5555702330197136,186,-0.043595218972165,-0.9990492765038014,-9.93e-05,0.000262,0.00139,0.00137,0.000446,
2023-07-05 04:00:00,2023-07-05,4,0.8660254037843941,0.5000000000000773,186,-0.0437742435003708,-0.999041448392393,0.00508,0.0052699999999999,0.0056,0.00537,0.00474,
2023-07-05 04:15:00,2023-07-05,4,0.8968727415326687,0.4422886902190411,186,-0.0439532666229384,-0.9990335882007036,0.0133,0.0134,0.0135,0.013,0.0127,
2023-07-05 04:30:00,2023-07-05,4,0.9238795325112868,0.3826834323650894,186,-0.0441322883341207,-0.9990256959289856,0.022,0.022,0.0217,0.0207,0.021,
2023-07-05 04:45:00,2023-07-05,4,0.9469301294951202,0.3214394653031188,186,-0.0443113086281685,-0.9990177715774926,0.0297,0.0296,0.0293,0.0278,0.0282,
2023-07-05 05:00:00,2023-07-05,5,0.9659258262890916,0.2588190451024338,186,-0.0444903274993327,-0.999009815146479,0.0382,0.0643,0.0375,0.0365,0.0376,
2023-07-05 05:15:00,2023-07-05,5,0.9807852804032124,0.1950903220162191,186,-0.0446693449418653,-0.9990018266362002,0.0439,0.161,0.0522,0.0482999999999999,0.0451,
2023-07-05 05:30:00,2023-07-05,5,0.9914448613738042,0.130526192220099,186,-0.0448483609500178,-0.9989938060469128,0.0486,0.205,0.066,0.0533,0.05,
2023-07-05 05:45:00,2023-07-05,5,0.9978589232386031,0.0654031292301461,186,-0.0450273755180423,-0.9989857533788744,0.0512,0.254,0.106,0.0566,0.13,
2023-07-05 06:00:00,2023-07-05,6,1.0,1.8570535422102922e-13,186,-0.0452063886401891,-0.9989776686323436,0.053,0.305,0.15,0.0593,0.179,
2023-07-05 06:15:00,2023-07-05,6,0.9978589232386128,-0.0654031292300024,186,-0.0453854003107117,-0.9989695518075796,0.0561,0.355,0.2,0.0815999999999999,0.235,
2023-07-05 06:30:00,2023-07-05,6,0.9914448613738228,-0.1305261922199562,186,-0.0455644105238609,-0.9989614029048436,0.0552999999999999,0.402,0.253,0.129,0.29,
2023-07-05 06:45:00,2023-07-05,6,0.9807852804032404,-0.1950903220160778,186,-0.0457434192738882,-0.9989532219243968,0.0576,0.451,0.309,0.177,0.344,
2023-07-05 07:00:00,2023-07-05,7,0.96592582628907,-0.2588190451025144,186,-0.0459224265550457,-0.9989450088665024,0.0597,0.5,0.365,0.229,0.401,
2023-07-05 07:15:00,2023-07-05,7,0.9469301294950934,-0.3214394653031977,186,-0.0461014323615853,-0.9989367637314236,0.0616,0.547,0.42,0.282,0.458,
2023-07-05 07:30:00,2023-07-05,7,0.923879532511255,-0.3826834323651664,186,-0.0462804366877595,-0.9989284865194256,0.062,0.589,0.474,0.333,0.512,
2023-07-05 07:45:00,2023-07-05,7,0.8968727415327323,-0.4422886902189119,186,-0.0464594395278189,-0.998920177230774,0.0642,0.632,0.526,0.385,0.565,
2023-07-05 08:00:00,2023-07-05,8,0.8660254037844661,-0.4999999999999525,186,-0.0466384408760173,-0.9989118358657356,0.0659,0.672,0.576,0.432,0.615,
2023-07-05 08:15:00,2023-07-05,8,0.8314696123025509,-0.5555702330195939,186,-0.0468174407266058,-0.9989034624245782,0.0672,0.711,0.627,0.482,0.664,
2023-07-05 08:30:00,2023-07-05,8,0.7933533402913525,-0.6087614290085678,186,-0.0469964390738358,-0.9988950569075709,0.0706,0.748,0.673,0.528,0.71,
2023-07-05 08:45:00,2023-07-05,8,0.751839807479075,-0.6593458150999577,186,-0.0471754359119611,-0.9988866193149832,0.072,0.788,0.72,0.574,0.758,
2023-07-05 09:00:00,2023-07-05,9,0.7071067811866204,-0.7071067811864746,186,-0.0473544312352327,-0.9988781496470868,0.0736,0.819,0.76,0.614,0.797,
2023-07-05 09:15:00,2023-07-05,9,0.6593458151001127,-0.751839807478939,186,-0.0475334250379037,-0.9988696479041528,0.0731,0.847,0.8,0.652,0.835,
2023-07-05 09:30:00,2023-07-05,9,0.6087614290087314,-0.793353340291227,186,-0.0477124173142255,-0.9988611140864544,0.0773,0.877,0.838,0.692,0.875,
2023-07-05 09:45:00,2023-07-05,9,0.5555702330195763,-0.8314696123025626,186,-0.047891408058451,-0.9988525481942664,0.0835,0.89,0.857,0.718,0.898,
2023-07-05 10:00:00,2023-07-05,10,0.4999999999999342,-0.8660254037844767,186,-0.048070397264833,-0.9988439502278628,0.106,0.93,0.884,0.768,0.946,
2023-07-05 10:15:00,2023-07-05,10,0.4422886902190969,-0.8968727415326412,186,-0.0482493849276227,-0.9988353201875202,0.103,0.904,0.837,0.757,0.928,
2023-07-05 10:30:00,2023-07-05,10,0.3826834323651469,-0.9238795325112632,186,-0.0484283710410743,-0.9988266580735158,0.0805999999999999,0.95,0.858,0.801,0.974,
2023-07-05 10:45:00,2023-07-05,10,0.3214394653031777,-0.9469301294951,186,-0.0486073555994391,-0.9988179638861276,0.0822,0.96,0.864,0.817,0.989,
2023-07-05 11:00:00,2023-07-05,11,0.258819045102494,-0.9659258262890754,186,-0.0487863385969705,-0.9988092376256348,0.096,0.972,0.882,0.833,1.0,
2023-07-05 11:15:00,2023-07-05,11,0.1950903220162801,-0.9807852804032002,186,-0.0489653200279205,-0.9988004792923176,0.124,0.921,0.85,0.791,0.948,
2023-07-05 11:30:00,2023-07-05,11,0.1305261922201607,-0.991444861373796,186,-0.049144299886542,-0.9987916888864572,0.0998,0.966,0.917,0.836,0.998,
2023-07-05 11:45:00,2023-07-05,11,0.0654031292302082,-0.9978589232385991,186,-0.0493232781670884,-0.998782866408336,0.0872,0.968,0.939,0.838,0.995,
2023-07-05 12:00:00,2023-07-05,12,2.0565400496763297e-14,-1.0,186,-0.0495022548638111,-0.9987740118582372,0.0887,0.961,0.94,0.832,0.985,
2023-07-05 12:15:00,2023-07-05,12,-0.0654031292301672,-0.997858923238602,186,-0.0496812299709647,-0.9987651252364452,0.101,0.942,0.917,0.811,0.963,
2023-07-05 12:30:00,2023-07-05,12,-0.13052619222012,-0.9914448613738014,186,-0.0498602034828009,-0.9987562065432452,0.103,0.943,0.91,0.808,0.958,
2023-07-05 12:45:00,2023-07-05,12,-0.1950903220160168,-0.9807852804032526,186,-0.0500391753935731,-0.998747255778924,0.0987,0.927,0.892,0.793,0.939,
2023-07-05 13:00:00,2023-07-05,13,-0.2588190451024543,-0.965925826289086,186,-0.0502181456975347,-0.9987382729437684,0.106,0.922,0.872,0.776,0.922,
2023-07-05 13:15:00,2023-07-05,13,-0.3214394653031388,-0.9469301294951132,186,-0.0503971143889379,-0.9987292580380672,0.0928,0.893,0.845,0.755,0.895,
2023-07-05 13:30:00,2023-07-05,13,-0.3826834323651089,-0.9238795325112787,186,-0.0505760814620368,-0.99872021106211,0.087,0.868,0.817,0.732,0.865,
2023-07-05 13:45:00,2023-07-05,13,-0.4422886902188561,-0.8968727415327599,186,-0.0507550469110831,-0.998711132016187,0.0813,0.837,0.774,0.695,0.823,
2023-07-05 14:00:00,2023-07-05,14,-0.4999999999998986,-0.8660254037844972,186,-0.0509340107303319,-0.99870202090059,0.08,0.811,0.736,0.662,0.784,
2023-07-05 14:15:00,2023-07-05,14,-0.5555702330195421,-0.8314696123025854,186,-0.0511129729140351,-0.9986928777156114,0.0841,0.78,0.693,0.625,0.743,
2023-07-05 14:30:00,2023-07-05,14,-0.6087614290086988,-0.7933533402912519,186,-0.0512919334564465,-0.9986837024615448,0.0859,0.744,0.647,0.585,0.698,
2023-07-05 14:45:00,2023-07-05,14,-0.6593458151000818,-0.7518398074789661,186,-0.05147089235182,-0.998674495138685,0.0878,0.704,0.596,0.539,0.649,
2023-07-05 15:00:00,2023-07-05,15,-0.7071067811865913,-0.7071067811865037,186,-0.051649849594408,-0.9986652557473276,0.087,0.662,0.544,0.491,0.597,
2023-07-05 15:15:00,2023-07-05,15,-0.7518398074788979,-0.6593458151001595,186,-0.0518288051784646,-0.998655984287769,0.0868,0.621,0.491,0.443,0.545,
2023-07-05 15:30:00,2023-07-05,15,-0.793353340291189,-0.6087614290087808,186,-0.0520077590982433,-0.9986466807603072,0.0861,0.576,0.434,0.392,0.492,
2023-07-05 15:45:00,2023-07-05,15,-0.831469612302528,-0.555570233019628,186,-0.0521867113479981,-0.998637345165241,0.0856,0.531,0.378,0.341,0.435,
2023-07-05 16:00:00,2023-07-05,16,-0.8660254037844455,-0.4999999999999881,186,-0.0523656619219817,-0.99862797750287,0.0829,0.482,0.321,0.288,0.378,
2023-07-05 16:15:00,2023-07-05,16,-0.8968727415326136,-0.4422886902191527,186,-0.0525446108144484,-0.9986185777734952,0.081,0.434,0.266,0.236,0.323,
2023-07-05 16:30:00,2023-07-05,16,-0.9238795325112392,-0.3826834323652044,186,-0.0527235580196523,-0.998609145977418,0.077,0.385,0.213,0.187,0.267,
2023-07-05 16:45:00,2023-07-05,16,-0.9469301294950802,-0.3214394653032367,186,-0.0529025035318464,-0.998599682114942,0.0724,0.333,0.163,0.142,0.212,
2023-07-05 17:00:00,2023-07-05,17,-0.9659258262890592,-0.2588190451025541,186,-0.053081447345285,-0.9985901861863704,0.0706,0.28,0.117,0.0987,0.159,
2023-07-05 17:15:00,2023-07-05,17,-0.9807852804032324,-0.1950903220161182,186,-0.053260389454222,-0.9985806581920084,0.0635,0.232,0.0782,0.0644,0.119,
2023-07-05 17:30:00,2023-07-05,17,-0.9914448613738176,-0.130526192219997,186,-0.0534393298529118,-0.998571098132162,0.0566,0.187,0.0647,0.0565,0.0777,
2023-07-05 17:45:00,2023-07-05,17,-0.99785892323861,-0.0654031292300434,186,-0.0536182685356076,-0.998561506007138,0.0491,0.142,0.0518,0.047,0.0531,
2023-07-05 18:00:00,2023-07-05,18,-1.0,-8.279912221572944e-14,186,-0.0537972054965639,-0.9985518818172446,0.0415,0.102,0.0409,0.0382999999999999,0.0416,
2023-07-05 18:15:00,2023-07-05,18,-0.997858923238606,0.0654031292301051,186,-0.0539761407300353,-0.9985422255627908,0.0321,0.0319,0.0278,0.0266999999999999,0.0264,
2023-07-05 18:30:00,2023-07-05,18,-0.9914448613738096,0.1305261922200583,186,-0.0541550742302751,-0.9985325372440867,0.0198,0.0198,0.019,0.0175,0.018,
2023-07-05 18:45:00,2023-07-05,18,-0.9807852804032648,0.1950903220159558,186,-0.054334005991538,-0.9985228168614432,0.0115,0.0116999999999999,0.00984,0.0094,0.00902,
2023-07-05 19:00:00,2023-07-05,19,-0.9659258262891022,0.2588190451023942,186,-0.0545129360080783,-0.9985130644151728,0.00139,0.0016,0.00248,0.00231,0.00175,
2023-07-05 19:15:00,2023-07-05,19,-0.9469301294951334,0.3214394653030799,186,-0.0546918642741509,-0.9985032799055884,-0.0027,-0.0022299999999999,-0.00124,-0.00117,-0.0022299999999999,
2023-07-05 19:30:00,2023-07-05,19,-0.9238795325113026,0.3826834323650514,186,-0.0548707907840087,-0.9984934633330044,-0.0025499999999999,-0.00186,-0.000751,-0.000489,-0.00149,
2023-07-05 19:45:00,2023-07-05,19,-0.8968727415326868,0.4422886902190042,186,-0.0550497155319082,-0.9984836146977356,-0.0035299999999999,-0.00295,-0.00128,-0.00129,-0.00221,
2023-07-05 20:00:00,2023-07-05,20,-0.8660254037844146,0.5000000000000416,186,-0.0552286385121029,-0.9984737340000984,-0.0025499999999999,-0.0019,-0.00041,-0.00031,-0.0012,
2023-07-05 20:15:00,2023-07-05,20,-0.8314696123024937,0.5555702330196794,186,-0.0554075597188469,-0.9984638212404104,-0.00325,-0.00276,-0.00111,-0.001,-0.00257,
2023-07-05 20:30:00,2023-07-05,20,-0.7933533402912898,0.6087614290086494,186,-0.0555864791463954,-0.9984538764189896,-0.00293,-0.00246,-0.00101,-0.00107,-0.00231,
2023-07-05 20:45:00,2023-07-05,20,-0.751839807479007,0.659345815100035,186,-0.0557653967890031,-0.9984438995361558,-0.00299,-0.00254,-0.000986,-0.000998,-0.0021,
2023-07-05 21:00:00,2023-07-05,21,-0.7071067811865477,0.7071067811865474,186,-0.0559443126409252,-0.9984338905922286,-0.00254,-0.002,-0.000786,-0.000734,-0.0019299999999999,
2023-07-05 21:15:00,2023-07-05,21,-0.6593458151002063,0.7518398074788568,186,-0.0561232266964151,-0.99842384958753,-0.00279,-0.00212,-0.000596,-0.000638,-0.00176,
2023-07-05 21:30:00,2023-07-05,21,-0.6087614290088301,0.7933533402911511,186,-0.0563021389497296,-0.9984137765223822,-0.00254,-0.00181,-0.000614,-0.000531,-0.00184,
2023-07-05 21:45:00,2023-07-05,21,-0.5555702330196798,0.8314696123024934,186,-0.0564810493951227,-0.9984036713971086,-0.00254,-0.00182,-0.000321,-0.000294,-0.00174,
2023-07-05 22:00:00,2023-07-05,22,-0.500000000000042,0.8660254037844144,186,-0.0566599580268489,-0.998393534212034,-0.0025499999999999,-0.00176,-0.000638,-0.000333,-0.0019199999999999,
2023-07-05 22:15:00,2023-07-05,22,-0.4422886902190046,0.8968727415326867,186,-0.0568388648391637,-0.9983833649674836,-0.00227,-0.00148,-0.000231,7.65e-05,-0.00139,
2023-07-05 22:30:00,2023-07-05,22,-0.3826834323650518,0.9238795325113024,186,-0.0570177698263223,-0.9983731636637838,-0.00246,-0.00157,-0.000265,-0.000176,-0.0016699999999999,
2023-07-05 22:45:00,2023-07-05,22,-0.3214394653030803,0.9469301294951332,186,-0.0571966729825802,-0.9983629303012628,-0.00233,-0.00132,-0.000265,-0.000161,-0.00179,
2023-07-05 23:00:00,2023-07-05,23,-0.2588190451026142,0.9659258262890432,186,-0.0573755743021914,-0.9983526648802484,-0.0020499999999999,-0.00112,0.000155,0.000302,-0.00133,
2023-07-05 23:15:00,2023-07-05,23,-0.1950903220161792,0.9807852804032204,186,-0.0575544737794129,-0.998342367401071,-0.00131,-0.000496,0.000259,0.000944,-0.000231,
2023-07-05 23:30:00,2023-07-05,23,-0.1305261922200587,0.9914448613738096,186,-0.0577333714084991,-0.9983320378640608,-0.00214,-0.00123,-0.000445,0.000222,-0.00122,
2023-07-05 23:45:00,2023-07-05,23,-0.0654031292303324,0.997858923238591,186,-0.0579122671837047,-0.9983216762695496,-0.00197,-0.000965,-6.2e-05,0.000497,-0.000771,
2023-07-06 00:00:00,2023-07-06,0,-1.4503284393469558e-13,1.0,187,-0.0580911610992868,-0.99831128261787,-0.0023,-0.00141,-0.00041,5.73e-05,-0.00135,
2023-07-06 00:15:00,2023-07-06,0,0.065403129230043,0.99785892323861,187,-0.0582700531494997,-0.998300856909356,-0.00283,-0.00221,-0.0013,-0.00112,-0.00281,
2023-07-06 00:30:00,2023-07-06,0,0.1305261922199966,0.9914448613738176,187,-0.0584489433285998,-0.9982903991443424,-0.00321,-0.00274,-0.0016699999999999,-0.00155,-0.00293,
2023-07-06 00:45:00,2023-07-06,0,0.1950903220161177,0.9807852804032324,187,-0.0586278316308414,-0.9982799093231646,-0.00247,-0.00217,-0.00112,-0.00117,-0.00215,
2023-07-06 01:00:00,2023-07-06,1,0.2588190451025536,0.9659258262890594,187,-0.058806718050482,-0.9982693874461598,-0.0030299999999999,-0.0025,-0.00123,-0.00128,-0.0025,
2023-07-06 01:15:00,2023-07-06,1,0.3214394653032362,0.9469301294950804,187,-0.0589856025817765,-0.9982588335136658,-0.00241,-0.0019299999999999,-0.000651,-0.000772,-0.0016899999999999,
2023-07-06 01:30:00,2023-07-06,1,0.3826834323649939,0.9238795325113264,187,-0.0591644852189798,-0.9982482475260216,-0.0019199999999999,-0.00139,-0.00091,-0.000692,-0.00177,
2023-07-06 01:45:00,2023-07-06,1,0.4422886902189484,0.8968727415327143,187,-0.0593433659563496,-0.9982376294835668,-0.00246,-0.00173,-0.00071,-0.0006,-0.00185,
2023-07-06 02:00:00,2023-07-06,2,0.4999999999999877,0.8660254037844457,187,-0.0595222447881405,-0.9982269793866426,-0.0023,-0.00138,-0.000569,-0.00042,-0.00187,
2023-07-06 02:15:00,2023-07-06,2,0.5555702330194386,0.8314696123026546,187,-0.059701121708609,-0.998216297235591,-0.0016699999999999,-0.000773,-5.52e-05,0.000115,-0.00099,
2023-07-06 02:30:00,2023-07-06,2,0.6087614290086001,0.7933533402913278,187,-0.0598799967120111,-0.998205583030755,-0.00212,-0.00134,-0.000321,-8.790000000000001e-05,-0.0014399999999999,
2023-07-06 02:45:00,2023-07-06,2,0.6593458150999882,0.7518398074790481,187,-0.0600588697926035,-0.9981948367724786,-0.0015,-0.00134,-0.000521,-0.000268,-0.000878,
2023-07-06 03:00:00,2023-07-06,3,0.7071067811865034,0.7071067811865916,187,-0.0602377409446418,-0.9981840584611068,-0.00274,-0.00247,-0.000982,-0.000998,-0.00191,
2023-07-06 03:15:00,2023-07-06,3,0.7518398074789657,0.6593458151000822,187,-0.0604166101623814,-0.9981732480969858,-0.000893,-0.000702,-0.000796,-0.00068,-0.00177,
2023-07-06 03:30:00,2023-07-06,3,0.7933533402912517,0.6087614290086991,187,-0.0605954774400805,-0.9981624056804628,-0.00138,-0.000904,-0.000562,-0.00039,-0.0016,
2023-07-06 03:45:00,2023-07-06,3,0.8314696123025852,0.5555702330195424,187,-0.060774342771994,-0.9981515312118858,-0.00216,-0.0015,0.000745,0.000627,-0.000454,
2023-07-06 04:00:00,2023-07-06,4,0.8660254037843833,0.5000000000000959,187,-0.060953206152379,-0.998140624691604,0.00448,0.00481,0.00468,0.00462,0.0036,
2023-07-06 04:15:00,2023-07-06,4,0.8968727415326592,0.4422886902190604,187,-0.0611320675754918,-0.998129686119968,0.0183,0.0182,0.0134,0.0123,0.0130999999999999,
2023-07-06 04:30:00,2023-07-06,4,0.9238795325112786,0.3826834323651093,187,-0.0613109270355895,-0.9981187154973284,0.018,0.0179,0.0177,0.0162,0.0173,
2023-07-06 04:45:00,2023-07-06,4,0.9469301294951132,0.3214394653031392,187,-0.0614897845269282,-0.9981077128240378,0.0506,0.0502,0.0453,0.0402,0.0467,
2023-07-06 05:00:00,2023-07-06,5,0.9659258262890272,0.2588190451026743,187,-0.0616686400437639,-0.9980966781004496,0.052,0.0523999999999999,0.0405,0.0358,0.0421,
2023-07-06 05:15:00,2023-07-06,5,0.980785280403208,0.1950903220162403,187,-0.061847493580355,-0.9980856113269182,0.0472999999999999,0.0472999999999999,0.0405,0.0368,0.0407999999999999,
2023-07-06 05:30:00,2023-07-06,5,0.9914448613738014,0.1305261922201204,187,-0.062026345130957,-0.9980745125037986,0.103,0.155,0.0804,0.0663,0.0792,
2023-07-06 05:45:00,2023-07-06,5,0.997858923238602,0.0654031292301676,187,-0.0622051946898272,-0.9980633816314476,0.115,0.26,0.138,0.0948,0.156,
2023-07-06 06:00:00,2023-07-06,6,1.0,-2.010710978957036e-14,187,-0.0623840422512227,-0.9980522187102224,0.161,0.274,0.169,0.106,0.19,
2023-07-06 06:15:00,2023-07-06,6,0.9978589232385991,-0.0654031292302078,187,-0.0625628878094008,-0.9980410237404816,0.173,0.363,0.233,0.134,0.262,
2023-07-06 06:30:00,2023-07-06,6,0.9914448613738258,-0.1305261922199349,187,-0.0627417313586177,-0.9980297967225844,0.206,0.461,0.317,0.198,0.353,
2023-07-06 06:45:00,2023-07-06,6,0.9807852804032446,-0.1950903220160567,187,-0.0629205728931311,-0.9980185376568916,0.156,0.469,0.333,0.21,0.367,
2023-07-06 07:00:00,2023-07-06,7,0.9659258262890756,-0.2588190451024935,187,-0.0630994124071986,-0.9980072465437644,0.146,0.514,0.394,0.265,0.429,
2023-07-06 07:15:00,2023-07-06,7,0.9469301294951004,-0.3214394653031773,187,-0.0632782498950765,-0.9979959233835658,0.108,0.523,0.41,0.282,0.444,
2023-07-06 07:30:00,2023-07-06,7,0.9238795325113502,-0.3826834323649364,187,-0.0634570853510227,-0.9979845681766591,0.193,0.633,0.492,0.353,0.537,
2023-07-06 07:45:00,2023-07-06,7,0.8968727415327419,-0.4422886902188925,187,-0.0636359187692946,-0.9979731809234093,0.208,0.251,0.233,0.19,0.242,
2023-07-06 08:00:00,2023-07-06,8,0.8660254037844769,-0.4999999999999338,187,-0.06381475014415,-0.9979617616241816,0.114,0.654,0.572,0.436,0.607,
2023-07-06 08:15:00,2023-07-06,8,0.8314696123025628,-0.5555702330195759,187,-0.0639935794698457,-0.9979503102793428,0.122,0.692,0.619,0.48,0.654,
2023-07-06 08:30:00,2023-07-06,8,0.7933533402912272,-0.6087614290087311,187,-0.0641724067406396,-0.9979388268892608,0.125,0.71,0.645,0.508,0.679,
2023-07-06 08:45:00,2023-07-06,8,0.7518398074789392,-0.6593458151001124,187,-0.0643512319507899,-0.997927311454304,0.173,0.801,0.739,0.595,0.773,
2023-07-06 09:00:00,2023-07-06,9,0.707106781186475,-0.7071067811866202,187,-0.0645300550945534,-0.9979157639748428,0.193,0.821,0.779,0.638,0.809,
2023-07-06 09:15:00,2023-07-06,9,0.6593458151001289,-0.7518398074789246,187,-0.0647088761661884,-0.9979041844512472,0.158,0.847,0.82,0.677,0.85,
2023-07-06 09:30:00,2023-07-06,9,0.6087614290087485,-0.7933533402912137,187,-0.0648876951599527,-0.9978925728838896,0.224,0.837,0.835,0.704,0.868,
2023-07-06 09:45:00,2023-07-06,9,0.5555702330195942,-0.8314696123025506,187,-0.0650665120701047,-0.9978809292731428,0.132,0.874,0.85,0.712,0.881,
2023-07-06 10:00:00,2023-07-06,10,0.5000000000001498,-0.8660254037843521,187,-0.0652453268909015,-0.9978692536193804,0.129,0.893,0.854,0.738,0.907,
2023-07-06 10:15:00,2023-07-06,10,0.4422886902191162,-0.8968727415326316,187,-0.0654241396166017,-0.9978575459229776,0.132,0.912,0.848,0.762,0.93,
2023-07-06 10:30:00,2023-07-06,10,0.3826834323651668,-0.9238795325112548,187,-0.0656029502414637,-0.9978458061843104,0.132,0.926,0.847,0.783,0.948,
2023-07-06 10:45:00,2023-07-06,10,0.3214394653031981,-0.9469301294950933,187,-0.0657817587597446,-0.9978340344037552,0.13,0.94,0.857,0.803,0.967,
2023-07-06 11:00:00,2023-07-06,11,0.2588190451025148,-0.96592582628907,187,-0.0659605651657042,-0.9978222305816908,0.131,0.948,0.87,0.815,0.977,
2023-07-06 11:15:00,2023-07-06,11,0.1950903220160783,-0.9807852804032404,187,-0.0661393694535997,-0.9978103947184958,0.129,0.949,0.886,0.822,0.981,
2023-07-06 11:30:00,2023-07-06,11,0.1305261922199567,-0.9914448613738228,187,-0.0663181716176903,-0.9977985268145502,0.133,0.951,0.91,0.827,0.98,
2023-07-06 11:45:00,2023-07-06,11,0.0654031292302297,-0.9978589232385978,187,-0.0664969716522335,-0.9977866268702352,0.132,0.95,0.929,0.829,0.979,
2023-07-06 12:00:00,2023-07-06,12,4.212661192939577e-14,-1.0,187,-0.0666757695514885,-0.9977746948859332,0.135,0.946,0.931,0.823,0.971,
2023-07-06 12:15:00,2023-07-06,12,-0.0654031292301457,-0.9978589232386034,187,-0.0668545653097142,-0.9977627308620268,0.143,0.947,0.924,0.818,0.964,
2023-07-06 12:30:00,2023-07-06,12,-0.1305261922198732,-0.991444861373834,187,-0.067033358921168,-0.9977507347989004,0.143,0.929,0.914,0.813,0.955,
2023-07-06 12:45:00,2023-07-06,12,-0.1950903220159957,-0.9807852804032569,187,-0.0672121503801104,-0.9977387066969394,0.172,0.858,0.841,0.751,0.875,
2023-07-06 13:00:00,2023-07-06,13,-0.2588190451024335,-0.9659258262890916,187,-0.0673909396807989,-0.99772664655653,0.234,0.923,0.89,0.797,0.935,
2023-07-06 13:15:00,2023-07-06,13,-0.3214394653031184,-0.9469301294951205,187,-0.0675697268174928,-0.9977145543780592,0.318,0.831,0.825,0.746,0.863,
2023-07-06 13:30:00,2023-07-06,13,-0.382683432365089,-0.9238795325112872,187,-0.0677485117844516,-0.9977024301619156,0.14,0.862,0.821,0.737,0.864,
2023-07-06 13:45:00,2023-07-06,13,-0.4422886902190406,-0.8968727415326688,187,-0.0679272945759333,-0.9976902739084884,0.122,0.822,0.763,0.686,0.808,
2023-07-06 14:00:00,2023-07-06,14,-0.5000000000000768,-0.8660254037843943,187,-0.0681060751861979,-0.9976780856181676,0.124,0.79,0.72,0.65,0.766,
2023-07-06 14:15:00,2023-07-06,14,-0.5555702330195241,-0.8314696123025974,187,-0.0682848536095034,-0.9976658652913452,0.118,0.757,0.679,0.614,0.726,
2023-07-06 14:30:00,2023-07-06,14,-0.6087614290086817,-0.793353340291265,187,-0.0684636298401106,-0.9976536129284131,0.12,0.721,0.631,0.572,0.679,
2023-07-06 14:45:00,2023-07-06,14,-0.6593458151000656,-0.7518398074789803,187,-0.0686424038722775,-0.9976413285297652,0.119,0.683,0.582,0.528,0.633,
2023-07-06 15:00:00,2023-07-06,15,-0.7071067811864153,-0.7071067811866797,187,-0.0688211757002641,-0.9976290120957958,0.116,0.644,0.531,0.482,0.584,
2023-07-06 15:15:00,2023-07-06,15,-0.7518398074788837,-0.6593458151001758,187,-0.0689999453183301,-0.9976166636269,0.114,0.603,0.48,0.434,0.534,
2023-07-06 15:30:00,2023-07-06,15,-0.7933533402911759,-0.6087614290087979,187,-0.0691787127207342,-0.9976042831234748,0.111,0.56,0.426,0.385,0.481,
2023-07-06 15:45:00,2023-07-06,15,-0.831469612302516,-0.5555702330196459,187,-0.0693574779017369,-0.9975918705859176,0.111,0.512,0.368,0.333,0.423,
2023-07-06 16:00:00,2023-07-06,16,-0.8660254037844347,-0.5000000000000068,187,-0.0695362408555965,-0.9975794260146268,0.113,0.428,0.29,0.262,0.339,
2023-07-06 16:15:00,2023-07-06,16,-0.8968727415327047,-0.4422886902189681,187,-0.0697150015765745,-0.9975669494100023,0.151,0.407,0.246,0.217,0.296,
2023-07-06 16:30:00,2023-07-06,16,-0.923879532511318,-0.3826834323650143,187,-0.0698937600589294,-0.9975544407724448,0.0949,0.376,0.213,0.189,0.265,
2023-07-06 16:45:00,2023-07-06,16,-0.9469301294950732,-0.3214394653032571,187,-0.0700725162969215,-0.9975419001023554,0.0872,0.326,0.164,0.145,0.212,
2023-07-06 17:00:00,2023-07-06,17,-0.9659258262890538,-0.2588190451025749,187,-0.0702512702848112,-0.9975293274001372,0.0912999999999999,0.224,0.11,0.0949,0.139,
2023-07-06 17:15:00,2023-07-06,17,-0.9807852804032282,-0.1950903220161393,187,-0.0704300220168577,-0.9975167226661942,0.0992,0.194,0.08,0.0684,0.108,
2023-07-06 17:30:00,2023-07-06,17,-0.9914448613737852,-0.1305261922202438,187,-0.0706087714873214,-0.9975040859009306,0.0783,0.194,0.0709,0.0621,0.0852,
2023-07-06 17:45:00,2023-07-06,17,-0.9978589232385936,-0.0654031292302918,187,-0.0707875186904625,-0.9974914171047524,0.057,0.141,0.0538999999999999,0.0495,0.0567999999999999,
2023-07-06 18:00:00,2023-07-06,18,-1.0,-1.043603336483619e-13,187,-0.0709662636205417,-0.9974787162780666,0.0431,0.0937,0.04,0.0385,0.0424,
2023-07-06 18:15:00,2023-07-06,18,-0.9978589232386074,0.0654031292300836,187,-0.0711450062718185,-0.9974659834212808,0.0315,0.0319,0.0271,0.0266999999999999,0.0273999999999999,
2023-07-06 18:30:00,2023-07-06,18,-0.9914448613738124,0.1305261922200369,187,-0.0713237466385536,-0.997453218534804,0.0132,0.0136,0.0135,0.013,0.0126,
2023-07-06 18:45:00,2023-07-06,18,-0.9807852804032248,0.1950903220161576,187,-0.071502484715008,-0.997440421619046,0.003,0.00331,0.00437,0.00383,0.00292,
2023-07-06 19:00:00,2023-07-06,19,-0.965925826289049,0.2588190451025929,187,-0.0716812204954413,-0.9974275926744176,-0.00106,-0.000819,0.000369,0.000241,-0.000831,
2023-07-06 19:15:00,2023-07-06,19,-0.9469301294951404,0.3214394653030594,187,-0.0718599539741146,-0.997414731701331,-0.00293,-0.0026,-0.00133,-0.00147,-0.00257,
2023-07-06 19:30:00,2023-07-06,19,-0.9238795325113108,0.3826834323650315,187,-0.0720386851452885,-0.997401838700199,-0.00342,-0.00308,-0.00163,-0.0015,-0.00264,
2023-07-06 19:45:00,2023-07-06,19,-0.8968727415326964,0.4422886902189848,187,-0.0722174140032242,-0.997388913671436,-0.00346,-0.00312,-0.00155,-0.00161,-0.00257,
2023-07-06 20:00:00,2023-07-06,20,-0.8660254037844254,0.500000000000023,187,-0.0723961405421817,-0.9973759566154564,-0.00315,-0.00283,-0.0012,-0.0013,-0.00241,
2023-07-06 20:15:00,2023-07-06,20,-0.8314696123026319,0.5555702330194724,187,-0.0725748647564223,-0.9973629675326766,-0.0028799999999999,-0.00249,-0.00111,-0.000998,-0.00221,
2023-07-06 20:30:00,2023-07-06,20,-0.793353340291303,0.6087614290086323,187,-0.0727535866402074,-0.9973499464235138,-0.00263,-0.00202,-0.000724,-0.000768,-0.00198,
2023-07-06 20:45:00,2023-07-06,20,-0.7518398074790212,0.6593458151000188,187,-0.0729323061877973,-0.997336893288386,-0.00268,-0.00215,-0.000751,-0.000745,-0.00206,
2023-07-06 21:00:00,2023-07-06,21,-0.7071067811865629,0.7071067811865321,187,-0.0731110233934534,-0.9973238081277124,-0.0022,-0.00153,-0.000321,-0.000176,-0.00164,
2023-07-06 21:15:00,2023-07-06,21,-0.6593458151000516,0.7518398074789926,187,-0.0732897382514369,-0.9973106909419128,-0.00246,-0.00198,-0.000776,-0.000761,-0.00196,
2023-07-06 21:30:00,2023-07-06,21,-0.6087614290086669,0.7933533402912765,187,-0.0734684507560097,-0.9972975417314092,-0.00246,-0.0019299999999999,-0.000614,-0.000573,-0.00176,
2023-07-06 21:45:00,2023-07-06,21,-0.5555702330196977,0.8314696123024814,187,-0.0736471609014321,-0.9972843604966232,-0.00182,-0.00146,-0.000307,0.000191,-0.00072,
2023-07-06 22:00:00,2023-07-06,22,-0.5000000000000606,0.8660254037844036,187,-0.073825868681966,-0.9972711472379782,-0.00325,-0.00287,-0.000641,-0.000378,-0.00147,
2023-07-06 22:15:00,2023-07-06,22,-0.4422886902190239,0.8968727415326772,187,-0.0740045740918734,-0.9972579019558984,-0.0019299999999999,-0.00166,-0.000576,-0.000707,-9.85e-05,
2023-07-06 22:30:00,2023-07-06,22,-0.3826834323650717,0.9238795325112942,187,-0.0741832771254149,-0.9972446246508094,-0.00326,-0.00295,-0.00121,-0.00159,-0.0016,
2023-07-06 22:45:00,2023-07-06,22,-0.321439465303316,0.9469301294950532,187,-0.0743619777768527,-0.9972313153231376,-0.0028599999999999,-0.00227,-0.00163,-0.00145,-0.00268,
2023-07-06 23:00:00,2023-07-06,23,-0.258819045102635,0.9659258262890376,187,-0.0745406760404485,-0.99721797397331,-0.00158,-0.00103,-0.00107,-0.000505,-0.00159,
2023-07-06 23:15:00,2023-07-06,23,-0.1950903220162004,0.980785280403216,187,-0.0747193719104646,-0.997204600601755,-0.00196,-0.00128,-0.00092,-0.000688,-0.00221,
2023-07-06 23:30:00,2023-07-06,23,-0.1305261922200801,0.9914448613738066,187,-0.0748980653811619,-0.9971911952089024,-0.00275,-0.00207,-0.000879,-0.000852,-0.0023599999999999,
2023-07-06 23:45:00,2023-07-06,23,-0.0654031292301271,0.9978589232386046,187,-0.0750767564468028,-0.9971777577951824,-0.00254,-0.00154,-0.000631,-0.000367,-0.0022,
2023-07-07 00:00:00,2023-07-07,0,6.077962007590402e-14,1.0,188,-0.0752554451016499,-0.9971642883610266,-0.00242,-0.00145,-0.000448,-0.00039,-0.00199,
2023-07-07 00:15:00,2023-07-07,0,0.0654031292302484,0.9978589232385966,188,-0.0754341313399643,-0.9971507869068674,-0.00261,-0.00171,-0.00039,-0.000336,-0.00178,
2023-07-07 00:30:00,2023-07-07,0,0.1305261922199752,0.9914448613738204,188,-0.0756128151560088,-0.9971372534331384,-0.0019299999999999,-0.00136,-0.000434,-0.000348,-0.00178,
2023-07-07 00:45:00,2023-07-07,0,0.1950903220160966,0.9807852804032368,188,-0.0757914965440455,-0.9971236879402744,-0.00195,-0.00111,0.000248,0.000268,-0.000797,
2023-07-07 01:00:00,2023-07-07,1,0.2588190451025328,0.9659258262890652,188,-0.0759701754983373,-0.9971100904287108,-0.00227,-0.00154,-0.000172,9.94e-05,-0.0016699999999999,
2023-07-07 01:15:00,2023-07-07,1,0.3214394653030005,0.9469301294951604,188,-0.0761488520131457,-0.9970964608988842,-0.00272,-0.00215,-0.000817,-0.000547,-0.00177,
2023-07-07 01:30:00,2023-07-07,1,0.382683432364974,0.9238795325113348,188,-0.0763275260827337,-0.9970827993512322,-0.00151,-0.0012,-0.000417,-0.000149,-0.00129,
2023-07-07 01:45:00,2023-07-07,1,0.4422886902189291,0.8968727415327239,188,-0.0765061977013643,-0.9970691057861936,-0.00232,-0.00199,-0.000731,-0.000505,-0.00157,
2023-07-07 02:00:00,2023-07-07,2,0.499999999999969,0.8660254037844565,188,-0.0766848668632988,-0.997055380204208,-0.00269,-0.00226,-0.00104,-0.000925,-0.00211,
2023-07-07 02:15:00,2023-07-07,2,0.5555702330196097,0.8314696123025402,188,-0.0768635335628018,-0.9970416226057164,-0.00215,-0.00157,-0.000655,-0.000596,-0.00183,
2023-07-07 02:30:00,2023-07-07,2,0.6087614290087633,0.7933533402912024,188,-0.0770421977941347,-0.9970278329911604,-0.00257,-0.002,-0.000838,-0.000852,-0.0021,
2023-07-07 02:45:00,2023-07-07,2,0.659345815100143,0.7518398074789124,188,-0.0772208595515613,-0.9970140113609828,-0.00235,-0.0017,-0.000638,-0.000547,-0.0019399999999999,
2023-07-07 03:00:00,2023-07-07,3,0.7071067811864881,0.707106781186607,188,-0.0773995188293437,-0.9970001577156274,-0.00191,-0.00122,2.4100000000000003e-05,-8.03e-05,-0.00112,
2023-07-07 03:15:00,2023-07-07,3,0.7518398074789515,0.6593458151000984,188,-0.0775781756217455,-0.9969862720555392,-0.00147,-0.000865,0.000186,0.000856,-0.000458,
2023-07-07 03:30:00,2023-07-07,3,0.7933533402912385,0.6087614290087162,188,-0.0777568299230302,-0.9969723543811638,-0.00237,-0.00155,3.1e-05,0.000122,-0.00134,
2023-07-07 03:45:00,2023-07-07,3,0.8314696123024469,0.5555702330197495,188,-0.0779354817274597,-0.9969584046929484,-0.0012,-0.000613,0.000841,0.000799,-0.000587,
2023-07-07 04:00:00,2023-07-07,4,0.8660254037843725,0.5000000000001146,188,-0.0781141310292991,-0.9969444229913408,0.00316,0.00346,0.00445,0.00425,0.00306,
2023-07-07 04:15:00,2023-07-07,4,0.8968727415326496,0.4422886902190798,188,-0.0782927778228104,-0.99693040927679,0.0129,0.0130999999999999,0.0124,0.0118,0.0115,
2023-07-07 04:30:00,2023-07-07,4,0.9238795325112704,0.3826834323651292,188,-0.0784714221022575,-0.996916363549746,0.0237,0.0237,0.0219,0.0206,0.021,
2023-07-07 04:45:00,2023-07-07,4,0.9469301294951064,0.3214394653031596,188,-0.0786500638619044,-0.9969022858106598,0.0345,0.0347,0.0311,0.0288,0.0301999999999999,
2023-07-07 05:00:00,2023-07-07,5,0.9659258262890804,0.2588190451024755,188,-0.0788287030960139,-0.9968881760599834,0.0458,0.0557,0.041,0.0382999999999999,0.0409,
2023-07-07 05:15:00,2023-07-07,5,0.9807852804032484,0.1950903220160384,188,-0.0790073397988506,-0.99687403429817,0.0525,0.152,0.0557,0.0516,0.0498,
2023-07-07 05:30:00,2023-07-07,5,0.9914448613737984,0.1305261922201418,188,-0.0791859739646768,-0.9968598605256735,0.0589,0.196,0.0705,0.0573,0.0557,
2023-07-07 05:45:00,2023-07-07,5,0.9978589232386004,0.0654031292301891,188,-0.0793646055877583,-0.9968456547429494,0.0644,0.242,0.108,0.063,0.13,
2023-07-07 06:00:00,2023-07-07,6,1.0,1.4541016430621149e-15,188,-0.0795432346623577,-0.9968314169504536,0.0712,0.293,0.152,0.0692,0.18,
2023-07-07 06:15:00,2023-07-07,6,0.9978589232386156,-0.0654031292299594,188,-0.0797218611827394,-0.9968171471486432,0.077,0.34,0.2,0.0917999999999999,0.231,
2023-07-07 06:30:00,2023-07-07,6,0.9914448613738286,-0.1305261922199135,188,-0.079900485143168,-0.9968028453379768,0.0819,0.388,0.252,0.139,0.285,
2023-07-07 06:45:00,2023-07-07,6,0.9807852804032487,-0.1950903220160355,188,-0.0800791065379068,-0.9967885115189132,0.0889,0.438,0.31,0.189,0.342,
2023-07-07 07:00:00,2023-07-07,7,0.9659258262890812,-0.2588190451024727,188,-0.0802577253612209,-0.9967741456919128,0.0985,0.49,0.376,0.25,0.409,
2023-07-07 07:15:00,2023-07-07,7,0.9469301294951072,-0.3214394653031569,188,-0.0804363416073735,-0.9967597478574372,0.125,0.503,0.402,0.283,0.438,
2023-07-07 07:30:00,2023-07-07,7,0.9238795325112716,-0.3826834323651266,188,-0.0806149552706307,-0.9967453180159483,0.145,0.559,0.472,0.351,0.507,
2023-07-07 07:45:00,2023-07-07,7,0.8968727415326508,-0.4422886902190772,188,-0.0807935663452556,-0.99673085616791,0.156,0.624,0.545,0.414,0.578,
2023-07-07 08:00:00,2023-07-07,8,0.8660254037844877,-0.4999999999999151,188,-0.0809721748255135,-0.996716362313786,0.212,0.547,0.48,0.373,0.514,
2023-07-07 08:15:00,2023-07-07,8,0.8314696123025748,-0.555570233019558,188,-0.0811507807056693,-0.9967018364540422,0.25,0.696,0.613,0.484,0.648,
2023-07-07 08:30:00,2023-07-07,8,0.7933533402912403,-0.608761429008714,188,-0.081329383979987,-0.996687278589145,0.189,0.707,0.641,0.51,0.672,
2023-07-07 08:45:00,2023-07-07,8,0.7518398074791034,-0.6593458150999253,188,-0.0815079846427319,-0.9966726887195616,0.209,0.771,0.69,0.553,0.723,
2023-07-07 09:00:00,2023-07-07,9,0.7071067811866509,-0.7071067811864441,188,-0.081686582688169,-0.9966580668457607,0.164,0.824,0.766,0.623,0.799,
2023-07-07 09:15:00,2023-07-07,9,0.6593458151001451,-0.7518398074789104,188,-0.0818651781105636,-0.996643412968212,0.185,0.808,0.774,0.642,0.802,
2023-07-07 09:30:00,2023-07-07,9,0.6087614290087656,-0.7933533402912006,188,-0.0820437709041801,-0.9966287270873856,0.154,0.86,0.836,0.698,0.867,
2023-07-07 09:45:00,2023-07-07,9,0.5555702330196122,-0.8314696123025386,188,-0.082222361063284,-0.9966140092037532,0.241,0.862,0.845,0.718,0.88,
2023-07-07 10:00:00,2023-07-07,10,0.4999999999999716,-0.866025403784455,188,-0.0824009485821411,-0.9965992593177878,0.183,0.905,0.892,0.78,0.94,
2023-07-07 10:15:00,2023-07-07,10,0.4422886902189317,-0.8968727415327227,188,-0.0825795334550159,-0.9965844774299628,0.164,0.923,0.876,0.793,0.956,
2023-07-07 10:30:00,2023-07-07,10,0.3826834323651867,-0.9238795325112464,188,-0.0827581156761742,-0.9965696635407526,0.286,0.934,0.903,0.841,0.998,
2023-07-07 10:45:00,2023-07-07,10,0.3214394653032186,-0.9469301294950864,188,-0.0829366952398817,-0.9965548176506333,0.298,0.968,0.917,0.858,1.02,
2023-07-07 11:00:00,2023-07-07,11,0.2588190451025356,-0.9659258262890644,188,-0.0831152721404043,-0.9965399397600814,0.17,0.965,0.902,0.85,1.01,
2023-07-07 11:15:00,2023-07-07,11,0.1950903220160994,-0.9807852804032362,188,-0.0832938463720069,-0.9965250298695746,0.222,0.939,0.906,0.848,0.993,
2023-07-07 11:30:00,2023-07-07,11,0.1305261922202035,-0.9914448613737904,188,-0.0834724179289557,-0.9965100879795916,0.377,0.437,0.429,0.386,0.443,
2023-07-07 11:45:00,2023-07-07,11,0.0654031292302513,-0.9978589232385964,188,-0.083650986805517,-0.9964951140906126,0.419,0.584,0.556,0.495,0.58,
2023-07-07 12:00:00,2023-07-07,12,6.368782336202826e-14,-1.0,188,-0.083829552995956,-0.9964801082031184,0.204,0.941,0.947,0.847,0.984,
2023-07-07 12:15:00,2023-07-07,12,-0.0654031292301242,-0.9978589232386048,188,-0.0840081164945391,-0.99646507031759,0.248,0.98,0.982,0.879,1.02,
2023-07-07 12:30:00,2023-07-07,12,-0.1305261922200772,-0.991444861373807,188,-0.0841866772955324,-0.9964500004345116,0.37,0.789,0.789,0.709,0.819,
2023-07-07 12:45:00,2023-07-07,12,-0.1950903220161975,-0.9807852804032168,188,-0.0843652353932026,-0.996434898554366,0.352,0.824,0.833,0.75,0.864,
2023-07-07 13:00:00,2023-07-07,13,-0.2588190451024126,-0.9659258262890972,188,-0.0845437907818147,-0.9964197646776386,0.41,0.697,0.674,0.608,0.705,
2023-07-07 13:15:00,2023-07-07,13,-0.3214394653030979,-0.9469301294951272,188,-0.0847223434556369,-0.9964045988048154,0.434,0.703,0.663,0.595,0.695,
2023-07-07 13:30:00,2023-07-07,13,-0.3826834323650691,-0.9238795325112952,188,-0.0849008934089347,-0.9963894009363832,0.337,0.564,0.525,0.471,0.552,
2023-07-07 13:45:00,2023-07-07,13,-0.4422886902190213,-0.8968727415326784,188,-0.0850794406359743,-0.9963741710728304,0.359,0.443,0.416,0.376,0.434,
2023-07-07 14:00:00,2023-07-07,14,-0.4999999999998612,-0.8660254037845188,188,-0.0852579851310228,-0.9963589092146456,0.363,0.389,0.339,0.301,0.356,
2023-07-07 14:15:00,2023-07-07,14,-0.5555702330195063,-0.8314696123026094,188,-0.085436526888347,-0.9963436153623192,0.375,0.586,0.521,0.467,0.553,
2023-07-07 14:30:00,2023-07-07,14,-0.6087614290086646,-0.7933533402912782,188,-0.085615065902214,-0.996328289516342,0.192,0.191,0.182,0.164,0.187,
2023-07-07 14:45:00,2023-07-07,14,-0.6593458151000494,-0.7518398074789945,188,-0.0857936021668896,-0.9963129316772062,0.348,0.657,0.539,0.482,0.588,
2023-07-07 15:00:00,2023-07-07,15,-0.7071067811865609,-0.7071067811865341,188,-0.0859721356766424,-0.9962975418454052,0.277,0.396,0.343,0.308,0.368,
2023-07-07 15:15:00,2023-07-07,15,-0.7518398074790194,-0.659345815100021,188,-0.0861506664257388,-0.996282120021433,0.276,0.36,0.31,0.28,0.333,
2023-07-07 15:30:00,2023-07-07,15,-0.7933533402911628,-0.608761429008815,188,-0.086329194408445,-0.996266666205785,0.252,0.306,0.26,0.232,0.279,
2023-07-07 15:45:00,2023-07-07,15,-0.831469612302504,-0.5555702330196639,188,-0.08650771961903,-0.9962511803989572,0.0866,0.0858,0.0768,0.0655,0.0782,
2023-07-07 16:00:00,2023-07-07,16,-0.8660254037844239,-0.5000000000000254,188,-0.0866862420517599,-0.9962356626014468,0.0397,0.0394,0.0373,0.0343,0.0361,
2023-07-07 16:15:00,2023-07-07,16,-0.8968727415326951,-0.4422886902189875,188,-0.0868647617009031,-0.9962201128137522,0.138,0.137,0.0886,0.0737999999999999,0.0991,
2023-07-07 16:30:00,2023-07-07,16,-0.9238795325112228,-0.3826834323652442,188,-0.0870432785607257,-0.9962045310363732,0.147,0.145,0.108,0.0922,0.118,
2023-07-07 16:45:00,2023-07-07,16,-0.9469301294950664,-0.3214394653032775,188,-0.0872217926254971,-0.9961889172698092,0.0345,0.0343,0.0364,0.0342,0.0351,
2023-07-07 17:00:00,2023-07-07,17,-0.9659258262890482,-0.2588190451025958,188,-0.0874003038894843,-0.9961732715145624,0.0586,0.0582,0.0574,0.0557999999999999,0.0569,
2023-07-07 17:15:00,2023-07-07,17,-0.980785280403224,-0.1950903220161605,188,-0.0875788123469541,-0.9961575937711348,0.153,0.259,0.128,0.112,0.163,
2023-07-07 17:30:00,2023-07-07,17,-0.991444861373812,-0.1305261922200398,188,-0.0877573179921761,-0.9961418840400298,0.098,0.0974,0.0768,0.071,0.0785,
2023-07-07 17:45:00,2023-07-07,17,-0.9978589232386073,-0.0654031292300865,188,-0.0879358208194172,-0.996126142321752,0.0867,0.13,0.0663,0.0607,0.0714,
2023-07-07 18:00:00,2023-07-07,18,-1.0,1.0145213036223769e-13,188,-0.0881143208229461,-0.9961103686168068,0.0780999999999999,0.103,0.0658,0.0624,0.0687,
2023-07-07 18:15:00,2023-07-07,18,-0.9978589232386088,0.0654031292300621,188,-0.0882928179970299,-0.996094562925701,0.0456,0.0457,0.0335,0.0321,0.0343,
2023-07-07 18:30:00,2023-07-07,18,-0.9914448613738152,0.1305261922200155,188,-0.0884713123359384,-0.9960787252489418,0.0253,0.0255,0.0195,0.0184,0.0191,
2023-07-07 18:45:00,2023-07-07,18,-0.9807852804032288,0.1950903220161365,188,-0.0886498038339393,-0.9960628555870378,0.00911,0.00922,0.00758,0.00675,0.00639,
2023-07-07 19:00:00,2023-07-07,19,-0.9659258262891134,0.2588190451023525,188,-0.0888282924853,-0.9960469539404988,-0.00145,-0.00112,0.000545,6.879999999999999e-05,-0.000656,
2023-07-07 19:15:00,2023-07-07,19,-0.9469301294951472,0.321439465303039,188,-0.0890067782842909,-0.996031020309835,-0.00225,-0.0019299999999999,-0.000848,-0.00101,-0.0020499999999999,
2023-07-07 19:30:00,2023-07-07,19,-0.9238795325113192,0.3826834323650115,188,-0.0891852612251792,-0.9960150546955586,-0.00285,-0.00245,-0.000993,-0.00112,-0.00206,
2023-07-07 19:45:00,2023-07-07,19,-0.8968727415327059,0.4422886902189655,188,-0.0893637413022342,-0.9959990570981818,-0.00209,-0.00159,-0.000448,-4.97e-05,-0.000814,
2023-07-07 20:00:00,2023-07-07,20,-0.8660254037844362,0.5000000000000042,188,-0.0895422185097246,-0.9959830275182188,-0.00347,-0.00298,-0.00137,-0.0013,-0.00248,
2023-07-07 20:15:00,2023-07-07,20,-0.8314696123025176,0.5555702330196436,188,-0.0897206928419199,-0.9959669659561836,-0.00328,-0.00259,-0.00114,-0.00128,-0.00245,
2023-07-07 20:30:00,2023-07-07,20,-0.7933533402911777,0.6087614290087956,188,-0.0898991642930884,-0.9959508724125926,-0.00262,-0.00202,-0.000541,-0.000547,-0.00166,
2023-07-07 20:45:00,2023-07-07,20,-0.7518398074790354,0.6593458151000026,188,-0.0900776328574986,-0.9959347468879624,-0.00248,-0.00187,-0.000662,-0.000325,-0.00178,
2023-07-07 21:00:00,2023-07-07,21,-0.7071067811865782,0.7071067811865168,188,-0.0902560985294213,-0.9959185893828106,-0.0025,-0.00195,-0.00091,-0.000413,-0.0021,
2023-07-07 21:15:00,2023-07-07,21,-0.6593458151000678,0.7518398074789784,188,-0.0904345613031244,-0.9959023998976564,-0.00242,-0.00174,-0.000576,-0.000596,-0.00197,
2023-07-07 21:30:00,2023-07-07,21,-0.6087614290088643,0.7933533402911249,188,-0.0906130211728778,-0.9958861784330192,-0.000554,0.000457,0.00105,0.00121,0.000758,
2023-07-07 21:45:00,2023-07-07,21,-0.5555702330197156,0.8314696123024694,188,-0.090791478132951,-0.9958699249894204,-0.00164,-0.00107,-0.000376,1.15e-05,-0.000913,
2023-07-07 22:00:00,2023-07-07,22,-0.5000000000000794,0.8660254037843929,188,-0.0909699321776139,-0.9958536395673816,-0.0011899999999999,-0.000908,-0.000417,-0.000226,-0.000844,
2023-07-07 22:15:00,2023-07-07,22,-0.4422886902190432,0.8968727415326676,188,-0.0911483833011358,-0.9958373221674256,-0.00121,-0.000979,-0.000676,-0.000776,-0.000716,
2023-07-07 22:30:00,2023-07-07,22,-0.3826834323650916,0.923879532511286,188,-0.0913268314977855,-0.9958209727900768,-0.00578,-0.00494,-0.00319,-0.00306,-0.0056799999999999,
2023-07-07 22:45:00,2023-07-07,22,-0.3214394653031211,0.9469301294951192,188,-0.0915052767618346,-0.99580459143586,-0.00174,-0.00147,0.000134,0.000233,-0.000381,
2023-07-07 23:00:00,2023-07-07,23,-0.2588190451024362,0.965925826289091,188,-0.0916837190875517,-0.9957881781053012,-0.000145,0.000791,0.00147,0.00146,0.0003,
2023-07-07 23:15:00,2023-07-07,23,-0.1950903220162215,0.980785280403212,188,-0.0918621584692074,-0.9957717327989272,-0.00102,-8.51e-05,0.000417,0.000489,8.14e-05,
2023-07-07 23:30:00,2023-07-07,23,-0.1305261922201015,0.9914448613738038,188,-0.0920405949010716,-0.9957552555172664,-0.00182,-0.00158,-0.000479,-0.000344,-0.00164,
2023-07-07 23:45:00,2023-07-07,23,-0.0654031292301486,0.9978589232386031,188,-0.0922190283774152,-0.995738746260848,-0.0014299999999999,-0.000823,-0.000186,-2.68e-05,-0.000668,
2023-10-01 00:00:00,2023-10-01,0,2.5504840415367545e-14,1.0,274,-0.9998715088700244,-0.0160301512775384,-0.00225,-0.0017,-0.00062,-0.000528,-0.0016,
2023-10-01 00:15:00,2023-10-01,0,0.0654031292299863,0.9978589232386138,274,-0.9998743653490308,-0.0158509784516,-0.00234,-0.00176,-0.00061,-0.000501,-0.00154,
2023-10-01 00:30:00,2023-10-01,0,0.1305261922201656,0.9914448613737954,274,-0.9998771897210104,-0.0156718051166681,-0.0025099999999999,-0.00197,-0.000741,-0.0007,-0.00181,
2023-10-01 00:45:00,2023-10-01,0,0.195090322016062,0.9807852804032436,274,-0.9998799819858724,-0.0154926312784988,-0.00254,-0.0020099999999999,-0.000776,-0.000742,-0.00187,
2023-10-01 01:00:00,2023-10-01,1,0.2588190451022791,0.965925826289133,274,-0.9998827421435272,-0.0153134569428447,-0.00226,-0.00173,-0.000703,-0.000638,-0.00177,
2023-10-01 01:15:00,2023-10-01,1,0.3214394653031824,0.9469301294950986,274,-0.9998854701938866,-0.0151342821154583,-0.00237,-0.00186,-0.000745,-0.000707,-0.00179,
2023-10-01 01:30:00,2023-10-01,1,0.3826834323649414,0.9238795325113482,274,-0.9998881661368624,-0.0149551068020959,-0.00244,-0.00188,-0.000762,-0.000696,-0.00179,
2023-10-01 01:45:00,2023-10-01,1,0.4422886902188974,0.8968727415327395,274,-0.9998908299723684,-0.0147759310085082,-0.0026,-0.0020499999999999,-0.000786,-0.000776,-0.00181,
2023-10-01 02:00:00,2023-10-01,2,0.4999999999999385,0.8660254037844741,274,-0.9998934617003188,-0.0145967547404488,-0.0025,-0.0019299999999999,-0.000731,-0.000711,-0.00162,
2023-10-01 02:15:00,2023-10-01,2,0.5555702330195804,0.8314696123025598,274,-0.9998960613206296,-0.014417578003673,-0.00233,-0.00173,-0.000589,-0.000443,-0.00162,
2023-10-01 02:30:00,2023-10-01,2,0.6087614290085549,0.7933533402913623,274,-0.9998986288332166,-0.0142384008039335,-0.00232,-0.00173,-0.000693,-0.000657,-0.00181,
2023-10-01 02:45:00,2023-10-01,2,0.6593458151001165,0.7518398074789356,274,-0.9999011642379976,-0.0140592231469838,-0.00263,-0.00178,-0.000169,-0.000268,-0.00126,
2023-10-01 03:00:00,2023-10-01,3,0.7071067811864632,0.7071067811866318,274,-0.9999036675348916,-0.0138800450385776,-0.00239,-0.00177,-0.000607,-0.000482,-0.00176,
2023-10-01 03:15:00,2023-10-01,3,0.7518398074790782,0.6593458150999539,274,-0.9999061387238178,-0.0137008664844675,-0.00239,-0.00186,-0.00101,-0.000711,-0.00197,
2023-10-01 03:30:00,2023-10-01,3,0.7933533402912171,0.6087614290087442,274,-0.999908577804697,-0.0135216874904089,-0.0023799999999999,-0.00189,-0.000796,-0.000742,-0.0018,
2023-10-01 03:45:00,2023-10-01,3,0.8314696123024272,0.5555702330197788,274,-0.9999109847774508,-0.0133425080621555,-0.00241,-0.00184,-0.00071,-0.000707,-0.00177,
2023-10-01 04:00:00,2023-10-01,4,0.8660254037844686,0.4999999999999482,274,-0.999913359642002,-0.0131633282054582,-0.00273,-0.0020299999999999,-0.000676,-0.000814,-0.00179,
2023-10-01 04:15:00,2023-10-01,4,0.896872741532634,0.4422886902191114,274,-0.999915702398274,-0.0129841479260734,-0.0025099999999999,-0.0019199999999999,-0.000627,-0.000657,-0.0016699999999999,
2023-10-01 04:30:00,2023-10-01,4,0.9238795325112568,0.3826834323651618,274,-0.9999180130461922,-0.0128049672297538,-0.00224,-0.0016699999999999,-0.000476,-0.000443,-0.00149,
2023-10-01 04:45:00,2023-10-01,4,0.946930129495095,0.321439465303193,274,-0.999920291585682,-0.0126257861222522,-0.0025099999999999,-0.00185,-0.000296,-0.000275,-0.00129,
2023-10-01 05:00:00,2023-10-01,5,0.9659258262890712,0.2588190451025096,274,-0.99992253801667,-0.012446604609325,-0.00127,-0.000723,-0.000321,-0.000119,-0.00132,
2023-10-01 05:15:00,2023-10-01,5,0.9807852804031972,0.195090322016296,274,-0.9999247523390848,-0.0122674226967233,-0.000211,0.000394,0.00191,0.0016899999999999,0.000861,
2023-10-01 05:30:00,2023-10-01,5,0.9914448613738236,0.1305261922199513,274,-0.9999269345528544,-0.0120882403902007,0.0091,0.00936,0.0105,0.00996,0.00956,
2023-10-01 05:45:00,2023-10-01,5,0.9978589232385982,0.0654031292302244,274,-0.9999290846579096,-0.0119090576955127,0.0215,0.0215,0.0237,0.0228,0.0226999999999999,
2023-10-01 06:00:00,2023-10-01,6,1.0,2.641025567468307e-13,274,-0.9999312026541808,-0.0117298746184123,0.0312,0.0775,0.126,0.0973,0.11,
2023-10-01 06:15:00,2023-10-01,6,0.997858923238603,-0.0654031292301511,274,-0.9999332885416,-0.0115506911646532,0.039,0.12,0.194,0.156,0.175,
2023-10-01 06:30:00,2023-10-01,6,0.9914448613738333,-0.1305261922198785,274,-0.9999353423201004,-0.0113715073399891,0.0451,0.165,0.259,0.217,0.24,
2023-10-01 06:45:00,2023-10-01,6,0.9807852804032556,-0.195090322016001,274,-0.9999373639896162,-0.0111923231501738,0.0489,0.21,0.324,0.278,0.299,
2023-10-01 07:00:00,2023-10-01,7,0.9659258262890904,-0.2588190451024386,274,-0.999939353550082,-0.0110131386009603,0.0513,0.257,0.39,0.341,0.357,
2023-10-01 07:15:00,2023-10-01,7,0.9469301294951186,-0.3214394653031235,274,-0.9999413110014344,-0.010833953698105,0.0538999999999999,0.303,0.455,0.403,0.421,
2023-10-01 07:30:00,2023-10-01,7,0.923879532511285,-0.382683432365094,274,-0.9999432363436104,-0.0106547684473582,0.0575,0.349,0.52,0.466,0.491,
2023-10-01 07:45:00,2023-10-01,7,0.8968727415326665,-0.4422886902190455,274,-0.9999451295765478,-0.0104755828544763,0.061,0.395,0.582,0.527,0.554,
2023-10-01 08:00:00,2023-10-01,8,0.8660254037845053,-0.4999999999998846,274,-0.9999469907001864,-0.0102963969252124,0.0675,0.441,0.644,0.588,0.614,
2023-10-01 08:15:00,2023-10-01,8,0.8314696123024681,-0.5555702330197178,274,-0.999948819714466,-0.0101172106653194,0.0713,0.465,0.679,0.625,0.648,
2023-10-01 08:30:00,2023-10-01,8,0.7933533402912618,-0.6087614290086859,274,-0.999950616619328,-0.0099380240805537,0.0693,0.5,0.73,0.677,0.695,
2023-10-01 08:45:00,2023-10-01,8,0.7518398074791266,-0.6593458150998988,274,-0.9999523814147148,-0.0097588371766667,0.0694,0.546,0.796,0.743,0.758,
2023-10-01 09:00:00,2023-10-01,9,0.7071067811865152,-0.70710678118658,274,-0.9999541141005696,-0.0095796499594121,0.0703,0.577,0.839,0.788,0.801,
2023-10-01 09:15:00,2023-10-01,9,0.6593458151001717,-0.7518398074788872,274,-0.9999558146768368,-0.0094004624345458,0.0722,0.606,0.882,0.832,0.842,
2023-10-01 09:30:00,2023-10-01,9,0.6087614290087936,-0.7933533402911792,274,-0.999957483143462,-0.0092212746078206,0.076,0.629,0.914,0.868,0.874,
2023-10-01 09:45:00,2023-10-01,9,0.5555702330196415,-0.831469612302519,274,-0.9999591195003914,-0.0090420864849905,0.0792,0.652,0.947,0.903,0.908,
2023-10-01 10:00:00,2023-10-01,10,0.5000000000000021,-0.8660254037844375,274,-0.9999607237475724,-0.0088628980718094,0.0798,0.673,0.977,0.935,0.938,
2023-10-01 10:15:00,2023-10-01,10,0.4422886902191672,-0.8968727415326064,274,-0.9999622958849536,-0.0086837093740312,0.0815999999999999,0.688,0.995,0.957,0.959,
2023-10-01 10:30:00,2023-10-01,10,0.3826834323650093,-0.92387953251132,274,-0.9999638359124844,-0.008504520397409,0.0846,0.703,1.02,0.978,0.979,
2023-10-01 10:45:00,2023-10-01,10,0.3214394653032519,-0.9469301294950748,274,-0.9999653438301156,-0.0083253311476995,0.0883,0.71,1.03,0.988,0.984,
2023-10-01 11:00:00,2023-10-01,11,0.2588190451027893,-0.9659258262889964,274,-0.9999668196377984,-0.0081461416306538,0.0924,0.717,1.04,0.999,0.992,
2023-10-01 11:15:00,2023-10-01,11,0.195090322016134,-0.9807852804032292,274,-0.9999682633354858,-0.007966951852026,0.0938,0.717,1.04,1.01,0.995,
2023-10-01 11:30:00,2023-10-01,11,0.1305261922202385,-0.9914448613737858,274,-0.9999696749231312,-0.0077877618175718,0.0959,0.716,1.03,1.01,0.992,
2023-10-01 11:45:00,2023-10-01,11,0.0654031292300596,-0.997858923238609,274,-0.9999710544006896,-0.0076085715330434,0.0973,0.71,1.02,1.0,0.983,
2023-10-01 12:00:00,2023-10-01,12,9.896260302256472e-14,-1.0,274,-0.999972401768116,-0.0074293810041975,0.0995,0.702,1.01,0.995,0.972,
2023-10-01 12:15:00,2023-10-01,12,-0.065403129230089,-0.997858923238607,274,-0.999973717025368,-0.0072501902367854,0.0980999999999999,0.688,0.989,0.982,0.956,
2023-10-01 12:30:00,2023-10-01,12,-0.1305261922200422,-0.9914448613738116,274,-0.9999750001724026,-0.0070709992365611,0.0986,0.67,0.964,0.961,0.931,
2023-10-01 12:45:00,2023-10-01,12,-0.1950903220161629,-0.9807852804032235,274,-0.9999762512091792,-0.0068918080092804,0.0975999999999999,0.649,0.935,0.935,0.902,
2023-10-01 13:00:00,2023-10-01,13,-0.2588190451023786,-0.9659258262891064,274,-0.9999774701356572,-0.0067126165606964,0.0975,0.624,0.9,0.902,0.867,
2023-10-01 13:15:00,2023-10-01,13,-0.3214394653032799,-0.9469301294950656,274,-0.9999786569517976,-0.0065334248965632,0.0984,0.592,0.856,0.862,0.823,
2023-10-01 13:30:00,2023-10-01,13,-0.3826834323650365,-0.9238795325113088,274,-0.9999798116575624,-0.0063542330226348,0.0960999999999999,0.564,0.817,0.828,0.786,
2023-10-01 13:45:00,2023-10-01,13,-0.4422886902187858,-0.8968727415327946,274,-0.9999809342529145,-0.0061750409446652,0.0915,0.532,0.771,0.788,0.743,
2023-10-01 14:00:00,2023-10-01,14,-0.5000000000000276,-0.8660254037844227,274,-0.9999820247378176,-0.0059958486684077,0.0864,0.496,0.719,0.741,0.695,
2023-10-01 14:15:00,2023-10-01,14,-0.555570233019477,-0.831469612302629,274,-0.9999830831122372,-0.0058166561996188,0.0815,0.46,0.667,0.694,0.646,
2023-10-01 14:30:00,2023-10-01,14,-0.6087614290086366,-0.7933533402912997,274,-0.9999841093761388,-0.00563746354405,0.0782,0.423,0.612,0.646,0.595,
2023-10-01 14:45:00,2023-10-01,14,-0.6593458151000229,-0.7518398074790177,274,-0.9999851035294895,-0.0054582707074555,0.075,0.382,0.552,0.591,0.538,
2023-10-01 15:00:00,2023-10-01,15,-0.7071067811865359,-0.7071067811865591,274,-0.9999860655722578,-0.0052790776955909,0.0686,0.334,0.486,0.527,0.472,
2023-10-01 15:15:00,2023-10-01,15,-0.7518398074788462,-0.6593458151002185,274,-0.9999869955044124,-0.0050998845142096,0.0643,0.288,0.419,0.461,0.407,
2023-10-01 15:30:00,2023-10-01,15,-0.7933533402912797,-0.6087614290086626,274,-0.9999878933259236,-0.0049206911690655,0.059,0.241,0.353,0.396,0.343,
2023-10-01 15:45:00,2023-10-01,15,-0.8314696123024844,-0.5555702330196932,274,-0.9999887590367624,-0.0047414976659129,0.0528999999999999,0.193,0.283,0.324,0.277,
2023-10-01 16:00:00,2023-10-01,16,-0.8660254037842926,-0.5000000000002529,274,-0.9999895926369012,-0.0045623040105057,0.0443,0.146,0.213,0.25,0.209,
2023-10-01 16:15:00,2023-10-01,16,-0.8968727415326795,-0.4422886902190191,274,-0.9999903941263132,-0.0043831102085972,0.0351,0.101,0.15,0.181,0.147,
2023-10-01 16:30:00,2023-10-01,16,-0.9238795325112092,-0.3826834323652768,274,-0.9999911635049726,-0.0042039162659433,0.0261999999999999,0.063,0.0929,0.115,0.0886,
2023-10-01 16:45:00,2023-10-01,16,-0.946930129495128,-0.3214394653030956,274,-0.9999919007728548,-0.0040247221882971,0.0135,0.0254,0.0392999999999999,0.0498,0.0372,
2023-10-01 17:00:00,2023-10-01,17,-0.9659258262890392,-0.2588190451026298,274,-0.999992605929936,-0.0038455279814129,0.0030099999999999,0.0034,0.0058499999999999,0.00495,0.00343,
2023-10-01 17:15:00,2023-10-01,17,-0.9807852804032172,-0.1950903220161951,274,-0.9999932789761936,-0.0036663336510447,-0.00275,-0.0026,-0.000448,-0.00131,-0.00226,
2023-10-01 17:30:00,2023-10-01,17,-0.9914448613738074,-0.1305261922200747,274,-0.999993919911606,-0.0034871392029457,-0.00339,-0.00316,-0.00164,-0.00209,-0.00308,
2023-10-01 17:45:00,2023-10-01,17,-0.9978589232386048,-0.0654031292301217,274,-0.9999945287361524,-0.0033079446428728,-0.00311,-0.00275,-0.0011899999999999,-0.00151,-0.00248,
2023-10-01 18:00:00,2023-10-01,18,-1.0,-1.6119632474153088e-13,274,-0.9999951054498136,-0.0031287499765774,-0.00268,-0.00222,-0.00108,-0.00111,-0.00243,
2023-10-01 18:15:00,2023-10-01,18,-0.9978589232385964,0.0654031292302537,274,-0.9999956500525712,-0.0029495552098136,-0.00292,-0.0023799999999999,-0.000748,-0.00099,-0.00207,
2023-10-01 18:30:00,2023-10-01,18,-0.9914448613738196,0.1305261922199805,274,-0.9999961625444072,-0.0027703603483373,-0.00272,-0.00207,-0.00071,-0.000707,-0.0019,
2023-10-01 18:45:00,2023-10-01,18,-0.98078528040328,0.1950903220158789,274,-0.9999966429253054,-0.0025911653979018,-0.0027,-0.0021,-0.000748,-0.000852,-0.00214,
2023-10-01 19:00:00,2023-10-01,19,-0.9659258262890636,0.258819045102538,274,-0.9999970911952504,-0.0024119703642613,-0.00266,-0.00214,-0.000662,-0.000776,-0.00195,
2023-10-01 19:15:00,2023-10-01,19,-0.9469301294951586,0.3214394653030056,274,-0.9999975073542278,-0.0022327752531698,-0.00249,-0.00182,-0.000507,-0.000646,-0.00166,
2023-10-01 19:30:00,2023-10-01,19,-0.9238795325113326,0.382683432364979,274,-0.9999978914022242,-0.0020535800703816,-0.00222,-0.0016799999999999,-0.000576,-0.000512,-0.00174,
2023-10-01 19:45:00,2023-10-01,19,-0.8968727415327216,0.4422886902189339,274,-0.9999982433392272,-0.0018743848216498,-0.0024,-0.00176,-0.000576,-0.000497,-0.00171,
2023-10-01 20:00:00,2023-10-01,20,-0.8660254037844538,0.4999999999999737,274,-0.9999985631652256,-0.0016951895127304,-0.00258,-0.00206,-0.000776,-0.000665,-0.00198,
2023-10-01 20:15:00,2023-10-01,20,-0.8314696123026636,0.5555702330194252,274,-0.9999988508802092,-0.0015159941493776,-0.00245,-0.00198,-0.000938,-0.000715,-0.00206,
2023-10-01 20:30:00,2023-10-01,20,-0.7933533402911991,0.6087614290087676,274,-0.9999991064841688,-0.0013367987373428,-0.00242,-0.0019199999999999,-0.000727,-0.000593,-0.0018,
2023-10-01 20:45:00,2023-10-01,20,-0.7518398074790588,0.6593458150999761,274,-0.9999993299770958,-0.0011576032823829,-0.0027,-0.00225,-0.000776,-0.000715,-0.0018,
2023-10-01 21:00:00,2023-10-01,21,-0.7071067811864423,0.7071067811866527,274,-0.9999995213589834,-0.0009784077902502,-0.0025,-0.0020099999999999,-0.00101,-0.000738,-0.00206,
2023-10-01 21:15:00,2023-10-01,21,-0.6593458151000943,0.7518398074789551,274,-0.9999996806298254,-0.0007992122667016,-0.00262,-0.00216,-0.000979,-0.00078,-0.00196,
2023-10-01 21:30:00,2023-10-01,21,-0.6087614290088924,0.7933533402911034,274,-0.9999998077896164,-0.0006200167174886,-0.00257,-0.0020099999999999,-0.000655,-0.0007,-0.0018,
2023-10-01 21:45:00,2023-10-01,21,-0.5555702330195559,0.8314696123025762,274,-0.9999999028383528,-0.0004408211483653,-0.0024,-0.00184,-0.000603,-0.000665,-0.00189,
2023-10-01 22:00:00,2023-10-01,22,-0.5000000000001099,0.8660254037843752,274,-0.9999999657760312,-0.0002616255650876,-0.00245,-0.0019199999999999,-0.000665,-0.000715,-0.00177,
2023-10-01 22:15:00,2023-10-01,22,-0.4422886902190749,0.896872741532652,274,-0.9999999966026496,-8.242997340888759e-05,-0.00246,-0.00179,-0.000414,-0.000543,-0.0016799999999999,
2023-10-01 22:30:00,2023-10-01,22,-0.3826834323651242,0.9238795325112724,274,-0.9999999953182072,9.67656209167776e-05,-0.00233,-0.0016699999999999,-0.000496,-0.00055,-0.00173,
2023-10-01 22:45:00,2023-10-01,22,-0.3214394653031545,0.946930129495108,274,-0.999999961922704,0.0002759612121351,-0.0024,-0.00175,-0.000514,-0.000585,-0.0019399999999999,
2023-10-01 23:00:00,2023-10-01,23,-0.2588190451026899,0.9659258262890228,274,-0.9999998964161408,0.0004551567944922,-0.00242,-0.00184,-0.0007,-0.000707,-0.0019199999999999,
2023-10-01 23:15:00,2023-10-01,23,-0.1950903220160331,0.9807852804032494,274,-0.99999979879852,0.0006343523622345,-0.00241,-0.0016799999999999,-0.000479,-0.000596,-0.00164,
2023-10-01 23:30:00,2023-10-01,23,-0.1305261922201364,0.9914448613737992,274,-0.9999996690698446,0.0008135479096062,-0.0027,-0.00183,-0.000669,-0.000711,-0.00195,
2023-10-01 23:45:00,2023-10-01,23,-0.0654031292304107,0.997858923238586,274,-0.9999995072301188,0.0009927434308531,-0.00271,-0.00209,-0.000845,-0.000925,-0.00246,
2023-10-02 00:00:00,2023-10-02,0,3.943628982735064e-15,1.0,275,-0.999999313279348,0.0011719389202238,-0.00268,-0.0020099999999999,-0.000827,-0.000967,-0.00228,
2023-10-02 00:15:00,2023-10-02,0,0.0654031292299648,0.9978589232386152,275,-0.9999990872175378,0.0013511343719614,-0.00263,-0.00198,-0.000727,-0.000845,-0.0021,
2023-10-02 00:30:00,2023-10-02,0,0.1305261922199188,0.991444861373828,275,-0.9999988290446962,0.0015303297803126,-0.00261,-0.0020499999999999,-0.000703,-0.000554,-0.00197,
2023-10-02 00:45:00,2023-10-02,0,0.1950903220160408,0.980785280403248,275,-0.9999985387608312,0.0017095251395233,-0.00268,-0.00204,-0.000896,-0.000787,-0.002,
2023-10-02 01:00:00,2023-10-02,1,0.2588190451024779,0.9659258262890796,275,-0.999998216365952,0.0018887204438394,-0.00224,-0.00177,-0.000527,-0.000497,-0.00161,
2023-10-02 01:15:00,2023-10-02,1,0.321439465303162,0.9469301294951056,275,-0.9999978618600688,0.0020679156875075,-0.00233,-0.00184,-0.000662,-0.000677,-0.0018,
2023-10-02 01:30:00,2023-10-02,1,0.3826834323651316,0.9238795325112694,275,-0.9999974752431936,0.0022471108647718,-0.00237,-0.00176,-0.000614,-0.0007,-0.00166,
2023-10-02 01:45:00,2023-10-02,1,0.442288690218878,0.8968727415327491,275,-0.9999970565153382,0.0024263059698789,-0.00229,-0.00173,-0.000658,-0.000665,-0.00165,
2023-10-02 02:00:00,2023-10-02,2,0.5000000000001167,0.8660254037843712,275,-0.9999966056765164,0.0026055009970748,-0.00232,-0.00178,-0.000731,-0.000722,-0.00179,
2023-10-02 02:15:00,2023-10-02,2,0.5555702330195624,0.8314696123025718,275,-0.9999961227267424,0.0027846959406053,-0.00228,-0.0016899999999999,-0.000538,-0.000543,-0.0014399999999999,
2023-10-02 02:30:00,2023-10-02,2,0.6087614290085378,0.7933533402913754,275,-0.9999956076660322,0.0029638907947162,-0.00227,-0.0016699999999999,-0.000555,-0.000505,-0.00163,
2023-10-02 02:45:00,2023-10-02,2,0.6593458151001003,0.7518398074789499,275,-0.999995060494402,0.0031430855536544,-0.0023,-0.00172,-0.000596,-0.000573,-0.00174,
2023-10-02 03:00:00,2023-10-02,3,0.7071067811864479,0.7071067811866472,275,-0.9999944812118692,0.0033222802116638,-0.00246,-0.00188,-0.000651,-0.00068,-0.00182,
2023-10-02 03:15:00,2023-10-02,3,0.751839807478914,0.6593458151001411,275,-0.9999938698184524,0.0035014747629905,-0.00231,-0.0016799999999999,-0.000576,-0.000612,-0.00166,
2023-10-02 03:30:00,2023-10-02,3,0.793353340291204,0.6087614290087613,275,-0.9999932263141718,0.0036806692018828,-0.00242,-0.0019,-0.000696,-0.000692,-0.0018,
2023-10-02 03:45:00,2023-10-02,3,0.8314696123025416,0.5555702330196076,275,-0.9999925506990476,0.003859863522584,-0.00245,-0.00188,-0.000627,-0.000726,-0.0017,
2023-10-02 04:00:00,2023-10-02,4,0.8660254037843441,0.5000000000001638,275,-0.9999918429731014,0.004039057719341,-0.0024,-0.00182,-0.000576,-0.000673,-0.00165,
2023-10-02 04:15:00,2023-10-02,4,0.896872741532725,0.4422886902189268,275,-0.9999911031363562,0.0042182517863995,-0.00243,-0.0018,-0.000676,-0.000665,-0.00171,
2023-10-02 04:30:00,2023-10-02,4,0.9238795325112488,0.3826834323651817,275,-0.9999903311888356,0.0043974457180054,-0.00235,-0.00175,-0.000548,-0.000577,-0.00162,
2023-10-02 04:45:00,2023-10-02,4,0.946930129495015,0.3214394653034287,275,-0.9999895271305644,0.0045766395084048,-0.0023599999999999,-0.00171,-0.000396,-0.000432,-0.0014399999999999,
2023-10-02 05:00:00,2023-10-02,5,0.9659258262890656,0.2588190451025304,275,-0.9999886909615688,0.0047558331518442,-0.00218,-0.00159,-0.000348,-0.000336,-0.00155,
2023-10-02 05:15:00,2023-10-02,5,0.9807852804031928,0.1950903220163171,275,-0.999987822681875,0.0049350266425679,-2.48e-05,0.000514,0.00185,0.0016899999999999,0.000617,
2023-10-02 05:30:00,2023-10-02,5,0.9914448613738208,0.1305261922199727,275,-0.9999869222915112,0.0051142199748227,0.00834,0.0089199999999999,0.0104,0.00977,0.0093,
2023-10-02 05:45:00,2023-10-02,5,0.9978589232385968,0.0654031292302459,275,-0.9999859897905066,0.0052934131428545,0.0197,0.0201,0.0242,0.0226999999999999,0.0225,
2023-10-02 06:00:00,2023-10-02,6,1.0,5.829009273623106e-14,275,-0.9999850251788908,0.0054726061409091,0.031,0.0687,0.113,0.089,0.0987,
2023-10-02 06:15:00,2023-10-02,6,0.9978589232386044,-0.0654031292301295,275,-0.9999840284566944,0.0056517989632334,0.0404,0.113,0.183,0.15,0.165,
2023-10-02 06:30:00,2023-10-02,6,0.9914448613738064,-0.1305261922200825,275,-0.9999829996239502,0.0058309916040716,0.0464,0.157,0.251,0.212,0.231,
2023-10-02 06:45:00,2023-10-02,6,0.98078528040326,-0.1950903220159798,275,-0.9999819386806909,0.0060101840576696,0.0516,0.203,0.316,0.274,0.291,
2023-10-02 07:00:00,2023-10-02,7,0.965925826289037,-0.2588190451026375,275,-0.9999808456269504,0.0061893763182759,0.0569,0.249,0.381,0.336,0.347,
2023-10-02 07:15:00,2023-10-02,7,0.9469301294951256,-0.3214394653031031,275,-0.999979720462764,0.006368568380134,0.0603,0.295,0.448,0.399,0.414,
2023-10-02 07:30:00,2023-10-02,7,0.9238795325113804,-0.382683432364864,275,-0.9999785631881676,0.0065477602374905,0.0645,0.343,0.517,0.465,0.486,
2023-10-02 07:45:00,2023-10-02,7,0.896872741532676,-0.4422886902190261,275,-0.9999773738031988,0.0067269518845915,0.0691,0.386,0.577,0.523,0.547,
2023-10-02 08:00:00,2023-10-02,8,0.8660254037845161,-0.4999999999998659,275,-0.9999761523078954,0.006906143315683,0.0723,0.429,0.637,0.583,0.604,
2023-10-02 08:15:00,2023-10-02,8,0.8314696123026064,-0.5555702330195107,275,-0.9999748987022968,0.0070853345250108,0.0732,0.469,0.694,0.641,0.661,
2023-10-02 08:30:00,2023-10-02,8,0.7933533402912749,-0.6087614290086688,275,-0.9999736129864432,0.007264525506822,0.0754,0.504,0.746,0.693,0.711,
2023-10-02 08:45:00,2023-10-02,8,0.7518398074789909,-0.6593458151000534,275,-0.9999722951603758,0.0074437162553606,0.077,0.537,0.797,0.742,0.757,
2023-10-02 09:00:00,2023-10-02,9,0.7071067811866911,-0.7071067811864039,275,-0.999970945224137,0.0076229067648727,0.0808,0.566,0.838,0.785,0.796,
2023-10-02 09:15:00,2023-10-02,9,0.659345815100017,-0.7518398074790229,275,-0.9999695631777702,0.007802097029607,0.083,0.594,0.878,0.827,0.834,
2023-10-02 09:30:00,2023-10-02,9,0.6087614290088107,-0.793353340291166,275,-0.9999681490213198,0.0079812870438068,0.0859,0.621,0.916,0.867,0.872,
2023-10-02 09:45:00,2023-10-02,9,0.5555702330194704,-0.8314696123026334,275,-0.999966702754831,0.0081604768017198,0.0892,0.643,0.946,0.901,0.902,
2023-10-02 10:00:00,2023-10-02,10,0.5000000000000208,-0.8660254037844266,275,-0.9999652243783504,0.0083396662975904,0.0906,0.669,0.982,0.939,0.939,
2023-10-02 10:15:00,2023-10-02,10,0.4422886902191865,-0.8968727415325969,275,-0.9999637138919256,0.0085188555256646,0.092,0.686,1.0,0.965,0.962,
2023-10-02 10:30:00,2023-10-02,10,0.3826834323650292,-0.9238795325113118,275,-0.9999621712956048,0.0086980444801911,0.0939,0.7,1.02,0.984,0.979,
2023-10-02 10:45:00,2023-10-02,10,0.3214394653032724,-0.946930129495068,275,-0.9999605965894378,0.0088772331554132,0.0959,0.709,1.04,0.998,0.99,
2023-10-02 11:00:00,2023-10-02,11,0.2588190451025906,-0.9659258262890495,275,-0.9999589897734752,0.009056421545578,0.0957,0.716,1.05,1.01,0.999,
2023-10-02 11:15:00,2023-10-02,11,0.1950903220161552,-0.9807852804032252,275,-0.9999573508477682,0.0092356096449314,0.0964,0.716,1.04,1.01,0.998,
2023-10-02 11:30:00,2023-10-02,11,0.1305261922200344,-0.9914448613738128,275,-0.9999556798123695,0.0094147974477197,0.0987,0.709,1.03,1.01,0.989,
2023-10-02 11:45:00,2023-10-02,11,0.065403129230308,-0.9978589232385928,275,-0.9999539766673334,0.0095939849481888,0.101,0.704,1.02,1.01,0.981,
2023-10-02 12:00:00,2023-10-02,12,-1.0684986098803487e-13,-1.0,275,-0.999952241412714,0.0097731721405857,0.0977,0.695,1.01,0.999,0.972,
2023-10-02 12:15:00,2023-10-02,12,-0.0654031292300674,-0.9978589232386084,275,-0.999950474048567,0.0099523590191548,0.0955,0.681,0.991,0.984,0.954,
2023-10-02 12:30:00,2023-10-02,12,-0.1305261922197954,-0.991444861373844,275,-0.9999486745749494,0.0101315455781423,0.0916,0.668,0.973,0.969,0.936,
2023-10-02 12:45:00,2023-10-02,12,-0.1950903220161418,-0.9807852804032278,275,-0.9999468429919188,0.0103107318117968,0.0885,0.648,0.945,0.944,0.906,
2023-10-02 13:00:00,2023-10-02,13,-0.2588190451023577,-0.965925826289112,275,-0.9999449792995342,0.0104899177143619,0.0844,0.624,0.913,0.915,0.875,
2023-10-02 13:15:00,2023-10-02,13,-0.3214394653030441,-0.9469301294951455,275,-0.9999430834978552,0.0106691032800847,0.0812,0.599,0.876,0.884,0.84,
2023-10-02 13:30:00,2023-10-02,13,-0.3826834323650165,-0.923879532511317,275,-0.9999411555869432,0.010848288503212,0.079,0.567,0.831,0.843,0.797,
2023-10-02 13:45:00,2023-10-02,13,-0.4422886902189704,-0.8968727415327036,275,-0.9999391955668594,0.0110274733779876,0.0764,0.533,0.783,0.801,0.752,
2023-10-02 14:00:00,2023-10-02,14,-0.499999999999812,-0.8660254037845472,275,-0.9999372034376672,0.0112066578986602,0.0745,0.501,0.736,0.759,0.709,
2023-10-02 14:15:00,2023-10-02,14,-0.555570233019648,-0.8314696123025146,275,-0.9999351791994302,0.011385842059476,0.0734,0.462,0.678,0.707,0.655,
2023-10-02 14:30:00,2023-10-02,14,-0.6087614290086195,-0.7933533402913128,275,-0.9999331228522138,0.0115650258546794,0.0717,0.422,0.618,0.655,0.6,
2023-10-02 14:45:00,2023-10-02,14,-0.6593458151001776,-0.751839807478882,275,-0.999931034396084,0.0117442092785176,0.0685,0.377,0.554,0.595,0.539,
2023-10-02 15:00:00,2023-10-02,15,-0.7071067811865207,-0.7071067811865743,275,-0.9999289138311076,0.0119233923252367,0.0650999999999999,0.33,0.487,0.531,0.474,
2023-10-02 15:15:00,2023-10-02,15,-0.751839807478832,-0.6593458151002347,275,-0.9999267611573528,0.0121025749890831,0.0597,0.284,0.42,0.466,0.41,
2023-10-02 15:30:00,2023-10-02,15,-0.7933533402912666,-0.6087614290086797,275,-0.9999245763748889,0.0122817572643038,0.0538,0.237,0.353,0.398,0.344,
2023-10-02 15:45:00,2023-10-02,15,-0.8314696123024724,-0.5555702330197111,275,-0.9999223594837856,0.0124609391451434,0.0471,0.188,0.282,0.325,0.276,
2023-10-02 16:00:00,2023-10-02,16,-0.8660254037843955,-0.5000000000000747,275,-0.9999201104841148,0.0126401206258482,0.0387999999999999,0.138,0.209,0.246,0.203,
2023-10-02 16:15:00,2023-10-02,16,-0.8968727415326699,-0.4422886902190384,275,-0.999917829375948,0.012819301700667,0.0306,0.0938,0.144,0.174,0.139,
2023-10-02 16:30:00,2023-10-02,16,-0.923879532511288,-0.3826834323650867,275,-0.9999155161593588,0.0129984823638435,0.0202,0.0542,0.0855,0.108,0.0809,
2023-10-02 16:45:00,2023-10-02,16,-0.946930129495048,-0.3214394653033313,275,-0.9999131708344214,0.013177662609625,0.0103,0.0201,0.0332,0.0432,0.0301,
2023-10-02 17:00:00,2023-10-02,17,-0.9659258262890924,-0.258819045102431,275,-0.9999107934012113,0.0133568424322587,-0.00104,-0.000748,0.0037,0.002,0.00069,
2023-10-02 17:15:00,2023-10-02,17,-0.980785280403213,-0.1950903220162162,275,-0.9999083838598046,0.0135360218259882,-0.00329,-0.00295,-0.00116,-0.00175,-0.00325,
2023-10-02 17:30:00,2023-10-02,17,-0.9914448613737749,-0.1305261922203215,275,-0.9999059422102788,0.0137152007850625,-0.00399,-0.0037099999999999,-0.0019,-0.0023599999999999,-0.00342,
2023-10-02 17:45:00,2023-10-02,17,-0.9978589232386036,-0.0654031292301432,275,-0.9999034684527124,0.0138943793037281,-0.00314,-0.0027,-0.00156,-0.00182,-0.0028599999999999,
2023-10-02 18:00:00,2023-10-02,18,-1.0,-1.8275753617416333e-13,275,-0.9999009625871844,0.0140735573762296,-0.00477,-0.0043,-0.00116,-0.0019,-0.0025,
2023-10-02 18:15:00,2023-10-02,18,-0.9978589232386126,0.0654031292300053,275,-0.9998984246137758,0.0142527349968142,-0.0032,-0.00263,-0.000896,-0.00104,-0.0023,
2023-10-02 18:30:00,2023-10-02,18,-0.9914448613738226,0.1305261922199591,275,-0.9998958545325678,0.0144319121597283,-0.00204,-0.0014399999999999,-0.000993,-0.000784,-0.00231,
2023-10-02 18:45:00,2023-10-02,18,-0.98078528040324,0.1950903220160807,275,-0.9998932523436428,0.0146110888592185,-0.00219,-0.00156,-0.00107,-0.000837,-0.00228,
2023-10-02 19:00:00,2023-10-02,19,-0.9659258262890692,0.2588190451025172,275,-0.9998906180470848,0.0147902650895319,-0.00311,-0.00242,-0.000665,-0.000787,-0.00186,
2023-10-02 19:15:00,2023-10-02,19,-0.9469301294950924,0.3214394653032005,275,-0.9998879516429782,0.0149694408449134,-0.00306,-0.0022299999999999,-0.000693,-0.000795,-0.00181,
2023-10-02 19:30:00,2023-10-02,19,-0.9238795325113408,0.382683432364959,275,-0.9998852531314084,0.0151486161196093,-0.00252,-0.00173,-0.000672,-0.00055,-0.00181,
2023-10-02 19:45:00,2023-10-02,19,-0.8968727415326305,0.4422886902191185,275,-0.9998825225124622,0.0153277909078689,-0.00316,-0.0025,-0.000886,-0.000845,-0.00222,
2023-10-02 20:00:00,2023-10-02,20,-0.8660254037844646,0.499999999999955,275,-0.9998797597862276,0.015506965203936,-0.0033599999999999,-0.00272,-0.00108,-0.000944,-0.00243,
2023-10-02 20:15:00,2023-10-02,20,-0.8314696123026756,0.5555702330194072,275,-0.9998769649527928,0.0156861390020579,-0.00292,-0.00225,-0.000913,-0.00102,-0.00227,
2023-10-02 20:30:00,2023-10-02,20,-0.7933533402912123,0.6087614290087505,275,-0.9998741380122476,0.0158653122964822,-0.00331,-0.0027,-0.00105,-0.0012,-0.00239,
2023-10-02 20:45:00,2023-10-02,20,-0.751839807479073,0.6593458150999599,275,-0.9998712789646832,0.0160444850814527,-0.00309,-0.0023599999999999,-0.000552,-0.000768,-0.0019299999999999,
2023-10-02 21:00:00,2023-10-02,21,-0.7071067811866184,0.7071067811864766,275,-0.9998683878101908,0.0162236573512187,-0.0028399999999999,-0.0021,-0.000765,-0.000761,-0.00215,
2023-10-02 21:15:00,2023-10-02,21,-0.6593458151001105,0.7518398074789409,275,-0.9998654645488638,0.0164028291000266,-0.00297,-0.00232,-0.000758,-0.000902,-0.0021,
2023-10-02 21:30:00,2023-10-02,21,-0.6087614290087291,0.7933533402912287,275,-0.999862509180796,0.0165820003221215,-0.00256,-0.00184,-0.000665,-0.000581,-0.00177,
2023-10-02 21:45:00,2023-10-02,21,-0.5555702330197629,0.8314696123024379,275,-0.999859521706082,0.0167611710117507,-0.00304,-0.0022299999999999,-0.000876,-0.000845,-0.00234,
2023-10-02 22:00:00,2023-10-02,22,-0.4999999999999316,0.8660254037844781,275,-0.9998565021248178,0.016940341163161,-0.00311,-0.00232,-0.000962,-0.000956,-0.00231,
2023-10-02 22:15:00,2023-10-02,22,-0.4422886902190943,0.8968727415326424,275,-0.9998534504371004,0.0171195107705989,-0.0028599999999999,-0.0021,-0.000745,-0.00081,-0.00235,
2023-10-02 22:30:00,2023-10-02,22,-0.3826834323653542,0.9238795325111772,275,-0.999850366643028,0.0172986798283111,-0.0025499999999999,-0.0019199999999999,-0.00107,-0.00106,-0.00244,
2023-10-02 22:45:00,2023-10-02,22,-0.3214394653031749,0.9469301294951012,275,-0.9998472507426994,0.0174778483305453,-0.00297,-0.00216,-0.000886,-0.00094,-0.00227,
2023-10-02 23:00:00,2023-10-02,23,-0.2588190451027108,0.9659258262890174,275,-0.9998441027362148,0.0176570162715454,-0.00276,-0.00212,-0.000814,-0.000849,-0.0022,
2023-10-02 23:15:00,2023-10-02,23,-0.1950903220160542,0.9807852804032452,275,-0.9998409226236752,0.0178361836455618,-0.00283,-0.00216,-0.000913,-0.000799,-0.00228,
2023-10-02 23:30:00,2023-10-02,23,-0.1305261922201578,0.9914448613737964,275,-0.9998377104051824,0.0180153504468386,-0.00294,-0.00237,-0.00115,-0.000975,-0.00234,
2023-10-02 23:45:00,2023-10-02,23,-0.0654031292302053,0.9978589232385994,275,-0.9998344660808404,0.0181945166696233,-0.00278,-0.00224,-0.000969,-0.000791,-0.00218,
2023-10-03 00:00:00,2023-10-03,0,-1.7617582449897413e-14,1.0,276,-0.9998311896507523,0.0183736823081636,-0.0028,-0.00227,-0.000962,-0.000803,-0.0022299999999999,
2023-10-03 00:15:00,2023-10-03,0,0.0654031292301701,0.9978589232386016,276,-0.9998278811150242,0.0185528473567038,-0.00281,-0.00218,-0.000841,-0.000929,-0.0020499999999999,
2023-10-03 00:30:00,2023-10-03,0,0.1305261922198974,0.9914448613738308,276,-0.9998245404737618,0.0187320118094932,-0.00264,-0.002,-0.000641,-0.000745,-0.00195,
2023-10-03 00:45:00,2023-10-03,0,0.1950903220162427,0.9807852804032076,276,-0.9998211677270726,0.0189111756607788,-0.00271,-0.00211,-0.00071,-0.000826,-0.00207,
2023-10-03 01:00:00,2023-10-03,1,0.2588190451024571,0.9659258262890852,276,-0.999817762875065,0.0190903389048055,-0.00269,-0.00211,-0.000838,-0.000929,-0.00226,
2023-10-03 01:15:00,2023-10-03,1,0.3214394653029263,0.9469301294951856,276,-0.999814325917848,0.0192695015358212,-0.00261,-0.00199,-0.000938,-0.000765,-0.00213,
2023-10-03 01:30:00,2023-10-03,1,0.3826834323651116,0.9238795325112776,276,-0.9998108568555324,0.0194486635480727,-0.00265,-0.00195,-0.000517,-0.00065,-0.00185,
2023-10-03 01:45:00,2023-10-03,1,0.4422886902188587,0.8968727415327586,276,-0.9998073556882292,0.0196278249358071,-0.00252,-0.00179,-0.000517,-0.000405,-0.00158,
2023-10-03 02:00:00,2023-10-03,2,0.4999999999999011,0.8660254037844958,276,-0.999803822416051,0.0198069856932711,-0.00261,-0.00196,-0.000976,-0.000677,-0.0022299999999999,
2023-10-03 02:15:00,2023-10-03,2,0.5555702330195446,0.8314696123025838,276,-0.9998002570391114,0.0199861458147128,-0.00273,-0.0022,-0.000965,-0.000547,-0.00182,
2023-10-03 02:30:00,2023-10-03,2,0.6087614290087011,0.7933533402912502,276,-0.9997966595575244,0.0201653052943762,-0.00262,-0.00218,-0.000972,-0.000837,-0.0022,
2023-10-03 02:45:00,2023-10-03,2,0.6593458150999131,0.751839807479114,276,-0.9997930299714062,0.0203444641265113,-0.00274,-0.00226,-0.001,-0.00091,-0.00222,
2023-10-03 03:00:00,2023-10-03,3,0.7071067811865934,0.7071067811865016,276,-0.9997893682808728,0.0205236223053649,-0.00229,-0.00176,-0.000858,-0.000791,-0.002,
2023-10-03 03:15:00,2023-10-03,3,0.7518398074788998,0.6593458151001573,276,-0.999785674486042,0.0207027798251823,-0.00237,-0.00185,-0.000882,-0.000837,-0.0019299999999999,
2023-10-03 03:30:00,2023-10-03,3,0.7933533402913292,0.6087614290085981,276,-0.9997819485870324,0.0208819366802123,-0.00287,-0.00233,-0.00082,-0.000917,-0.0020099999999999,
2023-10-03 03:45:00,2023-10-03,3,0.8314696123025296,0.5555702330196256,276,-0.9997781905839638,0.0210610928646995,-0.00241,-0.00183,-0.000703,-0.000684,-0.00179,
2023-10-03 04:00:00,2023-10-03,4,0.8660254037843333,0.5000000000001824,276,-0.9997744004769564,0.0212402483728935,-0.0022299999999999,-0.00164,-0.000785,-0.000476,-0.00183,
2023-10-03 04:15:00,2023-10-03,4,0.8968727415327155,0.4422886902189462,276,-0.9997705782661324,0.0214194031990415,-0.0029,-0.00228,-0.000741,-0.000573,-0.00184,
2023-10-03 04:30:00,2023-10-03,4,0.9238795325112404,0.3826834323652017,276,-0.9997667239516144,0.0215985573373888,-0.00247,-0.0019299999999999,-0.000734,-0.000615,-0.00184,
2023-10-03 04:45:00,2023-10-03,4,0.9469301294950812,0.3214394653032338,276,-0.999762837533526,0.0217777107821835,-0.00252,-0.00202,-0.000765,-0.000799,-0.00198,
2023-10-03 05:00:00,2023-10-03,5,0.96592582628906,0.2588190451025512,276,-0.9997589190119922,0.0219568635276729,-0.00215,-0.00157,-0.000427,-0.000428,-0.00155,
2023-10-03 05:15:00,2023-10-03,5,0.980785280403233,0.1950903220161153,276,-0.9997549683871386,0.022136015568104,0.00117,0.00176,0.0028,0.0025299999999999,0.00166,
2023-10-03 05:30:00,2023-10-03,5,0.9914448613737884,0.1305261922202195,276,-0.9997509856590924,0.0223151668977242,0.00848,0.00916,0.012,0.0109,0.0105,
2023-10-03 05:45:00,2023-10-03,5,0.9978589232386104,0.0654031292300405,276,-0.9997469708279813,0.0224943175107816,0.0203,0.0209,0.0258,0.0241,0.024,
2023-10-03 06:00:00,2023-10-03,6,1.0,7.985130416886354e-14,276,-0.999742923893934,0.0226734674015209,0.0299,0.0705,0.116,0.0916,0.101,
2023-10-03 06:15:00,2023-10-03,6,0.9978589232386208,-0.0654031292298811,276,-0.9997388448570806,0.0228526165641919,0.038,0.105,0.175,0.144,0.157,
2023-10-03 06:30:00,2023-10-03,6,0.9914448613738092,-0.1305261922200612,276,-0.9997347337175524,0.023031764993042,0.0444,0.155,0.254,0.215,0.233,
2023-10-03 06:45:00,2023-10-03,6,0.9807852804032642,-0.1950903220159587,276,-0.999730590475481,0.0232109126823169,0.0508,0.204,0.323,0.281,0.296,
2023-10-03 07:00:00,2023-10-03,7,0.9659258262891014,-0.258819045102397,276,-0.9997264151309996,0.0233900596262647,0.0562999999999999,0.252,0.391,0.346,0.356,
2023-10-03 07:15:00,2023-10-03,7,0.9469301294951324,-0.3214394653030826,276,-0.9997222076842424,0.0235692058191329,0.0628,0.301,0.461,0.412,0.425,
2023-10-03 07:30:00,2023-10-03,7,0.9238795325113016,-0.3826834323650541,276,-0.9997179681353442,0.0237483512551688,0.067,0.342,0.519,0.468,0.487,
2023-10-03 07:45:00,2023-10-03,7,0.8968727415326856,-0.4422886902190068,276,-0.9997136964844414,0.023927495928621,0.0698,0.379,0.571,0.52,0.541,
2023-10-03 08:00:00,2023-10-03,8,0.8660254037844132,-0.5000000000000442,276,-0.9997093927316713,0.0241066398337349,0.073,0.424,0.635,0.584,0.602,
2023-10-03 08:15:00,2023-10-03,8,0.8314696123026184,-0.5555702330194928,276,-0.9997050568771716,0.024285782964759,0.0769,0.466,0.693,0.641,0.657,
2023-10-03 08:30:00,2023-10-03,8,0.7933533402911496,-0.6087614290088321,276,-0.9997006889210818,0.0244649253159409,0.0792,0.503,0.746,0.695,0.71,
2023-10-03 08:45:00,2023-10-03,8,0.7518398074790051,-0.6593458151000372,276,-0.9996962888635422,0.0246440668815281,0.0838,0.539,0.797,0.747,0.757,
2023-10-03 09:00:00,2023-10-03,9,0.7071067811867063,-0.7071067811863887,276,-0.999691856704694,0.0248232076557682,0.0906,0.571,0.839,0.791,0.8,
2023-10-03 09:15:00,2023-10-03,9,0.6593458151000332,-0.7518398074790087,276,-0.9996873924446796,0.0250023476329096,0.0973,0.598,0.877,0.831,0.836,
2023-10-03 09:30:00,2023-10-03,9,0.6087614290088278,-0.7933533402911529,276,-0.9996828960836426,0.0251814868071973,0.103,0.62,0.912,0.868,0.871,
2023-10-03 09:45:00,2023-10-03,9,0.5555702330196773,-0.831469612302495,276,-0.9996783676217268,0.0253606251728816,0.109,0.637,0.937,0.896,0.896,
2023-10-03 10:00:00,2023-10-03,10,0.5000000000000394,-0.8660254037844158,276,-0.9996738070590782,0.0255397627242103,0.114,0.66,0.969,0.932,0.928,
2023-10-03 10:15:00,2023-10-03,10,0.4422886902190019,-0.8968727415326879,276,-0.9996692143958428,0.0257188994554291,0.12,0.674,0.989,0.955,0.949,
2023-10-03 10:30:00,2023-10-03,10,0.3826834323652592,-0.9238795325112166,276,-0.9996645896321684,0.0258980353607869,0.123,0.69,1.01,0.977,0.97,
2023-10-03 10:45:00,2023-10-03,10,0.3214394653030775,-0.9469301294951342,276,-0.9996599327682032,0.0260771704345312,0.126,0.694,1.01,0.984,0.974,
2023-10-03 11:00:00,2023-10-03,11,0.2588190451026114,-0.965925826289044,276,-0.9996552438040968,0.0262563046709099,0.131,0.7,1.02,0.993,0.981,
2023-10-03 11:15:00,2023-10-03,11,0.1950903220163993,-0.9807852804031764,276,-0.99965052274,0.0264354380641708,0.129,0.701,1.03,1.0,0.985,
2023-10-03 11:30:00,2023-10-03,11,0.1305261922200558,-0.9914448613738098,276,-0.9996457695760644,0.0266145706085627,0.128,0.701,1.02,1.01,0.985,
2023-10-03 11:45:00,2023-10-03,11,0.0654031292303295,-0.9978589232385912,276,-0.9996409843124422,0.0267937022983315,0.125,0.69,1.01,0.995,0.97,
2023-10-03 12:00:00,2023-10-03,12,1.4208502588782969e-13,-1.0,276,-0.9996361669492876,0.0269728331277253,0.121,0.688,1.01,0.994,0.965,
2023-10-03 12:15:00,2023-10-03,12,-0.0654031292300459,-0.99785892323861,276,-0.9996313174867548,0.0271519630909945,0.12,0.673,0.983,0.974,0.944,
2023-10-03 12:30:00,2023-10-03,12,-0.1305261922199995,-0.9914448613738172,276,-0.999626435925,0.0273310921823846,0.123,0.652,0.954,0.947,0.914,
2023-10-03 12:45:00,2023-10-03,12,-0.1950903220161206,-0.980785280403232,276,-0.9996215222641796,0.0275102203961451,0.123,0.625,0.917,0.913,0.878,
2023-10-03 13:00:00,2023-10-03,13,-0.2588190451025565,-0.9659258262890588,276,-0.9996165765044516,0.0276893477265215,0.116,0.607,0.894,0.893,0.855,
2023-10-03 13:15:00,2023-10-03,13,-0.3214394653030237,-0.9469301294951524,276,-0.9996115986459744,0.0278684741677644,0.113,0.582,0.859,0.863,0.82,
2023-10-03 13:30:00,2023-10-03,13,-0.3826834323652067,-0.9238795325112384,276,-0.9996065886889084,0.028047599714122,0.112,0.555,0.82,0.832,0.784,
2023-10-03 13:45:00,2023-10-03,13,-0.442288690218951,-0.8968727415327131,276,-0.9996015466334142,0.0282267243598405,0.108,0.514,0.759,0.778,0.729,
2023-10-03 14:00:00,2023-10-03,14,-0.4999999999997933,-0.866025403784558,276,-0.9995964724796536,0.0284058480991689,0.103,0.486,0.72,0.745,0.692,
2023-10-03 14:15:00,2023-10-03,14,-0.5555702330196302,-0.8314696123025266,276,-0.9995913662277898,0.0285849709263554,0.0994,0.444,0.661,0.689,0.635,
2023-10-03 14:30:00,2023-10-03,14,-0.6087614290086024,-0.7933533402913259,276,-0.9995862278779868,0.0287640928356481,0.0979,0.409,0.605,0.641,0.585,
2023-10-03 14:45:00,2023-10-03,14,-0.6593458150999905,-0.7518398074790461,276,-0.999581057430409,0.0289432138212953,0.0925,0.369,0.545,0.585,0.528,
2023-10-03 15:00:00,2023-10-03,15,-0.7071067811865055,-0.7071067811865897,276,-0.9995758548852232,0.0291223338775461,0.087,0.33,0.485,0.528,0.471,
2023-10-03 15:15:00,2023-10-03,15,-0.7518398074789677,-0.65934581510008,276,-0.999570620242596,0.029301452998647,0.0861,0.27,0.387,0.427,0.376,
2023-10-03 15:30:00,2023-10-03,15,-0.793353340291115,-0.6087614290088772,276,-0.9995653535026956,0.0294805711788462,0.0795999999999999,0.25,0.361,0.406,0.352,
2023-10-03 15:45:00,2023-10-03,15,-0.8314696123025868,-0.55557023301954,276,-0.9995600546656912,0.0296596884123948,0.0691,0.198,0.288,0.33,0.281,
2023-10-03 16:00:00,2023-10-03,16,-0.8660254037843848,-0.5000000000000934,276,-0.9995547237317528,0.0298388046935384,0.0612,0.133,0.188,0.217,0.183,
2023-10-03 16:15:00,2023-10-03,16,-0.8968727415325599,-0.4422886902192617,276,-0.9995493607010518,0.0300179200165263,0.0489,0.107,0.154,0.185,0.15,
2023-10-03 16:30:00,2023-10-03,16,-0.9238795325112796,-0.3826834323651066,276,-0.9995439655737602,0.030197034375607,0.0322,0.0521,0.0711,0.0848,0.0681,
2023-10-03 16:45:00,2023-10-03,16,-0.9469301294950412,-0.3214394653033517,276,-0.9995385383500514,0.0303761477650289,0.0153,0.0188,0.024,0.0275,0.0226999999999999,
2023-10-03 17:00:00,2023-10-03,17,-0.9659258262890869,-0.2588190451024518,276,-0.9995330790300996,0.0305552601790413,0.000505,0.00077,0.00343,0.00281,0.0022,
2023-10-03 17:15:00,2023-10-03,17,-0.9807852804032088,-0.1950903220162374,276,-0.99952758761408,0.030734371611891,-0.002,-0.0015,-0.000703,-0.000719,-0.0016899999999999,
2023-10-03 17:30:00,2023-10-03,17,-0.9914448613738016,-0.1305261922201175,276,-0.9995220641021688,0.0309134820578275,-0.00342,-0.0028599999999999,-0.00153,-0.00163,-0.00261,
2023-10-03 17:45:00,2023-10-03,17,-0.997858923238602,-0.0654031292301647,276,-0.999516508494544,0.0310925915110992,-0.00391,-0.00335,-0.00196,-0.00198,-0.00299,
2023-10-03 18:00:00,2023-10-03,18,-1.0,2.3054927836436245e-14,276,-0.9995109207913836,0.0312716999659548,-0.0037099999999999,-0.003,-0.00181,-0.00163,-0.00293,
2023-10-03 18:15:00,2023-10-03,18,-0.997858923238614,0.0654031292299838,276,-0.9995053009928668,0.031450807416643,-0.0033399999999999,-0.00259,-0.00153,-0.00153,-0.0028,
2023-10-03 18:30:00,2023-10-03,18,-0.9914448613737956,0.1305261922201632,276,-0.9994996490991744,0.0316299138574132,-0.00281,-0.00209,-0.00133,-0.00126,-0.00245,
2023-10-03 18:45:00,2023-10-03,18,-0.980785280403244,0.1950903220160596,276,-0.9994939651104876,0.0318090192825125,-0.00314,-0.00237,-0.0012,-0.0012,-0.00246,
2023-10-03 19:00:00,2023-10-03,19,-0.9659258262891336,0.2588190451022767,276,-0.9994882490269892,0.0319881236861895,-0.0019399999999999,-0.00127,-0.00163,-0.00133,-0.00282,
2023-10-03 19:15:00,2023-10-03,19,-0.9469301294950994,0.3214394653031801,276,-0.9994825008488628,0.0321672270626957,-0.00537,-0.00482,-0.00155,-0.0019199999999999,-0.00278,
2023-10-03 19:30:00,2023-10-03,19,-0.9238795325113492,0.3826834323649391,276,-0.9994767205762928,0.0323463294062772,-0.000711,-0.000255,-0.0014199999999999,-0.000619,-0.00181,
2023-10-03 19:45:00,2023-10-03,19,-0.8968727415327407,0.4422886902188952,276,-0.9994709082094646,0.0325254307111838,-0.00165,-0.00127,-0.00146,-0.000822,-0.00241,
2023-10-03 20:00:00,2023-10-03,20,-0.8660254037844753,0.4999999999999364,276,-0.9994650637485653,0.0327045309716643,-0.0033,-0.00291,-0.0014299999999999,-0.00161,-0.00283,
2023-10-03 20:15:00,2023-10-03,20,-0.8314696123025612,0.5555702330195783,276,-0.999459187193782,0.0328836301819675,-0.00304,-0.00258,-0.0011,-0.00123,-0.0025,
2023-10-03 20:30:00,2023-10-03,20,-0.7933533402913638,0.608761429008553,276,-0.999453278545304,0.0330627283363426,-0.0025,-0.0020099999999999,-0.00116,-0.00122,-0.00235,
2023-10-03 20:45:00,2023-10-03,20,-0.7518398074789373,0.6593458151001146,276,-0.9994473378033208,0.0332418254290392,-0.0016699999999999,-0.00109,-0.000879,-0.000688,-0.00183,
2023-10-03 21:00:00,2023-10-03,21,-0.7071067811866336,0.7071067811864614,276,-0.9994413649680232,0.0334209214543047,-0.00242,-0.00181,-0.000724,-0.000623,-0.00183,
2023-10-03 21:15:00,2023-10-03,21,-0.6593458150999558,0.7518398074790765,276,-0.9994353600396028,0.0336000164063889,-0.00256,-0.0020299999999999,-0.000882,-0.00065,-0.00191,
2023-10-03 21:30:00,2023-10-03,21,-0.6087614290087462,0.7933533402912155,276,-0.9994293230182526,0.0337791102795409,-0.00237,-0.00187,-0.00091,-0.000833,-0.00197,
2023-10-03 21:45:00,2023-10-03,21,-0.5555702330197808,0.8314696123024259,276,-0.9994232539041664,0.0339582030680099,-0.00187,-0.00126,-0.000845,-0.000589,-0.00186,
2023-10-03 22:00:00,2023-10-03,22,-0.4999999999999503,0.8660254037844674,276,-0.9994171526975392,0.0341372947660458,-0.00278,-0.00218,-0.000769,-0.000818,-0.0020099999999999,
2023-10-03 22:15:00,2023-10-03,22,-0.4422886902191136,0.896872741532633,276,-0.9994110193985666,0.034316385367896,-0.00235,-0.00174,-0.00072,-0.000688,-0.00183,
2023-10-03 22:30:00,2023-10-03,22,-0.3826834323651641,0.923879532511256,276,-0.999404854007446,0.0344954748678099,-0.00249,-0.00191,-0.0008,-0.00078,-0.00195,
2023-10-03 22:45:00,2023-10-03,22,-0.3214394653031954,0.946930129495094,276,-0.999398656524375,0.0346745632600392,-0.00211,-0.00148,-0.000541,-0.000547,-0.00164,
2023-10-03 23:00:00,2023-10-03,23,-0.2588190451025119,0.9659258262890706,276,-0.9993924269495528,0.0348536505388306,-0.00239,-0.00174,-0.000586,-0.000543,-0.00178,
2023-10-03 23:15:00,2023-10-03,23,-0.1950903220162984,0.9807852804031966,276,-0.9993861652831793,0.0350327366984343,-0.0025,-0.00181,-0.000548,-0.000405,-0.00178,
2023-10-03 23:30:00,2023-10-03,23,-0.1305261922199538,0.9914448613738231,276,-0.9993798715254556,0.0352118217330997,-0.00233,-0.00171,-0.000596,-0.000474,-0.00181,
2023-10-03 23:45:00,2023-10-03,23,-0.0654031292302268,0.997858923238598,276,-0.999373545676584,0.0353909056370761,-0.00247,-0.00187,-0.000827,-0.000692,-0.00199,
2023-10-04 00:00:00,2023-10-04,0,-2.66552469325762e-13,1.0,277,-0.9993671877367676,0.035569988404613,-0.0023599999999999,-0.0016899999999999,-0.000527,-0.000493,-0.00174,
2023-10-04 00:15:00,2023-10-04,0,0.0654031292301486,0.9978589232386031,277,-0.9993607977062104,0.0357490700299607,-0.00252,-0.00158,-0.000672,-0.000642,-0.00219,
2023-10-04 00:30:00,2023-10-04,0,0.1305261922198761,0.9914448613738336,277,-0.9993543755851174,0.0359281505073669,-0.00207,-0.00117,-0.000503,-0.000325,-0.0016,
2023-10-04 00:45:00,2023-10-04,0,0.1950903220159985,0.9807852804032564,277,-0.9993479213736952,0.0361072298310812,-0.00246,-0.0016799999999999,-0.000631,-0.000627,-0.00216,
2023-10-04 01:00:00,2023-10-04,1,0.2588190451024363,0.965925826289091,277,-0.999341435072151,0.0362863079953559,-0.0023599999999999,-0.00171,-0.000634,-0.000531,-0.0019,
2023-10-04 01:15:00,2023-10-04,1,0.3214394653031212,0.9469301294951192,277,-0.9993349166806929,0.0364653849944378,-0.00247,-0.00174,-0.000879,-0.000715,-0.00231,
2023-10-04 01:30:00,2023-10-04,1,0.3826834323650917,0.923879532511286,277,-0.9993283661995302,0.0366444608225783,-0.00256,-0.00186,-0.000872,-0.000879,-0.00226,
2023-10-04 01:45:00,2023-10-04,1,0.4422886902190433,0.8968727415326676,277,-0.9993217836288736,0.0368235354740255,-0.00258,-0.00175,-0.000738,-0.000784,-0.00227,
2023-10-04 02:00:00,2023-10-04,2,0.4999999999998825,0.8660254037845065,277,-0.999315168968934,0.037002608943029,-0.00212,-0.0016,-0.000651,-0.000604,-0.00189,
2023-10-04 02:15:00,2023-10-04,2,0.5555702330197156,0.8314696123024694,277,-0.9993085222199242,0.0371816812238412,-0.0020499999999999,-0.00154,-0.000703,-0.000593,-0.00182,
2023-10-04 02:30:00,2023-10-04,2,0.608761429008684,0.7933533402912633,277,-0.9993018433820572,0.0373607523107094,-0.00228,-0.00178,-0.000683,-0.000635,-0.00179,
2023-10-04 02:45:00,2023-10-04,2,0.6593458150998969,0.7518398074791283,277,-0.999295132455548,0.0375398221978841,-0.0021,-0.0016,-0.000576,-0.000493,-0.00172,
2023-10-04 03:00:00,2023-10-04,3,0.7071067811865782,0.7071067811865168,277,-0.9992883894406116,0.0377188908796153,-0.0022299999999999,-0.0017,-0.000655,-0.000608,-0.00177,
2023-10-04 03:15:00,2023-10-04,3,0.7518398074788856,0.6593458151001735,277,-0.999281614337465,0.0378979583501528,-0.00226,-0.0016899999999999,-0.000669,-0.000528,-0.00156,
2023-10-04 03:30:00,2023-10-04,3,0.7933533402911777,0.6087614290087956,277,-0.9992748071463252,0.0380770246037468,-0.0026,-0.00222,-0.00106,-0.000972,-0.00234,
2023-10-04 03:45:00,2023-10-04,3,0.8314696123025177,0.5555702330196435,277,-0.9992679678674112,0.0382560896346479,-0.0025499999999999,-0.00214,-0.001,-0.000917,-0.00137,
2023-10-04 04:00:00,2023-10-04,4,0.8660254037844362,0.5000000000000042,277,-0.9992610965009426,0.0384351534371046,-0.00269,-0.00206,-0.000986,-0.000772,-0.00234,
2023-10-04 04:15:00,2023-10-04,4,0.8968727415326054,0.4422886902191694,277,-0.99925419304714,0.0386142160053668,-0.00266,-0.00211,-0.00109,-0.00106,-0.00146,
2023-10-04 04:30:00,2023-10-04,4,0.9238795325113192,0.3826834323650115,277,-0.9992472575062248,0.0387932773336873,-0.00239,-0.00172,-0.000938,-0.000443,-0.00126,
2023-10-04 04:45:00,2023-10-04,4,0.9469301294950742,0.3214394653032543,277,-0.99924028987842,0.0389723374163136,-0.00272,-0.00221,-0.0009,-0.000822,-0.0021,
2023-10-04 05:00:00,2023-10-04,5,0.9659258262889956,0.2588190451027917,277,-0.9992332901639494,0.0391513962474969,-0.00263,-0.00222,-0.000252,-0.00026,-0.00129,
2023-10-04 05:15:00,2023-10-04,5,0.9807852804032288,0.1950903220161364,277,-0.9992262583630376,0.0393304538214881,0.0014,0.00199,0.0035099999999999,0.00318,0.00271,
2023-10-04 05:30:00,2023-10-04,5,0.9914448613737856,0.1305261922202409,277,-0.9992191944759105,0.039509510132535,0.0099499999999999,0.00996,0.0111,0.0104,0.0104,
2023-10-04 05:45:00,2023-10-04,5,0.9978589232386088,0.065403129230062,277,-0.9992120985027946,0.0396885651748914,0.0266,0.0264,0.031,0.0282,0.0301999999999999,
2023-10-04 06:00:00,2023-10-04,6,1.0,1.0141251560149603e-13,277,-0.999204970443918,0.0398676189428049,0.0424,0.0437,0.0533,0.0477,0.0517,
2023-10-04 06:15:00,2023-10-04,6,0.9978589232386073,-0.0654031292300865,277,-0.99919781029951,0.0400466714305269,0.0660999999999999,0.101,0.148,0.126,0.137,
2023-10-04 06:30:00,2023-10-04,6,0.991444861373812,-0.1305261922200398,277,-0.9991906180697998,0.0402257226323077,0.0648,0.0997,0.148,0.13,0.138,
2023-10-04 06:45:00,2023-10-04,6,0.980785280403224,-0.1950903220161605,277,-0.9991833937550187,0.040404772542398,0.0752,0.135,0.202,0.179,0.188,
2023-10-04 07:00:00,2023-10-04,7,0.9659258262891072,-0.2588190451023762,277,-0.9991761373553988,0.0405838211550481,0.0845,0.208,0.322,0.287,0.294,
2023-10-04 07:15:00,2023-10-04,7,0.9469301294950664,-0.3214394653032775,277,-0.9991688488711732,0.0407628684645096,0.0824,0.244,0.376,0.338,0.346,
2023-10-04 07:30:00,2023-10-04,7,0.9238795325113096,-0.3826834323650342,277,-0.9991615283025752,0.0409419144650312,0.0878,0.3,0.459,0.416,0.429,
2023-10-04 07:45:00,2023-10-04,7,0.8968727415327956,-0.4422886902187836,277,-0.9991541756498408,0.0411209591508636,0.0953,0.384,0.583,0.534,0.549,
2023-10-04 08:00:00,2023-10-04,8,0.8660254037844239,-0.5000000000000255,277,-0.9991467909132056,0.0413000025162601,0.0894,0.422,0.639,0.591,0.603,
2023-10-04 08:15:00,2023-10-04,8,0.8314696123026304,-0.5555702330194748,277,-0.9991393740929068,0.0414790445554689,0.0982,0.462,0.696,0.649,0.658,
2023-10-04 08:30:00,2023-10-04,8,0.7933533402913011,-0.6087614290086346,277,-0.9991319251891824,0.0416580852627415,0.106,0.405,0.61,0.574,0.577,
2023-10-04 08:45:00,2023-10-04,8,0.7518398074790194,-0.659345815100021,277,-0.999124444202272,0.0418371246323297,0.163,0.536,0.775,0.726,0.736,
2023-10-04 09:00:00,2023-10-04,9,0.7071067811865609,-0.7071067811865343,277,-0.9991169311324156,0.0420161626584817,0.177,0.504,0.735,0.693,0.698,
2023-10-04 09:15:00,2023-10-04,9,0.6593458151002203,-0.7518398074788446,277,-0.9991093859798544,0.042195199335451,0.133,0.604,0.89,0.844,0.842,
2023-10-04 09:30:00,2023-10-04,9,0.6087614290086646,-0.7933533402912782,277,-0.9991018087448306,0.0423742346574886,0.106,0.614,0.921,0.879,0.87,
2023-10-04 09:45:00,2023-10-04,9,0.5555702330196952,-0.8314696123024831,277,-0.9990941994275878,0.0425532686188436,0.109,0.637,0.953,0.913,0.902,
2023-10-04 10:00:00,2023-10-04,10,0.500000000000255,-0.8660254037842914,277,-0.99908655802837,0.042732301213768,0.11,0.656,0.979,0.941,0.929,
2023-10-04 10:15:00,2023-10-04,10,0.4422886902190213,-0.8968727415326784,277,-0.999078884547423,0.0429113324365129,0.11,0.674,1.0,0.969,0.954,
2023-10-04 10:30:00,2023-10-04,10,0.3826834323652791,-0.9238795325112084,277,-0.999071178984993,0.0430903622813294,0.111,0.686,1.02,0.989,0.971,
2023-10-04 10:45:00,2023-10-04,10,0.3214394653030979,-0.9469301294951272,277,-0.9990634413413272,0.0432693907424695,0.111,0.692,1.03,1.0,0.981,
2023-10-04 11:00:00,2023-10-04,11,0.2588190451026322,-0.9659258262890384,277,-0.9990556716166744,0.0434484178141827,0.11,0.7,1.04,1.02,0.991,
2023-10-04 11:15:00,2023-10-04,11,0.1950903220161975,-0.9807852804032168,277,-0.999047869811284,0.0436274434907202,0.113,0.697,1.04,1.02,0.987,
2023-10-04 11:30:00,2023-10-04,11,0.1305261922200772,-0.991444861373807,277,-0.9990400359254062,0.043806467766336,0.111,0.698,1.03,1.02,0.986,
2023-10-04 11:45:00,2023-10-04,11,0.0654031292301241,-0.9978589232386048,277,-0.999032169959293,0.0439854906352787,0.113,0.694,1.02,1.02,0.979,
2023-10-04 12:00:00,2023-10-04,12,1.6364623732046216e-13,-1.0,277,-0.9990242719131968,0.0441645120918007,0.122,0.684,1.0,1.0,0.962,
2023-10-04 12:15:00,2023-10-04,12,-0.0654031292302513,-0.9978589232385964,277,-0.9990163417873712,0.0443435321301542,0.207,0.723,0.999,0.992,0.965,
2023-10-04 12:30:00,2023-10-04,12,-0.1305261922199781,-0.99144486137382,277,-0.9990083795820712,0.044522550744588,0.13,0.662,0.961,0.965,0.924,
2023-10-04 12:45:00,2023-10-04,12,-0.1950903220158765,-0.9807852804032804,277,-0.999000385297552,0.0447015679293564,0.121,0.613,0.898,0.907,0.865,
2023-10-04 13:00:00,2023-10-04,13,-0.2588190451025356,-0.9659258262890644,277,-0.9989923589340702,0.0448805836787109,0.112,0.611,0.899,0.913,0.865,
2023-10-04 13:15:00,2023-10-04,13,-0.3214394653030033,-0.9469301294951594,277,-0.998984300491884,0.0450595979869014,0.111,0.584,0.857,0.875,0.824,
2023-10-04 13:30:00,2023-10-04,13,-0.3826834323649767,-0.9238795325113336,277,-0.998976209971252,0.0452386108481803,0.1,0.551,0.814,0.837,0.783,
2023-10-04 13:45:00,2023-10-04,13,-0.4422886902189317,-0.8968727415327227,277,-0.998968087372434,0.0454176222567995,0.095,0.52,0.768,0.795,0.74,
2023-10-04 14:00:00,2023-10-04,14,-0.4999999999999716,-0.866025403784455,277,-0.9989599326956904,0.0455966322070106,0.093,0.487,0.719,0.751,0.694,
2023-10-04 14:15:00,2023-10-04,14,-0.5555702330194231,-0.8314696123026649,277,-0.998951745941284,0.0457756406930655,0.084,0.447,0.663,0.7,0.642,
2023-10-04 14:30:00,2023-10-04,14,-0.6087614290087656,-0.7933533402912006,277,-0.9989435271094766,0.0459546477092169,0.0765999999999999,0.406,0.606,0.648,0.588,
2023-10-04 14:45:00,2023-10-04,14,-0.6593458150999743,-0.7518398074790604,277,-0.998935276200533,0.046133653249714,0.0742,0.362,0.549,0.596,0.534,
2023-10-04 15:00:00,2023-10-04,15,-0.7071067811866509,-0.7071067811864441,277,-0.9989269932147176,0.0463126573088123,0.0859,0.294,0.442,0.487,0.43,
2023-10-04 15:15:00,2023-10-04,15,-0.7518398074789535,-0.6593458151000962,277,-0.9989186781522966,0.0464916598807612,0.129,0.209,0.291,0.316,0.286,
2023-10-04 15:30:00,2023-10-04,15,-0.7933533402911019,-0.6087614290088943,277,-0.998910331013537,0.0466706609598136,0.103,0.102,0.122,0.122,0.119,
2023-10-04 15:45:00,2023-10-04,15,-0.8314696123025748,-0.555570233019558,277,-0.9989019517987068,0.0468496605402224,0.103,0.101,0.102,0.0965,0.103,
2023-10-04 16:00:00,2023-10-04,16,-0.866025403784374,-0.500000000000112,277,-0.9988935405080752,0.0470286586162371,0.063,0.0621,0.0653,0.0633,0.0647,
2023-10-04 16:15:00,2023-10-04,16,-0.896872741532651,-0.4422886902190771,277,-0.998885097141912,0.0472076551821126,0.061,0.0603999999999999,0.064,0.0631,0.0649,
2023-10-04 16:30:00,2023-10-04,16,-0.9238795325112716,-0.3826834323651265,277,-0.9988766217004884,0.047386650232101,0.0324,0.0439,0.0576,0.0675,0.0578,
2023-10-04 16:45:00,2023-10-04,16,-0.9469301294951072,-0.3214394653031568,277,-0.9988681141840768,0.047565643760453,0.0153,0.0179,0.0232,0.0275,0.0224,
2023-10-04 17:00:00,2023-10-04,17,-0.9659258262890223,-0.2588190451026923,277,-0.99885957459295,0.0477446357614216,0.00325,0.00309,0.00543,0.00516,0.0047599999999999,
2023-10-04 17:15:00,2023-10-04,17,-0.9807852804032487,-0.1950903220160355,277,-0.9988510029273828,0.0479236262292594,0.000786,0.000844,0.000283,0.000539,-0.0003,
2023-10-04 17:30:00,2023-10-04,17,-0.991444861373799,-0.1305261922201389,277,-0.9988423991876496,0.0481026151582187,-0.0049299999999999,-0.00448,-0.00228,-0.00252,-0.00357,
2023-10-04 17:45:00,2023-10-04,17,-0.9978589232385858,-0.0654031292304131,277,-0.9988337633740276,0.0482816025425519,-0.00511,-0.00442,-0.00226,-0.00213,-0.00368,
2023-10-04 18:00:00,2023-10-04,18,-1.0,1.4937164038037697e-15,277,-0.9988250954867935,0.0484605883765126,-0.00368,-0.00318,-0.0016799999999999,-0.00145,-0.00282,
2023-10-04 18:15:00,2023-10-04,18,-0.9978589232386154,0.0654031292299623,277,-0.998816395526226,0.0486395726543506,-0.00187,-0.00151,-0.000534,-0.000577,-0.00121,
2023-10-04 18:30:00,2023-10-04,18,-0.9914448613738284,0.1305261922199164,277,-0.998807663492604,0.0488185553703211,-0.0022,-0.00183,-0.000458,-0.000539,-0.000968,
2023-10-04 18:45:00,2023-10-04,18,-0.9807852804032484,0.1950903220160385,277,-0.9987988993862082,0.048997536518677,-0.00213,-0.0019199999999999,-0.000945,-0.000994,-0.00147,
2023-10-04 19:00:00,2023-10-04,19,-0.9659258262890804,0.2588190451024756,277,-0.99879010320732,0.0491765160936691,-0.00333,-0.00295,-0.0017,-0.00161,-0.00275,
2023-10-04 19:15:00,2023-10-04,19,-0.9469301294951064,0.3214394653031597,277,-0.998781274956222,0.0493554940895519,-0.00115,-0.000929,-0.000283,-0.000329,-0.000823,
2023-10-04 19:30:00,2023-10-04,19,-0.9238795325112704,0.3826834323651293,277,-0.9987724146331974,0.0495344705005757,-7.44e-05,1.77e-05,0.000438,0.000401,0.000253,
2023-10-04 19:45:00,2023-10-04,19,-0.8968727415327501,0.4422886902188759,277,-0.9987635222385308,0.049713445320996,-0.00103,-0.00094,-0.000145,-0.000321,-0.000407,
2023-10-04 20:00:00,2023-10-04,20,-0.8660254037843724,0.5000000000001146,277,-0.998754597772508,0.0498924185450657,-0.0025299999999999,-0.00225,-0.00121,-0.00131,-0.00171,
2023-10-04 20:15:00,2023-10-04,20,-0.8314696123025732,0.5555702330195604,277,-0.9987456412354152,0.050071390167036,-0.0020099999999999,-0.00183,-0.0011,-0.00125,-0.00156,
2023-10-04 20:30:00,2023-10-04,20,-0.7933533402913769,0.6087614290085359,277,-0.99873665262754,0.0502503601811609,-0.00233,-0.0020499999999999,-0.000969,-0.00113,-0.00121,
2023-10-04 20:45:00,2023-10-04,20,-0.7518398074789515,0.6593458151000984,277,-0.9987276319491716,0.0504293285816933,-0.00241,-0.00217,-0.00129,-0.00147,-0.00161,
2023-10-04 21:00:00,2023-10-04,21,-0.7071067811866488,0.7071067811864462,277,-0.9987185792005988,0.0506082953628865,-0.000604,-0.000486,-0.00129,-0.00122,-0.00157,
2023-10-04 21:15:00,2023-10-04,21,-0.6593458151001429,0.7518398074789124,277,-0.998709494382113,0.0507872605189937,-0.00158,-0.00137,-0.000982,-0.00106,-0.0012,
2023-10-04 21:30:00,2023-10-04,21,-0.6087614290087633,0.7933533402912024,277,-0.9987003774940056,0.0509662240442689,-0.000174,-0.000245,0.000396,0.000107,0.000754,
2023-10-04 21:45:00,2023-10-04,21,-0.5555702330196097,0.8314696123025402,277,-0.9986912285365696,0.0511451859329628,0.000629,0.000468,0.000248,0.000218,0.000394,
2023-10-04 22:00:00,2023-10-04,22,-0.5000000000001659,0.8660254037843429,277,-0.9986820475100984,0.0513241461793314,-0.000124,-0.000316,0.000207,-8.41e-05,0.000261,
2023-10-04 22:15:00,2023-10-04,22,-0.442288690218929,0.8968727415327239,277,-0.9986728344148872,0.0515031047776282,-0.00067,-0.000663,-2.76e-05,-6.879999999999999e-05,-0.000206,
2023-10-04 22:30:00,2023-10-04,22,-0.382683432365184,0.9238795325112475,277,-0.9986635892512316,0.0516820617221046,-0.00184,-0.0016699999999999,-0.000927,-0.000944,-0.00137,
2023-10-04 22:45:00,2023-10-04,22,-0.3214394653034311,0.9469301294950142,277,-0.9986543120194286,0.0518610170070153,-0.00111,-0.00105,-0.000517,-0.000512,-0.000827,
2023-10-04 23:00:00,2023-10-04,23,-0.2588190451025328,0.9659258262890652,277,-0.998645002719776,0.0520399706266137,-0.00207,-0.00186,-0.000931,-0.000967,-0.00135,
2023-10-04 23:15:00,2023-10-04,23,-0.1950903220163196,0.9807852804031923,277,-0.9986356613525726,0.0522189225751533,-0.00239,-0.00212,-0.000982,-0.000971,-0.0014,
2023-10-04 23:30:00,2023-10-04,23,-0.1305261922199751,0.9914448613738204,277,-0.9986262879181188,0.0523978728468889,-0.00214,-0.00191,-0.000986,-0.000986,-0.00129,
2023-10-04 23:45:00,2023-10-04,23,-0.0654031292302483,0.9978589232385966,277,-0.9986168824167152,0.0525768214360723,-0.0033,-0.00296,-0.00181,-0.00162,-0.00261,
2023-10-05 00:00:00,2023-10-05,0,-6.074000531516237e-14,1.0,278,-0.9986074448486638,0.0527557683369582,-0.00273,-0.00234,-0.00131,-0.00111,-0.00191,
2023-10-05 00:15:00,2023-10-05,0,0.0654031292301271,0.9978589232386046,278,-0.998597975214268,0.0529347135438003,-0.00266,-0.00233,-0.00137,-0.00111,-0.00208,
2023-10-05 00:30:00,2023-10-05,0,0.1305261922200801,0.9914448613738066,278,-0.9985884735138316,0.0531136570508527,-0.00114,-0.000869,-0.00131,-0.000799,-0.0018,
2023-10-05 00:45:00,2023-10-05,0,0.1950903220159774,0.9807852804032604,278,-0.99857893974766,0.0532925988523692,-0.00247,-0.00211,-0.00101,-0.000845,-0.00131,
2023-10-05 01:00:00,2023-10-05,1,0.2588190451026351,0.9659258262890376,278,-0.9985693739160588,0.0534715389426046,-0.00364,-0.00324,-0.000889,-0.000879,-0.00133,
2023-10-05 01:15:00,2023-10-05,1,0.3214394653031007,0.9469301294951264,278,-0.9985597760193357,0.0536504773158105,-0.00283,-0.00246,-0.00101,-0.000894,-0.00165,
2023-10-05 01:30:00,2023-10-05,1,0.3826834323648617,0.9238795325113812,278,-0.9985501460577986,0.0538294139662434,-0.00188,-0.00163,-0.00111,-0.00068,-0.00179,
2023-10-05 01:45:00,2023-10-05,1,0.442288690219024,0.8968727415326772,278,-0.9985404840317568,0.0540083488881577,-0.00173,-0.0014399999999999,-0.00127,-0.00094,-0.00178,
2023-10-05 02:00:00,2023-10-05,2,0.4999999999998638,0.8660254037845173,278,-0.9985307899415206,0.0541872820758057,-0.00229,-0.00196,-0.00128,-0.00094,-0.00187,
2023-10-05 02:15:00,2023-10-05,2,0.5555702330195087,0.8314696123026077,278,-0.9985210637874012,0.0543662135234426,-0.00213,-0.00175,-0.00105,-0.000784,-0.00177,
2023-10-05 02:30:00,2023-10-05,2,0.6087614290086669,0.7933533402912764,278,-0.9985113055697112,0.0545451432253226,-0.00209,-0.00172,-0.00116,-0.000906,-0.00195,
2023-10-05 02:45:00,2023-10-05,2,0.6593458151000516,0.7518398074789925,278,-0.9985015152887636,0.0547240711757003,-0.00196,-0.00161,-0.000993,-0.000646,-0.0016799999999999,
2023-10-05 03:00:00,2023-10-05,3,0.7071067811864021,0.7071067811866929,278,-0.9984916929448728,0.0549029973688299,-0.00291,-0.0025499999999999,-0.00125,-0.00121,-0.00231,
2023-10-05 03:15:00,2023-10-05,3,0.7518398074790213,0.6593458151000188,278,-0.9984818385383544,0.055081921798967,-0.0026,-0.00222,-0.00108,-0.0011,-0.00221,
2023-10-05 03:30:00,2023-10-05,3,0.7933533402911646,0.6087614290088127,278,-0.9984719520695248,0.0552608444603642,-0.0019399999999999,-0.00153,-0.000679,-0.000615,-0.00145,
2023-10-05 03:45:00,2023-10-05,3,0.8314696123026319,0.5555702330194724,278,-0.9984620335387012,0.055439765347277,-0.00213,-0.00171,-0.000862,-0.00057,-0.0016899999999999,
2023-10-05 04:00:00,2023-10-05,4,0.8660254037844254,0.5000000000000229,278,-0.9984520829462028,0.0556186844539602,-0.0022299999999999,-0.00176,-0.000789,-0.000516,-0.00152,
2023-10-05 04:15:00,2023-10-05,4,0.8968727415325959,0.4422886902191887,278,-0.9984421002923484,0.0557976017746684,-0.00229,-0.00186,-0.000714,-0.000573,-0.00175,
2023-10-05 04:30:00,2023-10-05,4,0.9238795325113108,0.3826834323650314,278,-0.9984320855774584,0.0559765173036573,-0.00244,-0.002,-0.000948,-0.000665,-0.00186,
2023-10-05 04:45:00,2023-10-05,4,0.9469301294950672,0.3214394653032747,278,-0.9984220388018552,0.056155431035179,-0.00237,-0.00191,-0.000896,-0.0006,-0.00177,
2023-10-05 05:00:00,2023-10-05,5,0.965925826289049,0.2588190451025929,278,-0.9984119599658609,0.0563343429634912,-0.00239,-0.0019299999999999,-0.0009,-0.000703,-0.0018,
2023-10-05 05:15:00,2023-10-05,5,0.9807852804032248,0.1950903220161576,278,-0.9984018490697992,0.0565132530828487,0.00112,0.00146,0.00249,0.00237,0.00163,
2023-10-05 05:30:00,2023-10-05,5,0.9914448613738124,0.1305261922200368,278,-0.9983917061139946,0.0566921613875049,0.00873,0.00906,0.0109,0.0101,0.00996,
2023-10-05 05:45:00,2023-10-05,5,0.9978589232385924,0.0654031292303104,278,-0.9983815310987731,0.0568710678717155,0.0257,0.0258,0.0292,0.0268,0.0281,
2023-10-05 06:00:00,2023-10-05,6,1.0,-1.0439994840910357e-13,278,-0.9983713240244616,0.0570499725297359,0.0484,0.0737999999999999,0.111,0.0915,0.0993,
2023-10-05 06:15:00,2023-10-05,6,0.9978589232386086,-0.065403129230065,278,-0.9983610848913872,0.0572288753558211,0.0645999999999999,0.125,0.198,0.165,0.18,
2023-10-05 06:30:00,2023-10-05,6,0.9914448613738444,-0.130526192219793,278,-0.9983508136998794,0.0574077763442263,0.0793,0.157,0.239,0.207,0.222,
2023-10-05 06:45:00,2023-10-05,6,0.9807852804032282,-0.1950903220161394,278,-0.9983405104502676,0.0575866754892079,0.1,0.209,0.308,0.27,0.287,
2023-10-05 07:00:00,2023-10-05,7,0.9659258262891126,-0.2588190451023553,278,-0.9983301751428826,0.0577655727850193,0.122,0.262,0.386,0.344,0.357,
2023-10-05 07:15:00,2023-10-05,7,0.9469301294951464,-0.3214394653030418,278,-0.9983198077780564,0.057944468225916,0.116,0.301,0.459,0.414,0.426,
2023-10-05 07:30:00,2023-10-05,7,0.923879532511318,-0.3826834323650143,278,-0.998309408356122,0.0581233618061561,0.114,0.349,0.532,0.484,0.5,
2023-10-05 07:45:00,2023-10-05,7,0.8968727415327046,-0.4422886902189681,278,-0.9982989768774134,0.0583022535199925,0.111,0.384,0.584,0.537,0.551,
2023-10-05 08:00:00,2023-10-05,8,0.8660254037844347,-0.5000000000000068,278,-0.9982885133422652,0.0584811433616826,0.116,0.44,0.659,0.611,0.623,
2023-10-05 08:15:00,2023-10-05,8,0.831469612302516,-0.555570233019646,278,-0.998278017751014,0.0586600313254793,0.132,0.496,0.737,0.687,0.699,
2023-10-05 08:30:00,2023-10-05,8,0.7933533402913143,-0.6087614290086175,278,-0.9982674901039962,0.0588389174056411,0.129,0.47,0.698,0.656,0.663,
2023-10-05 08:45:00,2023-10-05,8,0.7518398074788837,-0.6593458151001758,278,-0.99825693040155,0.0590178015964237,0.12,0.489,0.74,0.7,0.698,
2023-10-05 09:00:00,2023-10-05,9,0.7071067811865761,-0.7071067811865189,278,-0.9982463386440148,0.0591966838920812,0.0955,0.575,0.875,0.831,0.824,
2023-10-05 09:15:00,2023-10-05,9,0.6593458151002365,-0.7518398074788304,278,-0.9982357148317303,0.0593755642868704,0.0907,0.6,0.907,0.864,0.855,
2023-10-05 09:30:00,2023-10-05,9,0.6087614290086817,-0.793353340291265,278,-0.998225058965038,0.0595544427750472,0.0954,0.628,0.94,0.899,0.889,
2023-10-05 09:45:00,2023-10-05,9,0.5555702330197132,-0.8314696123024711,278,-0.99821437104428,0.0597333193508676,0.113,0.647,0.959,0.918,0.91,
2023-10-05 10:00:00,2023-10-05,10,0.5000000000000768,-0.8660254037843943,278,-0.9982036510697992,0.0599121940085878,0.129,0.682,1.0,0.961,0.954,
2023-10-05 10:15:00,2023-10-05,10,0.4422886902190406,-0.8968727415326689,278,-0.99819289904194,0.0600910667424647,0.156,0.737,1.08,1.04,1.03,
2023-10-05 10:30:00,2023-10-05,10,0.3826834323650889,-0.9238795325112872,278,-0.9981821149610478,0.0602699375467529,0.135,0.716,1.07,1.03,1.01,
2023-10-05 10:45:00,2023-10-05,10,0.3214394653033336,-0.9469301294950472,278,-0.9981712988274688,0.0604488064157085,0.105,0.708,1.06,1.03,1.01,
2023-10-05 11:00:00,2023-10-05,11,0.2588190451024334,-0.9659258262890916,278,-0.9981604506415503,0.0606276733435906,0.0960999999999999,0.714,1.07,1.04,1.01,
2023-10-05 11:15:00,2023-10-05,11,0.1950903220162186,-0.9807852804032124,278,-0.9981495704036408,0.0608065383246528,0.0933,0.714,1.06,1.04,1.01,
2023-10-05 11:30:00,2023-10-05,11,0.130526192220324,-0.9914448613737744,278,-0.9981386581140892,0.0609854013531526,0.0977,0.71,1.05,1.03,1.0,
2023-10-05 11:45:00,2023-10-05,11,0.0654031292301456,-0.9978589232386034,278,-0.9981277137732466,0.0611642624233465,0.11,0.694,1.02,1.01,0.976,
2023-10-05 12:00:00,2023-10-05,12,1.8520744875309466e-13,-1.0,278,-0.998116737381464,0.061343121529491,0.115,0.696,1.02,1.01,0.978,
2023-10-05 12:15:00,2023-10-05,12,-0.0654031292300029,-0.9978589232386128,278,-0.9981057289390936,0.0615219786658428,0.142,0.681,0.992,0.99,0.954,
2023-10-05 12:30:00,2023-10-05,12,-0.1305261922199567,-0.9914448613738228,278,-0.9980946884464896,0.0617008338266595,0.156,0.626,0.915,0.918,0.879,
2023-10-05 12:45:00,2023-10-05,12,-0.1950903220160783,-0.9807852804032404,278,-0.998083615904006,0.061879687006196,0.14,0.66,0.972,0.98,0.933,
2023-10-05 13:00:00,2023-10-05,13,-0.2588190451025148,-0.96592582628907,278,-0.9980725113119984,0.0620585381987101,0.162,0.592,0.864,0.874,0.83,
2023-10-05 13:15:00,2023-10-05,13,-0.3214394653031982,-0.9469301294950933,278,-0.9980613746708236,0.0622373873984588,0.157,0.535,0.784,0.799,0.753,
2023-10-05 13:30:00,2023-10-05,13,-0.3826834323649568,-0.9238795325113418,278,-0.998050205980839,0.0624162345996988,0.152,0.54,0.791,0.81,0.76,
2023-10-05 13:45:00,2023-10-05,13,-0.4422886902191162,-0.8968727415326316,278,-0.9980390052424034,0.0625950797966883,0.151,0.512,0.744,0.768,0.716,
2023-10-05 14:00:00,2023-10-05,14,-0.4999999999999529,-0.8660254037844658,278,-0.9980277724558764,0.0627739229836824,0.139,0.483,0.709,0.739,0.685,
2023-10-05 14:15:00,2023-10-05,14,-0.5555702330194052,-0.8314696123026769,278,-0.9980165076216188,0.0629527641549384,0.118,0.459,0.684,0.722,0.662,
2023-10-05 14:30:00,2023-10-05,14,-0.6087614290087485,-0.7933533402912137,278,-0.998005210739992,0.0631316033047161,0.0975999999999999,0.313,0.467,0.499,0.452,
2023-10-05 14:45:00,2023-10-05,14,-0.659345815099958,-0.7518398074790746,278,-0.9979938818113592,0.0633104404272701,0.0883,0.373,0.566,0.615,0.551,
2023-10-05 15:00:00,2023-10-05,15,-0.707106781186475,-0.7071067811866201,278,-0.9979825208360836,0.0634892755168587,0.0907999999999999,0.332,0.499,0.547,0.486,
2023-10-05 15:15:00,2023-10-05,15,-0.7518398074789392,-0.6593458151001124,278,-0.9979711278145308,0.0636681085677402,0.0959,0.295,0.443,0.491,0.433,
2023-10-05 15:30:00,2023-10-05,15,-0.7933533402912272,-0.608761429008731,278,-0.997959702747066,0.0638469395741695,0.0973,0.253,0.371,0.415,0.363,
2023-10-05 15:45:00,2023-10-05,15,-0.8314696123024365,-0.5555702330197649,278,-0.9979482456340564,0.0640257685304066,0.104,0.211,0.297,0.333,0.291,
2023-10-05 16:00:00,2023-10-05,16,-0.8660254037844769,-0.4999999999999338,278,-0.9979367564758695,0.0642045954307092,0.093,0.161,0.223,0.252,0.219,
2023-10-05 16:15:00,2023-10-05,16,-0.8968727415326414,-0.4422886902190964,278,-0.9979252352728748,0.0643834202693333,0.0733,0.108,0.144,0.165,0.143,
2023-10-05 16:30:00,2023-10-05,16,-0.9238795325111764,-0.3826834323653565,278,-0.9979136820254418,0.0645622430405366,0.046,0.0654,0.0906,0.108,0.0892999999999999,
2023-10-05 16:45:00,2023-10-05,16,-0.9469301294951004,-0.3214394653031773,278,-0.9979020967339416,0.0647410637385795,0.0167,0.0193,0.0275,0.032,0.0258,
2023-10-05 17:00:00,2023-10-05,17,-0.9659258262890168,-0.2588190451027131,278,-0.9978904793987464,0.0649198823577173,0.00319,0.00329,0.00552,0.00549,0.00436,
2023-10-05 17:15:00,2023-10-05,17,-0.9807852804032446,-0.1950903220160567,278,-0.9978788300202291,0.0650986988922096,-0.00246,-0.00197,-0.000455,-0.000436,-0.0016799999999999,
2023-10-05 17:30:00,2023-10-05,17,-0.991444861373796,-0.1305261922201602,278,-0.997867148598764,0.0652775133363128,-0.00341,-0.00281,-0.00147,-0.0015,-0.0027,
2023-10-05 17:45:00,2023-10-05,17,-0.9978589232385991,-0.0654031292302077,278,-0.9978554351347256,0.0654563256842849,-0.00278,-0.00216,-0.0011,-0.00115,-0.00198,
2023-10-05 18:00:00,2023-10-05,18,-1.0,-2.0067495028828707e-14,278,-0.9978436896284908,0.0656351359303867,-0.00264,-0.00188,-0.000748,-0.000841,-0.00171,
2023-10-05 18:15:00,2023-10-05,18,-0.997858923238602,0.0654031292301677,278,-0.997831912080436,0.0658139440688737,-0.0017,-0.0012,-0.00114,-0.00104,-0.00219,
2023-10-05 18:30:00,2023-10-05,18,-0.991444861373831,0.130526192219895,278,-0.99782010249094,0.0659927500940052,-0.00273,-0.0020099999999999,-0.000934,-0.000944,-0.00197,
2023-10-05 18:45:00,2023-10-05,18,-0.980785280403208,0.1950903220162403,278,-0.9978082608603818,0.0661715540000403,-0.0030099999999999,-0.00222,-0.00104,-0.00103,-0.00228,
2023-10-05 19:00:00,2023-10-05,19,-0.965925826289086,0.2588190451024547,278,-0.9977963871891417,0.0663503557812348,-0.00264,-0.00175,-0.000658,-0.000761,-0.0018,
2023-10-05 19:15:00,2023-10-05,19,-0.9469301294951864,0.3214394653029239,278,-0.9977844814776008,0.0665291554318499,-0.0028799999999999,-0.00204,-0.00092,-0.000952,-0.00226,
2023-10-05 19:30:00,2023-10-05,19,-0.9238795325112786,0.3826834323651094,278,-0.9977725437261415,0.0667079529461442,-0.00291,-0.00224,-0.00116,-0.00114,-0.00235,
2023-10-05 19:45:00,2023-10-05,19,-0.8968727415327596,0.4422886902188565,278,-0.9977605739351472,0.0668867483183743,-0.00297,-0.00221,-0.00112,-0.00107,-0.00225,
2023-10-05 20:00:00,2023-10-05,20,-0.866025403784497,0.499999999999899,278,-0.9977485721050025,0.0670655415427992,-0.00306,-0.00226,-0.00132,-0.0011799999999999,-0.00244,
2023-10-05 20:15:00,2023-10-05,20,-0.8314696123025851,0.5555702330195424,278,-0.997736538236092,0.0672443326136801,-0.00275,-0.00195,-0.000976,-0.000917,-0.00215,
2023-10-05 20:30:00,2023-10-05,20,-0.7933533402912516,0.6087614290086992,278,-0.9977244723288028,0.0674231215252733,-0.003,-0.00213,-0.000931,-0.000929,-0.00224,
2023-10-05 20:45:00,2023-10-05,20,-0.7518398074791156,0.6593458150999112,278,-0.9977123743835224,0.0676019082718385,-0.00311,-0.00256,-0.00125,-0.00115,-0.00268,
2023-10-05 21:00:00,2023-10-05,21,-0.7071067811865033,0.7071067811865918,278,-0.9977002444006388,0.0677806928476355,-0.0028799999999999,-0.00237,-0.0011899999999999,-0.0011,-0.00245,
2023-10-05 21:15:00,2023-10-05,21,-0.6593458151001591,0.7518398074788982,278,-0.997688082380542,0.0679594752469209,-0.00257,-0.0021,-0.000972,-0.000963,-0.00216,
2023-10-05 21:30:00,2023-10-05,21,-0.6087614290086,0.7933533402913278,278,-0.997675888323622,0.0681382554639571,-0.00227,-0.00145,-0.000665,-0.000528,-0.00141,
2023-10-05 21:45:00,2023-10-05,21,-0.5555702330196276,0.8314696123025282,278,-0.9976636622302708,0.0683170334930008,-0.00228,-0.00127,-0.000393,-0.000333,-0.0013,
2023-10-05 22:00:00,2023-10-05,22,-0.5000000000001846,0.8660254037843321,278,-0.997651404100881,0.0684958093283121,-0.00249,-0.00153,-0.000579,-0.000485,-0.00159,
2023-10-05 22:15:00,2023-10-05,22,-0.4422886902189483,0.8968727415327145,278,-0.997639113935846,0.0686745829641511,-0.00258,-0.00174,-0.000693,-0.000646,-0.00197,
2023-10-05 22:30:00,2023-10-05,22,-0.3826834323652039,0.9238795325112394,278,-0.9976267917355606,0.0688533543947747,-0.00323,-0.00257,-0.00165,-0.0014199999999999,-0.00285,
2023-10-05 22:45:00,2023-10-05,22,-0.3214394653032362,0.9469301294950804,278,-0.9976144375004204,0.0690321236144448,-0.00282,-0.0023,-0.00114,-0.0011,-0.00232,
2023-10-05 23:00:00,2023-10-05,23,-0.2588190451025536,0.9659258262890594,278,-0.997602051230822,0.0692108906174211,-0.00296,-0.00235,-0.00132,-0.00124,-0.0026,
2023-10-05 23:15:00,2023-10-05,23,-0.1950903220161177,0.9807852804032324,278,-0.9975896329271632,0.0693896553979614,-0.0023,-0.0017,-0.000993,-0.000898,-0.00217,
2023-10-05 23:30:00,2023-10-05,23,-0.1305261922202219,0.991444861373788,278,-0.997577182589843,0.0695684179503254,-0.00247,-0.0020099999999999,-0.0011,-0.0012,-0.00219,
2023-10-05 23:45:00,2023-10-05,23,-0.0654031292300429,0.99785892323861,278,-0.9975647002192608,0.0697471782687754,-0.00189,-0.00175,-0.000648,-0.000688,-0.00135,
2023-10-06 00:00:00,2023-10-06,0,-8.230121674779483e-14,1.0,279,-0.9975521858158176,0.0699259363475686,-0.0019399999999999,-0.00148,-0.00104,-0.000891,-0.00153,
2023-10-06 00:15:00,2023-10-06,0,0.0654031292298787,0.9978589232386208,279,-0.9975396393799156,0.0701046921809658,-0.00243,-0.00185,-0.00105,-0.00094,-0.00199,
2023-10-06 00:30:00,2023-10-06,0,0.1305261922200588,0.9914448613738096,279,-0.9975270609119572,0.0702834457632279,-0.00249,-0.0016799999999999,-0.00108,-0.000894,-0.00198,
2023-10-06 00:45:00,2023-10-06,0,0.1950903220159563,0.9807852804032646,279,-0.9975144504123464,0.0704621970886121,-0.00225,-0.0014199999999999,-0.00081,-0.000623,-0.00184,
2023-10-06 01:00:00,2023-10-06,1,0.2588190451023946,0.965925826289102,279,-0.9975018078814883,0.0706409461513813,-0.00256,-0.00176,-0.000727,-0.000562,-0.00166,
2023-10-06 01:15:00,2023-10-06,1,0.3214394653030803,0.9469301294951332,279,-0.9974891333197888,0.0708196929457957,-0.00222,-0.00158,-0.000993,-0.000749,-0.00186,
2023-10-06 01:30:00,2023-10-06,1,0.3826834323650518,0.9238795325113024,279,-0.9974764267276548,0.0709984374661137,-0.00269,-0.00198,-0.000603,-0.000577,-0.00186,
2023-10-06 01:45:00,2023-10-06,1,0.4422886902190046,0.8968727415326866,279,-0.9974636881054942,0.0711771797065975,-0.00187,-0.00126,-0.000555,-0.000501,-0.0018,
2023-10-06 02:00:00,2023-10-06,2,0.5000000000000421,0.8660254037844144,279,-0.9974509174537164,0.0713559196615047,-0.00109,-0.000567,-0.000614,-0.000547,-0.0019,
2023-10-06 02:15:00,2023-10-06,2,0.5555702330194907,0.8314696123026197,279,-0.9974381147727316,0.0715346573250985,-0.0030499999999999,-0.00213,-0.000593,-0.000677,-0.00178,
2023-10-06 02:30:00,2023-10-06,2,0.6087614290088302,0.7933533402911511,279,-0.9974252800629504,0.0717133926916395,-0.00133,-0.00055,-0.000538,-0.000451,-0.00173,
2023-10-06 02:45:00,2023-10-06,2,0.6593458151000354,0.7518398074790067,279,-0.997412413324785,0.0718921257553864,-0.00327,-0.00259,-0.000662,-0.000722,-0.00182,
2023-10-06 03:00:00,2023-10-06,3,0.7071067811863869,0.7071067811867081,279,-0.997399514558649,0.0720708565106,-0.00163,-0.000947,-0.000607,-0.000608,-0.00185,
2023-10-06 03:15:00,2023-10-06,3,0.7518398074790071,0.659345815100035,279,-0.997386583764956,0.0722495849515437,-0.00226,-0.00165,-0.000645,-0.000669,-0.00182,
2023-10-06 03:30:00,2023-10-06,3,0.7933533402911515,0.6087614290088298,279,-0.9973736209441216,0.0724283110724757,-0.00368,-0.00274,-0.000793,-0.000833,-0.00183,
2023-10-06 03:45:00,2023-10-06,3,0.8314696123024937,0.5555702330196793,279,-0.9973606260965624,0.0726070348676578,-0.00224,-0.00173,-0.000748,-0.000784,-0.0020299999999999,
2023-10-06 04:00:00,2023-10-06,4,0.8660254037844146,0.5000000000000415,279,-0.9973475992226948,0.0727857563313518,-0.00222,-0.0016699999999999,-0.000738,-0.000715,-0.00184,
2023-10-06 04:15:00,2023-10-06,4,0.8968727415326869,0.4422886902190042,279,-0.997334540322938,0.0729644754578162,-0.00213,-0.0017,-0.000683,-0.000703,-0.00179,
2023-10-06 04:30:00,2023-10-06,4,0.9238795325112156,0.3826834323652614,279,-0.9973214493977104,0.0731431922413148,-0.00209,-0.00154,-0.000596,-0.000585,-0.0016699999999999,
2023-10-06 04:45:00,2023-10-06,4,0.9469301294951334,0.3214394653030798,279,-0.9973083264474332,0.0733219066761087,-0.00173,-0.00128,-0.000572,-0.000489,-0.0014299999999999,
2023-10-06 05:00:00,2023-10-06,5,0.9659258262890432,0.2588190451026138,279,-0.9972951714725274,0.0735006187564575,-0.00217,-0.00164,-0.000572,-0.000528,-0.00159,
2023-10-06 05:15:00,2023-10-06,5,0.980785280403176,0.1950903220164017,279,-0.9972819844734157,0.0736793284766235,-0.000997,-0.000426,0.000427,0.000443,-0.000476,
2023-10-06 05:30:00,2023-10-06,5,0.9914448613738096,0.1305261922200582,279,-0.997268765450521,0.0738580358308681,0.00368,0.00407,0.00532,0.00509,0.00445,
2023-10-06 05:45:00,2023-10-06,5,0.9978589232385912,0.0654031292303319,279,-0.9972555144042682,0.0740367408134527,0.0153,0.0155,0.0189,0.0177,0.0173,
2023-10-06 06:00:00,2023-10-06,6,1.0,-8.283873697647109e-14,279,-0.9972422313350828,0.07421544341864,0.0259,0.0382,0.0575,0.0493,0.0513,
2023-10-06 06:15:00,2023-10-06,6,0.99785892323861,-0.0654031292300435,279,-0.9972289162433912,0.0743941436406897,0.0392,0.0841,0.164,0.137,0.147,
2023-10-06 06:30:00,2023-10-06,6,0.9914448613738176,-0.1305261922199971,279,-0.9972155691296212,0.0745728414738637,0.0487999999999999,0.13,0.249,0.213,0.227,
2023-10-06 06:45:00,2023-10-06,6,0.9807852804032324,-0.1950903220161182,279,-0.9972021899942008,0.0747515369124263,0.0586,0.195,0.324,0.284,0.294,
2023-10-06 07:00:00,2023-10-06,7,0.9659258262890592,-0.2588190451025541,279,-0.9971887788375604,0.074930229950637,0.064,0.245,0.391,0.347,0.357,
2023-10-06 07:15:00,2023-10-06,7,0.9469301294951532,-0.3214394653030214,279,-0.99717533566013,0.0751089205827584,0.074,0.298,0.46,0.414,0.428,
2023-10-06 07:30:00,2023-10-06,7,0.9238795325112392,-0.3826834323652044,279,-0.9971618604623416,0.0752876088030536,0.101,0.354,0.531,0.481,0.5,
2023-10-06 07:45:00,2023-10-06,7,0.8968727415327141,-0.4422886902189488,279,-0.997148353244628,0.075466294605782,0.102,0.389,0.594,0.546,0.561,
2023-10-06 08:00:00,2023-10-06,8,0.8660254037845592,-0.4999999999997912,279,-0.9971348140074228,0.0756449779852085,0.0902999999999999,0.432,0.665,0.616,0.626,
2023-10-06 08:15:00,2023-10-06,8,0.8314696123025279,-0.555570233019628,279,-0.9971212427511604,0.0758236589355954,0.0783,0.427,0.658,0.614,0.62,
2023-10-06 08:30:00,2023-10-06,8,0.7933533402913274,-0.6087614290086004,279,-0.9971076394762772,0.0760023374512032,0.0773,0.499,0.763,0.716,0.72,
2023-10-06 08:45:00,2023-10-06,8,0.7518398074790478,-0.6593458150999886,279,-0.9970940041832096,0.0761810135262954,0.0798,0.532,0.811,0.766,0.764,
2023-10-06 09:00:00,2023-10-06,9,0.7071067811865913,-0.7071067811865037,279,-0.9970803368723956,0.0763596871551344,0.0857,0.564,0.855,0.811,0.806,
2023-10-06 09:15:00,2023-10-06,9,0.6593458151000818,-0.7518398074789661,279,-0.9970666375442742,0.0765383583319828,0.0884,0.593,0.896,0.853,0.846,
2023-10-06 09:30:00,2023-10-06,9,0.6087614290088792,-0.7933533402911136,279,-0.997052906199285,0.0767170270511033,0.0889,0.617,0.932,0.89,0.88,
2023-10-06 09:45:00,2023-10-06,9,0.555570233019542,-0.8314696123025854,279,-0.9970391428378692,0.0768956933067596,0.0873,0.64,0.966,0.927,0.915,
2023-10-06 10:00:00,2023-10-06,10,0.5000000000000955,-0.8660254037843835,279,-0.9970253474604686,0.0770743570932118,0.0889,0.662,0.994,0.958,0.946,
2023-10-06 10:15:00,2023-10-06,10,0.4422886902192639,-0.8968727415325588,279,-0.997011520067526,0.0772530184047255,0.0930999999999999,0.664,0.995,0.964,0.948,
2023-10-06 10:30:00,2023-10-06,10,0.3826834323651089,-0.9238795325112787,279,-0.996997660659486,0.0774316772355637,0.094,0.688,1.03,1.0,0.982,
2023-10-06 10:45:00,2023-10-06,10,0.321439465303354,-0.9469301294950404,279,-0.9969837692367932,0.0776103335799877,0.0968,0.695,1.04,1.01,0.991,
2023-10-06 11:00:00,2023-10-06,11,0.2588190451024542,-0.965925826289086,279,-0.9969698457998936,0.0777889874322624,0.0994,0.703,1.04,1.02,0.998,
2023-10-06 11:15:00,2023-10-06,11,0.1950903220162398,-0.9807852804032082,279,-0.9969558903492344,0.0779676387866484,0.1,0.703,1.04,1.03,0.998,
2023-10-06 11:30:00,2023-10-06,11,0.1305261922201199,-0.9914448613738014,279,-0.996941902885264,0.0781462876374117,0.0982,0.701,1.04,1.03,0.996,
2023-10-06 11:45:00,2023-10-06,11,0.0654031292301671,-0.997858923238602,279,-0.996927883408431,0.0783249339788157,0.103,0.694,1.03,1.02,0.983,
2023-10-06 12:00:00,2023-10-06,12,-2.060501525750495e-14,-1.0,279,-0.996913831919186,0.0785035778051221,0.105,0.685,1.01,1.01,0.97,
2023-10-06 12:15:00,2023-10-06,12,-0.0654031292299814,-0.997858923238614,279,-0.9968997484179802,0.0786822191105953,0.105,0.669,0.995,0.995,0.952,
2023-10-06 12:30:00,2023-10-06,12,-0.1305261922201608,-0.991444861373796,279,-0.9968856329052658,0.0788608578894989,0.11,0.649,0.965,0.969,0.924,
2023-10-06 12:45:00,2023-10-06,12,-0.1950903220160572,-0.9807852804032444,279,-0.9968714853814958,0.0790394941360967,0.109,0.629,0.938,0.947,0.898,
2023-10-06 13:00:00,2023-10-06,13,-0.2588190451022744,-0.9659258262891344,279,-0.9968573058471248,0.0792181278446525,0.108,0.607,0.905,0.92,0.868,
2023-10-06 13:15:00,2023-10-06,13,-0.3214394653031778,-0.9469301294951,279,-0.996843094302608,0.0793967590094311,0.107,0.579,0.865,0.885,0.83,
2023-10-06 13:30:00,2023-10-06,13,-0.3826834323649369,-0.92387953251135,279,-0.996828850748402,0.0795753876246937,0.105,0.519,0.777,0.8,0.747,
2023-10-06 13:45:00,2023-10-06,13,-0.442288690218893,-0.8968727415327417,279,-0.9968145751849636,0.0797540136847071,0.107,0.505,0.757,0.785,0.728,
2023-10-06 14:00:00,2023-10-06,14,-0.4999999999999342,-0.8660254037844766,279,-0.9968002676127516,0.0799326371837353,0.106,0.47,0.705,0.739,0.679,
2023-10-06 14:15:00,2023-10-06,14,-0.5555702330195763,-0.8314696123025626,279,-0.9967859280322257,0.0801112581160409,0.102,0.437,0.659,0.697,0.636,
2023-10-06 14:30:00,2023-10-06,14,-0.608761429008551,-0.7933533402913653,279,-0.9967715564438456,0.080289876475889,0.0959,0.393,0.597,0.64,0.576,
2023-10-06 14:45:00,2023-10-06,14,-0.6593458151001128,-0.7518398074789389,279,-0.9967571528480734,0.0804684922575439,0.0907,0.342,0.521,0.565,0.504,
2023-10-06 15:00:00,2023-10-06,15,-0.7071067811864598,-0.7071067811866354,279,-0.9967427172453714,0.0806471054552702,0.0837,0.303,0.469,0.515,0.454,
2023-10-06 15:15:00,2023-10-06,15,-0.751839807479075,-0.6593458150999576,279,-0.9967282496362032,0.0808257160633333,0.0762999999999999,0.257,0.402,0.447,0.388,
2023-10-06 15:30:00,2023-10-06,15,-0.7933533402912141,-0.6087614290087481,279,-0.9967137500210334,0.0810043240759959,0.0698,0.212,0.332,0.376,0.319,
2023-10-06 15:45:00,2023-10-06,15,-0.8314696123024246,-0.5555702330197828,279,-0.9966992184003276,0.0811829294875238,0.0617999999999999,0.166,0.26,0.3,0.248,
2023-10-06 16:00:00,2023-10-06,16,-0.8660254037844661,-0.4999999999999524,279,-0.996684654774552,0.0813615322921817,0.0514,0.122,0.189,0.223,0.181,
2023-10-06 16:15:00,2023-10-06,16,-0.8968727415326319,-0.4422886902191158,279,-0.9966700591441752,0.0815401324842344,0.0402,0.0810999999999999,0.125,0.151,0.121,
2023-10-06 16:30:00,2023-10-06,16,-0.923879532511255,-0.3826834323651664,279,-0.996655431509665,0.0817187300579469,0.0263,0.0442,0.0688,0.0852,0.0665,
2023-10-06 16:45:00,2023-10-06,16,-0.9469301294950934,-0.3214394653031976,279,-0.9966407718714912,0.0818973250075853,0.0123,0.0136999999999999,0.0186,0.0205,0.0169,
2023-10-06 17:00:00,2023-10-06,17,-0.96592582628907,-0.2588190451025143,279,-0.9966260802301252,0.0820759173274118,0.0016,0.00181,0.00292,0.00261,0.00179,
2023-10-06 17:15:00,2023-10-06,17,-0.980785280403196,-0.1950903220163008,279,-0.996611356586038,0.0822545070116945,-0.00248,-0.00191,-0.000758,-0.000891,-0.00186,
2023-10-06 17:30:00,2023-10-06,17,-0.9914448613738228,-0.1305261922199562,279,-0.9965966009397028,0.0824330940546985,-0.00263,-0.00224,-0.0012,-0.000975,-0.00213,
2023-10-06 17:45:00,2023-10-06,17,-0.9978589232385978,-0.0654031292302292,279,-0.9965818132915932,0.0826116784506875,-0.0027,-0.00235,-0.0011799999999999,-0.000933,-0.00216,
2023-10-06 18:00:00,2023-10-06,18,-1.0,-2.690023819046933e-13,279,-0.9965669936421844,0.0827902601939279,-0.00302,-0.0025499999999999,-0.00128,-0.00124,-0.00247,
2023-10-06 18:15:00,2023-10-06,18,-0.9978589232386031,0.0654031292301462,279,-0.996552141991952,0.0829688392786852,-0.00257,-0.00207,-0.00107,-0.000998,-0.00225,
2023-10-06 18:30:00,2023-10-06,18,-0.9914448613738338,0.1305261922198737,279,-0.996537258341373,0.083147415699225,-0.00249,-0.00202,-0.000858,-0.000875,-0.00214,
2023-10-06 18:45:00,2023-10-06,18,-0.9807852804032569,0.1950903220159962,279,-0.9965223426909252,0.0833259894498131,-0.00268,-0.00222,-0.000886,-0.000898,-0.00204,
2023-10-06 19:00:00,2023-10-06,19,-0.9659258262890916,0.2588190451024339,279,-0.9965073950410877,0.0835045605247162,-0.0023799999999999,-0.0019,-0.000717,-0.000722,-0.00178,
2023-10-06 19:15:00,2023-10-06,19,-0.94693012949512,0.3214394653031188,279,-0.99649241539234,0.0836831289181983,-0.00229,-0.0016799999999999,-0.000562,-0.000535,-0.00159,
2023-10-06 19:30:00,2023-10-06,19,-0.9238795325112868,0.3826834323650894,279,-0.996477403745164,0.0838616946245263,-0.00265,-0.00206,-0.000734,-0.000837,-0.00184,
2023-10-06 19:45:00,2023-10-06,19,-0.8968727415326686,0.4422886902190411,279,-0.9964623601000412,0.0840402576379664,-0.00221,-0.00166,-0.000689,-0.000665,-0.00179,
2023-10-06 20:00:00,2023-10-06,20,-0.8660254037845078,0.4999999999998804,279,-0.9964472844574548,0.0842188179527846,-0.00246,-0.00196,-0.000762,-0.00081,-0.00183,
2023-10-06 20:15:00,2023-10-06,20,-0.8314696123024709,0.5555702330197136,279,-0.9964321768178886,0.0843973755632481,-0.00235,-0.00184,-0.000627,-0.000703,-0.00177,
2023-10-06 20:30:00,2023-10-06,20,-0.7933533402912648,0.608761429008682,279,-0.9964170371818282,0.0845759304636215,-0.00213,-0.00163,-0.000772,-0.000669,-0.00185,
2023-10-06 20:45:00,2023-10-06,20,-0.7518398074791298,0.659345815099895,279,-0.9964018655497594,0.0847544826481711,-0.00245,-0.0019,-0.000724,-0.000677,-0.0018,
2023-10-06 21:00:00,2023-10-06,21,-0.7071067811865186,0.7071067811865764,279,-0.9963866619221696,0.0849330321111661,-0.0016,-0.00113,-0.000672,-0.000596,-0.00165,
2023-10-06 21:15:00,2023-10-06,21,-0.6593458151001754,0.751839807478884,279,-0.9963714262995468,0.0851115788468704,-0.00316,-0.0025099999999999,-0.000655,-0.000745,-0.00179,
2023-10-06 21:30:00,2023-10-06,21,-0.6087614290087975,0.7933533402911762,279,-0.99635615868238,0.0852901228495516,-0.00215,-0.00161,-0.0006,-0.000405,-0.00166,
2023-10-06 21:45:00,2023-10-06,21,-0.5555702330196456,0.8314696123025163,279,-0.9963408590711604,0.0854686641134765,-0.00354,-0.00282,-0.000617,-0.000581,-0.0016799999999999,
2023-10-06 22:00:00,2023-10-06,22,-0.5000000000000063,0.8660254037844349,279,-0.9963255274663784,0.0856472026329119,-0.000707,-0.000418,-0.000669,-0.000375,-0.00165,
2023-10-06 22:15:00,2023-10-06,22,-0.4422886902191716,0.8968727415326043,279,-0.9963101638685264,0.0858257384021248,-0.00259,-0.00211,-0.000641,-0.000489,-0.00174,
2023-10-06 22:30:00,2023-10-06,22,-0.3826834323650138,0.9238795325113184,279,-0.996294768278098,0.086004271415383,-0.00159,-0.00117,-0.00062,-0.000317,-0.00174,
2023-10-06 22:45:00,2023-10-06,22,-0.3214394653032566,0.9469301294950734,279,-0.9962793406955875,0.0861828016669519,-0.00116,-0.000738,-0.000614,-0.000363,-0.0016899999999999,
2023-10-06 23:00:00,2023-10-06,23,-0.2588190451027941,0.965925826288995,279,-0.9962638811214906,0.0863613291510988,-0.00216,-0.00159,-0.000651,-0.000566,-0.00179,
2023-10-06 23:15:00,2023-10-06,23,-0.1950903220161388,0.9807852804032284,279,-0.9962483895563032,0.0865398538620935,-0.00262,-0.00204,-0.000717,-0.000654,-0.0018,
2023-10-06 23:30:00,2023-10-06,23,-0.1305261922202433,0.9914448613737852,279,-0.9962328660005229,0.0867183757942007,-0.00212,-0.00155,-0.000758,-0.000722,-0.00186,
2023-10-06 23:45:00,2023-10-06,23,-0.0654031292300645,0.9978589232386088,279,-0.9962173104546482,0.0868968949416898,-0.00204,-0.00139,-0.000596,-0.000424,-0.0017,
2023-10-07 00:00:00,2023-10-07,0,-1.0386242818042732e-13,1.0,280,-0.9962017229191787,0.0870754112988266,-0.00261,-0.002,-0.000658,-0.000474,-0.00182,
2023-10-07 00:15:00,2023-10-07,0,0.0654031292300841,0.9978589232386074,280,-0.996186103394615,0.0872539248598786,-0.00242,-0.00196,-0.00082,-0.000692,-0.0020499999999999,
2023-10-07 00:30:00,2023-10-07,0,0.1305261922200374,0.9914448613738124,280,-0.9961704518814584,0.0874324356191162,-0.00225,-0.00172,-0.000724,-0.000749,-0.00181,
2023-10-07 00:45:00,2023-10-07,0,0.1950903220161581,0.9807852804032244,280,-0.9961547683802118,0.0876109435708047,-0.00237,-0.00183,-0.000689,-0.000638,-0.0016799999999999,
2023-10-07 01:00:00,2023-10-07,1,0.2588190451023738,0.9659258262891076,280,-0.9961390528913784,0.0877894487092128,-0.00217,-0.00158,-0.000572,-0.000501,-0.00159,
2023-10-07 01:15:00,2023-10-07,1,0.3214394653032752,0.946930129495067,280,-0.9961233054154632,0.0879679510286086,-0.00243,-0.00184,-0.000683,-0.00057,-0.0016899999999999,
2023-10-07 01:30:00,2023-10-07,1,0.3826834323650319,0.9238795325113108,280,-0.9961075259529718,0.0881464505232602,-0.00221,-0.0016699999999999,-0.000665,-0.000612,-0.00173,
2023-10-07 01:45:00,2023-10-07,1,0.4422886902187813,0.8968727415327967,280,-0.9960917145044108,0.0883249471874357,-0.00221,-0.00164,-0.000603,-0.000474,-0.0016,
2023-10-07 02:00:00,2023-10-07,2,0.5000000000000233,0.8660254037844252,280,-0.996075871070288,0.0885034410154043,-0.0023599999999999,-0.00179,-0.0006,-0.000485,-0.0016799999999999,
2023-10-07 02:15:00,2023-10-07,2,0.5555702330194728,0.8314696123026317,280,-0.996059995651112,0.0886819320014326,-0.00224,-0.0017,-0.000617,-0.000493,-0.0016799999999999,
2023-10-07 02:30:00,2023-10-07,2,0.6087614290086327,0.7933533402913027,280,-0.9960440882473928,0.0888604201397892,-0.00206,-0.0015,-0.000534,-0.000497,-0.00154,
2023-10-07 02:45:00,2023-10-07,2,0.6593458151000192,0.7518398074790209,280,-0.9960281488596412,0.0890389054247451,-0.00226,-0.00171,-0.000562,-0.000489,-0.00164,
2023-10-07 03:00:00,2023-10-07,3,0.7071067811865325,0.7071067811865626,280,-0.9960121774883688,0.0892173878505664,-0.00239,-0.0019399999999999,-0.000827,-0.000745,-0.00186,
2023-10-07 03:15:00,2023-10-07,3,0.7518398074788429,0.6593458151002222,280,-0.9959961741340884,0.0893958674115227,-0.00214,-0.00158,-0.000689,-0.000623,-0.00165,
2023-10-07 03:30:00,2023-10-07,3,0.7933533402912767,0.6087614290086665,280,-0.9959801387973142,0.0895743441018838,-0.00199,-0.00139,-0.000472,-0.000356,-0.00141,
2023-10-07 03:45:00,2023-10-07,3,0.8314696123024817,0.5555702330196973,280,-0.9959640714785613,0.0897528179159158,-0.00214,-0.00162,-0.000538,-0.000359,-0.0015,
2023-10-07 04:00:00,2023-10-07,4,0.8660254037845175,0.4999999999998633,280,-0.9959479721783449,0.0899312888478914,-0.00206,-0.00149,-0.000479,-0.000348,-0.00141,
2023-10-07 04:15:00,2023-10-07,4,0.8968727415326774,0.4422886902190235,280,-0.9959318408971825,0.090109756892077,-0.00234,-0.00183,-0.000624,-0.000543,-0.00171,
2023-10-07 04:30:00,2023-10-07,4,0.9238795325112074,0.3826834323652813,280,-0.995915677635592,0.0902882220427427,-0.00218,-0.00161,-0.000631,-0.000417,-0.00157,
2023-10-07 04:45:00,2023-10-07,4,0.9469301294951264,0.3214394653031002,280,-0.9958994823940924,0.0904666842941578,-0.0023599999999999,-0.00178,-0.000631,-0.000493,-0.00176,
2023-10-07 05:00:00,2023-10-07,5,0.9659258262890378,0.2588190451026346,280,-0.9958832551732038,0.0906451436405917,-0.00289,-0.00229,-0.000603,-0.000745,-0.00188,
2023-10-07 05:15:00,2023-10-07,5,0.9807852804032162,0.1950903220161999,280,-0.9958669959734472,0.0908236000763139,-0.000306,0.00023,0.000527,0.000459,-0.000638,
2023-10-07 05:30:00,2023-10-07,5,0.9914448613738068,0.1305261922200796,280,-0.9958507047953444,0.0910020535955947,0.00462,0.00523,0.00658,0.00609,0.00549,
2023-10-07 05:45:00,2023-10-07,5,0.9978589232386046,0.0654031292301266,280,-0.9958343816394192,0.0911805041927022,0.0165,0.017,0.0202,0.0186999999999999,0.0188,
2023-10-07 06:00:00,2023-10-07,6,1.0,1.6609614989939344e-13,280,-0.9958180265061956,0.0913589518619061,0.0282,0.0441,0.0721,0.0608,0.0636,
2023-10-07 06:15:00,2023-10-07,6,0.9978589232385966,-0.0654031292302489,280,-0.995801639396198,0.0915373965974788,0.0382,0.0935999999999999,0.163,0.137,0.146,
2023-10-07 06:30:00,2023-10-07,6,0.9914448613738204,-0.1305261922199757,280,-0.9957852203099536,0.0917158383936878,0.0476,0.133,0.224,0.194,0.205,
2023-10-07 06:45:00,2023-10-07,6,0.9807852804032812,-0.1950903220158741,280,-0.9957687692479892,0.0918942772448039,0.0554,0.182,0.304,0.268,0.277,
2023-10-07 07:00:00,2023-10-07,7,0.9659258262890648,-0.2588190451025333,280,-0.9957522862108328,0.092072713145098,0.0613,0.228,0.372,0.333,0.338,
2023-10-07 07:15:00,2023-10-07,7,0.9469301294951602,-0.321439465303001,280,-0.9957357711990144,0.092251146088838,0.0643,0.272,0.438,0.397,0.404,
2023-10-07 07:30:00,2023-10-07,7,0.9238795325113344,-0.3826834323649745,280,-0.9957192242130636,0.0924295760702966,0.0698,0.317,0.504,0.462,0.472,
2023-10-07 07:45:00,2023-10-07,7,0.8968727415327237,-0.4422886902189295,280,-0.995702645253512,0.0926080030837443,0.0725,0.362,0.568,0.525,0.536,
2023-10-07 08:00:00,2023-10-07,8,0.8660254037844562,-0.4999999999999694,280,-0.995686034320892,0.09278642712345,0.0755,0.403,0.629,0.584,0.592,
2023-10-07 08:15:00,2023-10-07,8,0.8314696123026662,-0.5555702330194211,280,-0.9956693914157372,0.0929648481836841,0.0785,0.443,0.685,0.641,0.647,
2023-10-07 08:30:00,2023-10-07,8,0.7933533402912021,-0.6087614290087637,280,-0.9956527165385816,0.0931432662587201,0.0815,0.48,0.74,0.696,0.697,
2023-10-07 08:45:00,2023-10-07,8,0.751839807479062,-0.6593458150999724,280,-0.9956360096899608,0.093321681342826,0.0829,0.516,0.792,0.749,0.745,
2023-10-07 09:00:00,2023-10-07,9,0.7071067811864458,-0.7071067811866493,280,-0.9956192708704116,0.0935000934302747,0.0849,0.548,0.839,0.797,0.79,
2023-10-07 09:15:00,2023-10-07,9,0.659345815100098,-0.7518398074789518,280,-0.995602500080471,0.0936785025153353,0.0867,0.576,0.881,0.839,0.829,
2023-10-07 09:30:00,2023-10-07,9,0.6087614290088963,-0.7933533402911004,280,-0.995585697320678,0.0938569085922788,0.0875,0.603,0.919,0.879,0.867,
2023-10-07 09:45:00,2023-10-07,9,0.55557023301956,-0.8314696123025734,280,-0.9955688625915716,0.0940353116553793,0.0883,0.625,0.949,0.912,0.897,
2023-10-07 10:00:00,2023-10-07,10,0.5000000000001141,-0.8660254037843728,280,-0.9955519958936928,0.0942137116989052,0.0905,0.645,0.976,0.941,0.927,
2023-10-07 10:15:00,2023-10-07,10,0.4422886902190793,-0.8968727415326498,280,-0.9955350972275832,0.0943921087171288,0.0917,0.662,0.997,0.966,0.949,
2023-10-07 10:30:00,2023-10-07,10,0.3826834323651288,-0.9238795325112706,280,-0.9955181665937852,0.0945705027043226,0.0916,0.675,1.02,0.988,0.968,
2023-10-07 10:45:00,2023-10-07,10,0.3214394653031592,-0.9469301294951064,280,-0.9955012039928428,0.0947488936547554,0.0925,0.684,1.03,1.0,0.979,
2023-10-07 11:00:00,2023-10-07,11,0.2588190451026947,-0.9659258262890216,280,-0.9954842094253004,0.0949272815627016,0.0928,0.69,1.03,1.01,0.987,
2023-10-07 11:15:00,2023-10-07,11,0.1950903220160379,-0.9807852804032484,280,-0.9954671828917038,0.095105666422433,0.0919,0.693,1.04,1.02,0.991,
2023-10-07 11:30:00,2023-10-07,11,0.1305261922201413,-0.9914448613737986,280,-0.9954501243925996,0.0952840482282196,0.0892999999999999,0.691,1.03,1.02,0.987,
2023-10-07 11:45:00,2023-10-07,11,0.0654031292304156,-0.9978589232385856,280,-0.995433033928536,0.0954624269743335,0.0895,0.685,1.03,1.02,0.978,
2023-10-07 12:00:00,2023-10-07,12,9.56196175127525e-16,-1.0,280,-0.9954159115000614,0.0956408026550493,0.0883,0.675,1.01,1.01,0.965,
2023-10-07 12:15:00,2023-10-07,12,-0.0654031292299599,-0.9978589232386156,280,-0.9953987571077256,0.0958191752646365,0.0877,0.664,0.992,0.993,0.948,
2023-10-07 12:30:00,2023-10-07,12,-0.130526192219914,-0.9914448613738284,280,-0.9953815707520796,0.0959975447973684,0.0872,0.646,0.966,0.971,0.924,
2023-10-07 12:45:00,2023-10-07,12,-0.195090322016036,-0.9807852804032487,280,-0.9953643524336752,0.0961759112475181,0.0858,0.625,0.936,0.946,0.896,
2023-10-07 13:00:00,2023-10-07,13,-0.2588190451024732,-0.9659258262890812,280,-0.9953471021530654,0.0963542746093556,0.0841,0.601,0.903,0.917,0.864,
2023-10-07 13:15:00,2023-10-07,13,-0.3214394653031573,-0.9469301294951072,280,-0.995329819910804,0.0965326348771568,0.0831,0.573,0.862,0.882,0.827,
2023-10-07 13:30:00,2023-10-07,13,-0.382683432365127,-0.9238795325112712,280,-0.995312505707446,0.0967109920451917,0.0812,0.542,0.818,0.842,0.785,
2023-10-07 13:45:00,2023-10-07,13,-0.4422886902188737,-0.8968727415327512,280,-0.9952951595435476,0.0968893461077342,0.0790999999999999,0.508,0.768,0.798,0.739,
2023-10-07 14:00:00,2023-10-07,14,-0.5000000000001125,-0.8660254037843738,280,-0.9952777814196652,0.0970676970590578,0.0778,0.471,0.714,0.749,0.687,
2023-10-07 14:15:00,2023-10-07,14,-0.5555702330195584,-0.8314696123025745,280,-0.9952603713363576,0.0972460448934328,0.0765999999999999,0.435,0.659,0.7,0.635,
2023-10-07 14:30:00,2023-10-07,14,-0.6087614290085339,-0.7933533402913784,280,-0.9952429292941832,0.0974243896051351,0.0733,0.393,0.601,0.646,0.58,
2023-10-07 14:45:00,2023-10-07,14,-0.6593458151000966,-0.7518398074789531,280,-0.9952254552937024,0.0976027311884377,0.0705,0.349,0.54,0.589,0.521,
2023-10-07 15:00:00,2023-10-07,15,-0.7071067811864444,-0.7071067811866506,280,-0.9952079493354764,0.0977810696376123,0.0660999999999999,0.302,0.476,0.526,0.459,
2023-10-07 15:15:00,2023-10-07,15,-0.7518398074789108,-0.6593458151001448,280,-0.9951904114200674,0.097959404946932,0.0616,0.254,0.408,0.457,0.391,
2023-10-07 15:30:00,2023-10-07,15,-0.793353340291201,-0.6087614290087653,280,-0.995172841548038,0.098137737110673,0.0573,0.208,0.336,0.384,0.322,
2023-10-07 15:45:00,2023-10-07,15,-0.8314696123025389,-0.5555702330196117,280,-0.9951552397199528,0.0983160661231064,0.0513,0.164,0.266,0.311,0.254,
2023-10-07 16:00:00,2023-10-07,16,-0.8660254037843417,-0.5000000000001681,280,-0.9951376059363772,0.0984943919785065,0.0415,0.119,0.195,0.232,0.186,
2023-10-07 16:15:00,2023-10-07,16,-0.8968727415327229,-0.4422886902189312,280,-0.995119940197877,0.098672714671148,0.0325,0.0777,0.129,0.159,0.124,
2023-10-07 16:30:00,2023-10-07,16,-0.9238795325112468,-0.3826834323651863,280,-0.9951022425050198,0.0988510341953023,0.021,0.041,0.0709,0.0907,0.0679,
2023-10-07 16:45:00,2023-10-07,16,-0.9469301294950134,-0.3214394653034334,280,-0.9950845128583736,0.0990293505452458,0.00912,0.00977,0.0136,0.0138,0.0119,
2023-10-07 17:00:00,2023-10-07,17,-0.9659258262890644,-0.2588190451025352,280,-0.995066751258508,0.0992076637152527,9.1e-05,0.000387,0.00171,0.00139,0.000497,
2023-10-07 17:15:00,2023-10-07,17,-0.980785280403192,-0.1950903220163219,280,-0.9950489577059932,0.0993859736995953,-0.00309,-0.00258,-0.00124,-0.00136,-0.00237,
2023-10-07 17:30:00,2023-10-07,17,-0.9914448613738202,-0.1305261922199776,280,-0.9950311322014004,0.0995642804925498,-0.00414,-0.0036,-0.00177,-0.0019299999999999,-0.00302,
2023-10-07 17:45:00,2023-10-07,17,-0.9978589232385964,-0.0654031292302508,280,-0.9950132747453024,0.0997425840883878,-0.00332,-0.00292,-0.00152,-0.00139,-0.0023599999999999,
2023-10-07 18:00:00,2023-10-07,18,-1.0,-6.318991789409366e-14,280,-0.9949953853382724,0.0999208844813866,-0.00321,-0.0029,-0.0016899999999999,-0.00166,-0.0030499999999999,
2023-10-07 18:15:00,2023-10-07,18,-0.9978589232386048,0.0654031292301246,280,-0.9949774639808848,0.1000991816658205,-0.00319,-0.00283,-0.00134,-0.00151,-0.00262,
2023-10-07 18:30:00,2023-10-07,18,-0.9914448613738068,0.1305261922200777,280,-0.9949595106737152,0.1002774756359627,-0.00276,-0.00235,-0.00111,-0.00116,-0.00224,
2023-10-07 18:45:00,2023-10-07,18,-0.980785280403261,0.195090322015975,280,-0.9949415254173402,0.1004557663860878,-0.0025099999999999,-0.00196,-0.000893,-0.000894,-0.00206,
2023-10-07 19:00:00,2023-10-07,19,-0.9659258262890384,0.2588190451026327,280,-0.9949235082123368,0.1006340539104735,-0.00274,-0.0022299999999999,-0.000924,-0.00101,-0.00206,
2023-10-07 19:15:00,2023-10-07,19,-0.9469301294951272,0.3214394653030984,280,-0.9949054590592842,0.100812338203392,-0.0025099999999999,-0.00199,-0.000831,-0.000807,-0.00184,
2023-10-07 19:30:00,2023-10-07,19,-0.923879532511382,0.3826834323648594,280,-0.9948873779587616,0.1009906192591194,-0.0026,-0.0020099999999999,-0.000807,-0.000822,-0.00188,
2023-10-07 19:45:00,2023-10-07,19,-0.8968727415326782,0.4422886902190218,280,-0.9948692649113496,0.1011688970719317,-0.00249,-0.00178,-0.000538,-0.000478,-0.0017,
2023-10-07 20:00:00,2023-10-07,20,-0.8660254037845185,0.4999999999998616,280,-0.99485111991763,0.1013471716361016,-0.00273,-0.00207,-0.000655,-0.000684,-0.00202,
2023-10-07 20:15:00,2023-10-07,20,-0.8314696123026091,0.5555702330195067,280,-0.9948329429781854,0.1015254429459072,-0.0027,-0.00222,-0.00105,-0.00106,-0.0023599999999999,
2023-10-07 20:30:00,2023-10-07,20,-0.7933533402912779,0.6087614290086649,280,-0.9948147340935992,0.101703710995624,-0.00268,-0.00217,-0.000948,-0.000975,-0.00216,
2023-10-07 20:45:00,2023-10-07,20,-0.7518398074789941,0.6593458151000497,280,-0.9947964932644566,0.1018819757795258,-0.00247,-0.00188,-0.000772,-0.000749,-0.00183,
2023-10-07 21:00:00,2023-10-07,21,-0.7071067811866946,0.7071067811864005,280,-0.9947782204913432,0.1020602372918893,-0.0025499999999999,-0.00195,-0.000669,-0.000684,-0.00172,
2023-10-07 21:15:00,2023-10-07,21,-0.6593458151000207,0.7518398074790197,280,-0.9947599157748456,0.1022384955269903,-0.00249,-0.00172,-0.000431,-0.000482,-0.00161,
2023-10-07 21:30:00,2023-10-07,21,-0.6087614290088146,0.7933533402911631,280,-0.9947415791155514,0.1024167504791047,-0.00254,-0.00198,-0.000683,-0.000669,-0.00183,
2023-10-07 21:45:00,2023-10-07,21,-0.5555702330194744,0.8314696123026306,280,-0.9947232105140495,0.1025950021425095,-0.00256,-0.00184,-0.000493,-0.000501,-0.00158,
2023-10-07 22:00:00,2023-10-07,22,-0.500000000000025,0.8660254037844242,280,-0.9947048099709304,0.102773250511479,-0.00246,-0.0019,-0.000655,-0.000615,-0.0019399999999999,
2023-10-07 22:15:00,2023-10-07,22,-0.442288690219191,0.8968727415325948,280,-0.9946863774867843,0.1029514955802895,-0.00226,-0.0016799999999999,-0.000793,-0.000719,-0.00183,
2023-10-07 22:30:00,2023-10-07,22,-0.3826834323650337,0.92387953251131,280,-0.9946679130622031,0.1031297373432201,-0.00311,-0.00261,-0.000803,-0.000963,-0.00204,
2023-10-07 22:45:00,2023-10-07,22,-0.321439465303277,0.9469301294950664,280,-0.99464941669778,0.1033079757945444,-0.00199,-0.00149,-0.000786,-0.00073,-0.00179,
2023-10-07 23:00:00,2023-10-07,23,-0.2588190451025953,0.9659258262890484,280,-0.9946308883941086,0.10348621092854,-0.0028799999999999,-0.0023799999999999,-0.000848,-0.00091,-0.00187,
2023-10-07 23:15:00,2023-10-07,23,-0.19509032201616,0.980785280403224,280,-0.994612328151784,0.1036644427394845,-0.0029,-0.00217,-0.000541,-0.00055,-0.0016799999999999,
2023-10-07 23:30:00,2023-10-07,23,-0.1305261922200393,0.991444861373812,280,-0.9945937359714024,0.103842671221652,-0.00261,-0.0019299999999999,-0.000579,-0.000554,-0.0016699999999999,
2023-10-07 23:45:00,2023-10-07,23,-0.0654031292303129,0.9978589232385924,280,-0.9945751118535608,0.104020896369322,-0.00268,-0.00211,-0.000872,-0.000524,-0.0017,
