Time,Conso_resident,Conso_bureau,Conso_ecole,Conso_tot
2023-01-01 00:00:00,6.47,3.16,0.3,9.93
2023-01-01 00:15:00,6.64,2.545,0.3,9.485
2023-01-01 00:30:00,6.8100000000000005,1.93,0.3,9.04
2023-01-01 00:45:00,6.98,1.3150000000000002,0.3,8.595
2023-01-01 01:00:00,7.15,0.7,0.3,8.15
2023-01-01 01:15:00,7.345000000000001,0.575,0.3,8.22
2023-01-01 01:30:00,7.54,0.4499999999999999,0.3,8.290000000000001
2023-01-01 01:45:00,7.734999999999999,0.325,0.3,8.36
2023-01-01 02:00:00,7.93,0.2,0.3,8.43
2023-01-01 02:15:00,8.785,0.51,0.3175,9.6125
2023-01-01 02:30:00,9.64,0.8200000000000001,0.3349999999999999,10.795000000000002
2023-01-01 02:45:00,10.495,1.13,0.3525,11.9775
2023-01-01 03:00:00,11.35,1.44,0.37,13.159999999999998
2023-01-01 03:15:00,12.37,1.255,0.5625,14.1875
2023-01-01 03:30:00,13.39,1.0699999999999998,0.7549999999999999,15.215
2023-01-01 03:45:00,14.41,0.885,0.9475,16.2425
2023-01-01 04:00:00,15.43,0.7,1.14,17.27
2023-01-01 04:15:00,17.21,1.0425,0.93,19.1825
2023-01-01 04:30:00,18.99,1.3849999999999998,0.72,21.095
2023-01-01 04:45:00,20.77,1.7274999999999998,0.51,23.0075
2023-01-01 05:00:00,22.55,2.07,0.3,24.92
2023-01-01 05:15:00,23.725,2.6175,0.3,26.6425
2023-01-01 05:30:00,24.9,3.165,0.3,28.365
2023-01-01 05:45:00,26.075,3.7125,0.3,30.0875
2023-01-01 06:00:00,27.25,4.26,0.3,31.81
2023-01-01 06:15:00,28.4375,3.535,0.5525,32.525
2023-01-01 06:30:00,29.625,2.81,0.8049999999999999,33.24
2023-01-01 06:45:00,30.8125,2.085,1.0575,33.955
2023-01-01 07:00:00,32.0,1.36,1.31,34.67
2023-01-01 07:15:00,30.06,4.4775,2.9725,37.510000000000005
2023-01-01 07:30:00,28.12,7.595000000000001,4.635,40.35
2023-01-01 07:45:00,26.18,10.7125,6.297500000000001,43.19
2023-01-01 08:00:00,24.24,13.83,7.96,46.03
2023-01-01 08:15:00,23.385,14.175,8.3075,45.8675
2023-01-01 08:30:00,22.53,14.52,8.655,45.705
2023-01-01 08:45:00,21.675,14.865,9.0025,45.5425
2023-01-01 09:00:00,20.82,15.21,9.35,45.38
2023-01-01 09:15:00,19.58,15.4275,9.05,44.057500000000005
2023-01-01 09:30:00,18.34,15.645,8.75,42.735
2023-01-01 09:45:00,17.1,15.8625,8.45,41.4125
2023-01-01 10:00:00,15.86,16.08,8.15,40.09
2023-01-01 10:15:00,13.5625,15.1725,6.78,35.515
2023-01-01 10:30:00,11.265,14.265,5.41,30.94
2023-01-01 10:45:00,8.9675,13.357499999999998,4.04,26.364999999999995
2023-01-01 11:00:00,6.67,12.45,2.67,21.79
2023-01-01 11:15:00,6.955,12.87,3.2425,23.0675
2023-01-01 11:30:00,7.24,13.29,3.815,24.345
2023-01-01 11:45:00,7.524999999999999,13.71,4.3875,25.6225
2023-01-01 12:00:00,7.81,14.13,4.96,26.9
2023-01-01 12:15:00,8.81,13.44,5.4125,27.6625
2023-01-01 12:30:00,9.81,12.75,5.865,28.425000000000004
2023-01-01 12:45:00,10.81,12.06,6.3175,29.1875
2023-01-01 13:00:00,11.81,11.37,6.77,29.95
2023-01-01 13:15:00,11.635,12.0625,6.682499999999999,30.379999999999995
2023-01-01 13:30:00,11.46,12.755,6.595,30.81
2023-01-01 13:45:00,11.285,13.4475,6.5075,31.24
2023-01-01 14:00:00,11.11,14.14,6.42,31.67
2023-01-01 14:15:00,10.87,13.225,6.055,30.15
2023-01-01 14:30:00,10.63,12.31,5.69,28.629999999999995
2023-01-01 14:45:00,10.39,11.395,5.325,27.11
2023-01-01 15:00:00,10.15,10.48,4.96,25.590000000000003
2023-01-01 15:15:00,10.7,10.7575,4.95,26.4075
2023-01-01 15:30:00,11.25,11.035,4.94,27.225
2023-01-01 15:45:00,11.8,11.3125,4.93,28.0425
2023-01-01 16:00:00,12.35,11.59,4.92,28.86
2023-01-01 16:15:00,14.2775,11.6675,4.06,30.005
2023-01-01 16:30:00,16.205,11.745,3.2,31.15
2023-01-01 16:45:00,18.1325,11.8225,2.34,32.295
2023-01-01 17:00:00,20.06,11.9,1.48,33.44
2023-01-01 17:15:00,21.9225,12.1625,1.7175,35.8025
2023-01-01 17:30:00,23.785,12.425,1.955,38.165
2023-01-01 17:45:00,25.6475,12.6875,2.1925,40.5275
2023-01-01 18:00:00,27.51,12.95,2.43,42.89
2023-01-01 18:15:00,29.825000000000003,9.8875,1.895,41.60750000000001
2023-01-01 18:30:00,32.14,6.824999999999999,1.36,40.325
2023-01-01 18:45:00,34.455000000000005,3.7624999999999993,0.8250000000000002,39.0425
2023-01-01 19:00:00,36.77,0.7,0.29,37.760000000000005
2023-01-01 19:15:00,37.6925,1.2775,0.435,39.405
2023-01-01 19:30:00,38.615,1.855,0.5800000000000001,41.05
2023-01-01 19:45:00,39.5375,2.4325,0.7250000000000001,42.695
2023-01-01 20:00:00,40.46,3.01,0.87,44.34
2023-01-01 20:15:00,39.5725,2.4325,1.0725,43.07749999999999
2023-01-01 20:30:00,38.685,1.855,1.275,41.815
2023-01-01 20:45:00,37.7975,1.2775,1.4775,40.5525
2023-01-01 21:00:00,36.91,0.7,1.68,39.29
2023-01-01 21:15:00,35.0,1.5775,1.335,37.9125
2023-01-01 21:30:00,33.09,2.455,0.99,36.535
2023-01-01 21:45:00,31.18,3.3325,0.645,35.157500000000006
2023-01-01 22:00:00,29.27,4.21,0.3,33.779999999999994
2023-01-01 22:15:00,27.5125,3.3325,1.1025,31.9475
2023-01-01 22:30:00,25.755,2.455,1.905,30.115
2023-01-01 22:45:00,23.9975,1.5775,2.7075,28.2825
2023-01-01 23:00:00,22.24,0.7,3.51,26.45
2023-01-01 23:15:00,17.987499999999997,1.8225,3.8075,23.6175
2023-01-01 23:30:00,13.735,2.9450000000000003,4.105,20.785
2023-01-01 23:45:00,9.4825,4.0675,4.4025,17.9525
2023-01-02 00:00:00,5.23,5.19,4.7,15.12
2023-01-02 00:15:00,5.8775,5.87,4.26,16.0075
2023-01-02 00:30:00,6.525,6.550000000000001,3.82,16.895000000000003
2023-01-02 00:45:00,7.1725,7.23,3.38,17.7825
2023-01-02 01:00:00,7.82,7.91,2.94,18.67
2023-01-02 01:15:00,8.0425,8.7275,2.645,19.415
2023-01-02 01:30:00,8.265,9.545,2.35,20.160000000000004
2023-01-02 01:45:00,8.4875,10.3625,2.055,20.905
2023-01-02 02:00:00,8.71,11.18,1.76,21.65
2023-01-02 02:15:00,9.0475,9.5725,2.135,20.755000000000003
2023-01-02 02:30:00,9.385000000000002,7.965,2.51,19.86
2023-01-02 02:45:00,9.7225,6.3575,2.885,18.965
2023-01-02 03:00:00,10.06,4.75,3.26,18.07
2023-01-02 03:15:00,10.3375,5.3675,4.2875,19.9925
2023-01-02 03:30:00,10.615,5.984999999999999,5.315,21.915
2023-01-02 03:45:00,10.8925,6.6025,6.3425,23.8375
2023-01-02 04:00:00,11.17,7.22,7.37,25.76
2023-01-02 04:15:00,13.165,7.425,6.8625,27.4525
2023-01-02 04:30:00,15.16,7.629999999999999,6.355,29.145
2023-01-02 04:45:00,17.155,7.834999999999999,5.8475,30.8375
2023-01-02 05:00:00,19.15,8.04,5.34,32.53
2023-01-02 05:15:00,21.395,8.3425,4.8925,34.629999999999995
2023-01-02 05:30:00,23.64,8.645,4.445,36.73
2023-01-02 05:45:00,25.885,8.9475,3.9975,38.83
2023-01-02 06:00:00,28.13,9.25,3.55,40.92999999999999
2023-01-02 06:15:00,28.075,8.7025,3.205,39.9825
2023-01-02 06:30:00,28.02,8.155,2.86,39.035
2023-01-02 06:45:00,27.965,7.6075,2.515,38.0875
2023-01-02 07:00:00,27.91,7.06,2.17,37.14
2023-01-02 07:15:00,27.9625,17.7125,11.1075,56.7825
2023-01-02 07:30:00,28.015,28.365,20.045,76.425
2023-01-02 07:45:00,28.067500000000003,39.0175,28.9825,96.0675
2023-01-02 08:00:00,28.12,49.67,37.92,115.71
2023-01-02 08:15:00,26.105,50.585,37.77,114.46
2023-01-02 08:30:00,24.09,51.5,37.620000000000005,113.21
2023-01-02 08:45:00,22.075,52.415,37.47,111.96
2023-01-02 09:00:00,20.06,53.33,37.32,110.71
2023-01-02 09:15:00,19.165,52.685,36.8475,108.6975
2023-01-02 09:30:00,18.27,52.04,36.375,106.685
2023-01-02 09:45:00,17.375,51.395,35.9025,104.6725
2023-01-02 10:00:00,16.48,50.75,35.43,102.66
2023-01-02 10:15:00,14.7325,51.4625,36.1775,102.3725
2023-01-02 10:30:00,12.985,52.175,36.925,102.085
2023-01-02 10:45:00,11.2375,52.8875,37.6725,101.7975
2023-01-02 11:00:00,9.49,53.6,38.42,101.51
2023-01-02 11:15:00,9.4425,52.9225,38.24,100.605
2023-01-02 11:30:00,9.395,52.245000000000005,38.06,99.7
2023-01-02 11:45:00,9.3475,51.5675,37.88,98.79500000000002
2023-01-02 12:00:00,9.3,50.89,37.7,97.89
2023-01-02 12:15:00,8.895,50.3125,37.495000000000005,96.7025
2023-01-02 12:30:00,8.49,49.735,37.290000000000006,95.515
2023-01-02 12:45:00,8.085,49.1575,37.085,94.3275
2023-01-02 13:00:00,7.68,48.58,36.88,93.14
2023-01-02 13:15:00,8.03,48.3225,37.4125,93.765
2023-01-02 13:30:00,8.379999999999999,48.065,37.945,94.39
2023-01-02 13:45:00,8.73,47.8075,38.4775,95.015
2023-01-02 14:00:00,9.08,47.55,39.01,95.64
2023-01-02 14:15:00,9.205,47.905,39.1525,96.2625
2023-01-02 14:30:00,9.33,48.26,39.295,96.885
2023-01-02 14:45:00,9.455,48.615,39.4375,97.5075
2023-01-02 15:00:00,9.58,48.97,39.58,98.13
2023-01-02 15:15:00,10.445,48.4175,38.9975,97.86
2023-01-02 15:30:00,11.31,47.865,38.415,97.59
2023-01-02 15:45:00,12.175,47.3125,37.8325,97.32
2023-01-02 16:00:00,13.04,46.76,37.25,97.05
2023-01-02 16:15:00,14.607499999999998,47.7325,28.11,90.45
2023-01-02 16:30:00,16.174999999999997,48.705,18.97,83.85
2023-01-02 16:45:00,17.7425,49.6775,9.829999999999998,77.24999999999999
2023-01-02 17:00:00,19.31,50.65,0.69,70.64999999999999
2023-01-02 17:15:00,21.5325,49.64,0.7224999999999999,71.895
2023-01-02 17:30:00,23.755,48.63,0.7549999999999999,73.13999999999999
2023-01-02 17:45:00,25.9775,47.62,0.7875,74.38499999999999
2023-01-02 18:00:00,28.2,46.61,0.82,75.63
2023-01-02 18:15:00,29.2575,36.605,0.865,66.7275
2023-01-02 18:30:00,30.315,26.6,0.91,57.825
2023-01-02 18:45:00,31.3725,16.595000000000002,0.955,48.9225
2023-01-02 19:00:00,32.43,6.59,1.0,40.02
2023-01-02 19:15:00,33.754999999999995,6.59,1.275,41.62
2023-01-02 19:30:00,35.08,6.59,1.55,43.22
2023-01-02 19:45:00,36.405,6.59,1.825,44.82000000000001
2023-01-02 20:00:00,37.73,6.59,2.1,46.42
2023-01-02 20:15:00,36.745,7.14,2.4375,46.3225
2023-01-02 20:30:00,35.76,7.689999999999999,2.7750000000000004,46.225
2023-01-02 20:45:00,34.775,8.239999999999998,3.1125000000000003,46.1275
2023-01-02 21:00:00,33.79,8.79,3.45,46.03
2023-01-02 21:15:00,32.8325,8.177499999999998,2.765,43.77499999999999
2023-01-02 21:30:00,31.875,7.564999999999999,2.08,41.52
2023-01-02 21:45:00,30.9175,6.9525,1.395,39.265
2023-01-02 22:00:00,29.96,6.34,0.71,37.01
2023-01-02 22:15:00,27.8825,5.7225,1.7225,35.3275
2023-01-02 22:30:00,25.805,5.105,2.735,33.645
2023-01-02 22:45:00,23.7275,4.4875,3.7475,31.9625
2023-01-02 23:00:00,21.65,3.87,4.76,30.28
2023-01-02 23:15:00,18.5175,4.47,4.5125,27.5
2023-01-02 23:30:00,15.384999999999998,5.07,4.265,24.72
2023-01-02 23:45:00,12.2525,5.67,4.0175,21.94
2023-01-03 00:00:00,9.12,6.27,3.77,19.16
2023-01-03 00:15:00,8.885,7.305,4.17,20.36
2023-01-03 00:30:00,8.649999999999999,8.34,4.57,21.56
2023-01-03 00:45:00,8.415,9.375,4.970000000000001,22.76
2023-01-03 01:00:00,8.18,10.41,5.37,23.96
2023-01-03 01:15:00,7.185,10.675,4.295,22.155
2023-01-03 01:30:00,6.19,10.94,3.22,20.35
2023-01-03 01:45:00,5.195,11.205,2.1450000000000005,18.545
2023-01-03 02:00:00,4.2,11.47,1.07,16.740000000000002
2023-01-03 02:15:00,5.74,10.395,0.94,17.075
2023-01-03 02:30:00,7.279999999999999,9.32,0.81,17.41
2023-01-03 02:45:00,8.82,8.245000000000001,0.68,17.745
2023-01-03 03:00:00,10.36,7.17,0.55,18.08
2023-01-03 03:15:00,11.705,8.445,0.67,20.82
2023-01-03 03:30:00,13.05,9.72,0.79,23.56
2023-01-03 03:45:00,14.395,10.995,0.91,26.3
2023-01-03 04:00:00,15.74,12.27,1.03,29.04
2023-01-03 04:15:00,17.43,11.1825,1.2675,29.879999999999995
2023-01-03 04:30:00,19.12,10.095,1.505,30.72
2023-01-03 04:45:00,20.81,9.0075,1.7425,31.56
2023-01-03 05:00:00,22.5,7.92,1.98,32.4
2023-01-03 05:15:00,24.5675,7.645,2.035,34.2475
2023-01-03 05:30:00,26.635,7.37,2.09,36.095
2023-01-03 05:45:00,28.7025,7.095000000000001,2.145,37.9425
2023-01-03 06:00:00,30.77,6.82,2.2,39.790000000000006
2023-01-03 06:15:00,30.675,8.0,2.0825,40.7575
2023-01-03 06:30:00,30.58,9.18,1.965,41.725
2023-01-03 06:45:00,30.485,10.36,1.8475,42.6925
2023-01-03 07:00:00,30.39,11.54,1.73,43.66
2023-01-03 07:15:00,29.7575,21.8,9.8625,61.42
2023-01-03 07:30:00,29.125,32.06,17.995,79.18
2023-01-03 07:45:00,28.4925,42.32,26.1275,96.94
2023-01-03 08:00:00,27.86,52.58,34.26,114.7
2023-01-03 08:15:00,26.3125,52.565,35.6075,114.485
2023-01-03 08:30:00,24.765,52.55,36.955,114.27
2023-01-03 08:45:00,23.2175,52.535,38.3025,114.055
2023-01-03 09:00:00,21.67,52.52,39.65,113.84
2023-01-03 09:15:00,19.5275,52.0975,40.065,111.69
2023-01-03 09:30:00,17.385,51.675,40.48,109.54
2023-01-03 09:45:00,15.2425,51.2525,40.895,107.39
2023-01-03 10:00:00,13.1,50.83,41.31,105.24
2023-01-03 10:15:00,12.995,49.41,39.58,101.985
2023-01-03 10:30:00,12.89,47.99,37.85,98.73
2023-01-03 10:45:00,12.785,46.57,36.120000000000005,95.475
2023-01-03 11:00:00,12.68,45.15,34.39,92.22
2023-01-03 11:15:00,11.2525,46.1025,35.365,92.72
2023-01-03 11:30:00,9.825,47.055,36.34,93.22
2023-01-03 11:45:00,8.3975,48.0075,37.315,93.72
2023-01-03 12:00:00,6.97,48.96,38.29,94.22
2023-01-03 12:15:00,7.115,50.0675,37.5775,94.76
2023-01-03 12:30:00,7.26,51.175,36.865,95.29999999999998
2023-01-03 12:45:00,7.404999999999999,52.2825,36.1525,95.84
2023-01-03 13:00:00,7.55,53.39,35.44,96.38
2023-01-03 13:15:00,7.4975,52.6725,35.9775,96.1475
2023-01-03 13:30:00,7.445,51.955,36.515,95.915
2023-01-03 13:45:00,7.3925,51.2375,37.0525,95.6825
2023-01-03 14:00:00,7.34,50.52,37.59,95.45
2023-01-03 14:15:00,8.085,50.3925,37.74,96.2175
2023-01-03 14:30:00,8.83,50.265,37.89,96.985
2023-01-03 14:45:00,9.575,50.1375,38.04,97.7525
2023-01-03 15:00:00,10.32,50.01,38.19,98.52
2023-01-03 15:15:00,11.2925,51.2025,38.56,101.055
2023-01-03 15:30:00,12.265,52.395,38.93,103.59
2023-01-03 15:45:00,13.2375,53.5875,39.3,106.125
2023-01-03 16:00:00,14.21,54.78,39.67,108.66
2023-01-03 16:15:00,16.125,52.8475,30.75,99.7225
2023-01-03 16:30:00,18.04,50.915,21.83,90.785
2023-01-03 16:45:00,19.955,48.9825,12.910000000000004,81.8475
2023-01-03 17:00:00,21.87,47.05,3.99,72.91
2023-01-03 17:15:00,23.19,48.32,3.7525,75.2625
2023-01-03 17:30:00,24.51,49.59,3.515,77.615
2023-01-03 17:45:00,25.83,50.86,3.2775,79.9675
2023-01-03 18:00:00,27.15,52.13,3.04,82.32000000000001
2023-01-03 18:15:00,29.87,41.555,2.44,73.865
2023-01-03 18:30:00,32.59,30.98,1.84,65.41000000000001
2023-01-03 18:45:00,35.31,20.405,1.2400000000000002,56.955000000000005
2023-01-03 19:00:00,38.03,9.83,0.64,48.5
2023-01-03 19:15:00,38.6575,9.7375,0.665,49.06
2023-01-03 19:30:00,39.285,9.645,0.69,49.61999999999999
2023-01-03 19:45:00,39.9125,9.5525,0.715,50.18000000000001
2023-01-03 20:00:00,40.54,9.46,0.74,50.74
2023-01-03 20:15:00,39.6875,8.8725,1.26,49.82
2023-01-03 20:30:00,38.835,8.285,1.78,48.900000000000006
2023-01-03 20:45:00,37.9825,7.697500000000001,2.3,47.98
2023-01-03 21:00:00,37.13,7.11,2.82,47.06
2023-01-03 21:15:00,35.22,8.7025,4.297499999999999,48.22
2023-01-03 21:30:00,33.31,10.295,5.775,49.38
2023-01-03 21:45:00,31.4,11.8875,7.252499999999999,50.53999999999999
2023-01-03 22:00:00,29.49,13.48,8.73,51.7
2023-01-03 22:15:00,28.1825,11.71,7.0525,46.945
2023-01-03 22:30:00,26.875,9.94,5.375,42.19
2023-01-03 22:45:00,25.567500000000003,8.17,3.6975,37.435
2023-01-03 23:00:00,24.26,6.4,2.02,32.68000000000001
2023-01-03 23:15:00,20.385,6.2225,1.59,28.1975
2023-01-03 23:30:00,16.51,6.045,1.16,23.715
2023-01-03 23:45:00,12.635,5.867500000000001,0.73,19.2325
2023-01-04 00:00:00,8.76,5.69,0.3,14.75
2023-01-04 00:15:00,7.564999999999999,5.53,1.08,14.175
2023-01-04 00:30:00,6.37,5.37,1.86,13.6
2023-01-04 00:45:00,5.175000000000001,5.21,2.64,13.025000000000002
2023-01-04 01:00:00,3.98,5.05,3.42,12.45
2023-01-04 01:15:00,4.7725,6.1225,3.295,14.19
2023-01-04 01:30:00,5.565,7.195,3.17,15.93
2023-01-04 01:45:00,6.3575,8.2675,3.045,17.67
2023-01-04 02:00:00,7.15,9.34,2.92,19.410000000000004
2023-01-04 02:15:00,8.765,9.59,3.515,21.87
2023-01-04 02:30:00,10.38,9.84,4.109999999999999,24.33
2023-01-04 02:45:00,11.995,10.09,4.705,26.79
2023-01-04 03:00:00,13.61,10.34,5.3,29.25
2023-01-04 03:15:00,14.0625,9.0375,4.935,28.035
2023-01-04 03:30:00,14.515,7.734999999999999,4.57,26.82
2023-01-04 03:45:00,14.9675,6.4325,4.205,25.605
2023-01-04 04:00:00,15.42,5.13,3.84,24.39
2023-01-04 04:15:00,16.845,5.9425,4.1,26.8875
2023-01-04 04:30:00,18.27,6.755000000000001,4.359999999999999,29.385
2023-01-04 04:45:00,19.695,7.567500000000001,4.62,31.882500000000004
2023-01-04 05:00:00,21.12,8.38,4.88,34.38
2023-01-04 05:15:00,23.085,8.315000000000001,4.1425,35.542500000000004
2023-01-04 05:30:00,25.05,8.25,3.405,36.705
2023-01-04 05:45:00,27.015,8.184999999999999,2.6674999999999995,37.8675
2023-01-04 06:00:00,28.98,8.12,1.93,39.03
2023-01-04 06:15:00,29.455,8.802499999999998,1.575,39.8325
2023-01-04 06:30:00,29.93,9.485,1.22,40.635
2023-01-04 06:45:00,30.405,10.1675,0.865,41.43750000000001
2023-01-04 07:00:00,30.88,10.85,0.51,42.24
2023-01-04 07:15:00,30.2025,20.9825,9.95,61.135000000000005
2023-01-04 07:30:00,29.525,31.115,19.390000000000004,80.03
2023-01-04 07:45:00,28.8475,41.2475,28.830000000000005,98.925
2023-01-04 08:00:00,28.17,51.38,38.27,117.82000000000002
2023-01-04 08:15:00,26.3025,51.2225,39.0075,116.5325
2023-01-04 08:30:00,24.435,51.065,39.745000000000005,115.245
2023-01-04 08:45:00,22.5675,50.9075,40.4825,113.9575
2023-01-04 09:00:00,20.7,50.75,41.22,112.67
2023-01-04 09:15:00,19.12,50.06,40.3325,109.5125
2023-01-04 09:30:00,17.54,49.370000000000005,39.445,106.355
2023-01-04 09:45:00,15.96,48.68,38.557500000000005,103.1975
2023-01-04 10:00:00,14.38,47.99,37.67,100.04
2023-01-04 10:15:00,14.3775,48.83,37.42,100.6275
2023-01-04 10:30:00,14.375,49.67,37.17,101.215
2023-01-04 10:45:00,14.3725,50.510000000000005,36.92,101.8025
2023-01-04 11:00:00,14.37,51.35,36.67,102.39
2023-01-04 11:15:00,12.614999999999998,51.255,36.1725,100.0425
2023-01-04 11:30:00,10.86,51.16,35.675,97.695
2023-01-04 11:45:00,9.105,51.065,35.1775,95.3475
2023-01-04 12:00:00,7.35,50.97,34.68,93.0
2023-01-04 12:15:00,7.3475,50.4125,35.567499999999995,93.3275
2023-01-04 12:30:00,7.345,49.855,36.455,93.655
2023-01-04 12:45:00,7.342499999999999,49.2975,37.3425,93.9825
2023-01-04 13:00:00,7.34,48.74,38.23,94.31
2023-01-04 13:15:00,7.699999999999999,49.94,38.3925,96.0325
2023-01-04 13:30:00,8.059999999999999,51.14,38.555,97.755
2023-01-04 13:45:00,8.42,52.34,38.7175,99.4775
2023-01-04 14:00:00,8.78,53.54,38.88,101.2
2023-01-04 14:15:00,9.205,52.7075,37.97,99.8825
2023-01-04 14:30:00,9.63,51.875,37.06,98.565
2023-01-04 14:45:00,10.055,51.0425,36.150000000000006,97.2475
2023-01-04 15:00:00,10.48,50.21,35.24,95.93
2023-01-04 15:15:00,11.63,49.61,35.69,96.93
2023-01-04 15:30:00,12.78,49.010000000000005,36.14,97.93
2023-01-04 15:45:00,13.93,48.41,36.59,98.93
2023-01-04 16:00:00,15.08,47.81,37.04,99.93
2023-01-04 16:15:00,16.22,48.3125,28.925,93.4575
2023-01-04 16:30:00,17.36,48.815,20.81,86.985
2023-01-04 16:45:00,18.5,49.3175,12.695,80.51249999999999
2023-01-04 17:00:00,19.64,49.82,4.58,74.04
2023-01-04 17:15:00,21.365,49.8975,4.2475000000000005,75.51
2023-01-04 17:30:00,23.09,49.975,3.915,76.98
2023-01-04 17:45:00,24.815,50.0525,3.5825,78.45
2023-01-04 18:00:00,26.54,50.13,3.25,79.92
2023-01-04 18:15:00,29.21,39.14,3.32,71.66999999999999
2023-01-04 18:30:00,31.88,28.15,3.39,63.42
2023-01-04 18:45:00,34.55,17.160000000000004,3.46,55.17
2023-01-04 19:00:00,37.22,6.17,3.53,46.92
2023-01-04 19:15:00,36.84,5.8,3.8,46.44
2023-01-04 19:30:00,36.46,5.43,4.07,45.96
2023-01-04 19:45:00,36.08,5.0600000000000005,4.34,45.48
2023-01-04 20:00:00,35.7,4.69,4.61,45.0
2023-01-04 20:15:00,35.6425,5.192500000000001,4.335,45.17
2023-01-04 20:30:00,35.585,5.695,4.0600000000000005,45.34
2023-01-04 20:45:00,35.5275,6.1975,3.785,45.510000000000005
2023-01-04 21:00:00,35.47,6.7,3.51,45.68
2023-01-04 21:15:00,33.6425,6.8100000000000005,3.89,44.3425
2023-01-04 21:30:00,31.815,6.92,4.27,43.005
2023-01-04 21:45:00,29.9875,7.029999999999999,4.65,41.6675
2023-01-04 22:00:00,28.16,7.14,5.03,40.33
2023-01-04 22:15:00,26.0575,7.79,3.8475,37.69500000000001
2023-01-04 22:30:00,23.955,8.44,2.665,35.059999999999995
2023-01-04 22:45:00,21.8525,9.09,1.4825,32.425
2023-01-04 23:00:00,19.75,9.74,0.3,29.790000000000003
2023-01-04 23:15:00,16.6275,8.852500000000001,0.885,26.36500000000001
2023-01-04 23:30:00,13.505,7.965,1.4700000000000002,22.94
2023-01-04 23:45:00,10.3825,7.077500000000001,2.055,19.515
2023-01-05 00:00:00,7.26,6.19,2.64,16.09
2023-01-05 00:15:00,6.875,6.6275,2.475,15.9775
2023-01-05 00:30:00,6.49,7.065,2.31,15.865
2023-01-05 00:45:00,6.105,7.5025,2.145,15.7525
2023-01-05 01:00:00,5.72,7.94,1.98,15.64
2023-01-05 01:15:00,6.71,7.3225,1.56,15.5925
2023-01-05 01:30:00,7.699999999999999,6.705,1.14,15.545
2023-01-05 01:45:00,8.69,6.0875,0.72,15.4975
2023-01-05 02:00:00,9.68,5.47,0.3,15.45
2023-01-05 02:15:00,9.745,5.4075,0.3,15.4525
2023-01-05 02:30:00,9.81,5.345,0.3,15.454999999999998
2023-01-05 02:45:00,9.875,5.2825,0.3,15.4575
2023-01-05 03:00:00,9.94,5.22,0.3,15.46
2023-01-05 03:15:00,11.785,5.22,0.8925000000000001,17.8975
2023-01-05 03:30:00,13.63,5.22,1.485,20.335
2023-01-05 03:45:00,15.475,5.22,2.0775,22.7725
2023-01-05 04:00:00,17.32,5.22,2.67,25.21
2023-01-05 04:15:00,17.83,5.2225,3.2025,26.255
2023-01-05 04:30:00,18.34,5.225,3.735,27.3
2023-01-05 04:45:00,18.85,5.2275,4.2675,28.345
2023-01-05 05:00:00,19.36,5.23,4.8,29.39
2023-01-05 05:15:00,21.17,4.84,4.9125,30.9225
2023-01-05 05:30:00,22.98,4.45,5.025,32.455
2023-01-05 05:45:00,24.79,4.0600000000000005,5.1375,33.987500000000004
2023-01-05 06:00:00,26.6,3.67,5.25,35.52
2023-01-05 06:15:00,27.8525,5.1025,4.9825,37.9375
2023-01-05 06:30:00,29.105,6.535,4.715,40.355
2023-01-05 06:45:00,30.3575,7.9675,4.4475,42.7725
2023-01-05 07:00:00,31.61,9.4,4.18,45.19
2023-01-05 07:15:00,30.6625,19.1825,12.03,61.875
2023-01-05 07:30:00,29.715,28.965000000000003,19.88,78.56
2023-01-05 07:45:00,28.7675,38.7475,27.73,95.245
2023-01-05 08:00:00,27.82,48.53,35.58,111.93
2023-01-05 08:15:00,26.145,48.7075,35.2825,110.135
2023-01-05 08:30:00,24.47,48.885000000000005,34.985,108.34
2023-01-05 08:45:00,22.795,49.0625,34.6875,106.545
2023-01-05 09:00:00,21.12,49.24,34.39,104.75
2023-01-05 09:15:00,19.5075,50.650000000000006,35.4375,105.595
2023-01-05 09:30:00,17.895,52.06,36.485,106.44
2023-01-05 09:45:00,16.2825,53.47,37.5325,107.285
2023-01-05 10:00:00,14.67,54.88,38.58,108.13
2023-01-05 10:15:00,12.9875,54.925,37.4625,105.375
2023-01-05 10:30:00,11.305,54.97,36.345,102.62
2023-01-05 10:45:00,9.6225,55.015,35.2275,99.865
2023-01-05 11:00:00,7.94,55.06,34.11,97.11
2023-01-05 11:15:00,8.0675,53.705,34.6225,96.395
2023-01-05 11:30:00,8.195,52.35,35.135,95.68
2023-01-05 11:45:00,8.3225,50.995000000000005,35.647499999999994,94.965
2023-01-05 12:00:00,8.45,49.64,36.16,94.25
2023-01-05 12:15:00,8.45,50.3975,36.2125,95.06
2023-01-05 12:30:00,8.45,51.155,36.265,95.87
2023-01-05 12:45:00,8.45,51.9125,36.3175,96.68
2023-01-05 13:00:00,8.45,52.67,36.37,97.49
2023-01-05 13:15:00,8.57,52.5275,36.595,97.6925
2023-01-05 13:30:00,8.69,52.385000000000005,36.82,97.895
2023-01-05 13:45:00,8.809999999999999,52.2425,37.045,98.0975
2023-01-05 14:00:00,8.93,52.1,37.27,98.3
2023-01-05 14:15:00,9.3725,50.835,37.5375,97.745
2023-01-05 14:30:00,9.815,49.57,37.80500000000001,97.19
2023-01-05 14:45:00,10.2575,48.305,38.072500000000005,96.635
2023-01-05 15:00:00,10.7,47.04,38.34,96.08
2023-01-05 15:15:00,11.52,47.83,38.9025,98.2525
2023-01-05 15:30:00,12.34,48.620000000000005,39.465,100.425
2023-01-05 15:45:00,13.16,49.41,40.0275,102.5975
2023-01-05 16:00:00,13.98,50.2,40.59,104.77
2023-01-05 16:15:00,15.93,49.835,31.422500000000003,97.1875
2023-01-05 16:30:00,17.880000000000003,49.47,22.255000000000003,89.60499999999999
2023-01-05 16:45:00,19.83,49.105,13.087500000000002,82.02250000000001
2023-01-05 17:00:00,21.78,48.74,3.92,74.44000000000001
2023-01-05 17:15:00,23.465,48.0975,3.8675,75.43
2023-01-05 17:30:00,25.15,47.455,3.815,76.41999999999999
2023-01-05 17:45:00,26.835,46.8125,3.7625,77.41000000000001
2023-01-05 18:00:00,28.52,46.17,3.71,78.39999999999999
2023-01-05 18:15:00,30.28,37.5175,4.3925,72.19
2023-01-05 18:30:00,32.04,28.865,5.075,65.98
2023-01-05 18:45:00,33.800000000000004,20.2125,5.7575,59.77
2023-01-05 19:00:00,35.56,11.56,6.44,53.56
2023-01-05 19:15:00,36.5775,9.92,5.805000000000001,52.3025
2023-01-05 19:30:00,37.595,8.280000000000001,5.17,51.045
2023-01-05 19:45:00,38.6125,6.640000000000001,4.535,49.78750000000001
2023-01-05 20:00:00,39.63,5.0,3.9,48.53
2023-01-05 20:15:00,38.9225,4.4275,3.695,47.045
2023-01-05 20:30:00,38.215,3.855,3.49,45.56
2023-01-05 20:45:00,37.5075,3.2825,3.285,44.075
2023-01-05 21:00:00,36.8,2.71,3.08,42.59
2023-01-05 21:15:00,34.9675,3.7825,4.055,42.805
2023-01-05 21:30:00,33.135,4.855,5.03,43.02
2023-01-05 21:45:00,31.3025,5.9275,6.005000000000001,43.235
2023-01-05 22:00:00,29.47,7.0,6.98,43.45
2023-01-05 22:15:00,27.1675,7.825,5.7975,40.79
2023-01-05 22:30:00,24.865,8.65,4.615,38.13
2023-01-05 22:45:00,22.5625,9.475,3.4325,35.47
2023-01-05 23:00:00,20.26,10.3,2.25,32.81
2023-01-05 23:15:00,17.645000000000003,9.5575,2.2675,29.47000000000001
2023-01-05 23:30:00,15.03,8.815000000000001,2.285,26.130000000000003
2023-01-05 23:45:00,12.415,8.0725,2.3025,22.79
2023-01-06 00:00:00,9.8,7.33,2.32,19.450000000000003
2023-01-06 00:15:00,9.4425,6.28,1.815,17.5375
2023-01-06 00:30:00,9.085,5.23,1.3099999999999998,15.625000000000002
2023-01-06 00:45:00,8.7275,4.18,0.8049999999999997,13.7125
2023-01-06 01:00:00,8.37,3.13,0.3,11.8
2023-01-06 01:15:00,8.209999999999999,4.56,1.2925,14.0625
2023-01-06 01:30:00,8.05,5.99,2.285,16.325
2023-01-06 01:45:00,7.890000000000001,7.42,3.2775,18.5875
2023-01-06 02:00:00,7.73,8.85,4.27,20.85
2023-01-06 02:15:00,8.7775,9.1075,3.2775,21.1625
2023-01-06 02:30:00,9.825,9.365,2.285,21.475
2023-01-06 02:45:00,10.8725,9.6225,1.2924999999999995,21.7875
2023-01-06 03:00:00,11.92,9.88,0.3,22.1
2023-01-06 03:15:00,13.435,8.4525,0.7825,22.67
2023-01-06 03:30:00,14.95,7.025,1.265,23.24
2023-01-06 03:45:00,16.465,5.5975,1.7475,23.81
2023-01-06 04:00:00,17.98,4.17,2.23,24.38
2023-01-06 04:15:00,19.1375,4.4675,1.84,25.445
2023-01-06 04:30:00,20.295,4.765000000000001,1.45,26.51
2023-01-06 04:45:00,21.4525,5.0625,1.06,27.575
2023-01-06 05:00:00,22.61,5.36,0.67,28.64
2023-01-06 05:15:00,23.495,6.13,1.6925,31.317499999999995
2023-01-06 05:30:00,24.38,6.9,2.715,33.995000000000005
2023-01-06 05:45:00,25.265,7.67,3.7375,36.6725
2023-01-06 06:00:00,26.15,8.44,4.76,39.35
2023-01-06 06:15:00,27.055,7.352499999999999,4.245,38.6525
2023-01-06 06:30:00,27.96,6.265,3.73,37.955
2023-01-06 06:45:00,28.865,5.1775,3.215,37.25749999999999
2023-01-06 07:00:00,29.77,4.09,2.7,36.56
2023-01-06 07:15:00,29.1575,14.97,11.3475,55.475
2023-01-06 07:30:00,28.545,25.85,19.995,74.38999999999999
2023-01-06 07:45:00,27.9325,36.73,28.642499999999995,93.305
2023-01-06 08:00:00,27.32,47.61,37.29,112.22
2023-01-06 08:15:00,25.68,47.4075,36.5725,109.66
2023-01-06 08:30:00,24.04,47.205,35.855000000000004,107.1
2023-01-06 08:45:00,22.4,47.0025,35.1375,104.54
2023-01-06 09:00:00,20.76,46.8,34.42,101.98
2023-01-06 09:15:00,19.1625,47.4525,34.86,101.475
2023-01-06 09:30:00,17.565,48.105,35.3,100.97
2023-01-06 09:45:00,15.9675,48.75749999999999,35.74,100.465
2023-01-06 10:00:00,14.37,49.41,36.18,99.96
2023-01-06 10:15:00,14.27,49.2825,36.7925,100.345
2023-01-06 10:30:00,14.17,49.155,37.405,100.73
2023-01-06 10:45:00,14.07,49.0275,38.0175,101.115
2023-01-06 11:00:00,13.97,48.9,38.63,101.5
2023-01-06 11:15:00,12.9725,48.7025,39.06,100.735
2023-01-06 11:30:00,11.975,48.505,39.49,99.97
2023-01-06 11:45:00,10.9775,48.3075,39.92,99.205
2023-01-06 12:00:00,9.98,48.11,40.35,98.44
2023-01-06 12:15:00,9.66,47.0475,39.275,95.9825
2023-01-06 12:30:00,9.34,45.985,38.2,93.525
2023-01-06 12:45:00,9.02,44.9225,37.125,91.0675
2023-01-06 13:00:00,8.7,43.86,36.05,88.61
2023-01-06 13:15:00,9.015,46.2,36.56,91.775
2023-01-06 13:30:00,9.33,48.54,37.07,94.94
2023-01-06 13:45:00,9.645,50.88,37.58,98.105
2023-01-06 14:00:00,9.96,53.22,38.09,101.27
2023-01-06 14:15:00,9.8675,52.49,38.4875,100.845
2023-01-06 14:30:00,9.775,51.76,38.885000000000005,100.42
2023-01-06 14:45:00,9.6825,51.03,39.2825,99.995
2023-01-06 15:00:00,9.59,50.3,39.68,99.57
2023-01-06 15:15:00,10.6175,51.4975,39.265,101.38
2023-01-06 15:30:00,11.645,52.695,38.85,103.19
2023-01-06 15:45:00,12.6725,53.8925,38.435,105.0
2023-01-06 16:00:00,13.7,55.09,38.02,106.81
2023-01-06 16:15:00,15.535,53.635000000000005,29.125,98.295
2023-01-06 16:30:00,17.369999999999997,52.18000000000001,20.23,89.78000000000002
2023-01-06 16:45:00,19.205,50.725,11.335,81.26500000000001
2023-01-06 17:00:00,21.04,49.27,2.44,72.75
2023-01-06 17:15:00,21.9775,49.190000000000005,2.3825,73.55
2023-01-06 17:30:00,22.915,49.11,2.325,74.35000000000001
2023-01-06 17:45:00,23.8525,49.03,2.2675,75.14999999999999
2023-01-06 18:00:00,24.79,48.95,2.21,75.95
2023-01-06 18:15:00,27.7875,39.852500000000006,1.995,69.63500000000002
2023-01-06 18:30:00,30.785,30.755000000000003,1.78,63.32000000000001
2023-01-06 18:45:00,33.7825,21.6575,1.565,57.005
2023-01-06 19:00:00,36.78,12.56,1.35,50.690000000000005
2023-01-06 19:15:00,36.975,10.615,2.335,49.925
2023-01-06 19:30:00,37.17,8.67,3.3200000000000003,49.16
2023-01-06 19:45:00,37.365,6.7250000000000005,4.305,48.395
2023-01-06 20:00:00,37.56,4.78,5.29,47.63
2023-01-06 20:15:00,37.2225,5.36,5.28,47.8625
2023-01-06 20:30:00,36.885000000000005,5.94,5.27,48.095
2023-01-06 20:45:00,36.5475,6.52,5.26,48.32749999999999
2023-01-06 21:00:00,36.21,7.1,5.25,48.56
2023-01-06 21:15:00,33.9775,6.9625,5.575,46.515
2023-01-06 21:30:00,31.745,6.824999999999999,5.9,44.47
2023-01-06 21:45:00,29.512500000000003,6.6875,6.225,42.425
2023-01-06 22:00:00,27.28,6.55,6.55,40.38
2023-01-06 22:15:00,25.5,6.6975,5.915,38.1125
2023-01-06 22:30:00,23.72,6.845,5.279999999999999,35.845
2023-01-06 22:45:00,21.94,6.9925,4.645,33.5775
2023-01-06 23:00:00,20.16,7.14,4.01,31.31
2023-01-06 23:15:00,17.6,5.529999999999999,3.28,26.410000000000004
2023-01-06 23:30:00,15.04,3.92,2.55,21.51
2023-01-06 23:45:00,12.48,2.31,1.82,16.61
2023-01-07 00:00:00,9.92,0.7,1.09,11.71
2023-01-07 00:15:00,8.715,0.665,2.01,11.39
2023-01-07 00:30:00,7.51,0.63,2.93,11.07
2023-01-07 00:45:00,6.305,0.595,3.85,10.75
2023-01-07 01:00:00,5.1,0.56,4.77,10.43
2023-01-07 01:15:00,5.69,0.5675,3.6525,9.91
2023-01-07 01:30:00,6.279999999999999,0.575,2.535,9.39
2023-01-07 01:45:00,6.87,0.5825,1.4174999999999995,8.870000000000001
2023-01-07 02:00:00,7.46,0.59,0.3,8.350000000000001
2023-01-07 02:15:00,8.62,1.2925,0.3,10.2125
2023-01-07 02:30:00,9.78,1.995,0.3,12.075
2023-01-07 02:45:00,10.94,2.6975,0.3,13.9375
2023-01-07 03:00:00,12.1,3.4,0.3,15.8
2023-01-07 03:15:00,13.085,2.725,0.9825,16.792499999999997
2023-01-07 03:30:00,14.07,2.05,1.665,17.785
2023-01-07 03:45:00,15.055,1.3749999999999996,2.3475,18.7775
2023-01-07 04:00:00,16.04,0.7,3.03,19.77
2023-01-07 04:15:00,17.6875,0.7,2.3475,20.735
2023-01-07 04:30:00,19.335,0.7,1.6649999999999998,21.7
2023-01-07 04:45:00,20.9825,0.7,0.9825,22.665
2023-01-07 05:00:00,22.63,0.7,0.3,23.63
2023-01-07 05:15:00,23.955,1.4525,0.3,25.7075
2023-01-07 05:30:00,25.28,2.205,0.3,27.785
2023-01-07 05:45:00,26.605,2.9575,0.3,29.8625
2023-01-07 06:00:00,27.93,3.71,0.3,31.94
2023-01-07 06:15:00,28.74,3.9975,1.24,33.977500000000006
2023-01-07 06:30:00,29.55,4.285,2.18,36.015
2023-01-07 06:45:00,30.36,4.5725,3.12,38.0525
2023-01-07 07:00:00,31.17,4.86,4.06,40.09
2023-01-07 07:15:00,30.345,7.0675,4.27,41.682500000000005
2023-01-07 07:30:00,29.520000000000003,9.275,4.48,43.275000000000006
2023-01-07 07:45:00,28.695,11.482499999999998,4.69,44.86749999999999
2023-01-07 08:00:00,27.87,13.69,4.9,46.46
2023-01-07 08:15:00,26.455,14.6925,5.0725,46.22
2023-01-07 08:30:00,25.04,15.695,5.245,45.98
2023-01-07 08:45:00,23.625,16.697499999999998,5.4175,45.74
2023-01-07 09:00:00,22.21,17.7,5.59,45.5
2023-01-07 09:15:00,20.4775,15.8525,6.25,42.58
2023-01-07 09:30:00,18.745,14.005,6.91,39.66
2023-01-07 09:45:00,17.0125,12.1575,7.57,36.74
2023-01-07 10:00:00,15.28,10.31,8.23,33.82
2023-01-07 10:15:00,13.625,10.08,6.8675,30.5725
2023-01-07 10:30:00,11.97,9.85,5.505,27.325
2023-01-07 10:45:00,10.315,9.62,4.1425,24.0775
2023-01-07 11:00:00,8.66,9.39,2.78,20.83
2023-01-07 11:15:00,8.295,10.53,3.785,22.610000000000003
2023-01-07 11:30:00,7.93,11.67,4.789999999999999,24.39
2023-01-07 11:45:00,7.565,12.81,5.795,26.17
2023-01-07 12:00:00,7.2,13.95,6.8,27.95
2023-01-07 12:15:00,7.6825,12.82,6.3925,26.895000000000003
2023-01-07 12:30:00,8.165000000000001,11.69,5.984999999999999,25.84
2023-01-07 12:45:00,8.6475,10.56,5.5775,24.785
2023-01-07 13:00:00,9.13,9.43,5.17,23.730000000000004
2023-01-07 13:15:00,8.790000000000001,9.5625,5.405,23.7575
2023-01-07 13:30:00,8.45,9.695,5.640000000000001,23.785
2023-01-07 13:45:00,8.11,9.8275,5.875,23.8125
2023-01-07 14:00:00,7.77,9.96,6.11,23.84
2023-01-07 14:15:00,8.285,10.58,6.8125,25.6775
2023-01-07 14:30:00,8.8,11.2,7.515000000000001,27.515
2023-01-07 14:45:00,9.315,11.82,8.217500000000001,29.3525
2023-01-07 15:00:00,9.83,12.44,8.92,31.19
2023-01-07 15:15:00,10.2675,12.96,7.8425,31.07
2023-01-07 15:30:00,10.705,13.48,6.765000000000001,30.950000000000003
2023-01-07 15:45:00,11.1425,14.0,5.6875,30.83
2023-01-07 16:00:00,11.58,14.52,4.61,30.71
2023-01-07 16:15:00,13.6875,13.855,3.93,31.4725
2023-01-07 16:30:00,15.795000000000002,13.19,3.25,32.235
2023-01-07 16:45:00,17.902500000000003,12.525,2.57,32.9975
2023-01-07 17:00:00,20.01,11.86,1.89,33.76
2023-01-07 17:15:00,22.1825,11.8275,1.4925,35.502500000000005
2023-01-07 17:30:00,24.355,11.795,1.095,37.245
2023-01-07 17:45:00,26.5275,11.7625,0.6975,38.9875
2023-01-07 18:00:00,28.7,11.73,0.3,40.73
2023-01-07 18:15:00,30.225,9.285,0.8175000000000001,40.3275
2023-01-07 18:30:00,31.75,6.84,1.3350000000000002,39.925
2023-01-07 18:45:00,33.275,4.395,1.8525000000000005,39.5225
2023-01-07 19:00:00,34.8,1.95,2.37,39.12
2023-01-07 19:15:00,35.834999999999994,2.0325,1.8525,39.71999999999999
2023-01-07 19:30:00,36.87,2.115,1.335,40.32
2023-01-07 19:45:00,37.905,2.1975,0.8174999999999999,40.92
2023-01-07 20:00:00,38.94,2.28,0.3,41.52
2023-01-07 20:15:00,37.975,2.2825,0.3,40.55749999999999
2023-01-07 20:30:00,37.01,2.285,0.3,39.595
2023-01-07 20:45:00,36.045,2.2875,0.3,38.6325
2023-01-07 21:00:00,35.08,2.29,0.3,37.67
2023-01-07 21:15:00,32.94,1.8925,0.3,35.13249999999999
2023-01-07 21:30:00,30.8,1.495,0.3,32.59499999999999
2023-01-07 21:45:00,28.66,1.0975,0.3,30.0575
2023-01-07 22:00:00,26.52,0.7,0.3,27.52
2023-01-07 22:15:00,25.3,0.7,0.3,26.3
2023-01-07 22:30:00,24.08,0.7,0.3,25.08
2023-01-07 22:45:00,22.86,0.7,0.3,23.86
2023-01-07 23:00:00,21.64,0.7,0.3,22.64
2023-01-07 23:15:00,18.1375,0.6599999999999999,0.3,19.0975
2023-01-07 23:30:00,14.635,0.62,0.3,15.555
2023-01-07 23:45:00,11.1325,0.5800000000000001,0.3,12.0125
2023-04-01 00:00:00,7.1,0.7,2.17,9.97
2023-04-01 00:15:00,6.4275,0.8574999999999999,2.6575,9.9425
2023-04-01 00:30:00,5.755,1.015,3.145,9.915
2023-04-01 00:45:00,5.0825,1.1725,3.6325,9.8875
2023-04-01 01:00:00,4.41,1.33,4.12,9.86
2023-04-01 01:15:00,4.9825,1.1275,3.165,9.275
2023-04-01 01:30:00,5.555,0.925,2.21,8.69
2023-04-01 01:45:00,6.1275,0.7225,1.255,8.105
2023-04-01 02:00:00,6.7,0.52,0.3,7.52
2023-04-01 02:15:00,7.47,1.0125000000000002,0.3,8.7825
2023-04-01 02:30:00,8.24,1.505,0.3,10.045000000000002
2023-04-01 02:45:00,9.01,1.9975,0.3,11.3075
2023-04-01 03:00:00,9.78,2.49,0.3,12.57
2023-04-01 03:15:00,10.97,3.2175,0.3,14.4875
2023-04-01 03:30:00,12.16,3.945,0.3,16.405
2023-04-01 03:45:00,13.35,4.6725,0.3,18.3225
2023-04-01 04:00:00,14.54,5.4,0.3,20.24
2023-04-01 04:15:00,15.26,4.69,0.3,20.25
2023-04-01 04:30:00,15.98,3.98,0.3,20.26
2023-04-01 04:45:00,16.700000000000003,3.27,0.3,20.270000000000003
2023-04-01 05:00:00,17.42,2.56,0.3,20.28
2023-04-01 05:15:00,18.58,3.57,0.3,22.450000000000003
2023-04-01 05:30:00,19.74,4.58,0.3,24.62
2023-04-01 05:45:00,20.9,5.59,0.3,26.79
2023-04-01 06:00:00,22.06,6.6,0.3,28.96
2023-04-01 06:15:00,23.4625,5.125,0.475,29.0625
2023-04-01 06:30:00,24.865,3.65,0.6499999999999999,29.165
2023-04-01 06:45:00,26.2675,2.175,0.825,29.2675
2023-04-01 07:00:00,27.67,0.7,1.0,29.37
2023-04-01 07:15:00,26.305,3.755,2.6325000000000003,32.692499999999995
2023-04-01 07:30:00,24.94,6.8100000000000005,4.265000000000001,36.015
2023-04-01 07:45:00,23.575000000000003,9.865,5.8975,39.337500000000006
2023-04-01 08:00:00,22.21,12.92,7.53,42.66
2023-04-01 08:15:00,21.615,12.245,7.095000000000001,40.955
2023-04-01 08:30:00,21.02,11.57,6.66,39.25
2023-04-01 08:45:00,20.425,10.895,6.225,37.545
2023-04-01 09:00:00,19.83,10.22,5.79,35.84
2023-04-01 09:15:00,18.505,11.2275,5.3275,35.06
2023-04-01 09:30:00,17.18,12.235,4.865,34.28
2023-04-01 09:45:00,15.855,13.2425,4.4025,33.5
2023-04-01 10:00:00,14.53,14.25,3.94,32.72
2023-04-01 10:15:00,12.51,13.9375,4.4325,30.88
2023-04-01 10:30:00,10.49,13.625,4.925,29.040000000000003
2023-04-01 10:45:00,8.47,13.3125,5.4175,27.2
2023-04-01 11:00:00,6.45,13.0,5.91,25.36
2023-04-01 11:15:00,6.6925,12.94,5.202500000000001,24.835
2023-04-01 11:30:00,6.9350000000000005,12.88,4.495,24.31
2023-04-01 11:45:00,7.1775,12.82,3.7875,23.785000000000004
2023-04-01 12:00:00,7.42,12.76,3.08,23.26
2023-04-01 12:15:00,7.325,11.9275,4.83,24.082500000000003
2023-04-01 12:30:00,7.23,11.095,6.58,24.905
2023-04-01 12:45:00,7.135,10.2625,8.33,25.7275
2023-04-01 13:00:00,7.04,9.43,10.08,26.55
2023-04-01 13:15:00,7.0875,11.1325,9.565,27.785
2023-04-01 13:30:00,7.135,12.835,9.05,29.02
2023-04-01 13:45:00,7.1825,14.537499999999998,8.535,30.255
2023-04-01 14:00:00,7.23,16.24,8.02,31.49
2023-04-01 14:15:00,7.237500000000001,15.8725,8.175,31.285
2023-04-01 14:30:00,7.245,15.505,8.33,31.08
2023-04-01 14:45:00,7.252499999999999,15.1375,8.485,30.875
2023-04-01 15:00:00,7.26,14.77,8.64,30.67
2023-04-01 15:15:00,8.795,12.9425,8.6575,30.395
2023-04-01 15:30:00,10.33,11.115,8.675,30.12
2023-04-01 15:45:00,11.865,9.2875,8.6925,29.845
2023-04-01 16:00:00,13.4,7.46,8.71,29.57
2023-04-01 16:15:00,14.235,9.45,6.967500000000001,30.6525
2023-04-01 16:30:00,15.07,11.44,5.2250000000000005,31.735
2023-04-01 16:45:00,15.905,13.43,3.4825,32.8175
2023-04-01 17:00:00,16.74,15.42,1.74,33.9
2023-04-01 17:15:00,17.932499999999997,15.3225,1.38,34.635
2023-04-01 17:30:00,19.125,15.225,1.02,35.370000000000005
2023-04-01 17:45:00,20.317500000000003,15.1275,0.6599999999999999,36.105
2023-04-01 18:00:00,21.51,15.03,0.3,36.84
2023-04-01 18:15:00,23.5925,12.1225,0.395,36.11000000000001
2023-04-01 18:30:00,25.675,9.215,0.49,35.38
2023-04-01 18:45:00,27.7575,6.307499999999999,0.585,34.65
2023-04-01 19:00:00,29.84,3.4,0.68,33.92
2023-04-01 19:15:00,30.885,2.605,1.1025,34.5925
2023-04-01 19:30:00,31.93,1.81,1.525,35.265
2023-04-01 19:45:00,32.975,1.015,1.9475,35.9375
2023-04-01 20:00:00,34.02,0.22,2.37,36.61
2023-04-01 20:15:00,32.807500000000005,0.3399999999999999,1.8525,35.00000000000001
2023-04-01 20:30:00,31.595,0.4599999999999999,1.335,33.39
2023-04-01 20:45:00,30.3825,0.58,0.8174999999999999,31.78
2023-04-01 21:00:00,29.17,0.7,0.3,30.17
2023-04-01 21:15:00,28.085,1.6375,0.3,30.0225
2023-04-01 21:30:00,27.0,2.575,0.3,29.875
2023-04-01 21:45:00,25.915,3.5125,0.3,29.7275
2023-04-01 22:00:00,24.83,4.45,0.3,29.58
2023-04-01 22:15:00,23.1825,4.285,0.435,27.9025
2023-04-01 22:30:00,21.535,4.12,0.5700000000000001,26.225
2023-04-01 22:45:00,19.8875,3.955,0.7050000000000001,24.5475
2023-04-01 23:00:00,18.24,3.79,0.84,22.87
2023-04-01 23:15:00,15.5125,3.0175,0.7749999999999999,19.305
2023-04-01 23:30:00,12.785,2.245,0.71,15.740000000000002
2023-04-01 23:45:00,10.0575,1.4725,0.645,12.175
2023-04-02 00:00:00,7.33,0.7,0.58,8.61
2023-04-02 00:15:00,6.715,0.7,0.4449999999999999,7.86
2023-04-02 00:30:00,6.1,0.7,0.31,7.109999999999999
2023-04-02 00:45:00,5.485,0.7,0.175,6.36
2023-04-02 01:00:00,4.87,0.7,0.04,5.61
2023-04-02 01:15:00,4.9775,1.34,0.105,6.4225
2023-04-02 01:30:00,5.085,1.98,0.17,7.234999999999999
2023-04-02 01:45:00,5.1925,2.62,0.235,8.0475
2023-04-02 02:00:00,5.3,3.26,0.3,8.86
2023-04-02 02:15:00,6.2175,4.16,1.165,11.5425
2023-04-02 02:30:00,7.135,5.0600000000000005,2.03,14.225
2023-04-02 02:45:00,8.0525,5.96,2.895,16.9075
2023-04-02 03:00:00,8.97,6.86,3.76,19.590000000000003
2023-04-02 03:15:00,9.4375,5.2725,2.895,17.605
2023-04-02 03:30:00,9.905,3.685,2.03,15.62
2023-04-02 03:45:00,10.3725,2.0975,1.165,13.635000000000002
2023-04-02 04:00:00,10.84,0.51,0.3,11.65
2023-04-02 04:15:00,12.8025,0.5575,0.3,13.66
2023-04-02 04:30:00,14.765,0.605,0.3,15.670000000000002
2023-04-02 04:45:00,16.7275,0.6525,0.3,17.68
2023-04-02 05:00:00,18.69,0.7,0.3,19.69
2023-04-02 05:15:00,19.4225,0.9525,0.98,21.355
2023-04-02 05:30:00,20.155,1.205,1.66,23.02
2023-04-02 05:45:00,20.887500000000003,1.4575,2.34,24.685
2023-04-02 06:00:00,21.62,1.71,3.02,26.35
2023-04-02 06:15:00,22.7575,1.4575,2.2925,26.5075
2023-04-02 06:30:00,23.895000000000003,1.205,1.565,26.665000000000003
2023-04-02 06:45:00,25.0325,0.9525,0.8374999999999999,26.8225
2023-04-02 07:00:00,26.17,0.7,0.11,26.98
2023-04-02 07:15:00,25.72,4.942500000000001,1.275,31.9375
2023-04-02 07:30:00,25.270000000000003,9.185,2.4399999999999995,36.895
2023-04-02 07:45:00,24.82,13.427500000000002,3.604999999999999,41.8525
2023-04-02 08:00:00,24.37,17.67,4.77,46.81
2023-04-02 08:15:00,23.24,15.5375,5.3675,44.145
2023-04-02 08:30:00,22.11,13.405,5.965,41.48
2023-04-02 08:45:00,20.98,11.2725,6.5625,38.815
2023-04-02 09:00:00,19.85,9.14,7.16,36.150000000000006
2023-04-02 09:15:00,18.19,10.245,7.345000000000001,35.78
2023-04-02 09:30:00,16.53,11.35,7.53,35.410000000000004
2023-04-02 09:45:00,14.87,12.455,7.715,35.040000000000006
2023-04-02 10:00:00,13.21,13.56,7.9,34.67
2023-04-02 10:15:00,12.66,14.27,7.18,34.11
2023-04-02 10:30:00,12.11,14.98,6.46,33.55
2023-04-02 10:45:00,11.56,15.69,5.74,32.99
2023-04-02 11:00:00,11.01,16.4,5.02,32.42999999999999
2023-04-02 11:15:00,10.2975,14.57,5.505,30.3725
2023-04-02 11:30:00,9.585,12.739999999999998,5.99,28.315
2023-04-02 11:45:00,8.8725,10.91,6.475,26.2575
2023-04-02 12:00:00,8.16,9.08,6.96,24.200000000000003
2023-04-02 12:15:00,8.1175,10.155,6.1975,24.47
2023-04-02 12:30:00,8.075,11.23,5.4350000000000005,24.74
2023-04-02 12:45:00,8.0325,12.305,4.6725,25.01
2023-04-02 13:00:00,7.99,13.38,3.91,25.28
2023-04-02 13:15:00,8.0525,13.4225,4.57,26.045
2023-04-02 13:30:00,8.115,13.465,5.23,26.81
2023-04-02 13:45:00,8.1775,13.5075,5.89,27.575000000000003
2023-04-02 14:00:00,8.24,13.55,6.55,28.34
2023-04-02 14:15:00,8.3175,13.0225,6.2325,27.572500000000005
2023-04-02 14:30:00,8.395,12.495,5.915,26.805
2023-04-02 14:45:00,8.4725,11.9675,5.5975,26.0375
2023-04-02 15:00:00,8.55,11.44,5.28,25.270000000000003
2023-04-02 15:15:00,8.98,11.7775,5.3925,26.15
2023-04-02 15:30:00,9.41,12.114999999999998,5.505000000000001,27.03
2023-04-02 15:45:00,9.84,12.4525,5.617500000000001,27.91
2023-04-02 16:00:00,10.27,12.79,5.73,28.79
2023-04-02 16:15:00,12.4375,13.4575,4.425000000000001,30.32
2023-04-02 16:30:00,14.605,14.125,3.12,31.85
2023-04-02 16:45:00,16.7725,14.7925,1.815,33.38
2023-04-02 17:00:00,18.94,15.46,0.51,34.910000000000004
2023-04-02 17:15:00,20.2225,14.9775,0.4575,35.657500000000006
2023-04-02 17:30:00,21.505000000000003,14.495,0.405,36.405
2023-04-02 17:45:00,22.7875,14.0125,0.3525,37.1525
2023-04-02 18:00:00,24.07,13.53,0.3,37.9
2023-04-02 18:15:00,25.0375,10.9975,0.3,36.335
2023-04-02 18:30:00,26.005000000000003,8.465,0.3,34.77
2023-04-02 18:45:00,26.9725,5.9325,0.3,33.205
2023-04-02 19:00:00,27.94,3.4,0.3,31.64
2023-04-02 19:15:00,29.435,2.7875,0.3,32.5225
2023-04-02 19:30:00,30.93,2.175,0.3,33.404999999999994
2023-04-02 19:45:00,32.425000000000004,1.5624999999999998,0.3,34.2875
2023-04-02 20:00:00,33.92,0.95,0.3,35.17
2023-04-02 20:15:00,32.625,0.8275,1.065,34.5175
2023-04-02 20:30:00,31.33,0.705,1.83,33.864999999999995
2023-04-02 20:45:00,30.035,0.5825,2.595,33.2125
2023-04-02 21:00:00,28.74,0.46,3.36,32.56
2023-04-02 21:15:00,26.8875,0.52,3.1525,30.56
2023-04-02 21:30:00,25.035,0.58,2.945,28.559999999999995
2023-04-02 21:45:00,23.1825,0.6399999999999999,2.7375,26.56
2023-04-02 22:00:00,21.33,0.7,2.53,24.56
2023-04-02 22:15:00,20.205,0.7849999999999999,1.9725,22.9625
2023-04-02 22:30:00,19.08,0.87,1.4149999999999998,21.365
2023-04-02 22:45:00,17.955,0.955,0.8574999999999999,19.7675
2023-04-02 23:00:00,16.83,1.04,0.3,18.17
2023-04-02 23:15:00,13.749999999999998,2.655,0.6975,17.1025
2023-04-02 23:30:00,10.669999999999998,4.27,1.095,16.034999999999997
2023-04-02 23:45:00,7.59,5.885,1.4925,14.9675
2023-04-03 00:00:00,4.51,7.5,1.89,13.9
2023-04-03 00:15:00,5.33,7.6325,1.7999999999999998,14.7625
2023-04-03 00:30:00,6.15,7.765,1.71,15.625
2023-04-03 00:45:00,6.97,7.897499999999999,1.62,16.4875
2023-04-03 01:00:00,7.79,8.03,1.53,17.35
2023-04-03 01:15:00,7.6875,7.619999999999999,2.115,17.4225
2023-04-03 01:30:00,7.585,7.209999999999999,2.7,17.494999999999997
2023-04-03 01:45:00,7.4825,6.8,3.285,17.5675
2023-04-03 02:00:00,7.38,6.39,3.87,17.64
2023-04-03 02:15:00,7.75,6.045,3.59,17.384999999999998
2023-04-03 02:30:00,8.12,5.699999999999999,3.31,17.13
2023-04-03 02:45:00,8.49,5.355,3.03,16.875
2023-04-03 03:00:00,8.86,5.01,2.75,16.619999999999997
2023-04-03 03:15:00,10.0575,5.449999999999999,2.7475,18.255
2023-04-03 03:30:00,11.255,5.89,2.745,19.89
2023-04-03 03:45:00,12.4525,6.33,2.7425,21.525
2023-04-03 04:00:00,13.65,6.77,2.74,23.160000000000004
2023-04-03 04:15:00,14.66,7.3625,4.1425,26.165
2023-04-03 04:30:00,15.670000000000002,7.955,5.545,29.17
2023-04-03 04:45:00,16.68,8.5475,6.9475,32.175
2023-04-03 05:00:00,17.69,9.14,8.35,35.18
2023-04-03 05:15:00,18.9675,9.1,6.705,34.7725
2023-04-03 05:30:00,20.245,9.06,5.06,34.365
2023-04-03 05:45:00,21.5225,9.02,3.414999999999999,33.9575
2023-04-03 06:00:00,22.8,8.98,1.77,33.550000000000004
2023-04-03 06:15:00,23.3075,8.81,2.13,34.2475
2023-04-03 06:30:00,23.815,8.64,2.49,34.945
2023-04-03 06:45:00,24.3225,8.47,2.85,35.6425
2023-04-03 07:00:00,24.83,8.3,3.21,36.34
2023-04-03 07:15:00,24.5875,18.3375,11.825,54.75
2023-04-03 07:30:00,24.345,28.375000000000004,20.44,73.16
2023-04-03 07:45:00,24.1025,38.41250000000001,29.055,91.57
2023-04-03 08:00:00,23.86,48.45,37.67,109.98
2023-04-03 08:15:00,21.3675,48.6325,37.370000000000005,107.37
2023-04-03 08:30:00,18.875,48.815,37.07,104.76
2023-04-03 08:45:00,16.3825,48.9975,36.77,102.15
2023-04-03 09:00:00,13.89,49.18,36.47,99.54
2023-04-03 09:15:00,13.8425,49.5375,37.1075,100.4875
2023-04-03 09:30:00,13.795,49.895,37.745000000000005,101.435
2023-04-03 09:45:00,13.7475,50.2525,38.3825,102.3825
2023-04-03 10:00:00,13.7,50.61,39.02,103.33
2023-04-03 10:15:00,12.2575,49.7,39.2425,101.2
2023-04-03 10:30:00,10.815,48.79,39.465,99.07
2023-04-03 10:45:00,9.3725,47.88,39.6875,96.94
2023-04-03 11:00:00,7.93,46.97,39.91,94.81
2023-04-03 11:15:00,8.32,47.3325,38.825,94.4775
2023-04-03 11:30:00,8.71,47.695,37.74,94.145
2023-04-03 11:45:00,9.1,48.057500000000005,36.655,93.8125
2023-04-03 12:00:00,9.49,48.42,35.57,93.48
2023-04-03 12:15:00,8.4975,49.065,36.3775,93.94
2023-04-03 12:30:00,7.505,49.71,37.185,94.4
2023-04-03 12:45:00,6.512499999999999,50.355,37.9925,94.86
2023-04-03 13:00:00,5.52,51.0,38.8,95.32
2023-04-03 13:15:00,6.039999999999999,50.6425,38.32,95.0025
2023-04-03 13:30:00,6.56,50.285,37.84,94.685
2023-04-03 13:45:00,7.08,49.9275,37.36,94.3675
2023-04-03 14:00:00,7.6,49.57,36.88,94.05
2023-04-03 14:15:00,8.14,49.35,37.0675,94.5575
2023-04-03 14:30:00,8.68,49.13,37.255,95.065
2023-04-03 14:45:00,9.22,48.91,37.4425,95.5725
2023-04-03 15:00:00,9.76,48.69,37.63,96.08
2023-04-03 15:15:00,10.045,49.0475,37.245000000000005,96.3375
2023-04-03 15:30:00,10.33,49.405,36.86,96.595
2023-04-03 15:45:00,10.615,49.7625,36.475,96.8525
2023-04-03 16:00:00,10.9,50.12,36.09,97.11
2023-04-03 16:15:00,12.13,51.6075,27.705,91.4425
2023-04-03 16:30:00,13.36,53.095,19.32,85.775
2023-04-03 16:45:00,14.59,54.5825,10.935,80.1075
2023-04-03 17:00:00,15.82,56.07,2.55,74.44
2023-04-03 17:15:00,17.7775,54.6225,2.6575,75.0575
2023-04-03 17:30:00,19.735,53.175,2.765,75.675
2023-04-03 17:45:00,21.6925,51.7275,2.8725,76.2925
2023-04-03 18:00:00,23.65,50.28,2.98,76.91000000000001
2023-04-03 18:15:00,25.4025,38.565,3.5675,67.535
2023-04-03 18:30:00,27.155,26.85,4.155,58.16
2023-04-03 18:45:00,28.9075,15.135000000000003,4.7425,48.785
2023-04-03 19:00:00,30.66,3.42,5.33,39.41
2023-04-03 19:15:00,30.765,4.734999999999999,5.0125,40.5125
2023-04-03 19:30:00,30.87,6.05,4.695,41.615
2023-04-03 19:45:00,30.975,7.365,4.3775,42.7175
2023-04-03 20:00:00,31.08,8.68,4.06,43.82
2023-04-03 20:15:00,30.4875,8.18,5.7375,44.405
2023-04-03 20:30:00,29.895,7.68,7.414999999999999,44.99
2023-04-03 20:45:00,29.3025,7.18,9.0925,45.575
2023-04-03 21:00:00,28.71,6.68,10.77,46.16
2023-04-03 21:15:00,27.505000000000003,6.8675,9.6025,43.975
2023-04-03 21:30:00,26.3,7.055,8.434999999999999,41.790000000000006
2023-04-03 21:45:00,25.095,7.2425,7.2675,39.605
2023-04-03 22:00:00,23.89,7.43,6.1,37.42
2023-04-03 22:15:00,22.6725,6.297499999999999,5.6625,34.6325
2023-04-03 22:30:00,21.455,5.165,5.225,31.845
2023-04-03 22:45:00,20.2375,4.032500000000001,4.7875,29.057500000000005
2023-04-03 23:00:00,19.02,2.9,4.35,26.27
2023-04-03 23:15:00,15.9,2.8125,4.56,23.2725
2023-04-03 23:30:00,12.78,2.725,4.77,20.275
2023-04-03 23:45:00,9.66,2.6375,4.98,17.2775
2023-04-04 00:00:00,6.54,2.55,5.19,14.28
2023-04-04 00:15:00,6.6975,3.1625,5.0425,14.9025
2023-04-04 00:30:00,6.855,3.775,4.895,15.525
2023-04-04 00:45:00,7.0125,4.3875,4.7475,16.1475
2023-04-04 01:00:00,7.17,5.0,4.6,16.77
2023-04-04 01:15:00,6.915,6.0600000000000005,4.5875,17.5625
2023-04-04 01:30:00,6.66,7.12,4.574999999999999,18.355
2023-04-04 01:45:00,6.405,8.18,4.5625,19.1475
2023-04-04 02:00:00,6.15,9.24,4.55,19.94
2023-04-04 02:15:00,7.1075,9.385,3.6775,20.17
2023-04-04 02:30:00,8.065000000000001,9.53,2.805,20.4
2023-04-04 02:45:00,9.0225,9.675,1.9325,20.630000000000003
2023-04-04 03:00:00,9.98,9.82,1.06,20.86
2023-04-04 03:15:00,10.86,9.68,1.1175000000000002,21.6575
2023-04-04 03:30:00,11.74,9.54,1.175,22.455
2023-04-04 03:45:00,12.62,9.4,1.2325,23.252500000000005
2023-04-04 04:00:00,13.5,9.26,1.29,24.05
2023-04-04 04:15:00,14.69,7.5075,1.4175,23.615
2023-04-04 04:30:00,15.88,5.755,1.545,23.18
2023-04-04 04:45:00,17.07,4.0025,1.6725,22.745
2023-04-04 05:00:00,18.26,2.25,1.8,22.31
2023-04-04 05:15:00,19.14,3.255,1.93,24.325
2023-04-04 05:30:00,20.020000000000003,4.26,2.06,26.34
2023-04-04 05:45:00,20.9,5.265,2.19,28.355000000000004
2023-04-04 06:00:00,21.78,6.27,2.32,30.37
2023-04-04 06:15:00,22.94,5.4175,2.1325,30.49
2023-04-04 06:30:00,24.1,4.565,1.945,30.61
2023-04-04 06:45:00,25.26,3.7125,1.7575,30.73
2023-04-04 07:00:00,26.42,2.86,1.57,30.85
2023-04-04 07:15:00,25.215000000000003,14.9975,11.15,51.3625
2023-04-04 07:30:00,24.01,27.135,20.73,71.875
2023-04-04 07:45:00,22.805,39.2725,30.31,92.3875
2023-04-04 08:00:00,21.6,51.41,39.89,112.9
2023-04-04 08:15:00,19.8325,52.5725,39.505,111.91
2023-04-04 08:30:00,18.065,53.735,39.120000000000005,110.92
2023-04-04 08:45:00,16.2975,54.8975,38.735,109.93
2023-04-04 09:00:00,14.53,56.06,38.35,108.94
2023-04-04 09:15:00,13.2625,54.0825,38.2725,105.6175
2023-04-04 09:30:00,11.995,52.105,38.195,102.29500000000002
2023-04-04 09:45:00,10.7275,50.1275,38.1175,98.9725
2023-04-04 10:00:00,9.46,48.15,38.04,95.65
2023-04-04 10:15:00,9.0675,49.385,37.825,96.2775
2023-04-04 10:30:00,8.675,50.620000000000005,37.61,96.905
2023-04-04 10:45:00,8.2825,51.855,37.395,97.5325
2023-04-04 11:00:00,7.89,53.09,37.18,98.16
2023-04-04 11:15:00,8.645,52.760000000000005,36.86,98.265
2023-04-04 11:30:00,9.4,52.43000000000001,36.54,98.37
2023-04-04 11:45:00,10.155,52.1,36.22,98.475
2023-04-04 12:00:00,10.91,51.77,35.9,98.58
2023-04-04 12:15:00,10.07,52.182500000000005,36.815,99.0675
2023-04-04 12:30:00,9.23,52.595,37.73,99.555
2023-04-04 12:45:00,8.39,53.0075,38.645,100.0425
2023-04-04 13:00:00,7.55,53.42,39.56,100.53
2023-04-04 13:15:00,7.295,53.3875,39.315,99.9975
2023-04-04 13:30:00,7.04,53.355,39.07,99.465
2023-04-04 13:45:00,6.785,53.3225,38.825,98.9325
2023-04-04 14:00:00,6.53,53.29,38.58,98.4
2023-04-04 14:15:00,7.0075,53.015,37.5325,97.555
2023-04-04 14:30:00,7.484999999999999,52.74,36.485,96.71
2023-04-04 14:45:00,7.962499999999999,52.465,35.4375,95.865
2023-04-04 15:00:00,8.44,52.19,34.39,95.02
2023-04-04 15:15:00,9.2075,51.4875,34.6025,95.2975
2023-04-04 15:30:00,9.975,50.785,34.815,95.575
2023-04-04 15:45:00,10.7425,50.0825,35.0275,95.8525
2023-04-04 16:00:00,11.51,49.38,35.24,96.13
2023-04-04 16:15:00,12.5125,49.8825,26.6175,89.01249999999999
2023-04-04 16:30:00,13.515,50.385000000000005,17.995,81.89500000000001
2023-04-04 16:45:00,14.5175,50.8875,9.372500000000002,74.7775
2023-04-04 17:00:00,15.52,51.39,0.75,67.66
2023-04-04 17:15:00,17.495,50.25,1.11,68.855
2023-04-04 17:30:00,19.47,49.11,1.47,70.05
2023-04-04 17:45:00,21.445,47.97,1.83,71.24499999999999
2023-04-04 18:00:00,23.42,46.83,2.19,72.44
2023-04-04 18:15:00,25.0075,36.7275,2.5625,64.2975
2023-04-04 18:30:00,26.595,26.625,2.935,56.155
2023-04-04 18:45:00,28.1825,16.5225,3.3075,48.0125
2023-04-04 19:00:00,29.77,6.42,3.68,39.87
2023-04-04 19:15:00,30.6075,6.7475000000000005,3.375,40.73
2023-04-04 19:30:00,31.445,7.075,3.0700000000000003,41.59
2023-04-04 19:45:00,32.2825,7.4025,2.765,42.45
2023-04-04 20:00:00,33.12,7.73,2.46,43.31
2023-04-04 20:15:00,32.55,8.2675,2.135,42.95249999999999
2023-04-04 20:30:00,31.98,8.805,1.81,42.595
2023-04-04 20:45:00,31.41,9.3425,1.485,42.2375
2023-04-04 21:00:00,30.84,9.88,1.16,41.88
2023-04-04 21:15:00,28.355,9.6675,0.945,38.9675
2023-04-04 21:30:00,25.87,9.455,0.73,36.05499999999999
2023-04-04 21:45:00,23.385,9.2425,0.515,33.1425
2023-04-04 22:00:00,20.9,9.03,0.3,30.23
2023-04-04 22:15:00,19.7075,8.305,1.3350000000000002,29.3475
2023-04-04 22:30:00,18.515,7.58,2.37,28.465
2023-04-04 22:45:00,17.322499999999998,6.855,3.405,27.5825
2023-04-04 23:00:00,16.13,6.13,4.44,26.7
2023-04-04 23:15:00,14.3175,5.965,4.015000000000001,24.2975
2023-04-04 23:30:00,12.505,5.8,3.5900000000000003,21.895
2023-04-04 23:45:00,10.6925,5.635,3.165,19.4925
2023-04-05 00:00:00,8.88,5.47,2.74,17.090000000000003
2023-04-05 00:15:00,8.127500000000001,5.8675,3.1375,17.1325
2023-04-05 00:30:00,7.375,6.265,3.535,17.175
2023-04-05 00:45:00,6.6225000000000005,6.6625,3.9325,17.2175
2023-04-05 01:00:00,5.87,7.06,4.33,17.259999999999998
2023-04-05 01:15:00,6.055,7.302499999999999,3.4825,16.839999999999996
2023-04-05 01:30:00,6.24,7.545,2.635,16.42
2023-04-05 01:45:00,6.425000000000001,7.7875,1.7875,16.0
2023-04-05 02:00:00,6.61,8.03,0.94,15.58
2023-04-05 02:15:00,6.825,7.449999999999999,1.43,15.704999999999998
2023-04-05 02:30:00,7.04,6.869999999999999,1.92,15.83
2023-04-05 02:45:00,7.255,6.29,2.41,15.955
2023-04-05 03:00:00,7.47,5.71,2.9,16.08
2023-04-05 03:15:00,8.522499999999999,6.07,3.2625,17.855
2023-04-05 03:30:00,9.575,6.43,3.625,19.63
2023-04-05 03:45:00,10.6275,6.79,3.9875,21.405
2023-04-05 04:00:00,11.68,7.15,4.35,23.18
2023-04-05 04:15:00,13.045,7.32,4.58,24.945
2023-04-05 04:30:00,14.41,7.49,4.81,26.71
2023-04-05 04:45:00,15.775,7.66,5.039999999999999,28.475
2023-04-05 05:00:00,17.14,7.83,5.27,30.24
2023-04-05 05:15:00,18.105,7.5725,4.02,29.6975
2023-04-05 05:30:00,19.07,7.314999999999999,2.77,29.155
2023-04-05 05:45:00,20.035,7.0575,1.5199999999999996,28.6125
2023-04-05 06:00:00,21.0,6.8,0.27,28.07
2023-04-05 06:15:00,21.4925,6.8925,0.6475,29.0325
2023-04-05 06:30:00,21.985,6.984999999999999,1.025,29.995
2023-04-05 06:45:00,22.4775,7.0775,1.4025,30.9575
2023-04-05 07:00:00,22.97,7.17,1.78,31.92
2023-04-05 07:15:00,22.5525,18.37,9.7275,50.65
2023-04-05 07:30:00,22.135,29.57,17.675,69.38
2023-04-05 07:45:00,21.7175,40.77,25.6225,88.11
2023-04-05 08:00:00,21.3,51.97,33.57,106.84
2023-04-05 08:15:00,20.32,52.805,35.0925,108.2175
2023-04-05 08:30:00,19.34,53.64,36.615,109.595
2023-04-05 08:45:00,18.36,54.475,38.1375,110.9725
2023-04-05 09:00:00,17.38,55.31,39.66,112.35
2023-04-05 09:15:00,16.23,54.0075,39.315,109.5525
2023-04-05 09:30:00,15.079999999999998,52.705,38.97,106.755
2023-04-05 09:45:00,13.93,51.4025,38.625,103.9575
2023-04-05 10:00:00,12.78,50.1,38.28,101.16
2023-04-05 10:15:00,10.895,50.2875,37.785,98.9675
2023-04-05 10:30:00,9.01,50.475,37.29,96.775
2023-04-05 10:45:00,7.125,50.6625,36.795,94.5825
2023-04-05 11:00:00,5.24,50.85,36.3,92.39
2023-04-05 11:15:00,5.890000000000001,50.785,36.7275,93.4025
2023-04-05 11:30:00,6.54,50.72,37.155,94.415
2023-04-05 11:45:00,7.19,50.655,37.5825,95.4275
2023-04-05 12:00:00,7.84,50.59,38.01,96.44
2023-04-05 12:15:00,7.425,50.74,37.6625,95.8275
2023-04-05 12:30:00,7.01,50.89,37.315,95.215
2023-04-05 12:45:00,6.595,51.04,36.9675,94.6025
2023-04-05 13:00:00,6.18,51.19,36.62,93.99
2023-04-05 13:15:00,6.262499999999999,50.1225,36.4025,92.7875
2023-04-05 13:30:00,6.345,49.055,36.185,91.585
2023-04-05 13:45:00,6.4275,47.9875,35.9675,90.3825
2023-04-05 14:00:00,6.51,46.92,35.75,89.18
2023-04-05 14:15:00,7.0675,47.6175,36.605,91.29
2023-04-05 14:30:00,7.625,48.315,37.46,93.4
2023-04-05 14:45:00,8.182500000000001,49.0125,38.315,95.51
2023-04-05 15:00:00,8.74,49.71,39.17,97.62
2023-04-05 15:15:00,9.3375,48.7,39.2025,97.24
2023-04-05 15:30:00,9.935,47.69,39.235,96.86
2023-04-05 15:45:00,10.5325,46.68,39.2675,96.48
2023-04-05 16:00:00,11.13,45.67,39.3,96.1
2023-04-05 16:15:00,12.155,46.245000000000005,30.1625,88.5625
2023-04-05 16:30:00,13.18,46.82,21.025,81.025
2023-04-05 16:45:00,14.205,47.395,11.8875,73.4875
2023-04-05 17:00:00,15.23,47.97,2.75,65.95
2023-04-05 17:15:00,17.16,48.8625,2.54,68.5625
2023-04-05 17:30:00,19.09,49.755,2.33,71.175
2023-04-05 17:45:00,21.02,50.6475,2.12,73.78750000000001
2023-04-05 18:00:00,22.95,51.54,1.91,76.39999999999999
2023-04-05 18:15:00,24.825,40.1825,2.39,67.3975
2023-04-05 18:30:00,26.7,28.825,2.87,58.395
2023-04-05 18:45:00,28.575,17.4675,3.35,49.392500000000005
2023-04-05 19:00:00,30.45,6.11,3.83,40.39
2023-04-05 19:15:00,30.3575,6.5375000000000005,3.19,40.085
2023-04-05 19:30:00,30.265,6.965,2.55,39.78
2023-04-05 19:45:00,30.1725,7.3925,1.91,39.475
2023-04-05 20:00:00,30.08,7.82,1.27,39.17
2023-04-05 20:15:00,29.945,7.69,1.65,39.285
2023-04-05 20:30:00,29.81,7.56,2.03,39.4
2023-04-05 20:45:00,29.675,7.43,2.41,39.515
2023-04-05 21:00:00,29.54,7.3,2.79,39.63
2023-04-05 21:15:00,28.2475,6.885,2.1675,37.3
2023-04-05 21:30:00,26.955,6.47,1.545,34.97
2023-04-05 21:45:00,25.6625,6.055,0.9225,32.64
2023-04-05 22:00:00,24.37,5.64,0.3,30.31
2023-04-05 22:15:00,22.42,6.01,1.2525000000000002,29.6825
2023-04-05 22:30:00,20.47,6.38,2.205,29.055
2023-04-05 22:45:00,18.52,6.75,3.1575,28.4275
2023-04-05 23:00:00,16.57,7.12,4.11,27.8
2023-04-05 23:15:00,14.3475,6.8475,4.6225000000000005,25.817500000000003
2023-04-05 23:30:00,12.125,6.575,5.135,23.835
2023-04-05 23:45:00,9.9025,6.3025,5.6475,21.8525
2023-04-06 00:00:00,7.68,6.03,6.16,19.87
2023-04-06 00:15:00,7.67,6.4025,5.5425,19.615
2023-04-06 00:30:00,7.66,6.775,4.925,19.36
2023-04-06 00:45:00,7.649999999999999,7.1475,4.3075,19.105
2023-04-06 01:00:00,7.64,7.52,3.69,18.85
2023-04-06 01:15:00,8.1175,7.8,3.5625,19.48
2023-04-06 01:30:00,8.595,8.08,3.435,20.11
2023-04-06 01:45:00,9.0725,8.36,3.3075,20.74
2023-04-06 02:00:00,9.55,8.64,3.18,21.37
2023-04-06 02:15:00,9.2675,7.840000000000001,3.0325,20.14
2023-04-06 02:30:00,8.985,7.040000000000001,2.885,18.91
2023-04-06 02:45:00,8.7025,6.24,2.7375,17.68
2023-04-06 03:00:00,8.42,5.44,2.59,16.45
2023-04-06 03:15:00,8.5275,4.255000000000001,2.175,14.9575
2023-04-06 03:30:00,8.635,3.0700000000000003,1.76,13.465
2023-04-06 03:45:00,8.7425,1.885,1.3450000000000002,11.9725
2023-04-06 04:00:00,8.85,0.7,0.93,10.48
2023-04-06 04:15:00,10.675,1.2025,1.49,13.3675
2023-04-06 04:30:00,12.5,1.7049999999999998,2.05,16.255
2023-04-06 04:45:00,14.325,2.2075,2.61,19.1425
2023-04-06 05:00:00,16.15,2.71,3.17,22.03
2023-04-06 05:15:00,17.95,4.695,3.42,26.065
2023-04-06 05:30:00,19.75,6.68,3.67,30.1
2023-04-06 05:45:00,21.55,8.665,3.92,34.135
2023-04-06 06:00:00,23.35,10.65,4.17,38.17
2023-04-06 06:15:00,23.6325,10.02,3.6225,37.275000000000006
2023-04-06 06:30:00,23.915,9.39,3.075,36.38
2023-04-06 06:45:00,24.1975,8.760000000000002,2.5275,35.485
2023-04-06 07:00:00,24.48,8.13,1.98,34.59
2023-04-06 07:15:00,24.2625,19.635,10.345,54.24249999999999
2023-04-06 07:30:00,24.045,31.14,18.71,73.89500000000001
2023-04-06 07:45:00,23.8275,42.645,27.075,93.5475
2023-04-06 08:00:00,23.61,54.15,35.44,113.2
2023-04-06 08:15:00,22.22,52.8525,36.004999999999995,111.0775
2023-04-06 08:30:00,20.83,51.555,36.57,108.95499999999998
2023-04-06 08:45:00,19.44,50.2575,37.135000000000005,106.8325
2023-04-06 09:00:00,18.05,48.96,37.7,104.71
2023-04-06 09:15:00,16.4425,49.57,38.035,104.0475
2023-04-06 09:30:00,14.835,50.18,38.370000000000005,103.385
2023-04-06 09:45:00,13.2275,50.79,38.705,102.7225
2023-04-06 10:00:00,11.62,51.4,39.04,102.06
2023-04-06 10:15:00,11.2225,51.325,39.21,101.7575
2023-04-06 10:30:00,10.825,51.25,39.38,101.455
2023-04-06 10:45:00,10.427499999999998,51.175,39.55,101.1525
2023-04-06 11:00:00,10.03,51.1,39.72,100.85
2023-04-06 11:15:00,9.445,50.75,39.0375,99.2325
2023-04-06 11:30:00,8.86,50.400000000000006,38.355,97.615
2023-04-06 11:45:00,8.275,50.05,37.6725,95.9975
2023-04-06 12:00:00,7.69,49.7,36.99,94.38
2023-04-06 12:15:00,7.17,49.14,37.2,93.51
2023-04-06 12:30:00,6.65,48.58,37.41,92.64
2023-04-06 12:45:00,6.130000000000001,48.02,37.62,91.77
2023-04-06 13:00:00,5.61,47.46,37.83,90.9
2023-04-06 13:15:00,5.8575,48.2075,37.4325,91.4975
2023-04-06 13:30:00,6.105,48.955,37.035,92.095
2023-04-06 13:45:00,6.3525,49.7025,36.6375,92.6925
2023-04-06 14:00:00,6.6,50.45,36.24,93.29
2023-04-06 14:15:00,7.4475,50.8625,37.425,95.735
2023-04-06 14:30:00,8.295,51.275000000000006,38.61,98.18
2023-04-06 14:45:00,9.1425,51.6875,39.795,100.625
2023-04-06 15:00:00,9.99,52.1,40.98,103.07
2023-04-06 15:15:00,10.08,51.4675,40.5525,102.1
2023-04-06 15:30:00,10.17,50.835,40.125,101.13
2023-04-06 15:45:00,10.26,50.2025,39.697500000000005,100.16
2023-04-06 16:00:00,10.35,49.57,39.27,99.19
2023-04-06 16:15:00,12.005,50.1475,30.027500000000003,92.18
2023-04-06 16:30:00,13.66,50.725,20.785,85.17
2023-04-06 16:45:00,15.315,51.3025,11.542499999999997,78.16
2023-04-06 17:00:00,16.97,51.88,2.3,71.14999999999999
2023-04-06 17:15:00,18.755,50.39,2.44,71.585
2023-04-06 17:30:00,20.54,48.900000000000006,2.58,72.02
2023-04-06 17:45:00,22.325,47.41,2.72,72.455
2023-04-06 18:00:00,24.11,45.92,2.86,72.89
2023-04-06 18:15:00,25.5725,36.205,3.5625,65.34
2023-04-06 18:30:00,27.035,26.49,4.265,57.790000000000006
2023-04-06 18:45:00,28.4975,16.775000000000002,4.967499999999999,50.24000000000001
2023-04-06 19:00:00,29.96,7.06,5.67,42.690000000000005
2023-04-06 19:15:00,29.955,7.545,4.985,42.485
2023-04-06 19:30:00,29.950000000000003,8.03,4.3,42.28
2023-04-06 19:45:00,29.945,8.515,3.615,42.075
2023-04-06 20:00:00,29.94,9.0,2.93,41.87
2023-04-06 20:15:00,30.73,9.345,2.725,42.8
2023-04-06 20:30:00,31.520000000000003,9.69,2.52,43.73000000000001
2023-04-06 20:45:00,32.31,10.035,2.315,44.66
2023-04-06 21:00:00,33.1,10.38,2.11,45.59
2023-04-06 21:15:00,31.075000000000003,8.68,2.27,42.025000000000006
2023-04-06 21:30:00,29.05,6.98,2.43,38.46
2023-04-06 21:45:00,27.025,5.28,2.59,34.895
2023-04-06 22:00:00,25.0,3.58,2.75,31.33
2023-04-06 22:15:00,23.0075,5.03,2.2775,30.315
2023-04-06 22:30:00,21.015,6.48,1.805,29.3
2023-04-06 22:45:00,19.0225,7.930000000000001,1.3325,28.285
2023-04-06 23:00:00,17.03,9.38,0.86,27.270000000000003
2023-04-06 23:15:00,14.47,8.4025,1.2075,24.08
2023-04-06 23:30:00,11.91,7.425000000000001,1.5550000000000002,20.89
2023-04-06 23:45:00,9.35,6.4475,1.9025,17.7
2023-04-07 00:00:00,6.79,5.47,2.25,14.51
2023-04-07 00:15:00,6.9625,6.04,2.6475,15.650000000000002
2023-04-07 00:30:00,7.135,6.609999999999999,3.045,16.79
2023-04-07 00:45:00,7.3075,7.18,3.4425,17.93
2023-04-07 01:00:00,7.48,7.75,3.84,19.07
2023-04-07 01:15:00,8.0225,7.3475,4.575,19.945
2023-04-07 01:30:00,8.565000000000001,6.945,5.3100000000000005,20.82
2023-04-07 01:45:00,9.1075,6.5425,6.045,21.695
2023-04-07 02:00:00,9.65,6.14,6.78,22.57
2023-04-07 02:15:00,9.875,5.335,5.5675,20.7775
2023-04-07 02:30:00,10.1,4.529999999999999,4.355,18.985
2023-04-07 02:45:00,10.325,3.725,3.1425,17.192500000000003
2023-04-07 03:00:00,10.55,2.92,1.93,15.4
2023-04-07 03:15:00,11.197500000000002,3.7325,1.5225,16.4525
2023-04-07 03:30:00,11.845,4.545,1.115,17.505
2023-04-07 03:45:00,12.4925,5.3575,0.7075,18.5575
2023-04-07 04:00:00,13.14,6.17,0.3,19.610000000000003
2023-04-07 04:15:00,13.3175,7.07,0.4225,20.81
2023-04-07 04:30:00,13.495,7.97,0.545,22.01
2023-04-07 04:45:00,13.6725,8.87,0.6675,23.21
2023-04-07 05:00:00,13.85,9.77,0.79,24.41
2023-04-07 05:15:00,16.33,10.1525,1.1525,27.635
2023-04-07 05:30:00,18.81,10.535,1.515,30.86
2023-04-07 05:45:00,21.29,10.9175,1.8775,34.084999999999994
2023-04-07 06:00:00,23.77,11.3,2.24,37.31
2023-04-07 06:15:00,24.355,9.9525,2.4975,36.80500000000001
2023-04-07 06:30:00,24.94,8.605,2.755,36.3
2023-04-07 06:45:00,25.525,7.2575,3.0125,35.795
2023-04-07 07:00:00,26.11,5.91,3.27,35.29
2023-04-07 07:15:00,25.495,16.63,13.495,55.62
2023-04-07 07:30:00,24.88,27.35,23.72,75.94999999999999
2023-04-07 07:45:00,24.265,38.06999999999999,33.945,96.28
2023-04-07 08:00:00,23.65,48.79,44.17,116.61
2023-04-07 08:15:00,22.24,49.1925,42.0675,113.5
2023-04-07 08:30:00,20.83,49.595,39.965,110.39
2023-04-07 08:45:00,19.42,49.9975,37.8625,107.28
2023-04-07 09:00:00,18.01,50.4,35.76,104.17
2023-04-07 09:15:00,16.887500000000003,50.7325,36.9075,104.5275
2023-04-07 09:30:00,15.765,51.065,38.055,104.885
2023-04-07 09:45:00,14.6425,51.3975,39.2025,105.2425
2023-04-07 10:00:00,13.52,51.73,40.35,105.6
2023-04-07 10:15:00,12.315,50.57,40.39,103.275
2023-04-07 10:30:00,11.11,49.41,40.43,100.95
2023-04-07 10:45:00,9.905,48.25,40.47,98.625
2023-04-07 11:00:00,8.7,47.09,40.51,96.3
2023-04-07 11:15:00,8.3775,48.345,40.6525,97.375
2023-04-07 11:30:00,8.055,49.6,40.795,98.45
2023-04-07 11:45:00,7.7325,50.855,40.9375,99.525
2023-04-07 12:00:00,7.41,52.11,41.08,100.6
2023-04-07 12:15:00,6.5225,52.21,39.4,98.1325
2023-04-07 12:30:00,5.635,52.31,37.72,95.665
2023-04-07 12:45:00,4.7475000000000005,52.41,36.04,93.1975
2023-04-07 13:00:00,3.86,52.51,34.36,90.73
2023-04-07 13:15:00,4.5325,52.195,35.435,92.1625
2023-04-07 13:30:00,5.205,51.88,36.51,93.595
2023-04-07 13:45:00,5.8775,51.565,37.585,95.0275
2023-04-07 14:00:00,6.55,51.25,38.66,96.46
2023-04-07 14:15:00,6.672499999999999,51.0125,38.77,96.455
2023-04-07 14:30:00,6.795,50.775,38.88,96.45
2023-04-07 14:45:00,6.9175,50.5375,38.99,96.445
2023-04-07 15:00:00,7.04,50.3,39.1,96.44
2023-04-07 15:15:00,8.2375,49.565,39.1525,96.955
2023-04-07 15:30:00,9.435,48.83,39.205,97.47
2023-04-07 15:45:00,10.6325,48.095,39.2575,97.985
2023-04-07 16:00:00,11.83,47.36,39.31,98.5
2023-04-07 16:15:00,12.8325,48.5275,31.17,92.53
2023-04-07 16:30:00,13.835,49.695,23.03,86.56
2023-04-07 16:45:00,14.8375,50.8625,14.89,80.59
2023-04-07 17:00:00,15.84,52.03,6.75,74.62
2023-04-07 17:15:00,17.71,51.2475,5.48,74.43750000000001
2023-04-07 17:30:00,19.58,50.465,4.21,74.255
2023-04-07 17:45:00,21.45,49.6825,2.94,74.07249999999999
2023-04-07 18:00:00,23.32,48.9,1.67,73.89
2023-04-07 18:15:00,25.0475,38.795,1.375,65.2175
2023-04-07 18:30:00,26.775,28.69,1.08,56.545
2023-04-07 18:45:00,28.5025,18.585,0.7849999999999999,47.8725
2023-04-07 19:00:00,30.23,8.48,0.49,39.2
2023-04-07 19:15:00,30.6075,8.73,0.4425,39.78000000000001
2023-04-07 19:30:00,30.985,8.98,0.395,40.36000000000001
2023-04-07 19:45:00,31.3625,9.23,0.3475,40.94
2023-04-07 20:00:00,31.74,9.48,0.3,41.52
2023-04-07 20:15:00,30.95,9.3775,1.4675,41.795
2023-04-07 20:30:00,30.16,9.275,2.635,42.06999999999999
2023-04-07 20:45:00,29.37,9.1725,3.8025,42.345
2023-04-07 21:00:00,28.58,9.07,4.97,42.62
2023-04-07 21:15:00,27.4775,8.3925,5.25,41.12
2023-04-07 21:30:00,26.375,7.715,5.529999999999999,39.620000000000005
2023-04-07 21:45:00,25.2725,7.0375000000000005,5.81,38.120000000000005
2023-04-07 22:00:00,24.17,6.36,6.09,36.620000000000005
2023-04-07 22:15:00,21.855,6.1525,5.4325,33.44
2023-04-07 22:30:00,19.54,5.945,4.775,30.26
2023-04-07 22:45:00,17.225,5.737500000000001,4.1175,27.08
2023-04-07 23:00:00,14.91,5.53,3.46,23.9
2023-04-07 23:15:00,13.4125,5.675000000000001,2.67,21.7575
2023-04-07 23:30:00,11.915,5.82,1.88,19.615
2023-04-07 23:45:00,10.4175,5.965,1.09,17.4725
2023-07-01 00:00:00,3.88,0.4,0.3,4.58
2023-07-01 00:15:00,3.7125,0.87,0.3,4.882499999999999
2023-07-01 00:30:00,3.545,1.34,0.3,5.185
2023-07-01 00:45:00,3.3775,1.81,0.3,5.4875
2023-07-01 01:00:00,3.21,2.28,0.3,5.79
2023-07-01 01:15:00,3.7475,2.7625,0.3,6.81
2023-07-01 01:30:00,4.285,3.245,0.3,7.83
2023-07-01 01:45:00,4.8225,3.7275,0.3,8.850000000000001
2023-07-01 02:00:00,5.36,4.21,0.3,9.87
2023-07-01 02:15:00,5.7175,3.7625,0.5549999999999999,10.035
2023-07-01 02:30:00,6.075,3.315,0.81,10.2
2023-07-01 02:45:00,6.4325,2.8675,1.065,10.365
2023-07-01 03:00:00,6.79,2.42,1.32,10.53
2023-07-01 03:15:00,7.7275,1.99,1.22,10.9375
2023-07-01 03:30:00,8.665,1.56,1.12,11.345
2023-07-01 03:45:00,9.6025,1.13,1.02,11.752499999999998
2023-07-01 04:00:00,10.54,0.7,0.92,12.159999999999998
2023-07-01 04:15:00,10.9225,0.9175,0.765,12.605
2023-07-01 04:30:00,11.305,1.135,0.61,13.05
2023-07-01 04:45:00,11.6875,1.3525,0.4549999999999999,13.495
2023-07-01 05:00:00,12.07,1.57,0.3,13.94
2023-07-01 05:15:00,13.06,1.3525,0.3,14.712500000000002
2023-07-01 05:30:00,14.05,1.135,0.3,15.485
2023-07-01 05:45:00,15.04,0.9175,0.3,16.2575
2023-07-01 06:00:00,16.03,0.7,0.3,17.03
2023-07-01 06:15:00,16.37,1.5599999999999998,0.255,18.185
2023-07-01 06:30:00,16.71,2.42,0.21,19.340000000000003
2023-07-01 06:45:00,17.05,3.28,0.1649999999999999,20.495
2023-07-01 07:00:00,17.39,4.14,0.12,21.65
2023-07-01 07:15:00,17.01,6.0225,0.7025,23.735000000000003
2023-07-01 07:30:00,16.63,7.904999999999999,1.285,25.82
2023-07-01 07:45:00,16.25,9.7875,1.8675,27.905
2023-07-01 08:00:00,15.87,11.67,2.45,29.99
2023-07-01 08:15:00,14.9325,11.89,2.8150000000000004,29.6375
2023-07-01 08:30:00,13.995,12.11,3.18,29.285
2023-07-01 08:45:00,13.0575,12.33,3.545,28.9325
2023-07-01 09:00:00,12.12,12.55,3.91,28.58
2023-07-01 09:15:00,11.625,12.895,3.8925,28.4125
2023-07-01 09:30:00,11.13,13.24,3.875,28.245
2023-07-01 09:45:00,10.635,13.585,3.8575,28.0775
2023-07-01 10:00:00,10.14,13.93,3.84,27.91
2023-07-01 10:15:00,8.7575,14.66,3.6025,27.02
2023-07-01 10:30:00,7.375,15.39,3.365,26.130000000000003
2023-07-01 10:45:00,5.992500000000001,16.12,3.1275,25.24
2023-07-01 11:00:00,4.61,16.85,2.89,24.35
2023-07-01 11:15:00,4.19,15.777500000000002,2.7,22.6675
2023-07-01 11:30:00,3.770000000000001,14.705000000000002,2.51,20.985
2023-07-01 11:45:00,3.35,13.6325,2.32,19.3025
2023-07-01 12:00:00,2.93,12.56,2.13,17.62
2023-07-01 12:15:00,3.3200000000000003,12.45,2.205,17.975
2023-07-01 12:30:00,3.71,12.34,2.28,18.33
2023-07-01 12:45:00,4.1,12.23,2.355,18.685
2023-07-01 13:00:00,4.49,12.12,2.43,19.04
2023-07-01 13:15:00,4.995,11.9225,2.1675,19.085
2023-07-01 13:30:00,5.5,11.725,1.905,19.130000000000003
2023-07-01 13:45:00,6.005,11.5275,1.6425,19.175
2023-07-01 14:00:00,6.51,11.33,1.38,19.22
2023-07-01 14:15:00,6.234999999999999,11.0875,1.7999999999999998,19.1225
2023-07-01 14:30:00,5.96,10.845,2.22,19.025
2023-07-01 14:45:00,5.6850000000000005,10.6025,2.64,18.9275
2023-07-01 15:00:00,5.41,10.36,3.06,18.83
2023-07-01 15:15:00,6.38,11.1775,2.37,19.9275
2023-07-01 15:30:00,7.35,11.995,1.68,21.025
2023-07-01 15:45:00,8.32,12.8125,0.9899999999999998,22.1225
2023-07-01 16:00:00,9.29,13.63,0.3,23.22
2023-07-01 16:15:00,9.7,12.3525,1.04,23.0925
2023-07-01 16:30:00,10.11,11.075,1.78,22.965
2023-07-01 16:45:00,10.52,9.7975,2.52,22.8375
2023-07-01 17:00:00,10.93,8.52,3.26,22.71
2023-07-01 17:15:00,12.26,9.3875,3.185,24.8325
2023-07-01 17:30:00,13.59,10.255,3.11,26.955
2023-07-01 17:45:00,14.92,11.1225,3.035,29.0775
2023-07-01 18:00:00,16.25,11.99,2.96,31.200000000000003
2023-07-01 18:15:00,17.75,9.055,2.295,29.1
2023-07-01 18:30:00,19.25,6.12,1.63,27.0
2023-07-01 18:45:00,20.75,3.1850000000000005,0.965,24.9
2023-07-01 19:00:00,22.25,0.25,0.3,22.8
2023-07-01 19:15:00,22.0675,1.5625,1.3125,24.9425
2023-07-01 19:30:00,21.885,2.875,2.325,27.085
2023-07-01 19:45:00,21.7025,4.1875,3.3374999999999995,29.2275
2023-07-01 20:00:00,21.52,5.5,4.35,31.37
2023-07-01 20:15:00,21.7,5.7025,3.3374999999999995,30.74
2023-07-01 20:30:00,21.88,5.904999999999999,2.325,30.11
2023-07-01 20:45:00,22.06,6.1075,1.3125,29.48
2023-07-01 21:00:00,22.24,6.31,0.3,28.85
2023-07-01 21:15:00,21.2725,4.9075,0.5974999999999999,26.7775
2023-07-01 21:30:00,20.305,3.505,0.895,24.705
2023-07-01 21:45:00,19.3375,2.1025,1.1925,22.6325
2023-07-01 22:00:00,18.37,0.7,1.49,20.56
2023-07-01 22:15:00,16.765,0.9375,1.9475,19.65
2023-07-01 22:30:00,15.16,1.1749999999999998,2.405,18.74
2023-07-01 22:45:00,13.555,1.4125,2.8625,17.83
2023-07-01 23:00:00,11.95,1.65,3.32,16.919999999999998
2023-07-01 23:15:00,10.215,1.73,2.665,14.61
2023-07-01 23:30:00,8.48,1.81,2.01,12.3
2023-07-01 23:45:00,6.744999999999999,1.89,1.3549999999999998,9.99
2023-07-02 00:00:00,5.01,1.97,0.7,7.68
2023-07-02 00:15:00,4.8125,1.6525,1.32,7.785
2023-07-02 00:30:00,4.615,1.335,1.94,7.890000000000001
2023-07-02 00:45:00,4.4175,1.0175,2.5600000000000005,7.995
2023-07-02 01:00:00,4.22,0.7,3.18,8.1
2023-07-02 01:15:00,4.4075,1.3225,2.545,8.274999999999999
2023-07-02 01:30:00,4.595,1.945,1.91,8.45
2023-07-02 01:45:00,4.7825,2.5675,1.275,8.625
2023-07-02 02:00:00,4.97,3.19,0.64,8.8
2023-07-02 02:15:00,4.775,2.7975,0.56,8.1325
2023-07-02 02:30:00,4.58,2.405,0.48,7.465
2023-07-02 02:45:00,4.385,2.0125,0.4,6.7975
2023-07-02 03:00:00,4.19,1.62,0.32,6.130000000000001
2023-07-02 03:15:00,5.987500000000001,1.5425,0.315,7.8450000000000015
2023-07-02 03:30:00,7.785,1.465,0.31,9.56
2023-07-02 03:45:00,9.5825,1.3875000000000002,0.305,11.275
2023-07-02 04:00:00,11.38,1.31,0.3,12.990000000000002
2023-07-02 04:15:00,11.77,1.57,0.3,13.64
2023-07-02 04:30:00,12.16,1.83,0.3,14.29
2023-07-02 04:45:00,12.55,2.09,0.3,14.94
2023-07-02 05:00:00,12.94,2.35,0.3,15.59
2023-07-02 05:15:00,13.7375,1.95,0.3,15.9875
2023-07-02 05:30:00,14.535,1.55,0.3,16.385
2023-07-02 05:45:00,15.3325,1.15,0.3,16.7825
2023-07-02 06:00:00,16.13,0.75,0.3,17.18
2023-07-02 06:15:00,16.215,1.09,0.325,17.63
2023-07-02 06:30:00,16.299999999999997,1.43,0.35,18.08
2023-07-02 06:45:00,16.384999999999998,1.77,0.375,18.53
2023-07-02 07:00:00,16.47,2.11,0.4,18.98
2023-07-02 07:15:00,16.432499999999997,5.2925,0.375,22.1
2023-07-02 07:30:00,16.395,8.475,0.35,25.22
2023-07-02 07:45:00,16.3575,11.6575,0.325,28.34
2023-07-02 08:00:00,16.32,14.84,0.3,31.46
2023-07-02 08:15:00,15.2925,14.6325,0.5449999999999999,30.47
2023-07-02 08:30:00,14.265,14.425,0.79,29.48
2023-07-02 08:45:00,13.2375,14.2175,1.035,28.49
2023-07-02 09:00:00,12.21,14.01,1.28,27.5
2023-07-02 09:15:00,11.3075,14.675,1.035,27.0175
2023-07-02 09:30:00,10.405,15.34,0.79,26.535
2023-07-02 09:45:00,9.5025,16.005000000000003,0.545,26.0525
2023-07-02 10:00:00,8.6,16.67,0.3,25.570000000000004
2023-07-02 10:15:00,7.4975,16.5925,0.4825,24.5725
2023-07-02 10:30:00,6.395,16.515,0.665,23.575
2023-07-02 10:45:00,5.2925,16.4375,0.8474999999999999,22.5775
2023-07-02 11:00:00,4.19,16.36,1.03,21.58
2023-07-02 11:15:00,4.0875,15.26,0.8475,20.195
2023-07-02 11:30:00,3.985,14.16,0.665,18.81
2023-07-02 11:45:00,3.8825,13.06,0.4825,17.425
2023-07-02 12:00:00,3.78,11.96,0.3,16.04
2023-07-02 12:15:00,3.8025,11.98,0.39,16.1725
2023-07-02 12:30:00,3.825,12.0,0.48,16.305
2023-07-02 12:45:00,3.8475,12.02,0.5700000000000001,16.4375
2023-07-02 13:00:00,3.87,12.04,0.66,16.57
2023-07-02 13:15:00,4.4925,13.2025,1.2475,18.9425
2023-07-02 13:30:00,5.115,14.365,1.835,21.315
2023-07-02 13:45:00,5.737500000000001,15.5275,2.4225,23.6875
2023-07-02 14:00:00,6.36,16.69,3.01,26.06
2023-07-02 14:15:00,7.3325,15.96,3.4375,26.73
2023-07-02 14:30:00,8.305,15.23,3.865,27.4
2023-07-02 14:45:00,9.2775,14.5,4.2925,28.07
2023-07-02 15:00:00,10.25,13.77,4.72,28.74
2023-07-02 15:15:00,10.0475,13.095,3.615,26.7575
2023-07-02 15:30:00,9.845,12.42,2.51,24.775
2023-07-02 15:45:00,9.6425,11.745,1.4049999999999998,22.792500000000004
2023-07-02 16:00:00,9.44,11.07,0.3,20.81
2023-07-02 16:15:00,9.555,10.005,0.6,20.160000000000004
2023-07-02 16:30:00,9.67,8.94,0.8999999999999999,19.51
2023-07-02 16:45:00,9.785,7.875,1.2,18.86
2023-07-02 17:00:00,9.9,6.81,1.5,18.21
2023-07-02 17:15:00,10.9725,7.085,1.34,19.3975
2023-07-02 17:30:00,12.045,7.359999999999999,1.18,20.585
2023-07-02 17:45:00,13.1175,7.635,1.02,21.7725
2023-07-02 18:00:00,14.19,7.91,0.86,22.96
2023-07-02 18:15:00,15.7775,7.21,0.99,23.9775
2023-07-02 18:30:00,17.365,6.51,1.12,24.995
2023-07-02 18:45:00,18.9525,5.8100000000000005,1.25,26.012500000000003
2023-07-02 19:00:00,20.54,5.11,1.38,27.03
2023-07-02 19:15:00,21.28,4.067500000000001,1.135,26.482500000000005
2023-07-02 19:30:00,22.02,3.0250000000000004,0.8899999999999999,25.935
2023-07-02 19:45:00,22.76,1.9825000000000004,0.645,25.3875
2023-07-02 20:00:00,23.5,0.94,0.4,24.84
2023-07-02 20:15:00,23.415,1.24,0.31,24.965
2023-07-02 20:30:00,23.33,1.54,0.22,25.09
2023-07-02 20:45:00,23.245,1.84,0.13,25.215
2023-07-02 21:00:00,23.16,2.14,0.04,25.34
2023-07-02 21:15:00,22.14,1.78,1.1325,25.0525
2023-07-02 21:30:00,21.12,1.42,2.225,24.765
2023-07-02 21:45:00,20.1,1.06,3.3175,24.4775
2023-07-02 22:00:00,19.08,0.7,4.41,24.19
2023-07-02 22:15:00,17.025,0.7,3.3825000000000003,21.1075
2023-07-02 22:30:00,14.97,0.7,2.355,18.025
2023-07-02 22:45:00,12.915,0.7,1.3274999999999997,14.9425
2023-07-02 23:00:00,10.86,0.7,0.3,11.86
2023-07-02 23:15:00,9.3825,3.62,0.3,13.302500000000002
2023-07-02 23:30:00,7.904999999999999,6.540000000000001,0.3,14.745
2023-07-02 23:45:00,6.4275,9.46,0.3,16.1875
2023-07-03 00:00:00,4.95,12.38,0.3,17.630000000000003
2023-07-03 00:15:00,5.1825,9.9925,0.3,15.475
2023-07-03 00:30:00,5.415,7.605,0.3,13.32
2023-07-03 00:45:00,5.6475,5.2175,0.3,11.165
2023-07-03 01:00:00,5.88,2.83,0.3,9.010000000000002
2023-07-03 01:15:00,5.8025,3.9075,0.7374999999999999,10.447500000000002
2023-07-03 01:30:00,5.725,4.984999999999999,1.1749999999999998,11.884999999999998
2023-07-03 01:45:00,5.6475,6.0625,1.6124999999999998,13.322500000000002
2023-07-03 02:00:00,5.57,7.14,2.05,14.760000000000002
2023-07-03 02:15:00,5.4825,7.9725,1.9125,15.3675
2023-07-03 02:30:00,5.395,8.805,1.775,15.975
2023-07-03 02:45:00,5.3075,9.6375,1.6375,16.5825
2023-07-03 03:00:00,5.22,10.47,1.5,17.19
2023-07-03 03:15:00,6.1775,9.15,1.56,16.8875
2023-07-03 03:30:00,7.135,7.83,1.62,16.585
2023-07-03 03:45:00,8.092500000000001,6.510000000000001,1.68,16.282500000000002
2023-07-03 04:00:00,9.05,5.19,1.74,15.980000000000002
2023-07-03 04:15:00,10.385000000000002,4.755000000000001,1.625,16.765
2023-07-03 04:30:00,11.72,4.32,1.51,17.55
2023-07-03 04:45:00,13.055,3.885,1.395,18.335
2023-07-03 05:00:00,14.39,3.45,1.28,19.12
2023-07-03 05:15:00,14.2975,4.1225000000000005,0.9825,19.402500000000003
2023-07-03 05:30:00,14.205,4.795,0.685,19.685
2023-07-03 05:45:00,14.1125,5.467499999999999,0.3875,19.9675
2023-07-03 06:00:00,14.02,6.14,0.09,20.25
2023-07-03 06:15:00,15.1625,6.342499999999999,0.68,22.185
2023-07-03 06:30:00,16.305,6.545,1.2700000000000002,24.12
2023-07-03 06:45:00,17.447499999999998,6.7475000000000005,1.8600000000000003,26.055
2023-07-03 07:00:00,18.59,6.95,2.45,27.99
2023-07-03 07:15:00,17.6775,17.6575,5.0,40.335
2023-07-03 07:30:00,16.765,28.365,7.55,52.67999999999999
2023-07-03 07:45:00,15.8525,39.072500000000005,10.1,65.025
2023-07-03 08:00:00,14.94,49.78,12.65,77.37
2023-07-03 08:15:00,14.01,49.5925,12.02,75.6225
2023-07-03 08:30:00,13.08,49.405,11.39,73.875
2023-07-03 08:45:00,12.15,49.2175,10.760000000000002,72.1275
2023-07-03 09:00:00,11.22,49.03,10.13,70.38
2023-07-03 09:15:00,10.48,49.8625,9.7175,70.06
2023-07-03 09:30:00,9.74,50.695,9.305,69.74000000000001
2023-07-03 09:45:00,9.0,51.5275,8.8925,69.42
2023-07-03 10:00:00,8.26,52.36,8.48,69.1
2023-07-03 10:15:00,7.717499999999999,51.685,8.02,67.4225
2023-07-03 10:30:00,7.175,51.01,7.56,65.74499999999999
2023-07-03 10:45:00,6.6325,50.335,7.1,64.0675
2023-07-03 11:00:00,6.09,49.66,6.64,62.39
2023-07-03 11:15:00,5.995,50.4975,7.467499999999999,63.96
2023-07-03 11:30:00,5.9,51.335,8.295,65.52999999999999
2023-07-03 11:45:00,5.805,52.1725,9.1225,67.1
2023-07-03 12:00:00,5.71,53.01,9.95,68.67
2023-07-03 12:15:00,6.15,52.745,10.3675,69.26249999999999
2023-07-03 12:30:00,6.59,52.48,10.785,69.855
2023-07-03 12:45:00,7.029999999999999,52.215,11.2025,70.4475
2023-07-03 13:00:00,7.47,51.95,11.62,71.04
2023-07-03 13:15:00,6.5375,50.28,11.9675,68.785
2023-07-03 13:30:00,5.605,48.61,12.315,66.53
2023-07-03 13:45:00,4.6725,46.940000000000005,12.6625,64.275
2023-07-03 14:00:00,3.74,45.27,13.01,62.02
2023-07-03 14:15:00,2.9775,46.365,11.29,60.6325
2023-07-03 14:30:00,2.215,47.46,9.57,59.245
2023-07-03 14:45:00,1.4525,48.555,7.85,57.8575
2023-07-03 15:00:00,0.69,49.65,6.13,56.47
2023-07-03 15:15:00,2.7075,49.085,7.785,59.5775
2023-07-03 15:30:00,4.725,48.52,9.44,62.685
2023-07-03 15:45:00,6.7425,47.955,11.095,65.79249999999999
2023-07-03 16:00:00,8.76,47.39,12.75,68.9
2023-07-03 16:15:00,9.145,47.2025,9.63,65.97749999999999
2023-07-03 16:30:00,9.53,47.015,6.51,63.055
2023-07-03 16:45:00,9.915,46.8275,3.390000000000001,60.1325
2023-07-03 17:00:00,10.3,46.64,0.27,57.21
2023-07-03 17:15:00,12.2025,47.21,0.9925,60.405
2023-07-03 17:30:00,14.105,47.78,1.715,63.60000000000001
2023-07-03 17:45:00,16.0075,48.35,2.4375,66.795
2023-07-03 18:00:00,17.91,48.92,3.16,69.99
2023-07-03 18:15:00,18.4225,37.895,2.4450000000000003,58.7625
2023-07-03 18:30:00,18.935,26.87,1.73,47.535
2023-07-03 18:45:00,19.4475,15.845,1.0149999999999997,36.307500000000005
2023-07-03 19:00:00,19.96,4.82,0.3,25.08
2023-07-03 19:15:00,21.355,5.8100000000000005,0.9775,28.1425
2023-07-03 19:30:00,22.75,6.8,1.655,31.205
2023-07-03 19:45:00,24.145,7.789999999999999,2.3325,34.2675
2023-07-03 20:00:00,25.54,8.78,3.01,37.33
2023-07-03 20:15:00,25.205,7.797499999999999,2.27,35.272499999999994
2023-07-03 20:30:00,24.87,6.815,1.5299999999999998,33.215
2023-07-03 20:45:00,24.535,5.8325,0.79,31.1575
2023-07-03 21:00:00,24.2,4.85,0.05,29.1
2023-07-03 21:15:00,22.435,5.035,0.1125,27.5825
2023-07-03 21:30:00,20.67,5.22,0.175,26.065
2023-07-03 21:45:00,18.905,5.404999999999999,0.2375,24.547500000000003
2023-07-03 22:00:00,17.14,5.59,0.3,23.03
2023-07-03 22:15:00,16.205000000000002,5.87,0.3,22.375000000000004
2023-07-03 22:30:00,15.27,6.15,0.3,21.72
2023-07-03 22:45:00,14.335,6.43,0.3,21.065
2023-07-03 23:00:00,13.4,6.71,0.3,20.41
2023-07-03 23:15:00,11.5475,7.7575,0.3,19.605
2023-07-03 23:30:00,9.695,8.805,0.3,18.8
2023-07-03 23:45:00,7.8425,9.8525,0.3,17.995
2023-07-04 00:00:00,5.99,10.9,0.3,17.19
2023-07-04 00:15:00,5.92,9.135,0.315,15.37
2023-07-04 00:30:00,5.85,7.37,0.3299999999999999,13.55
2023-07-04 00:45:00,5.78,5.605,0.345,11.730000000000002
2023-07-04 01:00:00,5.71,3.84,0.36,9.91
2023-07-04 01:15:00,5.5725,5.5375,0.43,11.54
2023-07-04 01:30:00,5.4350000000000005,7.235,0.5,13.170000000000002
2023-07-04 01:45:00,5.2975,8.932500000000001,0.5700000000000001,14.8
2023-07-04 02:00:00,5.16,10.63,0.64,16.43
2023-07-04 02:15:00,4.895,8.350000000000001,0.555,13.8
2023-07-04 02:30:00,4.63,6.07,0.47,11.17
2023-07-04 02:45:00,4.365,3.79,0.385,8.540000000000001
2023-07-04 03:00:00,4.1,1.51,0.3,5.909999999999999
2023-07-04 03:15:00,4.6575,3.1275000000000004,0.5275,8.3125
2023-07-04 03:30:00,5.215,4.745,0.7549999999999999,10.715
2023-07-04 03:45:00,5.7725,6.362500000000001,0.9825,13.1175
2023-07-04 04:00:00,6.33,7.98,1.21,15.52
2023-07-04 04:15:00,7.775,8.3175,0.9825,17.075000000000003
2023-07-04 04:30:00,9.22,8.655000000000001,0.755,18.63
2023-07-04 04:45:00,10.665,8.9925,0.5275000000000001,20.185
2023-07-04 05:00:00,12.11,9.33,0.3,21.74
2023-07-04 05:15:00,13.585,9.5825,0.3,23.4675
2023-07-04 05:30:00,15.06,9.835,0.3,25.195000000000004
2023-07-04 05:45:00,16.535,10.0875,0.3,26.922500000000003
2023-07-04 06:00:00,18.01,10.34,0.3,28.65
2023-07-04 06:15:00,17.61,9.545,1.125,28.28
2023-07-04 06:30:00,17.21,8.75,1.95,27.91
2023-07-04 06:45:00,16.810000000000002,7.955,2.775,27.54
2023-07-04 07:00:00,16.41,7.16,3.6,27.17
2023-07-04 07:15:00,16.185,16.925,5.255000000000001,38.365
2023-07-04 07:30:00,15.96,26.69,6.91,49.56
2023-07-04 07:45:00,15.735,36.455,8.565000000000001,60.755
2023-07-04 08:00:00,15.51,46.22,10.22,71.95
2023-07-04 08:15:00,15.3925,47.7575,10.41,73.56
2023-07-04 08:30:00,15.275,49.295,10.6,75.16999999999999
2023-07-04 08:45:00,15.1575,50.8325,10.79,76.78
2023-07-04 09:00:00,15.04,52.37,10.98,78.39
2023-07-04 09:15:00,13.55,51.785,10.2,75.535
2023-07-04 09:30:00,12.06,51.2,9.42,72.68
2023-07-04 09:45:00,10.57,50.615,8.64,69.825
2023-07-04 10:00:00,9.08,50.03,7.86,66.97
2023-07-04 10:15:00,7.955,50.5225,8.76,67.2375
2023-07-04 10:30:00,6.83,51.015,9.66,67.505
2023-07-04 10:45:00,5.705,51.5075,10.56,67.7725
2023-07-04 11:00:00,4.58,52.0,11.46,68.03999999999999
2023-07-04 11:15:00,4.4275,50.6175,10.945,65.99000000000001
2023-07-04 11:30:00,4.275,49.235,10.43,63.94
2023-07-04 11:45:00,4.1225000000000005,47.8525,9.915,61.89
2023-07-04 12:00:00,3.97,46.47,9.4,59.84
2023-07-04 12:15:00,4.0925,47.045,9.375,60.5125
2023-07-04 12:30:00,4.215,47.620000000000005,9.35,61.18500000000001
2023-07-04 12:45:00,4.3375,48.195,9.325,61.8575
2023-07-04 13:00:00,4.46,48.77,9.3,62.53
2023-07-04 13:15:00,4.09,48.6725,9.2,61.962500000000006
2023-07-04 13:30:00,3.72,48.575,9.1,61.395
2023-07-04 13:45:00,3.35,48.477500000000006,9.0,60.82750000000001
2023-07-04 14:00:00,2.98,48.38,8.9,60.26
2023-07-04 14:15:00,4.422499999999999,48.557500000000005,9.0725,62.0525
2023-07-04 14:30:00,5.865,48.735,9.245,63.845
2023-07-04 14:45:00,7.307499999999999,48.9125,9.4175,65.6375
2023-07-04 15:00:00,8.75,49.09,9.59,67.43
2023-07-04 15:15:00,8.3,49.4075,9.8875,67.595
2023-07-04 15:30:00,7.85,49.725,10.185,67.76
2023-07-04 15:45:00,7.4,50.0425,10.4825,67.925
2023-07-04 16:00:00,6.95,50.36,10.78,68.09
2023-07-04 16:15:00,8.3625,50.345,8.969999999999999,67.6775
2023-07-04 16:30:00,9.775,50.33,7.16,67.265
2023-07-04 16:45:00,11.1875,50.315,5.35,66.85249999999999
2023-07-04 17:00:00,12.6,50.3,3.54,66.44
2023-07-04 17:15:00,12.91,51.0675,2.9675,66.945
2023-07-04 17:30:00,13.22,51.835,2.395,67.44999999999999
2023-07-04 17:45:00,13.53,52.6025,1.8225,67.955
2023-07-04 18:00:00,13.84,53.37,1.25,68.46
2023-07-04 18:15:00,15.65,42.0875,1.4325,59.17
2023-07-04 18:30:00,17.46,30.805,1.615,49.88
2023-07-04 18:45:00,19.27,19.5225,1.7975,40.59
2023-07-04 19:00:00,21.08,8.24,1.98,31.3
2023-07-04 19:15:00,21.4925,8.592500000000001,1.56,31.645
2023-07-04 19:30:00,21.905,8.945,1.14,31.99
2023-07-04 19:45:00,22.3175,9.2975,0.72,32.335
2023-07-04 20:00:00,22.73,9.65,0.3,32.68
2023-07-04 20:15:00,21.995,8.33,0.3,30.625000000000004
2023-07-04 20:30:00,21.26,7.01,0.3,28.57
2023-07-04 20:45:00,20.525,5.69,0.3,26.515
2023-07-04 21:00:00,19.79,4.37,0.3,24.46
2023-07-04 21:15:00,18.73,5.140000000000001,1.215,25.085
2023-07-04 21:30:00,17.67,5.91,2.13,25.71
2023-07-04 21:45:00,16.61,6.68,3.045,26.335
2023-07-04 22:00:00,15.55,7.45,3.96,26.96
2023-07-04 22:15:00,14.925,7.135,3.8075,25.867500000000003
2023-07-04 22:30:00,14.3,6.82,3.655,24.775
2023-07-04 22:45:00,13.675,6.505000000000001,3.5025,23.6825
2023-07-04 23:00:00,13.05,6.19,3.35,22.590000000000003
2023-07-04 23:15:00,11.055,5.575,3.28,19.91
2023-07-04 23:30:00,9.06,4.96,3.21,17.23
2023-07-04 23:45:00,7.065,4.345000000000001,3.14,14.55
2023-07-05 00:00:00,5.07,3.73,3.07,11.87
2023-07-05 00:15:00,5.452500000000001,5.4575,2.3775,13.2875
2023-07-05 00:30:00,5.835,7.1850000000000005,1.6849999999999998,14.705
2023-07-05 00:45:00,6.217499999999999,8.9125,0.9924999999999996,16.1225
2023-07-05 01:00:00,6.6,10.64,0.3,17.540000000000003
2023-07-05 01:15:00,6.4025,9.15,1.2675,16.82
2023-07-05 01:30:00,6.205,7.66,2.235,16.1
2023-07-05 01:45:00,6.007499999999999,6.17,3.2025,15.38
2023-07-05 02:00:00,5.81,4.68,4.17,14.659999999999998
2023-07-05 02:15:00,5.76,4.685,3.2025,13.6475
2023-07-05 02:30:00,5.71,4.69,2.235,12.634999999999998
2023-07-05 02:45:00,5.66,4.695,1.2675,11.6225
2023-07-05 03:00:00,5.61,4.7,0.3,10.61
2023-07-05 03:15:00,6.1875,5.615,0.63,12.4325
2023-07-05 03:30:00,6.765000000000001,6.529999999999999,0.96,14.255
2023-07-05 03:45:00,7.3425,7.444999999999999,1.29,16.0775
2023-07-05 04:00:00,7.92,8.36,1.62,17.900000000000002
2023-07-05 04:15:00,8.665,7.505,1.6150000000000002,17.784999999999997
2023-07-05 04:30:00,9.41,6.65,1.61,17.67
2023-07-05 04:45:00,10.155,5.795,1.605,17.555
2023-07-05 05:00:00,10.9,4.94,1.6,17.44
2023-07-05 05:15:00,12.22,4.8725000000000005,1.5425,18.635
2023-07-05 05:30:00,13.54,4.805,1.485,19.83
2023-07-05 05:45:00,14.86,4.7375,1.4275000000000002,21.025
2023-07-05 06:00:00,16.18,4.67,1.37,22.22
2023-07-05 06:15:00,16.67,5.6075,1.1025,23.380000000000003
2023-07-05 06:30:00,17.16,6.545,0.8350000000000001,24.54
2023-07-05 06:45:00,17.65,7.4825,0.5675000000000001,25.7
2023-07-05 07:00:00,18.14,8.42,0.3,26.860000000000003
2023-07-05 07:15:00,17.51,18.7675,2.7724999999999995,39.05
2023-07-05 07:30:00,16.88,29.115,5.244999999999999,51.24
2023-07-05 07:45:00,16.25,39.4625,7.7174999999999985,63.43
2023-07-05 08:00:00,15.62,49.81,10.19,75.62
2023-07-05 08:15:00,14.67,49.915,10.145,74.72999999999999
2023-07-05 08:30:00,13.72,50.02,10.1,73.83999999999999
2023-07-05 08:45:00,12.77,50.125,10.055,72.94999999999999
2023-07-05 09:00:00,11.82,50.23,10.01,72.06
2023-07-05 09:15:00,10.8625,50.54,9.9125,71.315
2023-07-05 09:30:00,9.905,50.85,9.815,70.57
2023-07-05 09:45:00,8.9475,51.16,9.7175,69.82499999999999
2023-07-05 10:00:00,7.99,51.47,9.62,69.08
2023-07-05 10:15:00,7.7225,50.955,9.53,68.2075
2023-07-05 10:30:00,7.455,50.44,9.44,67.335
2023-07-05 10:45:00,7.1875,49.925,9.35,66.46249999999999
2023-07-05 11:00:00,6.92,49.41,9.26,65.59
2023-07-05 11:15:00,6.645,49.675,8.675,64.99499999999999
2023-07-05 11:30:00,6.37,49.94,8.09,64.39999999999999
2023-07-05 11:45:00,6.095000000000001,50.205,7.505,63.805
2023-07-05 12:00:00,5.82,50.47,6.92,63.21
2023-07-05 12:15:00,5.485,49.335,7.8475,62.6675
2023-07-05 12:30:00,5.15,48.2,8.775,62.125
2023-07-05 12:45:00,4.815,47.065,9.7025,61.5825
2023-07-05 13:00:00,4.48,45.93,10.63,61.04
2023-07-05 13:15:00,4.4475,46.7425,10.8725,62.0625
2023-07-05 13:30:00,4.415,47.555,11.115,63.085
2023-07-05 13:45:00,4.3825,48.3675,11.3575,64.1075
2023-07-05 14:00:00,4.35,49.18,11.6,65.13
2023-07-05 14:15:00,4.345,49.2375,10.75,64.3325
2023-07-05 14:30:00,4.34,49.295,9.9,63.535
2023-07-05 14:45:00,4.335,49.3525,9.05,62.7375
2023-07-05 15:00:00,4.33,49.41,8.2,61.94
2023-07-05 15:15:00,4.7325,50.06999999999999,8.1675,62.97
2023-07-05 15:30:00,5.135,50.73,8.135,63.99999999999999
2023-07-05 15:45:00,5.5375000000000005,51.39,8.1025,65.03
2023-07-05 16:00:00,5.94,52.05,8.07,66.06
2023-07-05 16:15:00,7.7225,52.5575,6.3425,66.6225
2023-07-05 16:30:00,9.505,53.065,4.615,67.185
2023-07-05 16:45:00,11.2875,53.5725,2.8875,67.7475
2023-07-05 17:00:00,13.07,54.08,1.16,68.31
2023-07-05 17:15:00,14.1475,53.8675,0.945,68.96
2023-07-05 17:30:00,15.225,53.655,0.73,69.61
2023-07-05 17:45:00,16.3025,53.4425,0.515,70.25999999999999
2023-07-05 18:00:00,17.38,53.23,0.3,70.91
2023-07-05 18:15:00,18.9275,41.6,0.685,61.21249999999999
2023-07-05 18:30:00,20.475,29.97,1.07,51.515
2023-07-05 18:45:00,22.0225,18.34,1.455,41.8175
2023-07-05 19:00:00,23.57,6.71,1.84,32.120000000000005
2023-07-05 19:15:00,22.535,6.8175,1.4675,30.82
2023-07-05 19:30:00,21.5,6.925,1.095,29.52
2023-07-05 19:45:00,20.465,7.0325,0.7224999999999999,28.22
2023-07-05 20:00:00,19.43,7.14,0.35,26.92
2023-07-05 20:15:00,19.84,7.4925,0.5275,27.86
2023-07-05 20:30:00,20.25,7.845000000000001,0.7050000000000001,28.8
2023-07-05 20:45:00,20.66,8.1975,0.8825000000000001,29.74
2023-07-05 21:00:00,21.07,8.55,1.06,30.68
2023-07-05 21:15:00,20.115,8.717500000000001,0.9375,29.770000000000003
2023-07-05 21:30:00,19.16,8.885000000000002,0.815,28.860000000000003
2023-07-05 21:45:00,18.205,9.0525,0.6925,27.95
2023-07-05 22:00:00,17.25,9.22,0.57,27.04
2023-07-05 22:15:00,16.1675,9.0525,1.2,26.42
2023-07-05 22:30:00,15.085,8.885000000000002,1.83,25.800000000000004
2023-07-05 22:45:00,14.0025,8.717500000000001,2.46,25.18
2023-07-05 23:00:00,12.92,8.55,3.09,24.56
2023-07-05 23:15:00,11.1875,9.2975,2.3925,22.8775
2023-07-05 23:30:00,9.455,10.045,1.6949999999999998,21.195
2023-07-05 23:45:00,7.7225,10.7925,0.9974999999999996,19.5125
2023-07-06 00:00:00,5.99,11.54,0.3,17.830000000000002
2023-07-06 00:15:00,6.5875,9.485,0.71,16.7825
2023-07-06 00:30:00,7.1850000000000005,7.43,1.12,15.735
2023-07-06 00:45:00,7.782500000000001,5.375,1.53,14.6875
2023-07-06 01:00:00,8.38,3.32,1.94,13.64
2023-07-06 01:15:00,7.865,4.28,1.53,13.675
2023-07-06 01:30:00,7.35,5.24,1.12,13.71
2023-07-06 01:45:00,6.835000000000001,6.2,0.71,13.745
2023-07-06 02:00:00,6.32,7.16,0.3,13.78
2023-07-06 02:15:00,6.28,7.4275,0.3,14.0075
2023-07-06 02:30:00,6.24,7.695,0.3,14.235
2023-07-06 02:45:00,6.2,7.9625,0.3,14.462500000000002
2023-07-06 03:00:00,6.16,8.23,0.3,14.69
2023-07-06 03:15:00,6.8075,7.98,0.3,15.087500000000002
2023-07-06 03:30:00,7.455,7.73,0.3,15.485
2023-07-06 03:45:00,8.1025,7.48,0.3,15.8825
2023-07-06 04:00:00,8.75,7.23,0.3,16.28
2023-07-06 04:15:00,9.3375,6.95,0.3,16.587500000000002
2023-07-06 04:30:00,9.925,6.67,0.3,16.895
2023-07-06 04:45:00,10.5125,6.390000000000001,0.3,17.2025
2023-07-06 05:00:00,11.1,6.11,0.3,17.51
2023-07-06 05:15:00,12.7775,6.317500000000001,0.6925,19.7875
2023-07-06 05:30:00,14.454999999999998,6.525,1.085,22.065
2023-07-06 05:45:00,16.1325,6.7325,1.4775,24.3425
2023-07-06 06:00:00,17.81,6.94,1.87,26.62
2023-07-06 06:15:00,17.1575,6.365,1.7525,25.275
2023-07-06 06:30:00,16.505,5.79,1.635,23.93
2023-07-06 06:45:00,15.8525,5.215,1.5175,22.585
2023-07-06 07:00:00,15.2,4.64,1.4,21.24
2023-07-06 07:15:00,15.2525,16.505,2.17,33.9275
2023-07-06 07:30:00,15.305,28.37,2.9400000000000004,46.615
2023-07-06 07:45:00,15.3575,40.235,3.71,59.3025
2023-07-06 08:00:00,15.41,52.1,4.48,71.99000000000001
2023-07-06 08:15:00,14.7925,51.2575,6.53,72.58
2023-07-06 08:30:00,14.175,50.415,8.58,73.17
2023-07-06 08:45:00,13.5575,49.5725,10.63,73.75999999999999
2023-07-06 09:00:00,12.94,48.73,12.68,74.35
2023-07-06 09:15:00,12.1325,49.77,12.0375,73.94
2023-07-06 09:30:00,11.325,50.81,11.395,73.53
2023-07-06 09:45:00,10.5175,51.85,10.7525,73.12
2023-07-06 10:00:00,9.71,52.89,10.11,72.71000000000001
2023-07-06 10:15:00,8.8125,52.4275,10.035,71.275
2023-07-06 10:30:00,7.915000000000001,51.965,9.96,69.84
2023-07-06 10:45:00,7.0175,51.5025,9.885,68.405
2023-07-06 11:00:00,6.12,51.04,9.81,66.97
2023-07-06 11:15:00,6.005,51.3825,9.27,66.6575
2023-07-06 11:30:00,5.890000000000001,51.725,8.73,66.345
2023-07-06 11:45:00,5.775,52.0675,8.190000000000001,66.0325
2023-07-06 12:00:00,5.66,52.41,7.65,65.72
2023-07-06 12:15:00,5.23,51.6625,8.6975,65.59
2023-07-06 12:30:00,4.8,50.915,9.745,65.46
2023-07-06 12:45:00,4.37,50.1675,10.7925,65.33
2023-07-06 13:00:00,3.94,49.42,11.84,65.2
2023-07-06 13:15:00,4.32,49.8475,11.845,66.0125
2023-07-06 13:30:00,4.7,50.275000000000006,11.85,66.825
2023-07-06 13:45:00,5.08,50.7025,11.855,67.6375
2023-07-06 14:00:00,5.46,51.13,11.86,68.45
2023-07-06 14:15:00,6.085,49.715,11.4075,67.20750000000001
2023-07-06 14:30:00,6.71,48.3,10.955,65.965
2023-07-06 14:45:00,7.335,46.885,10.5025,64.7225
2023-07-06 15:00:00,7.96,45.47,10.05,63.48
2023-07-06 15:15:00,8.3975,46.26,9.8425,64.5
2023-07-06 15:30:00,8.835,47.05,9.635000000000002,65.52
2023-07-06 15:45:00,9.2725,47.84,9.4275,66.54
2023-07-06 16:00:00,9.71,48.63,9.22,67.56
2023-07-06 16:15:00,10.3275,48.6775,7.135000000000001,66.14
2023-07-06 16:30:00,10.945,48.725,5.050000000000001,64.72
2023-07-06 16:45:00,11.5625,48.7725,2.9650000000000007,63.3
2023-07-06 17:00:00,12.18,48.82,0.88,61.88
2023-07-06 17:15:00,13.8225,48.7125,0.735,63.27
2023-07-06 17:30:00,15.465,48.605,0.59,64.66000000000001
2023-07-06 17:45:00,17.1075,48.4975,0.4449999999999999,66.05
2023-07-06 18:00:00,18.75,48.39,0.3,67.44
2023-07-06 18:15:00,19.18,37.675,0.3,57.155
2023-07-06 18:30:00,19.61,26.96,0.3,46.87
2023-07-06 18:45:00,20.04,16.245000000000005,0.3,36.585
2023-07-06 19:00:00,20.47,5.53,0.3,26.3
2023-07-06 19:15:00,20.9825,5.0875,0.7999999999999999,26.87
2023-07-06 19:30:00,21.495,4.645,1.2999999999999998,27.44
2023-07-06 19:45:00,22.0075,4.2025,1.7999999999999998,28.01
2023-07-06 20:00:00,22.52,3.76,2.3,28.58
2023-07-06 20:15:00,22.2425,4.547499999999999,1.765,28.555
2023-07-06 20:30:00,21.965,5.335,1.23,28.53
2023-07-06 20:45:00,21.6875,6.1225000000000005,0.6950000000000001,28.505000000000003
2023-07-06 21:00:00,21.41,6.91,0.16,28.48
2023-07-06 21:15:00,20.2875,8.2425,0.195,28.725
2023-07-06 21:30:00,19.165,9.575,0.2299999999999999,28.97
2023-07-06 21:45:00,18.0425,10.9075,0.265,29.215000000000003
2023-07-06 22:00:00,16.92,12.24,0.3,29.460000000000004
2023-07-06 22:15:00,15.365000000000002,11.04,1.4975,27.9025
2023-07-06 22:30:00,13.81,9.84,2.695,26.345
2023-07-06 22:45:00,12.255,8.64,3.8925,24.7875
2023-07-06 23:00:00,10.7,7.44,5.09,23.23
2023-07-06 23:15:00,9.83,7.2225,4.375,21.4275
2023-07-06 23:30:00,8.959999999999999,7.005000000000001,3.66,19.625
2023-07-06 23:45:00,8.09,6.7875000000000005,2.945,17.8225
2023-07-07 00:00:00,7.22,6.57,2.23,16.02
2023-07-07 00:15:00,6.7375,5.6000000000000005,1.7475,14.085
2023-07-07 00:30:00,6.255,4.63,1.265,12.15
2023-07-07 00:45:00,5.7725,3.66,0.7825,10.215000000000002
2023-07-07 01:00:00,5.29,2.69,0.3,8.280000000000001
2023-07-07 01:15:00,5.1325,2.2925,0.3,7.725
2023-07-07 01:30:00,4.975,1.895,0.3,7.169999999999999
2023-07-07 01:45:00,4.8175,1.4975,0.3,6.614999999999999
2023-07-07 02:00:00,4.66,1.1,0.3,6.06
2023-07-07 02:15:00,4.665,2.6075,0.3,7.5725
2023-07-07 02:30:00,4.67,4.115,0.3,9.085
2023-07-07 02:45:00,4.675,5.622499999999999,0.3,10.5975
2023-07-07 03:00:00,4.68,7.13,0.3,12.11
2023-07-07 03:15:00,5.5975,7.1475,0.3,13.045000000000002
2023-07-07 03:30:00,6.515,7.165,0.3,13.98
2023-07-07 03:45:00,7.432499999999999,7.1825,0.3,14.915
2023-07-07 04:00:00,8.35,7.2,0.3,15.85
2023-07-07 04:15:00,9.585,6.6725,1.3925,17.65
2023-07-07 04:30:00,10.82,6.145,2.485,19.45
2023-07-07 04:45:00,12.055,5.6175,3.5775,21.25
2023-07-07 05:00:00,13.29,5.09,4.67,23.05
2023-07-07 05:15:00,13.864999999999998,5.44,3.5775,22.8825
2023-07-07 05:30:00,14.44,5.79,2.485,22.715
2023-07-07 05:45:00,15.015,6.140000000000001,1.3925,22.5475
2023-07-07 06:00:00,15.59,6.49,0.3,22.38
2023-07-07 06:15:00,15.8625,6.1675,0.4375,22.4675
2023-07-07 06:30:00,16.134999999999998,5.845000000000001,0.575,22.555
2023-07-07 06:45:00,16.4075,5.5225,0.7125,22.6425
2023-07-07 07:00:00,16.68,5.2,0.85,22.73
2023-07-07 07:15:00,16.16,15.857499999999998,2.14,34.1575
2023-07-07 07:30:00,15.64,26.515,3.43,45.585
2023-07-07 07:45:00,15.12,37.1725,4.72,57.0125
2023-07-07 08:00:00,14.6,47.83,6.01,68.44
2023-07-07 08:15:00,14.34,47.7275,7.855,69.9225
2023-07-07 08:30:00,14.08,47.625,9.7,71.405
2023-07-07 08:45:00,13.82,47.5225,11.545,72.8875
2023-07-07 09:00:00,13.56,47.42,13.39,74.37
2023-07-07 09:15:00,12.6175,48.455,12.3825,73.455
2023-07-07 09:30:00,11.675,49.49,11.375,72.54
2023-07-07 09:45:00,10.7325,50.525000000000006,10.3675,71.625
2023-07-07 10:00:00,9.79,51.56,9.36,70.71000000000001
2023-07-07 10:15:00,8.782499999999999,52.29,8.4675,69.53999999999999
2023-07-07 10:30:00,7.774999999999999,53.02,7.574999999999999,68.36999999999999
2023-07-07 10:45:00,6.7675,53.75,6.6825,67.2
2023-07-07 11:00:00,5.76,54.48,5.79,66.03
2023-07-07 11:15:00,5.1825,53.3975,6.885,65.46499999999999
2023-07-07 11:30:00,4.605,52.315,7.98,64.9
2023-07-07 11:45:00,4.0275,51.2325,9.075,64.33500000000001
2023-07-07 12:00:00,3.45,50.15,10.17,63.77
2023-07-07 12:15:00,3.95,50.1375,9.8625,63.95
2023-07-07 12:30:00,4.45,50.125,9.555,64.13
2023-07-07 12:45:00,4.95,50.1125,9.2475,64.31
2023-07-07 13:00:00,5.45,50.1,8.94,64.49000000000001
2023-07-07 13:15:00,4.6625,50.2725,9.1675,64.1025
2023-07-07 13:30:00,3.875,50.445,9.395,63.715
2023-07-07 13:45:00,3.0875,50.6175,9.6225,63.3275
2023-07-07 14:00:00,2.3,50.79,9.85,62.94
2023-07-07 14:15:00,3.4575,50.8675,10.125,64.45
2023-07-07 14:30:00,4.615,50.945,10.4,65.96000000000001
2023-07-07 14:45:00,5.7725,51.0225,10.675,67.47
2023-07-07 15:00:00,6.93,51.1,10.95,68.98
2023-07-07 15:15:00,6.5675,50.05,9.9875,66.605
2023-07-07 15:30:00,6.205,49.0,9.025,64.22999999999999
2023-07-07 15:45:00,5.8425,47.95,8.0625,61.855
2023-07-07 16:00:00,5.48,46.9,7.1,59.48
2023-07-07 16:15:00,7.1375,47.6725,5.4,60.21
2023-07-07 16:30:00,8.795,48.445,3.7,60.940000000000005
2023-07-07 16:45:00,10.4525,49.2175,2.0,61.67
2023-07-07 17:00:00,12.11,49.99,0.3,62.4
2023-07-07 17:15:00,12.915,48.905,1.03,62.85
2023-07-07 17:30:00,13.72,47.82,1.7600000000000002,63.3
2023-07-07 17:45:00,14.525,46.735,2.49,63.75
2023-07-07 18:00:00,15.33,45.65,3.22,64.2
2023-07-07 18:15:00,16.7075,36.3325,2.8000000000000003,55.83999999999999
2023-07-07 18:30:00,18.085,27.015,2.38,47.48
2023-07-07 18:45:00,19.4625,17.6975,1.96,39.12
2023-07-07 19:00:00,20.84,8.38,1.54,30.76
2023-07-07 19:15:00,21.7575,7.325000000000001,1.845,30.9275
2023-07-07 19:30:00,22.675,6.2700000000000005,2.15,31.095
2023-07-07 19:45:00,23.5925,5.215,2.455,31.262500000000003
2023-07-07 20:00:00,24.51,4.16,2.76,31.43
2023-07-07 20:15:00,24.1225,5.5425,2.345,32.010000000000005
2023-07-07 20:30:00,23.735,6.925,1.93,32.59
2023-07-07 20:45:00,23.3475,8.3075,1.515,33.17
2023-07-07 21:00:00,22.96,9.69,1.1,33.75
2023-07-07 21:15:00,21.7375,8.44,0.9000000000000001,31.0775
2023-07-07 21:30:00,20.515,7.19,0.7000000000000001,28.405
2023-07-07 21:45:00,19.2925,5.94,0.5,25.7325
2023-07-07 22:00:00,18.07,4.69,0.3,23.06
2023-07-07 22:15:00,15.93,5.3325000000000005,0.4925,21.755
2023-07-07 22:30:00,13.79,5.975,0.685,20.45
2023-07-07 22:45:00,11.65,6.6175,0.8775,19.145
2023-07-07 23:00:00,9.51,7.26,1.07,17.84
2023-07-07 23:15:00,7.885,5.8375,1.29,15.0125
2023-07-07 23:30:00,6.26,4.415,1.51,12.185
2023-07-07 23:45:00,4.635,2.9925,1.73,9.3575
2023-10-01 00:00:00,7.17,0.7,0.3,8.17
2023-10-01 00:15:00,7.335,1.065,0.3125,8.7125
2023-10-01 00:30:00,7.5,1.4300000000000002,0.3249999999999999,9.255
2023-10-01 00:45:00,7.665,1.7950000000000002,0.3374999999999999,9.7975
2023-10-01 01:00:00,7.83,2.16,0.35,10.34
2023-10-01 01:15:00,7.4225,2.5975,0.71,10.73
2023-10-01 01:30:00,7.015000000000001,3.035,1.0699999999999998,11.12
2023-10-01 01:45:00,6.6075,3.4725,1.4300000000000002,11.51
2023-10-01 02:00:00,6.2,3.91,1.79,11.9
2023-10-01 02:15:00,6.827500000000001,3.1325000000000003,1.4175,11.3775
2023-10-01 02:30:00,7.455,2.355,1.045,10.855
2023-10-01 02:45:00,8.082500000000001,1.5774999999999997,0.6725000000000001,10.3325
2023-10-01 03:00:00,8.71,0.8,0.3,9.810000000000002
2023-10-01 03:15:00,9.05,1.4725,0.495,11.0175
2023-10-01 03:30:00,9.39,2.1450000000000005,0.69,12.225
2023-10-01 03:45:00,9.73,2.8175,0.885,13.4325
2023-10-01 04:00:00,10.07,3.49,1.08,14.64
2023-10-01 04:15:00,11.425,2.9675,1.7325,16.125
2023-10-01 04:30:00,12.78,2.4450000000000003,2.385,17.61
2023-10-01 04:45:00,14.135,1.9225,3.0375,19.095
2023-10-01 05:00:00,15.49,1.4,3.69,20.58
2023-10-01 05:15:00,16.5875,2.0325,3.4625,22.0825
2023-10-01 05:30:00,17.685,2.665,3.235,23.585
2023-10-01 05:45:00,18.7825,3.2975000000000003,3.0075,25.0875
2023-10-01 06:00:00,19.88,3.93,2.78,26.59
2023-10-01 06:15:00,20.6075,3.39,2.27,26.2675
2023-10-01 06:30:00,21.335,2.85,1.7599999999999998,25.945
2023-10-01 06:45:00,22.0625,2.31,1.2499999999999998,25.6225
2023-10-01 07:00:00,22.79,1.77,0.74,25.3
2023-10-01 07:15:00,21.6975,4.4675,2.5475,28.7125
2023-10-01 07:30:00,20.605,7.165000000000001,4.355,32.125
2023-10-01 07:45:00,19.512500000000003,9.8625,6.1625,35.5375
2023-10-01 08:00:00,18.42,12.56,7.97,38.95
2023-10-01 08:15:00,17.4825,12.68,7.1075,37.27
2023-10-01 08:30:00,16.545,12.8,6.244999999999999,35.59
2023-10-01 08:45:00,15.6075,12.92,5.382499999999999,33.91
2023-10-01 09:00:00,14.67,13.04,4.52,32.230000000000004
2023-10-01 09:15:00,13.8925,13.2525,4.7825,31.9275
2023-10-01 09:30:00,13.115,13.465,5.045,31.625
2023-10-01 09:45:00,12.3375,13.6775,5.3075,31.3225
2023-10-01 10:00:00,11.56,13.89,5.57,31.020000000000003
2023-10-01 10:15:00,10.3525,14.275,5.58,30.207500000000003
2023-10-01 10:30:00,9.145,14.66,5.59,29.395
2023-10-01 10:45:00,7.9375,15.045,5.6000000000000005,28.582500000000003
2023-10-01 11:00:00,6.73,15.43,5.61,27.77
2023-10-01 11:15:00,7.045,15.2225,5.202500000000001,27.47
2023-10-01 11:30:00,7.36,15.015,4.795,27.17
2023-10-01 11:45:00,7.675000000000001,14.8075,4.3875,26.87
2023-10-01 12:00:00,7.99,14.6,3.98,26.57
2023-10-01 12:15:00,7.8475,13.81,4.3175,25.975
2023-10-01 12:30:00,7.705,13.02,4.655,25.380000000000003
2023-10-01 12:45:00,7.5625,12.23,4.9925,24.785
2023-10-01 13:00:00,7.42,11.44,5.33,24.19
2023-10-01 13:15:00,7.46,10.4875,5.4,23.3475
2023-10-01 13:30:00,7.5,9.535,5.470000000000001,22.505000000000003
2023-10-01 13:45:00,7.54,8.5825,5.54,21.6625
2023-10-01 14:00:00,7.58,7.63,5.61,20.82
2023-10-01 14:15:00,7.5825,8.0475,5.51,21.14
2023-10-01 14:30:00,7.585,8.465,5.41,21.46
2023-10-01 14:45:00,7.5875,8.8825,5.3100000000000005,21.78
2023-10-01 15:00:00,7.59,9.3,5.21,22.1
2023-10-01 15:15:00,8.3525,9.3175,5.6525,23.3225
2023-10-01 15:30:00,9.115,9.335,6.095000000000001,24.545
2023-10-01 15:45:00,9.8775,9.3525,6.5375000000000005,25.7675
2023-10-01 16:00:00,10.64,9.37,6.98,26.99
2023-10-01 16:15:00,11.8825,10.3975,5.640000000000001,27.92
2023-10-01 16:30:00,13.125,11.425,4.300000000000001,28.85
2023-10-01 16:45:00,14.3675,12.4525,2.96,29.78
2023-10-01 17:00:00,15.61,13.48,1.62,30.71
2023-10-01 17:15:00,17.405,14.1925,1.29,32.8875
2023-10-01 17:30:00,19.2,14.905,0.96,35.065
2023-10-01 17:45:00,20.995,15.6175,0.6300000000000001,37.2425
2023-10-01 18:00:00,22.79,16.33,0.3,39.42
2023-10-01 18:15:00,24.6125,13.0125,0.7625,38.3875
2023-10-01 18:30:00,26.435,9.695,1.225,37.355
2023-10-01 18:45:00,28.2575,6.3775,1.6875,36.3225
2023-10-01 19:00:00,30.08,3.06,2.15,35.29
2023-10-01 19:15:00,30.1075,2.6075,2.2725,34.9875
2023-10-01 19:30:00,30.135,2.155,2.395,34.685
2023-10-01 19:45:00,30.1625,1.7025,2.5175,34.3825
2023-10-01 20:00:00,30.19,1.25,2.64,34.08
2023-10-01 20:15:00,29.725,1.34,2.385,33.45
2023-10-01 20:30:00,29.26,1.4300000000000002,2.13,32.82
2023-10-01 20:45:00,28.795,1.52,1.875,32.19
2023-10-01 21:00:00,28.33,1.61,1.62,31.56
2023-10-01 21:15:00,26.5575,2.0425,1.29,29.89
2023-10-01 21:30:00,24.785,2.475,0.96,28.22
2023-10-01 21:45:00,23.0125,2.9075,0.6300000000000001,26.55
2023-10-01 22:00:00,21.24,3.34,0.3,24.88
2023-10-01 22:15:00,20.0775,2.68,0.3,23.0575
2023-10-01 22:30:00,18.915,2.02,0.3,21.235
2023-10-01 22:45:00,17.752499999999998,1.36,0.3,19.4125
2023-10-01 23:00:00,16.59,0.7,0.3,17.59
2023-10-01 23:15:00,14.9875,2.585,1.4825000000000002,19.055000000000003
2023-10-01 23:30:00,13.385,4.47,2.665,20.52
2023-10-01 23:45:00,11.7825,6.355,3.8475,21.985
2023-10-02 00:00:00,10.18,8.24,5.03,23.450000000000003
2023-10-02 00:15:00,9.15,8.8125,4.2425,22.205
2023-10-02 00:30:00,8.12,9.385,3.455,20.96
2023-10-02 00:45:00,7.09,9.9575,2.6675,19.715
2023-10-02 01:00:00,6.06,10.53,1.88,18.47
2023-10-02 01:15:00,6.06,9.8925,2.4025,18.355
2023-10-02 01:30:00,6.06,9.255,2.925,18.24
2023-10-02 01:45:00,6.06,8.6175,3.4475,18.125
2023-10-02 02:00:00,6.06,7.98,3.97,18.009999999999998
2023-10-02 02:15:00,6.335,6.765000000000001,3.4425,16.5425
2023-10-02 02:30:00,6.609999999999999,5.550000000000001,2.915,15.075
2023-10-02 02:45:00,6.885,4.335,2.3875,13.607499999999998
2023-10-02 03:00:00,7.16,3.12,1.86,12.14
2023-10-02 03:15:00,8.2875,3.835,2.355,14.4775
2023-10-02 03:30:00,9.415,4.550000000000001,2.85,16.815
2023-10-02 03:45:00,10.5425,5.265000000000001,3.345,19.1525
2023-10-02 04:00:00,11.67,5.98,3.84,21.49
2023-10-02 04:15:00,12.8575,6.625,4.05,23.5325
2023-10-02 04:30:00,14.045000000000002,7.27,4.26,25.575000000000003
2023-10-02 04:45:00,15.232500000000002,7.915000000000001,4.47,27.6175
2023-10-02 05:00:00,16.42,8.56,4.68,29.660000000000004
2023-10-02 05:15:00,16.900000000000002,8.0325,4.345,29.277500000000003
2023-10-02 05:30:00,17.380000000000003,7.505000000000001,4.01,28.895000000000003
2023-10-02 05:45:00,17.86,6.9775,3.675,28.5125
2023-10-02 06:00:00,18.34,6.45,3.34,28.13
2023-10-02 06:15:00,19.84,5.8975,4.3225,30.06
2023-10-02 06:30:00,21.34,5.345000000000001,5.305,31.99
2023-10-02 06:45:00,22.84,4.7925,6.2875,33.92
2023-10-02 07:00:00,24.34,4.24,7.27,35.849999999999994
2023-10-02 07:15:00,23.7725,16.07,15.1325,54.975
2023-10-02 07:30:00,23.205,27.9,22.995,74.1
2023-10-02 07:45:00,22.6375,39.73,30.8575,93.225
2023-10-02 08:00:00,22.07,51.56,38.72,112.35
2023-10-02 08:15:00,19.76,50.245000000000005,38.255,108.26
2023-10-02 08:30:00,17.45,48.93,37.79,104.17
2023-10-02 08:45:00,15.14,47.615,37.325,100.08
2023-10-02 09:00:00,12.83,46.3,36.86,95.99
2023-10-02 09:15:00,12.84,46.925,36.83,96.595
2023-10-02 09:30:00,12.85,47.55,36.8,97.2
2023-10-02 09:45:00,12.86,48.175,36.77,97.805
2023-10-02 10:00:00,12.87,48.8,36.74,98.41
2023-10-02 10:15:00,11.9175,49.195,36.8625,97.975
2023-10-02 10:30:00,10.965,49.59,36.985,97.54
2023-10-02 10:45:00,10.0125,49.985,37.1075,97.105
2023-10-02 11:00:00,9.06,50.38,37.23,96.67
2023-10-02 11:15:00,8.3125,50.8725,37.6775,96.8625
2023-10-02 11:30:00,7.565,51.365,38.125,97.055
2023-10-02 11:45:00,6.817500000000001,51.8575,38.572500000000005,97.2475
2023-10-02 12:00:00,6.07,52.35,39.02,97.44
2023-10-02 12:15:00,5.88,52.825,38.6575,97.3625
2023-10-02 12:30:00,5.69,53.3,38.295,97.285
2023-10-02 12:45:00,5.5,53.775,37.932500000000005,97.2075
2023-10-02 13:00:00,5.31,54.25,37.57,97.13
2023-10-02 13:15:00,5.025,54.0775,36.8775,95.98
2023-10-02 13:30:00,4.74,53.905,36.185,94.83
2023-10-02 13:45:00,4.455,53.7325,35.4925,93.68
2023-10-02 14:00:00,4.17,53.56,34.8,92.53
2023-10-02 14:15:00,4.3575,52.587500000000006,36.15,93.095
2023-10-02 14:30:00,4.545,51.615,37.5,93.66
2023-10-02 14:45:00,4.7325,50.6425,38.85,94.225
2023-10-02 15:00:00,4.92,49.67,40.2,94.79
2023-10-02 15:15:00,6.1475,49.615,40.395,96.1575
2023-10-02 15:30:00,7.375,49.56,40.59,97.525
2023-10-02 15:45:00,8.6025,49.505,40.785,98.8925
2023-10-02 16:00:00,9.83,49.45,40.98,100.26
2023-10-02 16:15:00,11.5125,49.0975,30.905,91.515
2023-10-02 16:30:00,13.195,48.745000000000005,20.83,82.77000000000001
2023-10-02 16:45:00,14.8775,48.3925,10.755,74.02499999999999
2023-10-02 17:00:00,16.56,48.04,0.68,65.28
2023-10-02 17:15:00,18.35,49.3625,1.495,69.2075
2023-10-02 17:30:00,20.14,50.685,2.31,73.135
2023-10-02 17:45:00,21.93,52.0075,3.125,77.0625
2023-10-02 18:00:00,23.72,53.33,3.94,80.99
2023-10-02 18:15:00,24.4825,41.425,4.3825,70.28999999999999
2023-10-02 18:30:00,25.245,29.52,4.825,59.59
2023-10-02 18:45:00,26.0075,17.615000000000002,5.2675,48.89
2023-10-02 19:00:00,26.77,5.71,5.71,38.19
2023-10-02 19:15:00,26.9925,6.4425,6.1975,39.6325
2023-10-02 19:30:00,27.215,7.175000000000001,6.6850000000000005,41.075
2023-10-02 19:45:00,27.4375,7.907500000000001,7.1725,42.5175
2023-10-02 20:00:00,27.66,8.64,7.66,43.96
2023-10-02 20:15:00,27.51,8.4625,6.5725,42.545
2023-10-02 20:30:00,27.36,8.285,5.485,41.13
2023-10-02 20:45:00,27.21,8.1075,4.397500000000001,39.715
2023-10-02 21:00:00,27.06,7.93,3.31,38.3
2023-10-02 21:15:00,26.085,8.059999999999999,3.41,37.55499999999999
2023-10-02 21:30:00,25.11,8.19,3.51,36.81
2023-10-02 21:45:00,24.135,8.32,3.61,36.065
2023-10-02 22:00:00,23.16,8.45,3.71,35.32
2023-10-02 22:15:00,21.1975,7.895,3.4275,32.52
2023-10-02 22:30:00,19.235,7.34,3.145,29.72
2023-10-02 22:45:00,17.2725,6.785,2.8625,26.92
2023-10-02 23:00:00,15.31,6.23,2.58,24.12
2023-10-02 23:15:00,12.9225,6.075,3.6975,22.695
2023-10-02 23:30:00,10.535,5.92,4.815,21.27
2023-10-02 23:45:00,8.1475,5.765000000000001,5.9325,19.845
2023-10-03 00:00:00,5.76,5.61,7.05,18.42
2023-10-03 00:15:00,5.7925,5.6625000000000005,6.285,17.740000000000002
2023-10-03 00:30:00,5.824999999999999,5.715,5.52,17.06
2023-10-03 00:45:00,5.8575,5.7675,4.755,16.38
2023-10-03 01:00:00,5.89,5.82,3.99,15.7
2023-10-03 01:15:00,6.32,5.135,3.8,15.255
2023-10-03 01:30:00,6.75,4.45,3.61,14.81
2023-10-03 01:45:00,7.18,3.765,3.42,14.365
2023-10-03 02:00:00,7.61,3.08,3.23,13.920000000000002
2023-10-03 02:15:00,8.1925,4.7175,3.9775,16.8875
2023-10-03 02:30:00,8.775,6.355,4.725,19.855
2023-10-03 02:45:00,9.3575,7.992500000000001,5.4725,22.8225
2023-10-03 03:00:00,9.94,9.63,6.22,25.79
2023-10-03 03:15:00,10.43,8.200000000000001,5.505,24.135
2023-10-03 03:30:00,10.92,6.7700000000000005,4.79,22.48
2023-10-03 03:45:00,11.41,5.34,4.074999999999999,20.825
2023-10-03 04:00:00,11.9,3.91,3.36,19.17
2023-10-03 04:15:00,13.23,5.325,2.595,21.15
2023-10-03 04:30:00,14.56,6.74,1.83,23.129999999999995
2023-10-03 04:45:00,15.89,8.155000000000001,1.065,25.110000000000003
2023-10-03 05:00:00,17.22,9.57,0.3,27.09
2023-10-03 05:15:00,18.73,8.63,1.515,28.875
2023-10-03 05:30:00,20.24,7.689999999999999,2.73,30.66
2023-10-03 05:45:00,21.75,6.75,3.945,32.445
2023-10-03 06:00:00,23.26,5.81,5.16,34.230000000000004
2023-10-03 06:15:00,22.985,6.0975,4.155,33.2375
2023-10-03 06:30:00,22.71,6.385,3.15,32.245
2023-10-03 06:45:00,22.435,6.672499999999999,2.145,31.2525
2023-10-03 07:00:00,22.16,6.96,1.14,30.26
2023-10-03 07:15:00,21.18,17.8425,10.3175,49.34
2023-10-03 07:30:00,20.2,28.725,19.495,68.42
2023-10-03 07:45:00,19.22,39.6075,28.6725,87.5
2023-10-03 08:00:00,18.24,50.49,37.85,106.58
2023-10-03 08:15:00,17.5675,50.885000000000005,37.6275,106.08
2023-10-03 08:30:00,16.895,51.28,37.405,105.58
2023-10-03 08:45:00,16.2225,51.675,37.182500000000005,105.08
2023-10-03 09:00:00,15.55,52.07,36.96,104.58
2023-10-03 09:15:00,15.6675,50.7925,37.4225,103.8825
2023-10-03 09:30:00,15.785,49.515,37.885000000000005,103.185
2023-10-03 09:45:00,15.9025,48.2375,38.3475,102.4875
2023-10-03 10:00:00,16.02,46.96,38.81,101.79
2023-10-03 10:15:00,14.9475,49.1175,38.6375,102.7025
2023-10-03 10:30:00,13.875,51.275000000000006,38.465,103.615
2023-10-03 10:45:00,12.8025,53.432500000000005,38.2925,104.5275
2023-10-03 11:00:00,11.73,55.59,38.12,105.44
2023-10-03 11:15:00,10.5225,54.97,38.075,103.5675
2023-10-03 11:30:00,9.315,54.35,38.03,101.695
2023-10-03 11:45:00,8.1075,53.73,37.985,99.8225
2023-10-03 12:00:00,6.9,53.11,37.94,97.95
2023-10-03 12:15:00,6.6525,52.155,37.395,96.2025
2023-10-03 12:30:00,6.405,51.2,36.85,94.455
2023-10-03 12:45:00,6.157500000000001,50.245,36.305,92.7075
2023-10-03 13:00:00,5.91,49.29,35.76,90.96
2023-10-03 13:15:00,5.8,49.93,36.915,92.645
2023-10-03 13:30:00,5.69,50.57,38.07,94.33
2023-10-03 13:45:00,5.58,51.21,39.225,96.015
2023-10-03 14:00:00,5.47,51.85,40.38,97.7
2023-10-03 14:15:00,6.5425,51.620000000000005,40.1725,98.335
2023-10-03 14:30:00,7.615,51.39,39.965,98.97
2023-10-03 14:45:00,8.6875,51.16,39.7575,99.605
2023-10-03 15:00:00,9.76,50.93,39.55,100.24
2023-10-03 15:15:00,10.405,49.8125,38.9225,99.14
2023-10-03 15:30:00,11.05,48.695,38.295,98.04
2023-10-03 15:45:00,11.695,47.5775,37.6675,96.94
2023-10-03 16:00:00,12.34,46.46,37.04,95.84
2023-10-03 16:15:00,12.7725,46.7525,28.7775,88.3025
2023-10-03 16:30:00,13.205,47.045,20.515,80.765
2023-10-03 16:45:00,13.6375,47.337500000000006,12.2525,73.2275
2023-10-03 17:00:00,14.07,47.63,3.99,65.69
2023-10-03 17:15:00,16.855,47.985,3.0825,67.9225
2023-10-03 17:30:00,19.64,48.34,2.175,70.155
2023-10-03 17:45:00,22.425,48.695,1.2675,72.3875
2023-10-03 18:00:00,25.21,49.05,0.36,74.61999999999999
2023-10-03 18:15:00,25.98,38.905,1.1225,66.00750000000001
2023-10-03 18:30:00,26.75,28.76,1.885,57.395
2023-10-03 18:45:00,27.52,18.615,2.6475,48.7825
2023-10-03 19:00:00,28.29,8.47,3.41,40.17
2023-10-03 19:15:00,28.79,7.4675,2.6125000000000003,38.87
2023-10-03 19:30:00,29.29,6.465,1.815,37.56999999999999
2023-10-03 19:45:00,29.79,5.4625,1.0175,36.27
2023-10-03 20:00:00,30.29,4.46,0.22,34.97
2023-10-03 20:15:00,28.8475,4.26,0.5525,33.660000000000004
2023-10-03 20:30:00,27.405,4.0600000000000005,0.885,32.35
2023-10-03 20:45:00,25.9625,3.86,1.2175,31.04
2023-10-03 21:00:00,24.52,3.66,1.55,29.73
2023-10-03 21:15:00,24.2525,3.77,1.2375,29.26
2023-10-03 21:30:00,23.985,3.88,0.925,28.79
2023-10-03 21:45:00,23.7175,3.99,0.6125,28.32
2023-10-03 22:00:00,23.45,4.1,0.3,27.85
2023-10-03 22:15:00,21.5675,5.77,1.135,28.4725
2023-10-03 22:30:00,19.685,7.439999999999999,1.97,29.095
2023-10-03 22:45:00,17.802500000000002,9.11,2.805,29.7175
2023-10-03 23:00:00,15.92,10.78,3.64,30.34
2023-10-03 23:15:00,13.2425,10.16,3.375,26.7775
2023-10-03 23:30:00,10.565,9.54,3.1100000000000003,23.215
2023-10-03 23:45:00,7.887499999999999,8.92,2.845,19.6525
2023-10-04 00:00:00,5.21,8.3,2.58,16.090000000000003
2023-10-04 00:15:00,5.9825,7.640000000000001,2.6575,16.28
2023-10-04 00:30:00,6.755000000000001,6.98,2.7350000000000003,16.470000000000002
2023-10-04 00:45:00,7.527500000000001,6.32,2.8125,16.66
2023-10-04 01:00:00,8.3,5.66,2.89,16.85
2023-10-04 01:15:00,7.935,5.4325,2.6925,16.06
2023-10-04 01:30:00,7.57,5.205,2.495,15.27
2023-10-04 01:45:00,7.205,4.9775,2.2975000000000003,14.48
2023-10-04 02:00:00,6.84,4.75,2.1,13.69
2023-10-04 02:15:00,6.9625,5.555,1.965,14.4825
2023-10-04 02:30:00,7.085,6.359999999999999,1.83,15.275
2023-10-04 02:45:00,7.2075,7.165,1.695,16.0675
2023-10-04 03:00:00,7.33,7.97,1.56,16.86
2023-10-04 03:15:00,9.23,7.4325,1.605,18.2675
2023-10-04 03:30:00,11.13,6.895,1.65,19.675
2023-10-04 03:45:00,13.03,6.3575,1.695,21.0825
2023-10-04 04:00:00,14.93,5.82,1.74,22.49
2023-10-04 04:15:00,14.84,5.585,2.5525,22.9775
2023-10-04 04:30:00,14.75,5.35,3.365,23.465000000000003
2023-10-04 04:45:00,14.66,5.115,4.1775,23.9525
2023-10-04 05:00:00,14.57,4.88,4.99,24.44
2023-10-04 05:15:00,16.4575,5.047499999999999,4.455,25.96
2023-10-04 05:30:00,18.345,5.215,3.92,27.48
2023-10-04 05:45:00,20.2325,5.3825,3.385,29.000000000000004
2023-10-04 06:00:00,22.12,5.55,2.85,30.520000000000003
2023-10-04 06:15:00,23.065,6.6675,2.625,32.3575
2023-10-04 06:30:00,24.01,7.785,2.4,34.195
2023-10-04 06:45:00,24.955,8.9025,2.175,36.0325
2023-10-04 07:00:00,25.9,10.02,1.95,37.870000000000005
2023-10-04 07:15:00,24.61,20.1525,9.6375,54.400000000000006
2023-10-04 07:30:00,23.32,30.285,17.325000000000003,70.93
2023-10-04 07:45:00,22.03,40.4175,25.012500000000003,87.46000000000001
2023-10-04 08:00:00,20.74,50.55,32.7,103.99
2023-10-04 08:15:00,19.38,50.25,34.0625,103.6925
2023-10-04 08:30:00,18.02,49.95,35.425,103.395
2023-10-04 08:45:00,16.66,49.65,36.7875,103.0975
2023-10-04 09:00:00,15.3,49.35,38.15,102.8
2023-10-04 09:15:00,14.275,49.822500000000005,37.975,102.07250000000002
2023-10-04 09:30:00,13.25,50.295,37.8,101.345
2023-10-04 09:45:00,12.225,50.7675,37.625,100.6175
2023-10-04 10:00:00,11.2,51.24,37.45,99.89
2023-10-04 10:15:00,10.775,51.63,37.425,99.83
2023-10-04 10:30:00,10.35,52.02,37.400000000000006,99.77
2023-10-04 10:45:00,9.925,52.41,37.375,99.71
2023-10-04 11:00:00,9.5,52.8,37.35,99.65
2023-10-04 11:15:00,8.567499999999999,51.7525,38.2675,98.5875
2023-10-04 11:30:00,7.635,50.705,39.185,97.525
2023-10-04 11:45:00,6.7025,49.6575,40.102500000000006,96.4625
2023-10-04 12:00:00,5.77,48.61,41.02,95.4
2023-10-04 12:15:00,6.279999999999999,49.8525,39.845,95.9775
2023-10-04 12:30:00,6.789999999999999,51.095,38.67,96.555
2023-10-04 12:45:00,7.3,52.3375,37.495000000000005,97.1325
2023-10-04 13:00:00,7.81,53.58,36.32,97.71
2023-10-04 13:15:00,8.2525,52.025,36.765,97.0425
2023-10-04 13:30:00,8.695,50.47,37.21,96.375
2023-10-04 13:45:00,9.1375,48.915,37.655,95.7075
2023-10-04 14:00:00,9.58,47.36,38.1,95.04
2023-10-04 14:15:00,10.04,48.1025,37.765,95.9075
2023-10-04 14:30:00,10.5,48.845,37.43,96.775
2023-10-04 14:45:00,10.96,49.5875,37.095,97.6425
2023-10-04 15:00:00,11.42,50.33,36.76,98.51
2023-10-04 15:15:00,11.3325,51.245,36.5025,99.08
2023-10-04 15:30:00,11.245,52.16,36.245,99.65
2023-10-04 15:45:00,11.1575,53.075,35.9875,100.22
2023-10-04 16:00:00,11.07,53.99,35.73,100.79
2023-10-04 16:15:00,12.0775,53.015,27.08,92.1725
2023-10-04 16:30:00,13.085,52.040000000000006,18.43,83.555
2023-10-04 16:45:00,14.0925,51.065000000000005,9.78,74.9375
2023-10-04 17:00:00,15.1,50.09,1.13,66.32
2023-10-04 17:15:00,16.985,49.45,1.18,67.61500000000001
2023-10-04 17:30:00,18.87,48.81,1.23,68.91000000000001
2023-10-04 17:45:00,20.755000000000003,48.17,1.28,70.20500000000001
2023-10-04 18:00:00,22.64,47.53,1.33,71.5
2023-10-04 18:15:00,24.1275,38.0375,1.0725,63.2375
2023-10-04 18:30:00,25.615,28.545,0.8150000000000001,54.975
2023-10-04 18:45:00,27.1025,19.0525,0.5575000000000001,46.7125
2023-10-04 19:00:00,28.59,9.56,0.3,38.45
2023-10-04 19:15:00,28.7425,8.785,0.975,38.502500000000005
2023-10-04 19:30:00,28.895,8.01,1.65,38.555
2023-10-04 19:45:00,29.0475,7.235,2.325,38.6075
2023-10-04 20:00:00,29.2,6.46,3.0,38.66
2023-10-04 20:15:00,29.1525,6.57,3.945,39.6675
2023-10-04 20:30:00,29.105,6.68,4.890000000000001,40.675
2023-10-04 20:45:00,29.0575,6.79,5.835,41.682500000000005
2023-10-04 21:00:00,29.01,6.9,6.78,42.690000000000005
2023-10-04 21:15:00,27.2925,6.692500000000001,6.35,40.335
2023-10-04 21:30:00,25.575000000000003,6.485,5.92,37.98
2023-10-04 21:45:00,23.8575,6.2775,5.49,35.625
2023-10-04 22:00:00,22.14,6.07,5.06,33.27
2023-10-04 22:15:00,20.4,5.87,4.555,30.825
2023-10-04 22:30:00,18.66,5.67,4.05,28.38
2023-10-04 22:45:00,16.92,5.47,3.545,25.935
2023-10-04 23:00:00,15.18,5.27,3.04,23.49
2023-10-04 23:15:00,12.95,4.984999999999999,3.055,20.99
2023-10-04 23:30:00,10.72,4.699999999999999,3.0700000000000003,18.49
2023-10-04 23:45:00,8.49,4.415,3.085,15.990000000000002
2023-10-05 00:00:00,6.26,4.13,3.1,13.49
2023-10-05 00:15:00,6.8025,5.3525,2.64,14.795000000000002
2023-10-05 00:30:00,7.345,6.574999999999999,2.18,16.099999999999998
2023-10-05 00:45:00,7.887499999999999,7.797499999999999,1.72,17.404999999999998
2023-10-05 01:00:00,8.43,9.02,1.26,18.71
2023-10-05 01:15:00,8.3125,9.8325,1.425,19.57
2023-10-05 01:30:00,8.195,10.645,1.59,20.43
2023-10-05 01:45:00,8.0775,11.4575,1.755,21.29
2023-10-05 02:00:00,7.96,12.27,1.92,22.15
2023-10-05 02:15:00,9.0075,11.745,2.2575,23.01
2023-10-05 02:30:00,10.055,11.22,2.595,23.87
2023-10-05 02:45:00,11.1025,10.695,2.9325,24.73
2023-10-05 03:00:00,12.15,10.17,3.27,25.59
2023-10-05 03:15:00,12.5375,9.93,2.61,25.0775
2023-10-05 03:30:00,12.925,9.69,1.95,24.565
2023-10-05 03:45:00,13.3125,9.45,1.29,24.0525
2023-10-05 04:00:00,13.7,9.21,0.63,23.54
2023-10-05 04:15:00,13.96,8.585,1.8675,24.4125
2023-10-05 04:30:00,14.22,7.960000000000001,3.105,25.285
2023-10-05 04:45:00,14.48,7.335,4.3425,26.1575
2023-10-05 05:00:00,14.74,6.71,5.58,27.03
2023-10-05 05:15:00,16.63,5.7075,5.0825,27.42
2023-10-05 05:30:00,18.52,4.705,4.585,27.81
2023-10-05 05:45:00,20.41,3.7025,4.0875,28.200000000000003
2023-10-05 06:00:00,22.3,2.7,3.59,28.59
2023-10-05 06:15:00,22.3925,2.645,3.2525,28.290000000000003
2023-10-05 06:30:00,22.485,2.59,2.915,27.99
2023-10-05 06:45:00,22.5775,2.535,2.5775,27.69
2023-10-05 07:00:00,22.67,2.48,2.24,27.39
2023-10-05 07:15:00,22.082500000000003,14.4775,11.4375,47.9975
2023-10-05 07:30:00,21.495,26.475,20.635,68.60499999999999
2023-10-05 07:45:00,20.9075,38.4725,29.832500000000003,89.2125
2023-10-05 08:00:00,20.32,50.47,39.03,109.82
2023-10-05 08:15:00,19.7375,49.0225,38.8425,107.6025
2023-10-05 08:30:00,19.155,47.575,38.655,105.385
2023-10-05 08:45:00,18.5725,46.1275,38.4675,103.1675
2023-10-05 09:00:00,17.99,44.68,38.28,100.95
2023-10-05 09:15:00,16.0825,45.5975,38.3525,100.0325
2023-10-05 09:30:00,14.175,46.515,38.425,99.115
2023-10-05 09:45:00,12.267499999999998,47.432500000000005,38.4975,98.1975
2023-10-05 10:00:00,10.36,48.35,38.57,97.28
2023-10-05 10:15:00,9.8325,48.0075,38.44,96.28
2023-10-05 10:30:00,9.305,47.665,38.31,95.28
2023-10-05 10:45:00,8.7775,47.3225,38.18,94.28
2023-10-05 11:00:00,8.25,46.98,38.05,93.28
2023-10-05 11:15:00,7.745,47.5975,37.865,93.20749999999998
2023-10-05 11:30:00,7.24,48.215,37.68,93.135
2023-10-05 11:45:00,6.735,48.8325,37.495000000000005,93.0625
2023-10-05 12:00:00,6.23,49.45,37.31,92.99
2023-10-05 12:15:00,6.1375,49.2025,36.88,92.22
2023-10-05 12:30:00,6.045,48.955,36.45,91.45
2023-10-05 12:45:00,5.952500000000001,48.7075,36.02,90.68
2023-10-05 13:00:00,5.86,48.46,35.59,89.91
2023-10-05 13:15:00,5.612500000000001,48.4275,35.190000000000005,89.23000000000002
2023-10-05 13:30:00,5.365,48.395,34.790000000000006,88.55000000000001
2023-10-05 13:45:00,5.1175,48.3625,34.39,87.87
2023-10-05 14:00:00,4.87,48.33,33.99,87.19
2023-10-05 14:15:00,5.585,49.6775,34.7275,89.99
2023-10-05 14:30:00,6.300000000000001,51.025,35.465,92.79
2023-10-05 14:45:00,7.015000000000001,52.3725,36.2025,95.59
2023-10-05 15:00:00,7.73,53.72,36.94,98.39
2023-10-05 15:15:00,7.93,51.705,37.0375,96.6725
2023-10-05 15:30:00,8.129999999999999,49.69,37.135,94.95499999999998
2023-10-05 15:45:00,8.33,47.675,37.2325,93.2375
2023-10-05 16:00:00,8.53,45.66,37.33,91.52
2023-10-05 16:15:00,10.0575,46.94499999999999,28.6875,85.69
2023-10-05 16:30:00,11.585,48.23,20.045,79.86
2023-10-05 16:45:00,13.1125,49.515,11.402499999999996,74.03
2023-10-05 17:00:00,14.64,50.8,2.76,68.2
2023-10-05 17:15:00,15.9525,49.9575,2.71,68.61999999999999
2023-10-05 17:30:00,17.265,49.115,2.66,69.03999999999999
2023-10-05 17:45:00,18.5775,48.2725,2.61,69.46
2023-10-05 18:00:00,19.89,47.43,2.56,69.88
2023-10-05 18:15:00,21.66,37.6675,1.995,61.3225
2023-10-05 18:30:00,23.43,27.905,1.43,52.765
2023-10-05 18:45:00,25.2,18.1425,0.8649999999999998,44.2075
2023-10-05 19:00:00,26.97,8.38,0.3,35.65
2023-10-05 19:15:00,27.5525,6.865,0.7825,35.2
2023-10-05 19:30:00,28.135,5.3500000000000005,1.265,34.75
2023-10-05 19:45:00,28.7175,3.835000000000001,1.7475,34.300000000000004
2023-10-05 20:00:00,29.3,2.32,2.23,33.85
2023-10-05 20:15:00,28.315,3.64,2.6575,34.612500000000004
2023-10-05 20:30:00,27.33,4.959999999999999,3.085,35.375
2023-10-05 20:45:00,26.345,6.279999999999999,3.5125,36.1375
2023-10-05 21:00:00,25.36,7.6,3.94,36.9
2023-10-05 21:15:00,24.545,6.547499999999999,3.755,34.847500000000004
2023-10-05 21:30:00,23.73,5.495,3.5700000000000003,32.795
2023-10-05 21:45:00,22.915,4.442500000000001,3.385,30.742500000000003
2023-10-05 22:00:00,22.1,3.39,3.2,28.69
2023-10-05 22:15:00,20.925,4.4575,4.3575,29.74
2023-10-05 22:30:00,19.75,5.525,5.515000000000001,30.79
2023-10-05 22:45:00,18.575,6.592499999999999,6.6725,31.84
2023-10-05 23:00:00,17.4,7.66,7.83,32.89
2023-10-05 23:15:00,14.63,5.77,6.9575,27.3575
2023-10-05 23:30:00,11.86,3.88,6.085,21.825
2023-10-05 23:45:00,9.09,1.99,5.2125,16.2925
2023-10-06 00:00:00,6.32,0.1,4.34,10.76
2023-10-06 00:15:00,6.5225,2.3600000000000003,3.97,12.8525
2023-10-06 00:30:00,6.725,4.62,3.6,14.945
2023-10-06 00:45:00,6.9275,6.880000000000001,3.23,17.0375
2023-10-06 01:00:00,7.13,9.14,2.86,19.13
2023-10-06 01:15:00,7.645,9.485,3.27,20.4
2023-10-06 01:30:00,8.16,9.83,3.68,21.67
2023-10-06 01:45:00,8.674999999999999,10.175,4.09,22.94
2023-10-06 02:00:00,9.19,10.52,4.5,24.21
2023-10-06 02:15:00,9.0,9.6025,4.245,22.8475
2023-10-06 02:30:00,8.809999999999999,8.684999999999999,3.99,21.485
2023-10-06 02:45:00,8.62,7.7675,3.735,20.1225
2023-10-06 03:00:00,8.43,6.85,3.48,18.76
2023-10-06 03:15:00,8.782499999999999,6.77,3.63,19.1825
2023-10-06 03:30:00,9.135,6.69,3.78,19.605
2023-10-06 03:45:00,9.4875,6.61,3.93,20.0275
2023-10-06 04:00:00,9.84,6.53,4.08,20.450000000000003
2023-10-06 04:15:00,12.2275,6.97,3.2275,22.425
2023-10-06 04:30:00,14.615,7.41,2.375,24.4
2023-10-06 04:45:00,17.0025,7.85,1.5225,26.375
2023-10-06 05:00:00,19.39,8.29,0.67,28.35
2023-10-06 05:15:00,19.5825,8.125,1.5525000000000002,29.26
2023-10-06 05:30:00,19.775,7.959999999999999,2.435,30.17
2023-10-06 05:45:00,19.9675,7.795,3.3175,31.08
2023-10-06 06:00:00,20.16,7.63,4.2,31.99
2023-10-06 06:15:00,21.3225,8.07,4.79,34.1825
2023-10-06 06:30:00,22.485,8.51,5.38,36.375
2023-10-06 06:45:00,23.6475,8.950000000000001,5.97,38.5675
2023-10-06 07:00:00,24.81,9.39,6.56,40.760000000000005
2023-10-06 07:15:00,24.2,20.4275,14.0775,58.705
2023-10-06 07:30:00,23.59,31.465,21.595,76.65
2023-10-06 07:45:00,22.98,42.5025,29.1125,94.595
2023-10-06 08:00:00,22.37,53.54,36.63,112.54
2023-10-06 08:15:00,21.0875,52.31,36.3925,109.79
2023-10-06 08:30:00,19.805,51.08,36.155,107.04
2023-10-06 08:45:00,18.5225,49.85,35.917500000000004,104.29
2023-10-06 09:00:00,17.24,48.62,35.68,101.54
2023-10-06 09:15:00,16.209999999999997,49.42,36.33,101.96
2023-10-06 09:30:00,15.18,50.22,36.98,102.38
2023-10-06 09:45:00,14.15,51.02,37.63,102.79999999999998
2023-10-06 10:00:00,13.12,51.82,38.28,103.22
2023-10-06 10:15:00,11.7675,50.2825,37.61,99.66
2023-10-06 10:30:00,10.415,48.745000000000005,36.94,96.1
2023-10-06 10:45:00,9.0625,47.2075,36.27,92.54
2023-10-06 11:00:00,7.71,45.67,35.6,88.98
2023-10-06 11:15:00,7.67,46.895,35.85,90.415
2023-10-06 11:30:00,7.63,48.120000000000005,36.1,91.85
2023-10-06 11:45:00,7.59,49.345,36.35,93.285
2023-10-06 12:00:00,7.55,50.57,36.6,94.72
2023-10-06 12:15:00,7.55,50.6525,37.185,95.3875
2023-10-06 12:30:00,7.55,50.735,37.77,96.055
2023-10-06 12:45:00,7.55,50.8175,38.355,96.7225
2023-10-06 13:00:00,7.55,50.9,38.94,97.39
2023-10-06 13:15:00,7.245,49.83,39.8875,96.9625
2023-10-06 13:30:00,6.94,48.76,40.835,96.535
2023-10-06 13:45:00,6.635,47.69,41.7825,96.1075
2023-10-06 14:00:00,6.33,46.62,42.73,95.68
2023-10-06 14:15:00,7.3525,47.045,41.3725,95.77
2023-10-06 14:30:00,8.375,47.47,40.015,95.86
2023-10-06 14:45:00,9.3975,47.895,38.6575,95.95
2023-10-06 15:00:00,10.42,48.32,37.3,96.04
2023-10-06 15:15:00,10.6975,48.0125,37.375,96.085
2023-10-06 15:30:00,10.975,47.705,37.45,96.13
2023-10-06 15:45:00,11.2525,47.3975,37.525,96.175
2023-10-06 16:00:00,11.53,47.09,37.6,96.22
2023-10-06 16:15:00,11.91,48.455,28.8825,89.2475
2023-10-06 16:30:00,12.29,49.82,20.165,82.275
2023-10-06 16:45:00,12.67,51.185,11.447499999999998,75.30250000000001
2023-10-06 17:00:00,13.05,52.55,2.73,68.33
2023-10-06 17:15:00,15.15,51.87,2.1225,69.1425
2023-10-06 17:30:00,17.25,51.19,1.515,69.955
2023-10-06 17:45:00,19.35,50.51,0.9074999999999998,70.7675
2023-10-06 18:00:00,21.45,49.83,0.3,71.58
2023-10-06 18:15:00,22.53,39.1975,1.015,62.7425
2023-10-06 18:30:00,23.61,28.565,1.7300000000000002,53.905
2023-10-06 18:45:00,24.69,17.932499999999997,2.4450000000000003,45.0675
2023-10-06 19:00:00,25.77,7.3,3.16,36.23
2023-10-06 19:15:00,26.7375,7.1025,2.9475,36.7875
2023-10-06 19:30:00,27.705,6.904999999999999,2.7350000000000003,37.345
2023-10-06 19:45:00,28.6725,6.7075,2.5225,37.9025
2023-10-06 20:00:00,29.64,6.51,2.31,38.46
2023-10-06 20:15:00,29.6825,6.43,1.8075,37.92
2023-10-06 20:30:00,29.725,6.35,1.305,37.38
2023-10-06 20:45:00,29.7675,6.2700000000000005,0.8024999999999998,36.84
2023-10-06 21:00:00,29.81,6.19,0.3,36.3
2023-10-06 21:15:00,27.5525,5.945,1.0325,34.53
2023-10-06 21:30:00,25.295,5.7,1.765,32.76
2023-10-06 21:45:00,23.0375,5.455,2.4975,30.99
2023-10-06 22:00:00,20.78,5.21,3.23,29.22
2023-10-06 22:15:00,19.2825,5.4625,3.09,27.835
2023-10-06 22:30:00,17.785,5.715,2.95,26.45
2023-10-06 22:45:00,16.2875,5.967499999999999,2.81,25.065
2023-10-06 23:00:00,14.79,6.22,2.67,23.68
2023-10-06 23:15:00,12.34,5.775,2.0775,20.192500000000003
2023-10-06 23:30:00,9.89,5.33,1.485,16.705000000000002
2023-10-06 23:45:00,7.439999999999999,4.885,0.8924999999999998,13.2175
2023-10-07 00:00:00,4.99,4.44,0.3,9.73
2023-10-07 00:15:00,4.8225,3.5050000000000003,0.2675,8.595
2023-10-07 00:30:00,4.655,2.5700000000000003,0.235,7.460000000000001
2023-10-07 00:45:00,4.487500000000001,1.6350000000000002,0.2025,6.325
2023-10-07 01:00:00,4.32,0.7,0.17,5.19
2023-10-07 01:15:00,4.3500000000000005,0.83,0.9575,6.137500000000001
2023-10-07 01:30:00,4.380000000000001,0.96,1.745,7.085000000000001
2023-10-07 01:45:00,4.41,1.09,2.5325,8.032499999999999
2023-10-07 02:00:00,4.44,1.22,3.32,8.98
2023-10-07 02:15:00,5.202500000000001,2.08,3.1525,10.435
2023-10-07 02:30:00,5.965,2.9400000000000004,2.985,11.89
2023-10-07 02:45:00,6.7275,3.8,2.8175,13.345
2023-10-07 03:00:00,7.49,4.66,2.65,14.8
2023-10-07 03:15:00,8.5075,3.67,2.0475,14.225
2023-10-07 03:30:00,9.525,2.68,1.4449999999999998,13.65
2023-10-07 03:45:00,10.5425,1.6900000000000004,0.8424999999999998,13.075
2023-10-07 04:00:00,11.56,0.7,0.24,12.5
2023-10-07 04:15:00,12.615,1.03,0.255,13.9
2023-10-07 04:30:00,13.67,1.36,0.27,15.3
2023-10-07 04:45:00,14.725,1.69,0.285,16.7
2023-10-07 05:00:00,15.78,2.02,0.3,18.1
2023-10-07 05:15:00,16.565,1.7525,0.2724999999999999,18.590000000000003
2023-10-07 05:30:00,17.35,1.485,0.245,19.08
2023-10-07 05:45:00,18.135,1.2175,0.2175,19.570000000000004
2023-10-07 06:00:00,18.92,0.95,0.19,20.06
2023-10-07 06:15:00,19.905,1.175,0.35,21.430000000000003
2023-10-07 06:30:00,20.89,1.4,0.51,22.8
2023-10-07 06:45:00,21.875,1.625,0.6699999999999999,24.17
2023-10-07 07:00:00,22.86,1.85,0.83,25.54
2023-10-07 07:15:00,22.9625,4.7075,1.955,29.625
2023-10-07 07:30:00,23.065,7.564999999999999,3.08,33.709999999999994
2023-10-07 07:45:00,23.1675,10.4225,4.205,37.795
2023-10-07 08:00:00,23.27,13.28,5.33,41.88
2023-10-07 08:15:00,21.9375,13.3325,6.335,41.605
2023-10-07 08:30:00,20.605,13.385,7.34,41.33
2023-10-07 08:45:00,19.2725,13.4375,8.344999999999999,41.055
2023-10-07 09:00:00,17.94,13.49,9.35,40.78
2023-10-07 09:15:00,16.675,13.745,9.3425,39.7625
2023-10-07 09:30:00,15.41,14.0,9.335,38.745000000000005
2023-10-07 09:45:00,14.145,14.255,9.3275,37.7275
2023-10-07 10:00:00,12.88,14.51,9.32,36.71
2023-10-07 10:15:00,12.4675,14.61,7.907500000000001,34.985
2023-10-07 10:30:00,12.055,14.71,6.495,33.26
2023-10-07 10:45:00,11.6425,14.81,5.0825,31.535
2023-10-07 11:00:00,11.23,14.91,3.67,29.81
2023-10-07 11:15:00,10.0025,14.375,4.175,28.5525
2023-10-07 11:30:00,8.775,13.84,4.68,27.295
2023-10-07 11:45:00,7.5475,13.305,5.1850000000000005,26.0375
2023-10-07 12:00:00,6.32,12.77,5.69,24.78
2023-10-07 12:15:00,6.54,12.9675,6.242500000000001,25.75
2023-10-07 12:30:00,6.76,13.165,6.795,26.72
2023-10-07 12:45:00,6.98,13.3625,7.3475,27.69
2023-10-07 13:00:00,7.2,13.56,7.9,28.660000000000004
2023-10-07 13:15:00,6.827500000000001,13.435,6.8525,27.115
2023-10-07 13:30:00,6.455,13.31,5.805,25.57
2023-10-07 13:45:00,6.0825,13.185,4.7575,24.025
2023-10-07 14:00:00,5.71,13.06,3.71,22.48
2023-10-07 14:15:00,6.1925,12.585,3.545,22.3225
2023-10-07 14:30:00,6.675,12.11,3.38,22.165
2023-10-07 14:45:00,7.1575,11.635,3.215,22.0075
2023-10-07 15:00:00,7.64,11.16,3.05,21.85
2023-10-07 15:15:00,7.842499999999999,12.21,3.445,23.4975
2023-10-07 15:30:00,8.045,13.26,3.84,25.145
2023-10-07 15:45:00,8.247499999999999,14.31,4.234999999999999,26.7925
2023-10-07 16:00:00,8.45,15.36,4.63,28.44
2023-10-07 16:15:00,10.1425,14.8325,4.095,29.07
2023-10-07 16:30:00,11.835,14.305,3.56,29.7
2023-10-07 16:45:00,13.5275,13.7775,3.0250000000000004,30.33
2023-10-07 17:00:00,15.22,13.25,2.49,30.96
2023-10-07 17:15:00,16.892500000000002,13.23,1.9425,32.065000000000005
2023-10-07 17:30:00,18.565,13.21,1.395,33.17
2023-10-07 17:45:00,20.2375,13.19,0.8474999999999999,34.275
2023-10-07 18:00:00,21.91,13.17,0.3,35.379999999999995
2023-10-07 18:15:00,23.8425,11.435,0.3,35.5775
2023-10-07 18:30:00,25.775,9.7,0.3,35.77499999999999
2023-10-07 18:45:00,27.7075,7.965,0.3,35.9725
2023-10-07 19:00:00,29.64,6.23,0.3,36.17
2023-10-07 19:15:00,30.0,4.8475,0.3,35.147499999999994
2023-10-07 19:30:00,30.36,3.4650000000000003,0.3,34.125
2023-10-07 19:45:00,30.72,2.0825000000000005,0.3,33.1025
2023-10-07 20:00:00,31.08,0.7,0.3,32.08
2023-10-07 20:15:00,29.925,0.6675,0.5225,31.115
2023-10-07 20:30:00,28.77,0.635,0.7449999999999999,30.15
2023-10-07 20:45:00,27.615,0.6024999999999999,0.9675,29.185
2023-10-07 21:00:00,26.46,0.57,1.19,28.22
2023-10-07 21:15:00,25.135,0.5774999999999999,1.0125,26.725
2023-10-07 21:30:00,23.81,0.585,0.835,25.230000000000004
2023-10-07 21:45:00,22.485,0.5925,0.6575,23.735
2023-10-07 22:00:00,21.16,0.6,0.48,22.24
2023-10-07 22:15:00,20.37,0.625,1.0175,22.012500000000003
2023-10-07 22:30:00,19.58,0.6499999999999999,1.555,21.785
2023-10-07 22:45:00,18.79,0.6749999999999999,2.0925,21.5575
2023-10-07 23:00:00,18.0,0.7,2.63,21.33
2023-10-07 23:15:00,14.63,0.72,2.0475,17.3975
2023-10-07 23:30:00,11.26,0.74,1.465,13.465
2023-10-07 23:45:00,7.890000000000001,0.76,0.8824999999999998,9.5325
